peak_set	domain_id	chrom	start	end	width	width_class	signal_class	signal_strength	repeat_overlap_bp	repeat_overlap_fraction	coverage_recall	recovered	per_domain_iou	substantial_call_degree	fragmented	fragmentation_excess	merging_involved	simple_component	left_boundary_signed_bp	right_boundary_signed_bp	left_boundary_absolute_bp	right_boundary_absolute_bp
helixforge_rep1	BROAD_0001	chrSynthetic1	179251	189862	10611	MEDIUM_BROAD	STRONG	0.8	1000	0.09424182	1.0	True	0.9841402337228714	1	False	0	False	True	-87	84	87	84
helixforge_rep1	BROAD_0002	chrSynthetic1	242650	259044	16394	MEDIUM_BROAD	STRONG	0.8	2000	0.12199585	0.955349518116384	True	0.9477187462180806	2	True	1	False	False				
helixforge_rep1	BROAD_0003	chrSynthetic1	330833	361139	30306	LONG_BROAD	STRONG	0.8	3000	0.0989903	0.9511647858509866	True	0.9472888596779494	3	True	2	False	False				
helixforge_rep1	BROAD_0004	chrSynthetic1	629416	659686	30270	LONG_BROAD	WEAK	0.25	3000	0.09910803	0.9089857945160225	True	0.9089857945160225	4	True	3	False	False				
helixforge_rep1	BROAD_0005	chrSynthetic1	728418	752616	24198	LONG_BROAD	STRONG	0.8	2000	0.08265146	0.9690470286800562	True	0.9638687931601447	2	True	1	False	False				
helixforge_rep1	BROAD_0006	chrSynthetic1	848342	852493	4151	SHORT_BROAD	WEAK	0.25	0	0.0	0.9932546374367622	True	0.8781682641107561	1	False	0	False	True	28	544	28	544
helixforge_rep1	BROAD_0007	chrSynthetic1	988338	1002148	13810	MEDIUM_BROAD	MEDIUM	0.5	1000	0.0724113	0.9414916727009414	True	0.9328454584588893	2	True	1	False	False				
helixforge_rep1	BROAD_0008	chrSynthetic1	1071066	1110382	39316	LONG_BROAD	STRONG	0.8	4000	0.10173975	0.9621273781666497	True	0.9584948688711517	3	True	2	False	False				
helixforge_rep1	BROAD_0009	chrSynthetic1	1282989	1288019	5030	MEDIUM_BROAD	STRONG	0.8	1000	0.19880716	0.8538767395626242	True	0.8289905423663385	2	True	1	False	False				
helixforge_rep1	BROAD_0010	chrSynthetic1	1348367	1358754	10387	MEDIUM_BROAD	MEDIUM	0.5	1000	0.09627419	0.9269278906325215	True	0.9202829286943223	2	True	1	False	False				
helixforge_rep1	BROAD_0011	chrSynthetic1	1561843	1609408	47565	LONG_BROAD	MEDIUM	0.5	5000	0.10511931	0.9187848207715757	True	0.7757805108798487	4	True	3	False	False				
helixforge_rep1	BROAD_0012	chrSynthetic1	1638031	1641342	3311	SHORT_BROAD	MEDIUM	0.5	0	0.0	1.0	True	0.9851234751562035	1	False	0	False	True	-12	38	12	38
helixforge_rep1	BROAD_0013	chrSynthetic1	1888427	1892295	3868	SHORT_BROAD	WEAK	0.25	0	0.0	1.0	True	0.9701529972410333	1	False	0	False	True	-61	58	61	58
helixforge_rep1	BROAD_0014	chrSynthetic1	1949558	1958897	9339	MEDIUM_BROAD	MEDIUM	0.5	1000	0.10707785	0.918406681657565	True	0.909736953754773	2	True	1	False	False				
helixforge_rep1	BROAD_0015	chrSynthetic1	2048910	2082834	33924	LONG_BROAD	WEAK	0.25	3000	0.08843297	0.9195259992925363	True	0.9191466792386116	4	True	3	False	False				
helixforge_rep1	BROAD_0016	chrSynthetic1	2168638	2192910	24272	LONG_BROAD	WEAK	0.25	2000	0.08239947	0.9270764667106131	True	0.9267328363741196	3	True	2	False	False				
helixforge_rep1	BROAD_0017	chrSynthetic1	2381918	2429285	47367	LONG_BROAD	STRONG	0.8	5000	0.10555872	0.9526463571684929	True	0.8126121561424621	2	True	1	False	False				
helixforge_rep1	BROAD_0018	chrSynthetic1	2631249	2690198	58949	LONG_BROAD	MEDIUM	0.5	6000	0.1017829	0.9228146363806001	True	0.783592596990619	5	True	4	False	False				
helixforge_rep1	BROAD_0019	chrSynthetic1	2818001	2848542	30541	LONG_BROAD	STRONG	0.8	3000	0.09822861	1.0	True	0.9925899444245831	1	False	0	False	True	-119	109	119	109
helixforge_rep1	BROAD_0020	chrSynthetic1	3142220	3161872	19652	MEDIUM_BROAD	STRONG	0.8	2000	0.10177081	1.0	True	0.9921744837683647	1	False	0	False	True	-86	69	86	69
helixforge_rep1	BROAD_0021	chrSynthetic1	3218051	3222878	4827	SHORT_BROAD	MEDIUM	0.5	0	0.0	1.0	True	0.9769277474195507	1	False	0	False	True	-58	56	58	56
helixforge_rep1	BROAD_0022	chrSynthetic1	3292325	3298515	6190	MEDIUM_BROAD	STRONG	0.8	1000	0.16155089	1.0	True	0.9859827970691303	1	False	0	False	True	-67	21	67	21
helixforge_rep1	BROAD_0023	chrSynthetic1	3318303	3322906	4603	SHORT_BROAD	MEDIUM	0.5	0	0.0	1.0	True	0.9710970464135021	1	False	0	False	True	-79	58	79	58
helixforge_rep1	BROAD_0024	chrSynthetic1	3368049	3371622	3573	SHORT_BROAD	WEAK	0.25	0	0.0	0.9916036943744753	True	0.9880089235917456	1	False	0	False	True	-13	-30	13	30
helixforge_rep1	BROAD_0025	chrSynthetic1	3518108	3522956	4848	SHORT_BROAD	WEAK	0.25	0	0.0	0.9888613861386139	True	0.9882498453927026	1	False	0	False	True	54	3	54	3
helixforge_rep1	BROAD_0026	chrSynthetic1	3792269	3829732	37463	LONG_BROAD	WEAK	0.25	4000	0.10677202	0.9040386514694498	True	0.8305965772778163	4	True	3	False	False				
helixforge_rep1	BROAD_0027	chrSynthetic1	3888530	3890853	2323	SHORT_BROAD	STRONG	0.8	0	0.0	1.0	True	0.9401052205584783	1	False	0	False	True	-85	63	85	63
helixforge_rep1	BROAD_0028	chrSynthetic1	4182599	4198348	15749	MEDIUM_BROAD	WEAK	0.25	2000	0.12699219	0.8783414819988571	True	0.877672736501491	3	True	2	False	False				
helixforge_rep1	BROAD_0029	chrSynthetic1	4212612	4248871	36259	LONG_BROAD	WEAK	0.25	4000	0.11031744	0.9015968449212609	True	0.7542403265396177	3	True	2	False	False				
helixforge_rep1	BROAD_0030	chrSynthetic1	4260104	4291630	31526	LONG_BROAD	MEDIUM	0.5	3000	0.09515955	0.9258707098902493	True	0.9234979593128104	4	True	3	False	False				
helixforge_rep1	BROAD_0031	chrSynthetic1	4382697	4388112	5415	MEDIUM_BROAD	STRONG	0.8	1000	0.18467221	0.8657433056325023	True	0.8459040057740888	2	True	1	False	False				
helixforge_rep1	BROAD_0032	chrSynthetic1	4580095	4650549	70454	LONG_BROAD	WEAK	0.25	7000	0.09935561	0.9142277230533398	True	0.7794731314048883	6	True	5	False	False				
helixforge_rep1	BROAD_0033	chrSynthetic1	4728554	4732649	4095	SHORT_BROAD	WEAK	0.25	0	0.0	0.9882783882783883	True	0.9726027397260274	1	False	0	False	True	48	66	48	66
helixforge_rep1	BROAD_0034	chrSynthetic1	4792079	4808873	16794	MEDIUM_BROAD	STRONG	0.8	2000	0.11909015	1.0	True	0.9915569463305189	1	False	0	False	True	-75	68	75	68
helixforge_rep1	BROAD_0035	chrSynthetic1	4992748	4999634	6886	MEDIUM_BROAD	WEAK	0.25	1000	0.14522219	0.8726401394133023	True	0.8718804410911202	2	True	1	False	False				
helixforge_rep1	BROAD_0036	chrSynthetic1	5012866	5018509	5643	MEDIUM_BROAD	WEAK	0.25	1000	0.1772107	0.8433457380825802	True	0.8382948740531971	2	True	1	False	False				
helixforge_rep1	BROAD_0037	chrSynthetic1	5079198	5098840	19642	MEDIUM_BROAD	WEAK	0.25	2000	0.10182262	0.9096833316362896	True	0.9096833316362896	3	True	2	False	False				
helixforge_rep1	BROAD_0038	chrSynthetic1	5121807	5169637	47830	LONG_BROAD	STRONG	0.8	5000	0.1045369	0.9696006690361698	True	0.9658044899829231	3	True	2	False	False				
helixforge_rep1	BROAD_0039	chrSynthetic1	5298091	5302618	4527	SHORT_BROAD	STRONG	0.8	0	0.0	1.0	True	0.9623724489795918	1	False	0	False	True	-102	75	102	75
helixforge_rep1	BROAD_0040	chrSynthetic1	5408134	5422735	14601	MEDIUM_BROAD	WEAK	0.25	1000	0.06848846	0.933840147935073	True	0.9323076923076923	2	True	1	False	False				
helixforge_rep1	BROAD_0041	chrSynthetic1	5548990	5551613	2623	SHORT_BROAD	STRONG	0.8	0	0.0	1.0	True	0.9334519572953737	1	False	0	False	True	-58	129	58	129
helixforge_rep1	BROAD_0042	chrSynthetic1	5640374	5642734	2360	SHORT_BROAD	STRONG	0.8	0	0.0	1.0	True	0.9251274010192082	1	False	0	False	True	-109	82	109	82
helixforge_rep1	BROAD_0043	chrSynthetic1	5718807	5722153	3346	SHORT_BROAD	MEDIUM	0.5	0	0.0	0.9976090854751942	True	0.9774524158125915	1	False	0	False	True	8	69	8	69
helixforge_rep1	BROAD_0044	chrSynthetic1	5778210	5782199	3989	SHORT_BROAD	STRONG	0.8	0	0.0	1.0	True	0.9540779717770869	1	False	0	False	True	-129	63	129	63
helixforge_rep1	BROAD_0045	chrSynthetic1	5871524	5880494	8970	MEDIUM_BROAD	MEDIUM	0.5	1000	0.11148272	0.9188405797101449	True	0.9133421985815603	2	True	1	False	False				
helixforge_rep1	BROAD_0046	chrSynthetic1	5949928	5952781	2853	SHORT_BROAD	STRONG	0.8	0	0.0	1.0	True	0.9341846758349706	1	False	0	False	True	-83	118	83	118
helixforge_rep1	BROAD_0047	chrSynthetic1	6118947	6152528	33581	LONG_BROAD	WEAK	0.25	3000	0.08933623	0.9216819034573122	True	0.9213800904977375	4	True	3	False	False				
helixforge_rep1	BROAD_0048	chrSynthetic1	6269387	6289142	19755	MEDIUM_BROAD	STRONG	0.8	2000	0.10124019	1.0	True	0.9925140675241158	1	False	0	False	True	-63	86	63	86
helixforge_rep1	BROAD_0049	chrSynthetic1	6441769	6451527	9758	MEDIUM_BROAD	STRONG	0.8	1000	0.10248002	0.9245747079319533	True	0.9092924813545656	2	True	1	False	False				
helixforge_rep1	BROAD_0050	chrSynthetic1	6542529	6558361	15832	MEDIUM_BROAD	WEAK	0.25	2000	0.12632643	0.8905381505811015	True	0.8879581811311248	3	True	2	False	False				
helixforge_rep1	BROAD_0051	chrSynthetic1	6999549	7002066	2517	SHORT_BROAD	WEAK	0.25	0	0.0	0.9745729042510926	True	0.9745729042510926	1	False	0	False	True	22	-42	22	42
helixforge_rep1	BROAD_0052	chrSynthetic1	7068394	7130444	62050	LONG_BROAD	WEAK	0.25	6000	0.09669621	0.9149717969379533	True	0.8429963753523962	6	True	5	False	False				
helixforge_rep1	BROAD_0053	chrSynthetic1	7212664	7238768	26104	LONG_BROAD	WEAK	0.25	3000	0.11492492	0.8980232914495863	True	0.8067346000612933	3	True	2	False	False				
helixforge_rep1	BROAD_0054	chrSynthetic1	7840784	7848801	8017	MEDIUM_BROAD	MEDIUM	0.5	1000	0.12473494	0.9058251216165648	True	0.8860419716935091	2	True	1	False	False				
helixforge_rep1	BROAD_0055	chrSynthetic1	8261253	8288830	27577	LONG_BROAD	MEDIUM	0.5	3000	0.10878631	0.9163070674837727	True	0.9128644196380189	4	True	3	False	False				
helixforge_rep1	BROAD_0056	chrSynthetic1	8308445	8311161	2716	SHORT_BROAD	STRONG	0.8	0	0.0	1.0	True	0.9301369863013699	1	False	0	False	True	-124	80	124	80
helixforge_rep1	BROAD_0057	chrSynthetic1	8422914	8448062	25148	LONG_BROAD	STRONG	0.8	3000	0.11929378	1.0	True	0.994070677523915	1	False	0	False	True	-77	73	77	73
helixforge_rep1	BROAD_0058	chrSynthetic1	8570703	8588791	18088	MEDIUM_BROAD	WEAK	0.25	2000	0.11057054	0.8928018575851393	True	0.8928018575851393	3	True	2	False	False				
helixforge_rep1	BROAD_0059	chrSynthetic1	8648191	8652814	4623	SHORT_BROAD	WEAK	0.25	0	0.0	0.9956738048886005	True	0.9948130538145666	1	False	0	False	True	-4	-20	4	20
helixforge_rep1	BROAD_0060	chrSynthetic1	8801302	8828318	27016	LONG_BROAD	WEAK	0.25	3000	0.11104531	0.9019099792715428	True	0.815294640213207	3	True	2	False	False				
helixforge_rep1	BROAD_0061	chrSynthetic1	8869859	8879952	10093	MEDIUM_BROAD	MEDIUM	0.5	1000	0.09907857	0.9233131873575745	True	0.9121072721934032	2	True	1	False	False				
helixforge_rep1	BROAD_0062	chrSynthetic1	9242913	9260475	17562	MEDIUM_BROAD	WEAK	0.25	2000	0.11388225	0.9018335041567019	True	0.9006539664486779	3	True	2	False	False				
helixforge_rep1	BROAD_0063	chrSynthetic1	9352177	9361380	9203	MEDIUM_BROAD	WEAK	0.25	1000	0.10866022	0.9057915896990112	True	0.9057915896990112	2	True	1	False	False				
helixforge_rep1	BROAD_0064	chrSynthetic1	9402024	9411299	9275	MEDIUM_BROAD	STRONG	0.8	1000	0.10781671	1.0	True	0.984502706719032	1	False	0	False	True	-59	87	59	87
helixforge_rep1	BROAD_0065	chrSynthetic1	9508434	9528795	20361	LONG_BROAD	STRONG	0.8	2000	0.098227	1.0	True	0.993219512195122	1	False	0	False	True	-76	63	76	63
helixforge_rep1	BROAD_0066	chrSynthetic1	9578633	9632646	54013	LONG_BROAD	WEAK	0.25	5000	0.09257031	0.9215003795382594	True	0.9210229270368794	6	True	5	False	False				
helixforge_rep1	BROAD_0067	chrSynthetic1	9992395	10009199	16804	MEDIUM_BROAD	WEAK	0.25	2000	0.11901928	0.8953820518924066	True	0.8937863846976357	3	True	2	False	False				
helixforge_rep1	BROAD_0068	chrSynthetic1	10298318	10302748	4430	SHORT_BROAD	STRONG	0.8	0	0.0	1.0	True	0.9714912280701754	1	False	0	False	True	-57	73	57	73
helixforge_rep1	BROAD_0069	chrSynthetic1	10438440	10442567	4127	SHORT_BROAD	MEDIUM	0.5	0	0.0	1.0	True	0.9765735920492191	1	False	0	False	True	-30	69	30	69
helixforge_rep1	BROAD_0070	chrSynthetic1	10878306	10941414	63108	LONG_BROAD	STRONG	0.8	6000	0.09507511	0.9652025099828865	True	0.876289965178854	3	True	2	False	False				
helixforge_rep1	BROAD_0071	chrSynthetic1	10961987	11040099	78112	LONG_BROAD	WEAK	0.25	8000	0.10241704	0.9109355796804588	True	0.8180049160180254	7	True	6	False	False				
helixforge_rep1	BROAD_0072	chrSynthetic1	11108140	11111567	3427	SHORT_BROAD	STRONG	0.8	0	0.0	1.0	True	0.9561941964285714	1	False	0	False	True	-71	86	71	86
helixforge_rep1	BROAD_0073	chrSynthetic1	11361582	11408646	47064	LONG_BROAD	MEDIUM	0.5	5000	0.10623831	0.918940166581676	True	0.7848674145843957	4	True	3	False	False				
helixforge_rep1	BROAD_0074	chrSynthetic1	11432353	11439633	7280	MEDIUM_BROAD	WEAK	0.25	1000	0.13736264	0.864423076923077	True	0.864423076923077	2	True	1	False	False				
helixforge_rep1	BROAD_0075	chrSynthetic1	11618301	11622238	3937	SHORT_BROAD	MEDIUM	0.5	0	0.0	1.0	True	0.9720987654320987	1	False	0	False	True	-60	53	60	53
helixforge_rep1	BROAD_0076	chrSynthetic1	11711751	11742839	31088	LONG_BROAD	MEDIUM	0.5	3000	0.09650026	0.9227997941327843	True	0.9198704588450316	4	True	3	False	False				
helixforge_rep1	BROAD_0077	chrSynthetic1	12068017	12102973	34956	LONG_BROAD	WEAK	0.25	3000	0.08582218	0.92610710607621	True	0.9217562142308021	4	True	3	False	False				
helixforge_rep1	BROAD_0078	chrSynthetic1	12481602	12489032	7430	MEDIUM_BROAD	STRONG	0.8	1000	0.1345895	1.0	True	0.9790486230069838	1	False	0	False	True	-55	104	55	104
helixforge_rep1	BROAD_0079	chrSynthetic1	12578985	12592907	13922	MEDIUM_BROAD	STRONG	0.8	1000	0.07182876	0.946343916104008	True	0.9365891803511766	2	True	1	False	False				
helixforge_rep1	BROAD_0080	chrSynthetic1	12660744	12678529	17785	MEDIUM_BROAD	WEAK	0.25	2000	0.11245432	0.9034017430418892	True	0.8698500351902984	3	True	2	False	False				
helixforge_rep1	BROAD_0081	chrSynthetic1	12798174	12802276	4102	SHORT_BROAD	STRONG	0.8	0	0.0	1.0	True	0.9667687956634456	1	False	0	False	True	-86	55	86	55
helixforge_rep1	BROAD_0082	chrSynthetic1	12898784	12902509	3725	SHORT_BROAD	STRONG	0.8	0	0.0	1.0	True	0.9521983640081799	1	False	0	False	True	-97	90	97	90
helixforge_rep1	BROAD_0083	chrSynthetic1	12929973	12932574	2601	SHORT_BROAD	MEDIUM	0.5	0	0.0	1.0	True	0.933931777378815	1	False	0	False	True	-95	89	95	89
helixforge_rep1	BROAD_0084	chrSynthetic1	12972917	12978247	5330	MEDIUM_BROAD	MEDIUM	0.5	1000	0.18761726	0.8596622889305816	True	0.8418151754547125	2	True	1	False	False				
helixforge_rep1	BROAD_0085	chrSynthetic1	13251247	13289472	38225	LONG_BROAD	WEAK	0.25	4000	0.10464356	0.9083060824068019	True	0.7181164159581426	3	True	2	False	False				
helixforge_rep1	BROAD_0086	chrSynthetic1	13502341	13508402	6061	MEDIUM_BROAD	WEAK	0.25	1000	0.16498928	0.8541494802837816	True	0.8535861500412201	2	True	1	False	False				
helixforge_rep1	BROAD_0087	chrSynthetic1	13519056	13522973	3917	SHORT_BROAD	MEDIUM	0.5	0	0.0	1.0	True	0.9690747154873824	1	False	0	False	True	-55	70	55	70
helixforge_rep1	BROAD_0088	chrSynthetic1	13659279	13662048	2769	SHORT_BROAD	MEDIUM	0.5	0	0.0	1.0	True	0.9479630263608353	1	False	0	False	True	-78	74	78	74
helixforge_rep1	BROAD_0089	chrSynthetic1	13731452	13742739	11287	MEDIUM_BROAD	STRONG	0.8	1000	0.0885975	0.9344378488526623	True	0.9202512869732135	2	True	1	False	False				
helixforge_rep1	BROAD_0090	chrSynthetic1	13899308	13902570	3262	SHORT_BROAD	STRONG	0.8	0	0.0	1.0	True	0.9538011695906433	1	False	0	False	True	-75	83	75	83
helixforge_rep1	BROAD_0091	chrSynthetic1	14038051	14042857	4806	SHORT_BROAD	WEAK	0.25	0	0.0	0.9952143154390345	True	0.9952143154390345	1	False	0	False	True	13	-10	13	10
helixforge_rep1	BROAD_0092	chrSynthetic1	14308399	14310527	2128	SHORT_BROAD	STRONG	0.8	0	0.0	1.0	True	0.9329241560718983	1	False	0	False	True	-80	73	80	73
helixforge_rep1	BROAD_0093	chrSynthetic1	14368036	14372266	4230	SHORT_BROAD	MEDIUM	0.5	0	0.0	1.0	True	0.9773567467652495	1	False	0	False	True	-43	55	43	55
helixforge_rep1	BROAD_0094	chrSynthetic1	14560923	14572376	11453	MEDIUM_BROAD	MEDIUM	0.5	1000	0.08731337	0.9330306469920545	True	0.9241546311510853	2	True	1	False	False				
helixforge_rep1	BROAD_0095	chrSynthetic1	14638634	14641851	3217	SHORT_BROAD	MEDIUM	0.5	0	0.0	1.0	True	0.9695599758890898	1	False	0	False	True	-35	66	35	66
helixforge_rep1	BROAD_0096	chrSynthetic1	15058211	15069189	10978	MEDIUM_BROAD	STRONG	0.8	1000	0.09109127	0.9338677354709419	True	0.9207831866355308	2	True	1	False	False				
helixforge_rep1	BROAD_0097	chrSynthetic1	15558360	15562843	4483	SHORT_BROAD	WEAK	0.25	0	0.0	0.9997769350881106	True	0.9988856697125028	1	False	0	False	True	-4	-1	4	1
helixforge_rep1	BROAD_0098	chrSynthetic1	15841906	15849887	7981	MEDIUM_BROAD	STRONG	0.8	1000	0.12529758	1.0	True	0.980587295736577	1	False	0	False	True	-89	69	89	69
helixforge_rep1	BROAD_0099	chrSynthetic1	16058137	16062508	4371	SHORT_BROAD	MEDIUM	0.5	0	0.0	1.0	True	0.9741475373300647	1	False	0	False	True	-41	75	41	75
helixforge_rep1	BROAD_0100	chrSynthetic1	16258863	16282240	23377	LONG_BROAD	WEAK	0.25	2000	0.08555418	0.9222312529409249	True	0.9213247863247863	3	True	2	False	False				
helixforge_rep1	BROAD_0101	chrSynthetic1	16370691	16449385	78694	LONG_BROAD	STRONG	0.8	8000	0.10165959	0.9814979541006938	True	0.9237544100104064	2	True	1	False	False				
helixforge_rep1	BROAD_0102	chrSynthetic1	16510956	16589674	78718	LONG_BROAD	STRONG	0.8	8000	0.1016286	0.9720394318961356	True	0.9703383382367861	4	True	3	False	False				
helixforge_rep1	BROAD_0103	chrSynthetic1	16999365	17001649	2284	SHORT_BROAD	MEDIUM	0.5	0	0.0	1.0	True	0.9673867005506142	1	False	0	False	True	-33	44	33	44
helixforge_rep1	BROAD_0104	chrSynthetic1	17092692	17168082	75390	LONG_BROAD	MEDIUM	0.5	8000	0.10611487	0.9161559888579387	True	0.8551001459079454	7	True	6	False	False				
helixforge_rep1	BROAD_0105	chrSynthetic1	17258910	17261520	2610	SHORT_BROAD	STRONG	0.8	0	0.0	1.0	True	0.9258602341255765	1	False	0	False	True	-115	94	115	94
helixforge_rep1	BROAD_0106	chrSynthetic1	17300299	17318591	18292	MEDIUM_BROAD	MEDIUM	0.5	2000	0.10933742	0.9159195276623661	True	0.9129747697673152	3	True	2	False	False				
helixforge_rep1	BROAD_0107	chrSynthetic1	17358723	17370332	11609	MEDIUM_BROAD	WEAK	0.25	1000	0.08614006	0.9206650012921009	True	0.9206650012921009	2	True	1	False	False				
helixforge_rep1	BROAD_0108	chrSynthetic1	17510562	17532233	21671	LONG_BROAD	MEDIUM	0.5	2000	0.09228923	0.9242305385076831	True	0.9159464032560479	3	True	2	False	False				
helixforge_rep1	BROAD_0109	chrSynthetic1	17688164	17712532	24368	LONG_BROAD	STRONG	0.8	2000	0.08207485	0.9700837163493106	True	0.964266775443606	2	True	1	False	False				
helixforge_rep1	BROAD_0110	chrSynthetic1	17940369	17952326	11957	MEDIUM_BROAD	MEDIUM	0.5	1000	0.08363302	0.9330935853474952	True	0.9198614889933218	2	True	1	False	False				
helixforge_rep1	BROAD_0111	chrSynthetic1	18130431	18139214	8783	MEDIUM_BROAD	STRONG	0.8	1000	0.11385631	0.9163156097005579	True	0.9047779651489601	2	True	1	False	False				
helixforge_rep1	BROAD_0112	chrSynthetic1	18192305	18208223	15918	MEDIUM_BROAD	MEDIUM	0.5	2000	0.12564393	0.9033798215856264	True	0.8986938316355227	3	True	2	False	False				
helixforge_rep1	BROAD_0113	chrSynthetic1	18429879	18500429	70550	LONG_BROAD	STRONG	0.8	7000	0.09922041	1.0	True	0.9985280380445551	1	False	0	False	True	-55	49	55	49
helixforge_rep1	BROAD_0114	chrSynthetic1	18711650	18738217	26567	LONG_BROAD	WEAK	0.25	3000	0.11292205	0.9005909587081717	True	0.8144873000940733	3	True	2	False	False				
helixforge_rep1	BROAD_0115	chrSynthetic1	18858780	18861269	2489	SHORT_BROAD	WEAK	0.25	0	0.0	0.9907593411008437	True	0.9655442443226312	1	False	0	False	True	-65	-23	65	23
helixforge_rep1	BROAD_0116	chrSynthetic1	19052217	19058431	6214	MEDIUM_BROAD	STRONG	0.8	1000	0.16092694	0.8796266495011265	True	0.8610586011342155	2	True	1	False	False				
helixforge_rep1	BROAD_0117	chrSynthetic1	19318780	19321691	2911	SHORT_BROAD	WEAK	0.25	0	0.0	0.9883201648917898	True	0.9883201648917898	1	False	0	False	True	1	-33	1	33
helixforge_rep1	BROAD_0118	chrSynthetic1	19598076	19602984	4908	SHORT_BROAD	MEDIUM	0.5	0	0.0	1.0	True	0.975551580202743	1	False	0	False	True	-46	77	46	77
helixforge_rep1	BROAD_0119	chrSynthetic1	19682532	19698032	15500	MEDIUM_BROAD	MEDIUM	0.5	2000	0.12903226	0.902258064516129	True	0.900283249645938	3	True	2	False	False				
helixforge_rep1	BROAD_0120	chrSynthetic1	19720937	19729640	8703	MEDIUM_BROAD	MEDIUM	0.5	1000	0.11490291	0.9138228197173388	True	0.8986440677966102	2	True	1	False	False				
helixforge_rep1	BROAD_0121	chrSynthetic2	58568	102630	44062	LONG_BROAD	STRONG	0.8	4000	0.09078117	0.9497072307203486	True	0.9463994933960558	4	True	3	False	False				
helixforge_rep1	BROAD_0122	chrSynthetic2	318044	331702	13658	MEDIUM_BROAD	WEAK	0.25	1000	0.07321716	0.9322741250549129	True	0.9322741250549129	2	True	1	False	False				
helixforge_rep1	BROAD_0123	chrSynthetic2	362245	438195	75950	LONG_BROAD	WEAK	0.25	8000	0.10533246	0.906385780118499	True	0.8412639894667544	7	True	6	False	False				
helixforge_rep1	BROAD_0124	chrSynthetic2	568290	572434	4144	SHORT_BROAD	MEDIUM	0.5	0	0.0	1.0	True	0.97990068574131	1	False	0	False	True	-39	46	39	46
helixforge_rep1	BROAD_0125	chrSynthetic2	708143	712579	4436	SHORT_BROAD	STRONG	0.8	0	0.0	1.0	True	0.9672917575228958	1	False	0	False	True	-79	71	79	71
helixforge_rep1	BROAD_0126	chrSynthetic2	758188	761698	3510	SHORT_BROAD	WEAK	0.25	0	0.0	1.0	True	0.9782608695652174	1	False	0	False	True	-59	19	59	19
helixforge_rep1	BROAD_0127	chrSynthetic2	788795	802663	13868	MEDIUM_BROAD	MEDIUM	0.5	1000	0.07210845	0.9440438419382752	True	0.9385619040791454	2	True	1	False	False				
helixforge_rep1	BROAD_0128	chrSynthetic2	918792	958134	39342	LONG_BROAD	STRONG	0.8	4000	0.10167251	1.0	True	0.9953196549194222	1	False	0	False	True	-83	102	83	102
helixforge_rep1	BROAD_0129	chrSynthetic2	1251230	1268882	17652	MEDIUM_BROAD	STRONG	0.8	2000	0.11330161	0.9588715159755269	True	0.9503116051878053	2	True	1	False	False				
helixforge_rep1	BROAD_0130	chrSynthetic2	1302980	1308084	5104	MEDIUM_BROAD	MEDIUM	0.5	1000	0.19592476	0.8461990595611285	True	0.8254969418960245	2	True	1	False	False				
helixforge_rep1	BROAD_0131	chrSynthetic2	1370293	1372881	2588	SHORT_BROAD	MEDIUM	0.5	0	0.0	1.0	True	0.9718362748779572	1	False	0	False	True	-43	32	43	32
helixforge_rep1	BROAD_0132	chrSynthetic2	1439985	1500824	60839	LONG_BROAD	MEDIUM	0.5	6000	0.09862095	0.924522099311297	True	0.7590854550535019	5	True	4	False	False				
helixforge_rep1	BROAD_0133	chrSynthetic2	1521933	1530795	8862	MEDIUM_BROAD	MEDIUM	0.5	1000	0.11284135	0.9124351162265855	True	0.9008467023172906	2	True	1	False	False				
helixforge_rep1	BROAD_0134	chrSynthetic2	1649610	1701854	52244	LONG_BROAD	STRONG	0.8	5000	0.09570477	0.9858548350049766	True	0.9821700991609459	2	True	1	False	False				
helixforge_rep1	BROAD_0135	chrSynthetic2	2082014	2142565	60551	LONG_BROAD	STRONG	0.8	6000	0.09909002	1.0	True	0.9974631414216292	1	False	0	False	True	-74	80	74	80
helixforge_rep1	BROAD_0136	chrSynthetic2	2192915	2199316	6401	MEDIUM_BROAD	MEDIUM	0.5	1000	0.15622559	1.0	True	0.9885714285714285	1	False	0	False	True	-62	12	62	12
helixforge_rep1	BROAD_0137	chrSynthetic2	2448036	2452957	4921	SHORT_BROAD	STRONG	0.8	0	0.0	1.0	True	0.9711861061772252	1	False	0	False	True	-70	76	70	76
helixforge_rep1	BROAD_0138	chrSynthetic2	2559151	2562459	3308	SHORT_BROAD	MEDIUM	0.5	0	0.0	1.0	True	0.9810201660735468	1	False	0	False	True	-13	51	13	51
helixforge_rep1	BROAD_0139	chrSynthetic2	2579396	2581696	2300	SHORT_BROAD	WEAK	0.25	0	0.0	1.0	True	0.9659806803863923	1	False	0	False	True	-16	65	16	65
helixforge_rep1	BROAD_0140	chrSynthetic2	2662807	2721350	58543	LONG_BROAD	STRONG	0.8	6000	0.10248877	1.0	True	0.9978693666053045	1	False	0	False	True	-56	69	56	69
helixforge_rep1	BROAD_0141	chrSynthetic2	2919339	2922186	2847	SHORT_BROAD	STRONG	0.8	0	0.0	1.0	True	0.9461615154536391	1	False	0	False	True	-96	66	96	66
helixforge_rep1	BROAD_0142	chrSynthetic2	2970472	3042766	72294	LONG_BROAD	MEDIUM	0.5	7000	0.09682685	0.9364262594406175	True	0.7765374719893767	5	True	4	False	False				
helixforge_rep1	BROAD_0143	chrSynthetic2	3190909	3218644	27735	LONG_BROAD	MEDIUM	0.5	3000	0.10816658	0.9149810708491076	True	0.8156539278896373	3	True	2	False	False				
helixforge_rep1	BROAD_0144	chrSynthetic2	3438006	3452992	14986	MEDIUM_BROAD	STRONG	0.8	1000	0.06672895	0.9507540371012946	True	0.939531816683152	2	True	1	False	False				
helixforge_rep1	BROAD_0145	chrSynthetic2	3708219	3712939	4720	SHORT_BROAD	WEAK	0.25	0	0.0	0.9940677966101695	True	0.989247311827957	1	False	0	False	True	-23	-28	23	28
helixforge_rep1	BROAD_0146	chrSynthetic2	3768926	3829287	60361	LONG_BROAD	MEDIUM	0.5	6000	0.09940193	0.9235102135484833	True	0.8661194499147732	6	True	5	False	False				
helixforge_rep1	BROAD_0147	chrSynthetic2	3972172	3979920	7748	MEDIUM_BROAD	MEDIUM	0.5	1000	0.12906557	0.9043624161073825	True	0.8948914431673053	2	True	1	False	False				
helixforge_rep1	BROAD_0148	chrSynthetic2	4501638	4521145	19507	MEDIUM_BROAD	WEAK	0.25	2000	0.1025273	0.9075203773004562	True	0.9068695251267865	3	True	2	False	False				
helixforge_rep1	BROAD_0149	chrSynthetic2	4619830	4660249	40419	LONG_BROAD	STRONG	0.8	4000	0.09896336	0.9814938519013335	True	0.9778648721930538	2	True	1	False	False				
helixforge_rep1	BROAD_0150	chrSynthetic2	4852261	4860163	7902	MEDIUM_BROAD	STRONG	0.8	1000	0.12655024	1.0	True	0.9838147410358565	1	False	0	False	True	-70	60	70	60
helixforge_rep1	BROAD_0151	chrSynthetic2	5028254	5032986	4732	SHORT_BROAD	STRONG	0.8	0	0.0	1.0	True	0.9623754321740899	1	False	0	False	True	-67	118	67	118
helixforge_rep1	BROAD_0152	chrSynthetic2	5211424	5228268	16844	MEDIUM_BROAD	STRONG	0.8	2000	0.11873664	0.9568392305865591	True	0.9452231540672101	2	True	1	False	False				
helixforge_rep1	BROAD_0153	chrSynthetic2	5458853	5519691	60838	LONG_BROAD	WEAK	0.25	6000	0.09862257	0.9121272888655116	True	0.8511785397284591	6	True	5	False	False				
helixforge_rep1	BROAD_0154	chrSynthetic2	5619335	5621403	2068	SHORT_BROAD	STRONG	0.8	0	0.0	1.0	True	0.9395729213993639	1	False	0	False	True	-76	57	76	57
helixforge_rep1	BROAD_0155	chrSynthetic2	6158981	6172085	13104	MEDIUM_BROAD	MEDIUM	0.5	1000	0.07631258	0.9410103785103785	True	0.9336715378208525	2	True	1	False	False				
helixforge_rep1	BROAD_0156	chrSynthetic2	6199099	6252874	53775	LONG_BROAD	MEDIUM	0.5	5000	0.09298001	0.9278475127847513	True	0.9263316191077363	6	True	5	False	False				
helixforge_rep1	BROAD_0157	chrSynthetic2	6279216	6282450	3234	SHORT_BROAD	STRONG	0.8	0	0.0	1.0	True	0.9604989604989606	1	False	0	False	True	-59	74	59	74
helixforge_rep1	BROAD_0158	chrSynthetic2	6352678	6368132	15454	MEDIUM_BROAD	WEAK	0.25	2000	0.12941633	0.8848841723825547	True	0.8846551947211799	3	True	2	False	False				
helixforge_rep1	BROAD_0159	chrSynthetic2	6401812	6420101	18289	MEDIUM_BROAD	STRONG	0.8	2000	0.10935535	0.9594838427470064	True	0.9486943828728983	2	True	1	False	False				
helixforge_rep1	BROAD_0160	chrSynthetic2	6479020	6481436	2416	SHORT_BROAD	MEDIUM	0.5	0	0.0	1.0	True	0.967173738991193	1	False	0	False	True	-26	56	26	56
helixforge_rep1	BROAD_0161	chrSynthetic2	6569464	6588563	19099	MEDIUM_BROAD	MEDIUM	0.5	2000	0.10471752	0.9588983716424944	True	0.9535065340761181	2	True	1	False	False				
helixforge_rep1	BROAD_0162	chrSynthetic2	6682398	6761357	78959	LONG_BROAD	STRONG	0.8	8000	0.10131841	0.96236021226206	True	0.8582302207474766	3	True	2	False	False				
helixforge_rep1	BROAD_0163	chrSynthetic2	6809545	6811953	2408	SHORT_BROAD	WEAK	0.25	0	0.0	1.0	True	0.9820554649265906	1	False	0	False	True	-10	34	10	34
helixforge_rep1	BROAD_0164	chrSynthetic2	7031193	7039571	8378	MEDIUM_BROAD	MEDIUM	0.5	1000	0.11936023	0.9065409405586059	True	0.8932141597083383	2	True	1	False	False				
helixforge_rep1	BROAD_0165	chrSynthetic2	7128309	7132612	4303	SHORT_BROAD	WEAK	0.25	0	0.0	0.9865210318382523	True	0.9851473659781852	1	False	0	False	True	-6	-58	6	58
helixforge_rep1	BROAD_0166	chrSynthetic2	7311302	7359150	47848	LONG_BROAD	STRONG	0.8	5000	0.10449758	1.0	True	0.9971657219073025	1	False	0	False	True	-53	83	53	83
helixforge_rep1	BROAD_0167	chrSynthetic2	7508249	7512515	4266	SHORT_BROAD	WEAK	0.25	0	0.0	0.9857008907641819	True	0.9817884660284847	1	False	0	False	True	61	17	61	17
helixforge_rep1	BROAD_0168	chrSynthetic2	7542710	7558006	15296	MEDIUM_BROAD	MEDIUM	0.5	2000	0.13075314	0.9012813807531381	True	0.8961840993304296	3	True	2	False	False				
helixforge_rep1	BROAD_0169	chrSynthetic2	7918244	7922064	3820	SHORT_BROAD	WEAK	0.25	0	0.0	1.0	True	0.9863155176865479	1	False	0	False	True	-44	9	44	9
helixforge_rep1	BROAD_0170	chrSynthetic2	7969570	8039243	69673	LONG_BROAD	STRONG	0.8	7000	0.10046934	0.9892067228338094	True	0.9085316891310582	1	False	0	False	True	6312	67	6312	67
helixforge_rep1	BROAD_0171	chrSynthetic2	8168352	8172595	4243	SHORT_BROAD	WEAK	0.25	0	0.0	0.9945793070940372	True	0.9941107184923439	1	False	0	False	True	23	2	23	2
helixforge_rep1	BROAD_0172	chrSynthetic2	8298460	8302532	4072	SHORT_BROAD	STRONG	0.8	0	0.0	1.0	True	0.9797882579403272	1	False	0	False	True	-57	27	57	27
helixforge_rep1	BROAD_0173	chrSynthetic2	8348648	8372771	24123	LONG_BROAD	WEAK	0.25	2000	0.08290843	0.9221904406582929	True	0.9221904406582929	3	True	2	False	False				
helixforge_rep1	BROAD_0174	chrSynthetic2	8491104	8558243	67139	LONG_BROAD	STRONG	0.8	7000	0.10426131	0.9780753362427204	True	0.941722583428801	2	True	1	False	False				
helixforge_rep1	BROAD_0175	chrSynthetic2	8588001	8592943	4942	SHORT_BROAD	WEAK	0.25	0	0.0	0.9971671388101983	True	0.9913498290082479	1	False	0	False	True	-29	-14	29	14
helixforge_rep1	BROAD_0176	chrSynthetic2	8611368	8671705	60337	LONG_BROAD	WEAK	0.25	6000	0.09944147	0.9121103137378391	True	0.7562358088734938	5	True	4	False	False				
helixforge_rep1	BROAD_0177	chrSynthetic2	8729161	8732042	2881	SHORT_BROAD	MEDIUM	0.5	0	0.0	1.0	True	0.9648359008707301	1	False	0	False	True	-62	43	62	43
helixforge_rep1	BROAD_0178	chrSynthetic2	8969716	8972489	2773	SHORT_BROAD	MEDIUM	0.5	0	0.0	1.0	True	0.9695804195804196	1	False	0	False	True	-47	40	47	40
helixforge_rep1	BROAD_0179	chrSynthetic2	8982932	9008149	25217	LONG_BROAD	MEDIUM	0.5	3000	0.11896736	0.9078399492405916	True	0.7320854978784154	2	True	1	False	False				
helixforge_rep1	BROAD_0180	chrSynthetic2	9099324	9102515	3191	SHORT_BROAD	WEAK	0.25	0	0.0	1.0	True	0.9833590138674885	1	False	0	False	True	-2	52	2	52
helixforge_rep1	BROAD_0181	chrSynthetic2	9262965	9269953	6988	MEDIUM_BROAD	WEAK	0.25	1000	0.14310246	0.8723526044647968	True	0.8668941979522184	2	True	1	False	False				
helixforge_rep1	BROAD_0182	chrSynthetic2	9298176	9302930	4754	SHORT_BROAD	MEDIUM	0.5	0	0.0	1.0	True	0.9842650103519669	1	False	0	False	True	-22	54	22	54
helixforge_rep1	BROAD_0183	chrSynthetic2	9811965	9828236	16271	MEDIUM_BROAD	MEDIUM	0.5	2000	0.12291808	0.9078114436727921	True	0.9020458015267175	3	True	2	False	False				
helixforge_rep1	BROAD_0184	chrSynthetic2	9879462	9882535	3073	SHORT_BROAD	MEDIUM	0.5	0	0.0	1.0	True	0.9830454254638515	1	False	0	False	True	-2	51	2	51
helixforge_rep1	BROAD_0185	chrSynthetic2	10311895	10318630	6735	MEDIUM_BROAD	WEAK	0.25	1000	0.1484781	0.8641425389755011	True	0.8641425389755011	2	True	1	False	False				
helixforge_rep1	BROAD_0186	chrSynthetic2	10358012	10362988	4976	SHORT_BROAD	WEAK	0.25	0	0.0	0.9913585209003215	True	0.9913585209003215	1	False	0	False	True	7	-36	7	36
helixforge_rep1	BROAD_0187	chrSynthetic2	10461958	10499917	37959	LONG_BROAD	STRONG	0.8	4000	0.10537685	0.9804525935878184	True	0.8958793811177771	1	False	0	False	True	3912	45	3912	45
helixforge_rep1	BROAD_0188	chrSynthetic2	10928169	10932993	4824	SHORT_BROAD	STRONG	0.8	0	0.0	1.0	True	0.9669272399278412	1	False	0	False	True	-82	83	82	83
helixforge_rep1	BROAD_0189	chrSynthetic2	11208067	11261672	53605	LONG_BROAD	MEDIUM	0.5	5000	0.09327488	0.9285700960731275	True	0.9266167764994974	6	True	5	False	False				
helixforge_rep1	BROAD_0190	chrSynthetic2	11338399	11342682	4283	SHORT_BROAD	MEDIUM	0.5	0	0.0	1.0	True	0.9683472756047932	1	False	0	False	True	-118	22	118	22
helixforge_rep1	BROAD_0191	chrSynthetic2	11499795	11542724	42929	LONG_BROAD	STRONG	0.8	4000	0.09317711	0.9827855295953785	True	0.9797728803325515	2	True	1	False	False				
helixforge_rep1	BROAD_0192	chrSynthetic2	11582087	11639337	57250	LONG_BROAD	STRONG	0.8	6000	0.10480349	0.9872838427947598	True	0.9844294273373275	2	True	1	False	False				
helixforge_rep1	BROAD_0193	chrSynthetic2	11668369	11681220	12851	MEDIUM_BROAD	WEAK	0.25	1000	0.07781496	0.918060851295619	True	0.918060851295619	2	True	1	False	False				
helixforge_rep1	BROAD_0194	chrSynthetic2	11802594	11858412	55818	LONG_BROAD	MEDIUM	0.5	6000	0.10749221	0.9169264394998029	True	0.8270450392346554	5	True	4	False	False				
helixforge_rep1	BROAD_0195	chrSynthetic2	11901028	11940669	39641	LONG_BROAD	WEAK	0.25	4000	0.10090563	0.9076965767765697	True	0.8100799636758066	4	True	3	False	False				
helixforge_rep1	BROAD_0196	chrSynthetic2	12210428	12218166	7738	MEDIUM_BROAD	MEDIUM	0.5	1000	0.12923236	0.8962264150943396	True	0.885017866258295	2	True	1	False	False				
helixforge_rep1	BROAD_0197	chrSynthetic2	12248147	12252445	4298	SHORT_BROAD	STRONG	0.8	0	0.0	1.0	True	0.9591609015844678	1	False	0	False	True	-72	111	72	111
helixforge_rep1	BROAD_0198	chrSynthetic2	12582987	12630850	47863	LONG_BROAD	MEDIUM	0.5	5000	0.10446483	0.9210036980548649	True	0.8758426380048002	5	True	4	False	False				
helixforge_rep1	BROAD_0199	chrSynthetic2	12668938	12680214	11276	MEDIUM_BROAD	MEDIUM	0.5	1000	0.08868393	1.0	True	0.9926056338028169	1	False	0	False	True	-38	46	38	46
helixforge_rep1	BROAD_0200	chrSynthetic2	12748385	12812918	64533	LONG_BROAD	MEDIUM	0.5	6000	0.09297569	0.9288116157624781	True	0.9269156421557256	7	True	6	False	False				
helixforge_rep1	BROAD_0201	chrSynthetic2	12881950	12948201	66251	LONG_BROAD	MEDIUM	0.5	7000	0.10565878	0.9178729377669771	True	0.8351421110624745	6	True	5	False	False				
helixforge_rep1	BROAD_0202	chrSynthetic2	13118033	13132979	14946	MEDIUM_BROAD	STRONG	0.8	1000	0.06690753	1.0	True	0.9864695399643588	1	False	0	False	True	-109	96	109	96
helixforge_rep1	BROAD_0203	chrSynthetic2	13218428	13222883	4455	SHORT_BROAD	STRONG	0.8	0	0.0	1.0	True	0.9784757302877224	1	False	0	False	True	-43	55	43	55
helixforge_rep1	BROAD_0204	chrSynthetic2	13308598	13312884	4286	SHORT_BROAD	STRONG	0.8	0	0.0	1.0	True	0.9674943566591422	1	False	0	False	True	-65	79	65	79
helixforge_rep1	BROAD_0205	chrSynthetic2	13448939	13452213	3274	SHORT_BROAD	WEAK	0.25	0	0.0	0.9712889431887599	True	0.9712889431887599	1	False	0	False	True	91	-3	91	3
helixforge_rep1	BROAD_0206	chrSynthetic2	13549151	13552970	3819	SHORT_BROAD	WEAK	0.25	0	0.0	0.9869075674260278	True	0.985874967303165	1	False	0	False	True	-4	-50	4	50
helixforge_rep1	BROAD_0207	chrSynthetic2	13571235	13620631	49396	LONG_BROAD	MEDIUM	0.5	5000	0.10122277	0.9221191999352174	True	0.7475301643857802	4	True	3	False	False				
helixforge_rep1	BROAD_0208	chrSynthetic2	13808304	13812262	3958	SHORT_BROAD	MEDIUM	0.5	0	0.0	1.0	True	0.9684365059946171	1	False	0	False	True	-48	81	48	81
helixforge_rep1	BROAD_0209	chrSynthetic2	13978003	13982583	4580	SHORT_BROAD	MEDIUM	0.5	0	0.0	1.0	True	0.9619827767275783	1	False	0	False	True	-100	81	100	81
helixforge_rep1	BROAD_0210	chrSynthetic2	14060186	14102161	41975	LONG_BROAD	STRONG	0.8	4000	0.09529482	1.0	True	0.9974099420207204	1	False	0	False	True	-55	54	55	54
helixforge_rep1	BROAD_0211	chrSynthetic2	14168898	14179349	10451	MEDIUM_BROAD	MEDIUM	0.5	1000	0.09568462	0.9228781934743087	True	0.911281179138322	2	True	1	False	False				
helixforge_rep1	BROAD_0212	chrSynthetic2	14258722	14289999	31277	LONG_BROAD	STRONG	0.8	3000	0.09591713	1.0	True	0.9948471643500111	1	False	0	False	True	-88	74	88	74
helixforge_rep1	BROAD_0213	chrSynthetic2	14450116	14459427	9311	MEDIUM_BROAD	MEDIUM	0.5	1000	0.10739985	0.9189131135216411	True	0.9131270010672359	2	True	1	False	False				
helixforge_rep1	BROAD_0214	chrSynthetic2	14542187	14620175	77988	LONG_BROAD	WEAK	0.25	8000	0.10257988	0.9142688618761861	True	0.8227804277581167	7	True	6	False	False				
helixforge_rep1	BROAD_0215	chrSynthetic2	14908725	14982360	73635	LONG_BROAD	STRONG	0.8	7000	0.09506349	0.9701500645073674	True	0.882466281310212	3	True	2	False	False				
helixforge_rep1	BROAD_0216	chrSynthetic2	15168089	15172299	4210	SHORT_BROAD	MEDIUM	0.5	0	0.0	1.0	True	0.967816091954023	1	False	0	False	True	-53	87	53	87
helixforge_rep1	BROAD_0217	chrSynthetic2	15250482	15270078	19596	MEDIUM_BROAD	STRONG	0.8	2000	0.10206165	0.9243723208818126	True	0.9154495375751757	3	True	2	False	False				
helixforge_rep1	BROAD_0218	chrSynthetic2	15471301	15549317	78016	LONG_BROAD	WEAK	0.25	8000	0.10254307	0.9101338187038556	True	0.8187166735028713	7	True	6	False	False				
helixforge_rep1	BROAD_0219	chrSynthetic2	15589133	15591528	2395	SHORT_BROAD	WEAK	0.25	0	0.0	0.9924843423799582	True	0.9924843423799582	1	False	0	False	True	7	-11	7	11
helixforge_rep1	BROAD_0220	chrSynthetic2	15729407	15802508	73101	LONG_BROAD	WEAK	0.25	7000	0.09575792	0.9170052393264114	True	0.7494288723820468	6	True	5	False	False				
helixforge_rep1	BROAD_0221	chrSynthetic2	15852096	15898056	45960	LONG_BROAD	MEDIUM	0.5	5000	0.10879025	0.9147084421235857	True	0.8018494342906876	4	True	3	False	False				
helixforge_rep1	BROAD_0222	chrSynthetic2	15972727	15978336	5609	MEDIUM_BROAD	WEAK	0.25	1000	0.1782849	0.8475664111249777	True	0.8441051136363636	2	True	1	False	False				
helixforge_rep1	BROAD_0223	chrSynthetic2	16008261	16058855	50594	LONG_BROAD	WEAK	0.25	5000	0.09882595	0.9133494090208325	True	0.8551537534809314	5	True	4	False	False				
helixforge_rep1	BROAD_0224	chrSynthetic2	16708422	16712228	3806	SHORT_BROAD	MEDIUM	0.5	0	0.0	0.9971098265895953	True	0.9854583225136329	1	False	0	False	True	11	45	11	45
helixforge_rep1	BROAD_0225	chrSynthetic2	16872448	16928150	55702	LONG_BROAD	WEAK	0.25	6000	0.10771606	0.9032889303795196	True	0.8171519873613156	5	True	4	False	False				
helixforge_rep1	BROAD_0226	chrSynthetic2	17211066	17219061	7995	MEDIUM_BROAD	WEAK	0.25	1000	0.12507817	0.88317698561601	True	0.8765983860955928	2	True	1	False	False				
helixforge_rep1	BROAD_0227	chrSynthetic2	17290264	17308539	18275	MEDIUM_BROAD	MEDIUM	0.5	2000	0.10943912	0.9146922024623803	True	0.9106063082202974	3	True	2	False	False				
helixforge_rep1	BROAD_0228	chrSynthetic2	17499514	17501984	2470	SHORT_BROAD	STRONG	0.8	0	0.0	1.0	True	0.9233644859813084	1	False	0	False	True	-105	100	105	100
helixforge_rep1	BROAD_0229	chrSynthetic2	17528749	17531195	2446	SHORT_BROAD	STRONG	0.8	0	0.0	1.0	True	0.9353728489483748	1	False	0	False	True	-94	75	94	75
helixforge_rep1	BROAD_0230	chrSynthetic2	17618543	17621858	3315	SHORT_BROAD	MEDIUM	0.5	0	0.0	1.0	True	0.981931279620853	1	False	0	False	True	-42	19	42	19
helixforge_rep1	BROAD_0231	chrSynthetic2	17678784	17682199	3415	SHORT_BROAD	MEDIUM	0.5	0	0.0	1.0	True	0.9682449673943861	1	False	0	False	True	-25	87	25	87
helixforge_rep1	BROAD_0232	chrSynthetic2	18081760	18109021	27261	LONG_BROAD	MEDIUM	0.5	3000	0.11004732	0.9153369282124647	True	0.912091527158418	4	True	3	False	False				
helixforge_rep1	BROAD_0233	chrSynthetic2	18402035	18408581	6546	MEDIUM_BROAD	MEDIUM	0.5	1000	0.15276505	0.8771769019248395	True	0.8646288209606987	2	True	1	False	False				
helixforge_rep1	BROAD_0234	chrSynthetic2	18599508	18619459	19951	MEDIUM_BROAD	STRONG	0.8	2000	0.1002456	1.0	True	0.9932789007268744	1	False	0	False	True	-74	61	74	61
helixforge_rep1	BROAD_0235	chrSynthetic2	18749415	18752126	2711	SHORT_BROAD	MEDIUM	0.5	0	0.0	1.0	True	0.9620298083747338	1	False	0	False	True	-45	62	45	62
helixforge_rep1	BROAD_0236	chrSynthetic2	18912952	18928337	15385	MEDIUM_BROAD	WEAK	0.25	2000	0.12999675	0.8864478388040299	True	0.8864478388040299	3	True	2	False	False				
helixforge_rep1	BROAD_0237	chrSynthetic2	19239149	19242846	3697	SHORT_BROAD	STRONG	0.8	0	0.0	1.0	True	0.9610085781128151	1	False	0	False	True	-52	98	52	98
helixforge_rep1	BROAD_0238	chrSynthetic2	19290889	19309118	18229	MEDIUM_BROAD	MEDIUM	0.5	2000	0.10971529	0.9170552416479236	True	0.8967866530765517	3	True	2	False	False				
helixforge_rep1	BROAD_0239	chrSynthetic2	19352784	19358057	5273	MEDIUM_BROAD	STRONG	0.8	1000	0.18964536	0.8621278209747771	True	0.8368924889543446	2	True	1	False	False				
helixforge_rep1	BROAD_0240	chrSynthetic2	19408636	19412258	3622	SHORT_BROAD	WEAK	0.25	0	0.0	1.0	True	0.97971328103868	1	False	0	False	True	-37	38	37	38
helixforge_rep1	BROAD_0241	chrSynthetic2	19488889	19551071	62182	LONG_BROAD	WEAK	0.25	6000	0.09649095	0.9159563860924383	True	0.7343282621980638	5	True	4	False	False				
helixforge_rep1	BROAD_0242	chrSynthetic2	19681649	19692933	11284	MEDIUM_BROAD	STRONG	0.8	1000	0.08862106	0.934686281460475	True	0.921376779942343	2	True	1	False	False				
helixforge_rep1	BROAD_0243	chrSynthetic2	19880571	19942911	62340	LONG_BROAD	STRONG	0.8	6000	0.09624639	0.9881616939364773	True	0.9144547028274668	1	False	0	False	True	5289	48	5289	48
helixforge_rep1	BROAD_0244	chrSynthetic3	120314	122729	2415	SHORT_BROAD	STRONG	0.8	0	0.0	1.0	True	0.9400544959128065	1	False	0	False	True	-68	86	68	86
helixforge_rep1	BROAD_0245	chrSynthetic3	252601	328322	75721	LONG_BROAD	WEAK	0.25	8000	0.10565101	0.9062347301277056	True	0.8430818399123097	7	True	6	False	False				
helixforge_rep1	BROAD_0246	chrSynthetic3	568295	572735	4440	SHORT_BROAD	STRONG	0.8	0	0.0	1.0	True	0.9788359788359788	1	False	0	False	True	-36	60	36	60
helixforge_rep1	BROAD_0247	chrSynthetic3	659461	702183	42722	LONG_BROAD	MEDIUM	0.5	4000	0.09362858	0.9468189691493843	True	0.9453364182383323	4	True	3	False	False				
helixforge_rep1	BROAD_0248	chrSynthetic3	789309	842643	53334	LONG_BROAD	WEAK	0.25	5000	0.09374883	0.9156823039712003	True	0.9156823039712003	6	True	5	False	False				
helixforge_rep1	BROAD_0249	chrSynthetic3	988426	992977	4551	SHORT_BROAD	STRONG	0.8	0	0.0	1.0	True	0.9678860059549128	1	False	0	False	True	-84	67	84	67
helixforge_rep1	BROAD_0250	chrSynthetic3	1098496	1112374	13878	MEDIUM_BROAD	STRONG	0.8	1000	0.07205649	1.0	True	0.9879689613440592	1	False	0	False	True	-88	81	88	81
helixforge_rep1	BROAD_0251	chrSynthetic3	1221691	1239763	18072	MEDIUM_BROAD	MEDIUM	0.5	2000	0.11066844	0.911963258078796	True	0.90684494332563	3	True	2	False	False				
helixforge_rep1	BROAD_0252	chrSynthetic3	1492480	1522641	30161	LONG_BROAD	STRONG	0.8	3000	0.0994662	0.9753986936772654	True	0.9701876463410612	2	True	1	False	False				
helixforge_rep1	BROAD_0253	chrSynthetic3	1639070	1652001	12931	MEDIUM_BROAD	STRONG	0.8	1000	0.07733354	1.0	True	0.9829722538958571	1	False	0	False	True	-119	105	119	105
helixforge_rep1	BROAD_0254	chrSynthetic3	1672391	1740653	68262	LONG_BROAD	WEAK	0.25	7000	0.10254607	0.9073862471067358	True	0.8006211362104831	6	True	5	False	False				
helixforge_rep1	BROAD_0255	chrSynthetic3	1799183	1818233	19050	MEDIUM_BROAD	STRONG	0.8	2000	0.10498688	0.9225196850393701	True	0.915360175009115	3	True	2	False	False				
helixforge_rep1	BROAD_0256	chrSynthetic3	1890024	1892639	2615	SHORT_BROAD	WEAK	0.25	0	0.0	0.9831739961759082	True	0.9786829082603731	1	False	0	False	True	-12	-44	12	44
helixforge_rep1	BROAD_0257	chrSynthetic3	1948883	2018903	70020	LONG_BROAD	STRONG	0.8	7000	0.09997144	0.9686375321336761	True	0.9242138903155852	3	True	2	False	False				
helixforge_rep1	BROAD_0258	chrSynthetic3	2650915	2702907	51992	LONG_BROAD	MEDIUM	0.5	5000	0.09616864	0.9247384212955839	True	0.8436100055757436	5	True	4	False	False				
helixforge_rep1	BROAD_0259	chrSynthetic3	3062620	3078292	15672	MEDIUM_BROAD	WEAK	0.25	2000	0.12761613	0.887506380806534	True	0.8867708001275103	3	True	2	False	False				
helixforge_rep1	BROAD_0260	chrSynthetic3	3128198	3131470	3272	SHORT_BROAD	WEAK	0.25	0	0.0	0.9810513447432763	True	0.9712556732223904	1	False	0	False	True	62	33	62	33
helixforge_rep1	BROAD_0261	chrSynthetic3	3181794	3202269	20475	LONG_BROAD	STRONG	0.8	2000	0.0976801	0.9281562881562881	True	0.9213167208028312	3	True	2	False	False				
helixforge_rep1	BROAD_0262	chrSynthetic3	3552538	3579348	26810	LONG_BROAD	WEAK	0.25	3000	0.11189855	0.9023498694516972	True	0.8099373788579096	3	True	2	False	False				
helixforge_rep1	BROAD_0263	chrSynthetic3	3838028	3842940	4912	SHORT_BROAD	MEDIUM	0.5	0	0.0	1.0	True	0.990722065348931	1	False	0	False	True	-31	15	31	15
helixforge_rep1	BROAD_0264	chrSynthetic3	3888139	3892446	4307	SHORT_BROAD	MEDIUM	0.5	0	0.0	1.0	True	0.9762012692656392	1	False	0	False	True	-59	46	59	46
helixforge_rep1	BROAD_0265	chrSynthetic3	4360280	4400559	40279	LONG_BROAD	WEAK	0.25	4000	0.09930733	0.9125102410685468	True	0.9115371261346163	5	True	4	False	False				
helixforge_rep1	BROAD_0266	chrSynthetic3	4691637	4702172	10535	MEDIUM_BROAD	STRONG	0.8	1000	0.09492169	0.9307071665875652	True	0.9202252463632098	2	True	1	False	False				
helixforge_rep1	BROAD_0267	chrSynthetic3	4848077	4861441	13364	MEDIUM_BROAD	WEAK	0.25	1000	0.0748279	0.9358724932654894	True	0.9337066069428891	2	True	1	False	False				
helixforge_rep1	BROAD_0268	chrSynthetic3	4872004	4878006	6002	MEDIUM_BROAD	STRONG	0.8	1000	0.16661113	1.0	True	0.9726138389239993	1	False	0	False	True	-91	78	91	78
helixforge_rep1	BROAD_0269	chrSynthetic3	4981082	5038344	57262	LONG_BROAD	MEDIUM	0.5	6000	0.10478153	0.9320317138765674	True	0.8183262896860046	4	True	3	False	False				
helixforge_rep1	BROAD_0270	chrSynthetic3	5138692	5189058	50366	LONG_BROAD	STRONG	0.8	5000	0.09927332	1.0	True	0.9961629746835443	1	False	0	False	True	-105	89	105	89
helixforge_rep1	BROAD_0271	chrSynthetic3	5488676	5491699	3023	SHORT_BROAD	WEAK	0.25	0	0.0	0.9904068805822032	True	0.9900793650793651	1	False	0	False	True	29	1	29	1
helixforge_rep1	BROAD_0272	chrSynthetic3	5659961	5722636	62675	LONG_BROAD	WEAK	0.25	6000	0.09573195	0.9151176705225369	True	0.8342560829676905	6	True	5	False	False				
helixforge_rep1	BROAD_0273	chrSynthetic3	5778019	5782983	4964	SHORT_BROAD	STRONG	0.8	0	0.0	1.0	True	0.9744797801334903	1	False	0	False	True	-83	47	83	47
helixforge_rep1	BROAD_0274	chrSynthetic3	5828447	5830662	2215	SHORT_BROAD	WEAK	0.25	0	0.0	0.9900677200902934	True	0.9526498696785404	1	False	0	False	True	22	87	22	87
helixforge_rep1	BROAD_0275	chrSynthetic3	5938247	5942537	4290	SHORT_BROAD	WEAK	0.25	0	0.0	0.9799533799533799	True	0.9799533799533799	1	False	0	False	True	34	-52	34	52
helixforge_rep1	BROAD_0276	chrSynthetic3	6028896	6032800	3904	SHORT_BROAD	WEAK	0.25	0	0.0	1.0	True	0.9784461152882206	1	False	0	False	True	-77	9	77	9
helixforge_rep1	BROAD_0277	chrSynthetic3	6148442	6152901	4459	SHORT_BROAD	MEDIUM	0.5	0	0.0	1.0	True	0.9718831734960767	1	False	0	False	True	-74	55	74	55
helixforge_rep1	BROAD_0278	chrSynthetic3	6212973	6218261	5288	MEDIUM_BROAD	MEDIUM	0.5	1000	0.18910741	0.8606278366111951	True	0.8424657534246576	2	True	1	False	False				
helixforge_rep1	BROAD_0279	chrSynthetic3	6580064	6638725	58661	LONG_BROAD	MEDIUM	0.5	6000	0.10228261	0.9206627912923407	True	0.7864850582158504	5	True	4	False	False				
helixforge_rep1	BROAD_0280	chrSynthetic3	6758487	6760840	2353	SHORT_BROAD	WEAK	0.25	0	0.0	1.0	True	0.9775654341503947	1	False	0	False	True	-15	39	15	39
helixforge_rep1	BROAD_0281	chrSynthetic3	6792260	6839357	47097	LONG_BROAD	STRONG	0.8	5000	0.10616387	0.9690850797290698	True	0.9070739208823841	2	True	1	False	False				
helixforge_rep1	BROAD_0282	chrSynthetic3	7099989	7109846	9857	MEDIUM_BROAD	WEAK	0.25	1000	0.10145075	0.9100131885969361	True	0.9074355083459787	2	True	1	False	False				
helixforge_rep1	BROAD_0283	chrSynthetic3	7159774	7172793	13019	MEDIUM_BROAD	MEDIUM	0.5	1000	0.07681081	0.938704969659728	True	0.9290710050174852	2	True	1	False	False				
helixforge_rep1	BROAD_0284	chrSynthetic3	7261848	7268870	7022	MEDIUM_BROAD	MEDIUM	0.5	1000	0.14240957	0.8907718598689832	True	0.8809859154929578	2	True	1	False	False				
helixforge_rep1	BROAD_0285	chrSynthetic3	7459485	7509523	50038	LONG_BROAD	MEDIUM	0.5	5000	0.09992406	0.9230784603701188	True	0.8491646873315902	5	True	4	False	False				
helixforge_rep1	BROAD_0286	chrSynthetic3	7878929	7890732	11803	MEDIUM_BROAD	STRONG	0.8	1000	0.08472422	1.0	True	0.9876987447698745	1	False	0	False	True	-68	79	68	79
helixforge_rep1	BROAD_0287	chrSynthetic3	7901169	7908400	7231	MEDIUM_BROAD	MEDIUM	0.5	1000	0.13829346	0.8915779283639884	True	0.8809784094014758	2	True	1	False	False				
helixforge_rep1	BROAD_0288	chrSynthetic3	8081936	8088929	6993	MEDIUM_BROAD	STRONG	0.8	1000	0.14300014	0.8954668954668955	True	0.8811031377515126	2	True	1	False	False				
helixforge_rep1	BROAD_0289	chrSynthetic3	8282984	8298190	15206	MEDIUM_BROAD	WEAK	0.25	2000	0.13152703	0.8903722214915165	True	0.8869889937106918	3	True	2	False	False				
helixforge_rep1	BROAD_0290	chrSynthetic3	8499520	8501757	2237	SHORT_BROAD	MEDIUM	0.5	0	0.0	1.0	True	0.921334431630972	1	False	0	False	True	-124	67	124	67
helixforge_rep1	BROAD_0291	chrSynthetic3	8560534	8568648	8114	MEDIUM_BROAD	MEDIUM	0.5	1000	0.12324378	0.9025141730342617	True	0.8909843046599343	2	True	1	False	False				
helixforge_rep1	BROAD_0292	chrSynthetic3	8602363	8618267	15904	MEDIUM_BROAD	WEAK	0.25	2000	0.12575453	0.8848717303822937	True	0.8837603617181613	3	True	2	False	False				
helixforge_rep1	BROAD_0293	chrSynthetic3	8652701	8661784	9083	MEDIUM_BROAD	WEAK	0.25	1000	0.11009578	0.9001431245183309	True	0.8961964266140524	2	True	1	False	False				
helixforge_rep1	BROAD_0294	chrSynthetic3	8800007	8862559	62552	LONG_BROAD	WEAK	0.25	6000	0.09592019	0.9149987210640746	True	0.8355448267041822	6	True	5	False	False				
helixforge_rep1	BROAD_0295	chrSynthetic3	9002156	9060477	58321	LONG_BROAD	MEDIUM	0.5	6000	0.10287889	0.932957253819379	True	0.8812691563500625	5	True	4	False	False				
helixforge_rep1	BROAD_0296	chrSynthetic3	9328227	9331015	2788	SHORT_BROAD	STRONG	0.8	0	0.0	1.0	True	0.9368279569892473	1	False	0	False	True	-91	97	91	97
helixforge_rep1	BROAD_0297	chrSynthetic3	9360469	9428104	67635	LONG_BROAD	MEDIUM	0.5	7000	0.10349671	0.9208841576107045	True	0.8192356028683374	6	True	5	False	False				
helixforge_rep1	BROAD_0298	chrSynthetic3	9548995	9552853	3858	SHORT_BROAD	WEAK	0.25	0	0.0	0.9971487817522032	True	0.9886918529940889	1	False	0	False	True	11	33	11	33
helixforge_rep1	BROAD_0299	chrSynthetic3	9638582	9642328	3746	SHORT_BROAD	MEDIUM	0.5	0	0.0	1.0	True	0.9697126585555268	1	False	0	False	True	-36	81	36	81
helixforge_rep1	BROAD_0300	chrSynthetic3	9768776	9772799	4023	SHORT_BROAD	WEAK	0.25	0	0.0	0.9741486452895849	True	0.9741486452895849	1	False	0	False	True	91	-13	91	13
helixforge_rep1	BROAD_0301	chrSynthetic3	9898924	9960614	61690	LONG_BROAD	STRONG	0.8	6000	0.0972605	0.9762522288863673	True	0.8980778261784853	2	True	1	False	False				
helixforge_rep1	BROAD_0302	chrSynthetic3	10088413	10101379	12966	MEDIUM_BROAD	WEAK	0.25	1000	0.07712479	0.923183711244794	True	0.923183711244794	2	True	1	False	False				
helixforge_rep1	BROAD_0303	chrSynthetic3	10138414	10208476	70062	LONG_BROAD	STRONG	0.8	7000	0.09991151	0.9685278753104394	True	0.8714414016280098	3	True	2	False	False				
helixforge_rep1	BROAD_0304	chrSynthetic3	10220640	10232725	12085	MEDIUM_BROAD	WEAK	0.25	1000	0.08274721	0.926934215970211	True	0.926934215970211	2	True	1	False	False				
helixforge_rep1	BROAD_0305	chrSynthetic3	10401783	10418514	16731	MEDIUM_BROAD	STRONG	0.8	2000	0.11953858	0.9547546470623394	True	0.9458787304594979	2	True	1	False	False				
helixforge_rep1	BROAD_0306	chrSynthetic3	10442950	10458081	15131	MEDIUM_BROAD	WEAK	0.25	2000	0.13217897	0.8865243539752825	True	0.8841286580543106	3	True	2	False	False				
helixforge_rep1	BROAD_0307	chrSynthetic3	10489084	10561813	72729	LONG_BROAD	MEDIUM	0.5	7000	0.09624771	0.9268517372712398	True	0.7622818958049746	6	True	5	False	False				
helixforge_rep1	BROAD_0308	chrSynthetic3	10771723	10788295	16572	MEDIUM_BROAD	MEDIUM	0.5	2000	0.12068549	0.9055032585083272	True	0.9006662265170158	3	True	2	False	False				
helixforge_rep1	BROAD_0309	chrSynthetic3	10901562	10909648	8086	MEDIUM_BROAD	STRONG	0.8	1000	0.12367054	1.0	True	0.9807155852031534	1	False	0	False	True	-70	89	70	89
helixforge_rep1	BROAD_0310	chrSynthetic3	11139151	11162730	23579	LONG_BROAD	WEAK	0.25	2000	0.08482124	0.9181475041350354	True	0.9179528493894166	3	True	2	False	False				
helixforge_rep1	BROAD_0311	chrSynthetic3	11200391	11240106	39715	LONG_BROAD	MEDIUM	0.5	4000	0.10071761	0.9408032229636157	True	0.9383460157211382	4	True	3	False	False				
helixforge_rep1	BROAD_0312	chrSynthetic3	11498231	11502794	4563	SHORT_BROAD	STRONG	0.8	0	0.0	1.0	True	0.9739594450373532	1	False	0	False	True	-58	64	58	64
helixforge_rep1	BROAD_0313	chrSynthetic3	11568586	11572704	4118	SHORT_BROAD	STRONG	0.8	0	0.0	1.0	True	0.9684854186265287	1	False	0	False	True	-70	64	70	64
helixforge_rep1	BROAD_0314	chrSynthetic3	11718256	11722627	4371	SHORT_BROAD	STRONG	0.8	0	0.0	1.0	True	0.9698247171067229	1	False	0	False	True	-86	50	86	50
helixforge_rep1	BROAD_0315	chrSynthetic3	11958572	11962626	4054	SHORT_BROAD	STRONG	0.8	0	0.0	1.0	True	0.9629453681710214	1	False	0	False	True	-71	85	71	85
helixforge_rep1	BROAD_0316	chrSynthetic3	12180462	12230945	50483	LONG_BROAD	WEAK	0.25	5000	0.09904324	0.9123467305825723	True	0.7235505021492383	4	True	3	False	False				
helixforge_rep1	BROAD_0317	chrSynthetic3	12402802	12408505	5703	MEDIUM_BROAD	WEAK	0.25	1000	0.17534631	0.8404348588462213	True	0.8389637668475407	2	True	1	False	False				
helixforge_rep1	BROAD_0318	chrSynthetic3	12438830	12442253	3423	SHORT_BROAD	STRONG	0.8	0	0.0	1.0	True	0.9666760802033324	1	False	0	False	True	-67	51	67	51
helixforge_rep1	BROAD_0319	chrSynthetic3	12538006	12542868	4862	SHORT_BROAD	WEAK	0.25	0	0.0	0.9886877828054299	True	0.9886877828054299	1	False	0	False	True	0	-55	0	55
helixforge_rep1	BROAD_0320	chrSynthetic3	12591159	12668619	77460	LONG_BROAD	STRONG	0.8	8000	0.10327911	0.9714691453653499	True	0.9698164759253531	4	True	3	False	False				
helixforge_rep1	BROAD_0321	chrSynthetic3	12859657	12861690	2033	SHORT_BROAD	MEDIUM	0.5	0	0.0	1.0	True	0.966254752851711	1	False	0	False	True	-4	67	4	67
helixforge_rep1	BROAD_0322	chrSynthetic3	13202293	13210676	8383	MEDIUM_BROAD	WEAK	0.25	1000	0.11928904	0.9006322318978885	True	0.900417412045319	2	True	1	False	False				
helixforge_rep1	BROAD_0323	chrSynthetic3	13311560	13328087	16527	MEDIUM_BROAD	WEAK	0.25	2000	0.1210141	0.888667029708961	True	0.8881833575229802	3	True	2	False	False				
helixforge_rep1	BROAD_0324	chrSynthetic3	13452599	13458552	5953	MEDIUM_BROAD	STRONG	0.8	1000	0.16798253	1.0	True	0.9760616494507296	1	False	0	False	True	-80	66	80	66
helixforge_rep1	BROAD_0325	chrSynthetic3	13562872	13578658	15786	MEDIUM_BROAD	WEAK	0.25	2000	0.12669454	0.8885721525402255	True	0.8871110548950164	3	True	2	False	False				
helixforge_rep1	BROAD_0326	chrSynthetic3	13649000	13651863	2863	SHORT_BROAD	MEDIUM	0.5	0	0.0	1.0	True	0.9695225194717236	1	False	0	False	True	-30	60	30	60
helixforge_rep1	BROAD_0327	chrSynthetic3	13839778	13842616	2838	SHORT_BROAD	STRONG	0.8	0	0.0	1.0	True	0.9497991967871486	1	False	0	False	True	-87	63	87	63
helixforge_rep1	BROAD_0328	chrSynthetic3	13938238	13941654	3416	SHORT_BROAD	WEAK	0.25	0	0.0	0.9912177985948478	True	0.9912177985948478	1	False	0	False	True	1	-29	1	29
helixforge_rep1	BROAD_0329	chrSynthetic3	14292661	14309411	16750	MEDIUM_BROAD	WEAK	0.25	2000	0.11940299	0.8928955223880597	True	0.8902910887552831	3	True	2	False	False				
helixforge_rep1	BROAD_0330	chrSynthetic3	14619095	14621211	2116	SHORT_BROAD	MEDIUM	0.5	0	0.0	1.0	True	0.9635701275045537	1	False	0	False	True	-57	23	57	23
helixforge_rep1	BROAD_0331	chrSynthetic3	14641038	14650615	9577	MEDIUM_BROAD	WEAK	0.25	1000	0.10441683	0.8987156729664822	True	0.8978718965157522	2	True	1	False	False				
helixforge_rep1	BROAD_0332	chrSynthetic3	14671680	14690583	18903	MEDIUM_BROAD	WEAK	0.25	2000	0.10580331	0.9025022483203724	True	0.9025022483203724	3	True	2	False	False				
helixforge_rep1	BROAD_0333	chrSynthetic3	14922988	14978005	55017	LONG_BROAD	MEDIUM	0.5	6000	0.1090572	0.914880855008452	True	0.8373957140520203	5	True	4	False	False				
helixforge_rep1	BROAD_0334	chrSynthetic3	14992980	15068200	75220	LONG_BROAD	MEDIUM	0.5	8000	0.10635469	0.9177479393778251	True	0.8588141451741558	7	True	6	False	False				
helixforge_rep1	BROAD_0335	chrSynthetic3	15078283	15092603	14320	MEDIUM_BROAD	STRONG	0.8	1000	0.0698324	0.9490921787709498	True	0.9388643271621995	2	True	1	False	False				
helixforge_rep1	BROAD_0336	chrSynthetic3	15241681	15249222	7541	MEDIUM_BROAD	STRONG	0.8	1000	0.13260841	1.0	True	0.9815176363399714	1	False	0	False	True	-58	84	58	84
helixforge_rep1	BROAD_0337	chrSynthetic3	15290389	15292483	2094	SHORT_BROAD	STRONG	0.8	0	0.0	1.0	True	0.9306666666666666	1	False	0	False	True	-91	65	91	65
helixforge_rep1	BROAD_0338	chrSynthetic3	15382551	15388444	5893	MEDIUM_BROAD	MEDIUM	0.5	1000	0.16969286	0.8688274223655185	True	0.8534755792632105	2	True	1	False	False				
helixforge_rep1	BROAD_0339	chrSynthetic3	15408521	15472804	64283	LONG_BROAD	MEDIUM	0.5	6000	0.09333727	0.9280836301977194	True	0.925750640080689	7	True	6	False	False				
helixforge_rep1	BROAD_0340	chrSynthetic3	15741514	15818431	76917	LONG_BROAD	WEAK	0.25	8000	0.10400822	0.9086417827008334	True	0.8305966171327535	7	True	6	False	False				
helixforge_rep1	BROAD_0341	chrSynthetic3	15978593	16012673	34080	LONG_BROAD	STRONG	0.8	3000	0.08802817	0.9782570422535212	True	0.9746250767386793	2	True	1	False	False				
helixforge_rep1	BROAD_0342	chrSynthetic3	16149239	16152194	2955	SHORT_BROAD	WEAK	0.25	0	0.0	1.0	True	0.9739617666446935	1	False	0	False	True	-29	50	29	50
helixforge_rep1	BROAD_0343	chrSynthetic3	16309651	16328375	18724	MEDIUM_BROAD	WEAK	0.25	2000	0.10681478	0.9107562486648152	True	0.9099786552828175	3	True	2	False	False				
helixforge_rep1	BROAD_0344	chrSynthetic3	16378076	16382968	4892	SHORT_BROAD	MEDIUM	0.5	0	0.0	1.0	True	0.9803607214428858	1	False	0	False	True	-48	50	48	50
helixforge_rep1	BROAD_0345	chrSynthetic3	16498262	16570230	71968	LONG_BROAD	MEDIUM	0.5	7000	0.09726545	0.9249944419742108	True	0.769619831036016	6	True	5	False	False				
helixforge_rep1	BROAD_0346	chrSynthetic3	16600895	16670968	70073	LONG_BROAD	WEAK	0.25	7000	0.09989582	0.9099082385512252	True	0.7793301271531118	6	True	5	False	False				
helixforge_rep1	BROAD_0347	chrSynthetic3	16830468	16832840	2372	SHORT_BROAD	MEDIUM	0.5	0	0.0	1.0	True	0.9416435093290988	1	False	0	False	True	-54	93	54	93
helixforge_rep1	BROAD_0348	chrSynthetic3	17292614	17348211	55597	LONG_BROAD	MEDIUM	0.5	6000	0.10791949	0.9156069572099214	True	0.8289116319225858	5	True	4	False	False				
helixforge_rep1	BROAD_0349	chrSynthetic3	17398187	17412389	14202	MEDIUM_BROAD	MEDIUM	0.5	1000	0.07041262	0.9448669201520913	True	0.9397058823529412	2	True	1	False	False				
helixforge_rep1	BROAD_0350	chrSynthetic3	17508329	17512646	4317	SHORT_BROAD	WEAK	0.25	0	0.0	0.9884178827889738	True	0.987960175966659	1	False	0	False	True	50	2	50	2
helixforge_rep1	BROAD_0351	chrSynthetic3	17529637	17578413	48776	LONG_BROAD	STRONG	0.8	5000	0.10250943	0.9850951287518451	True	0.9819946862865317	2	True	1	False	False				
helixforge_rep1	BROAD_0352	chrSynthetic3	18261860	18338437	76577	LONG_BROAD	WEAK	0.25	8000	0.10447001	0.9079619206811445	True	0.8345195032450997	7	True	6	False	False				
helixforge_rep1	BROAD_0353	chrSynthetic3	18390140	18422121	31981	LONG_BROAD	MEDIUM	0.5	3000	0.0938057	0.9262999906194302	True	0.9233262685450692	4	True	3	False	False				
helixforge_rep1	BROAD_0354	chrSynthetic3	18471043	18488486	17443	MEDIUM_BROAD	STRONG	0.8	2000	0.11465918	0.9158974946970131	True	0.9075210179504658	3	True	2	False	False				
helixforge_rep1	BROAD_0355	chrSynthetic3	18570352	18648465	78113	LONG_BROAD	WEAK	0.25	8000	0.10241573	0.9118200555605341	True	0.8208108765506382	7	True	6	False	False				
helixforge_rep1	BROAD_0356	chrSynthetic3	18679871	18720507	40636	LONG_BROAD	MEDIUM	0.5	4000	0.09843489	0.925878531351511	True	0.9245361838063644	5	True	4	False	False				
helixforge_rep1	BROAD_0357	chrSynthetic3	19049932	19088734	38802	LONG_BROAD	MEDIUM	0.5	4000	0.10308747	0.9195402298850575	True	0.844898589519201	4	True	3	False	False				
helixforge_rep1	BROAD_0358	chrSynthetic3	19389120	19392967	3847	SHORT_BROAD	WEAK	0.25	0	0.0	1.0	True	0.9987019730010385	1	False	0	False	True	0	5	0	5
helixforge_rep1	BROAD_0359	chrSynthetic3	19581847	19600539	18692	MEDIUM_BROAD	MEDIUM	0.5	2000	0.10699765	0.918146800770383	True	0.9126781535843438	3	True	2	False	False				
helixforge_rep1	BROAD_0360	chrSynthetic3	19630248	19659672	29424	LONG_BROAD	MEDIUM	0.5	3000	0.10195759	0.9204730831973899	True	0.9189427611712415	4	True	3	False	False				
helixforge_rep2	BROAD_0001	chrSynthetic1	179251	189862	10611	MEDIUM_BROAD	STRONG	0.8	1000	0.09424182	0.9303552916784469	True	0.9180693759880963	2	True	1	False	False				
helixforge_rep2	BROAD_0002	chrSynthetic1	242650	259044	16394	MEDIUM_BROAD	STRONG	0.8	2000	0.12199585	0.9542515554471148	True	0.9454281742914123	2	True	1	False	False				
helixforge_rep2	BROAD_0003	chrSynthetic1	330833	361139	30306	LONG_BROAD	STRONG	0.8	3000	0.0989903	0.9513297696825711	True	0.9456197317065171	3	True	2	False	False				
helixforge_rep2	BROAD_0004	chrSynthetic1	629416	659686	30270	LONG_BROAD	WEAK	0.25	3000	0.09910803	0.90799471423852	True	0.90799471423852	4	True	3	False	False				
helixforge_rep2	BROAD_0005	chrSynthetic1	728418	752616	24198	LONG_BROAD	STRONG	0.8	2000	0.08265146	1.0	True	0.9944519787942301	1	False	0	False	True	-54	81	54	81
helixforge_rep2	BROAD_0006	chrSynthetic1	848342	852493	4151	SHORT_BROAD	WEAK	0.25	0	0.0	0.9686822452421103	True	0.9663542417688056	1	False	0	False	True	-10	-130	10	130
helixforge_rep2	BROAD_0007	chrSynthetic1	988338	1002148	13810	MEDIUM_BROAD	MEDIUM	0.5	1000	0.0724113	0.944605358435916	True	0.935058418751344	2	True	1	False	False				
helixforge_rep2	BROAD_0008	chrSynthetic1	1071066	1110382	39316	LONG_BROAD	STRONG	0.8	4000	0.10173975	0.9813307559263404	True	0.9774771351118543	2	True	1	False	False				
helixforge_rep2	BROAD_0009	chrSynthetic1	1282989	1288019	5030	MEDIUM_BROAD	STRONG	0.8	1000	0.19880716	0.8506958250497018	True	0.8328143246399378	2	True	1	False	False				
helixforge_rep2	BROAD_0010	chrSynthetic1	1348367	1358754	10387	MEDIUM_BROAD	MEDIUM	0.5	1000	0.09627419	0.9298161162992202	True	0.9262491608324542	2	True	1	False	False				
helixforge_rep2	BROAD_0011	chrSynthetic1	1561843	1609408	47565	LONG_BROAD	MEDIUM	0.5	5000	0.10511931	0.9196047513928308	True	0.7769157994323557	4	True	3	False	False				
helixforge_rep2	BROAD_0012	chrSynthetic1	1638031	1641342	3311	SHORT_BROAD	MEDIUM	0.5	0	0.0	1.0	True	0.9746835443037974	1	False	0	False	True	-61	25	61	25
helixforge_rep2	BROAD_0013	chrSynthetic1	1888427	1892295	3868	SHORT_BROAD	WEAK	0.25	0	0.0	0.9798345398138573	True	0.975295934122491	1	False	0	False	True	-18	-78	18	78
helixforge_rep2	BROAD_0014	chrSynthetic1	1949558	1958897	9339	MEDIUM_BROAD	MEDIUM	0.5	1000	0.10707785	0.9124103223043153	True	0.9015023275497249	2	True	1	False	False				
helixforge_rep2	BROAD_0015	chrSynthetic1	2048910	2082834	33924	LONG_BROAD	WEAK	0.25	3000	0.08843297	0.9229748850371419	True	0.9227572792644112	4	True	3	False	False				
helixforge_rep2	BROAD_0016	chrSynthetic1	2168638	2192910	24272	LONG_BROAD	WEAK	0.25	2000	0.08239947	0.9265408701384311	True	0.9254732510288066	3	True	2	False	False				
helixforge_rep2	BROAD_0017	chrSynthetic1	2381918	2429285	47367	LONG_BROAD	STRONG	0.8	5000	0.10555872	1.0	True	0.9957326045827202	1	False	0	False	True	-88	115	88	115
helixforge_rep2	BROAD_0018	chrSynthetic1	2631249	2690198	58949	LONG_BROAD	MEDIUM	0.5	6000	0.1017829	0.935707136677467	True	0.8620525869380832	5	True	4	False	False				
helixforge_rep2	BROAD_0019	chrSynthetic1	2818001	2848542	30541	LONG_BROAD	STRONG	0.8	3000	0.09822861	0.9756065616711961	True	0.9709016259897684	2	True	1	False	False				
helixforge_rep2	BROAD_0020	chrSynthetic1	3142220	3161872	19652	MEDIUM_BROAD	STRONG	0.8	2000	0.10177081	0.9625483411357623	True	0.9573358975656663	2	True	1	False	False				
helixforge_rep2	BROAD_0021	chrSynthetic1	3218051	3222878	4827	SHORT_BROAD	MEDIUM	0.5	0	0.0	1.0	True	0.9718139722166298	1	False	0	False	True	-77	63	77	63
helixforge_rep2	BROAD_0022	chrSynthetic1	3292325	3298515	6190	MEDIUM_BROAD	STRONG	0.8	1000	0.16155089	1.0	True	0.9700673875568093	1	False	0	False	True	-91	100	91	100
helixforge_rep2	BROAD_0023	chrSynthetic1	3318303	3322906	4603	SHORT_BROAD	MEDIUM	0.5	0	0.0	1.0	True	0.9845989304812834	1	False	0	False	True	-20	52	20	52
helixforge_rep2	BROAD_0024	chrSynthetic1	3368049	3371622	3573	SHORT_BROAD	WEAK	0.25	0	0.0	0.9773299748110831	True	0.9773299748110831	1	False	0	False	True	37	-44	37	44
helixforge_rep2	BROAD_0025	chrSynthetic1	3518108	3522956	4848	SHORT_BROAD	WEAK	0.25	0	0.0	1.0	True	0.9926289926289926	1	False	0	False	True	-30	6	30	6
helixforge_rep2	BROAD_0026	chrSynthetic1	3792269	3829732	37463	LONG_BROAD	WEAK	0.25	4000	0.10677202	0.904305581507087	True	0.8295415144160243	4	True	3	False	False				
helixforge_rep2	BROAD_0027	chrSynthetic1	3888530	3890853	2323	SHORT_BROAD	STRONG	0.8	0	0.0	1.0	True	0.9247611464968153	1	False	0	False	True	-79	110	79	110
helixforge_rep2	BROAD_0028	chrSynthetic1	4182599	4198348	15749	MEDIUM_BROAD	WEAK	0.25	2000	0.12699219	0.8871039431074988	True	0.8835135647884652	3	True	2	False	False				
helixforge_rep2	BROAD_0029	chrSynthetic1	4212612	4248871	36259	LONG_BROAD	WEAK	0.25	4000	0.11031744	0.906919661325464	True	0.7570534212195593	3	True	2	False	False				
helixforge_rep2	BROAD_0030	chrSynthetic1	4260104	4291630	31526	LONG_BROAD	MEDIUM	0.5	3000	0.09515955	0.9266954259975893	True	0.9245545745118516	4	True	3	False	False				
helixforge_rep2	BROAD_0031	chrSynthetic1	4382697	4388112	5415	MEDIUM_BROAD	STRONG	0.8	1000	0.18467221	0.8653739612188366	True	0.8423512493259033	2	True	1	False	False				
helixforge_rep2	BROAD_0032	chrSynthetic1	4580095	4650549	70454	LONG_BROAD	WEAK	0.25	7000	0.09935561	0.9126238396684362	True	0.7773724699804128	6	True	5	False	False				
helixforge_rep2	BROAD_0033	chrSynthetic1	4728554	4732649	4095	SHORT_BROAD	WEAK	0.25	0	0.0	0.9797313797313797	True	0.9797313797313797	1	False	0	False	True	50	-33	50	33
helixforge_rep2	BROAD_0034	chrSynthetic1	4792079	4808873	16794	MEDIUM_BROAD	STRONG	0.8	2000	0.11909015	1.0	True	0.9895121376384634	1	False	0	False	True	-131	47	131	47
helixforge_rep2	BROAD_0035	chrSynthetic1	4992748	4999634	6886	MEDIUM_BROAD	WEAK	0.25	1000	0.14522219	0.8370607028753994	True	0.8370607028753994	2	True	1	False	False				
helixforge_rep2	BROAD_0036	chrSynthetic1	5012866	5018509	5643	MEDIUM_BROAD	WEAK	0.25	1000	0.1772107	0.8389154704944178	True	0.8383212325128386	2	True	1	False	False				
helixforge_rep2	BROAD_0037	chrSynthetic1	5079198	5098840	19642	MEDIUM_BROAD	WEAK	0.25	2000	0.10182262	0.9070359433866205	True	0.9056066690387842	3	True	2	False	False				
helixforge_rep2	BROAD_0038	chrSynthetic1	5121807	5169637	47830	LONG_BROAD	STRONG	0.8	5000	0.1045369	0.9843403721513694	True	0.9138395373598613	1	False	0	False	True	4058	69	4058	69
helixforge_rep2	BROAD_0039	chrSynthetic1	5298091	5302618	4527	SHORT_BROAD	STRONG	0.8	0	0.0	1.0	True	0.9599236641221374	1	False	0	False	True	-81	108	81	108
helixforge_rep2	BROAD_0040	chrSynthetic1	5408134	5422735	14601	MEDIUM_BROAD	WEAK	0.25	1000	0.06848846	0.9331552633381275	True	0.9310509771764385	2	True	1	False	False				
helixforge_rep2	BROAD_0041	chrSynthetic1	5548990	5551613	2623	SHORT_BROAD	STRONG	0.8	0	0.0	1.0	True	0.9425080848005749	1	False	0	False	True	-78	82	78	82
helixforge_rep2	BROAD_0042	chrSynthetic1	5640374	5642734	2360	SHORT_BROAD	STRONG	0.8	0	0.0	1.0	True	0.9200779727095516	1	False	0	False	True	-90	115	90	115
helixforge_rep2	BROAD_0043	chrSynthetic1	5718807	5722153	3346	SHORT_BROAD	MEDIUM	0.5	0	0.0	1.0	True	0.9738067520372526	1	False	0	False	True	-32	58	32	58
helixforge_rep2	BROAD_0044	chrSynthetic1	5778210	5782199	3989	SHORT_BROAD	STRONG	0.8	0	0.0	1.0	True	0.9660934851053524	1	False	0	False	True	-48	92	48	92
helixforge_rep2	BROAD_0045	chrSynthetic1	5871524	5880494	8970	MEDIUM_BROAD	MEDIUM	0.5	1000	0.11148272	0.9121516164994425	True	0.8995162708883025	2	True	1	False	False				
helixforge_rep2	BROAD_0046	chrSynthetic1	5949928	5952781	2853	SHORT_BROAD	STRONG	0.8	0	0.0	1.0	True	0.939413895291406	1	False	0	False	True	-91	93	91	93
helixforge_rep2	BROAD_0047	chrSynthetic1	6118947	6152528	33581	LONG_BROAD	WEAK	0.25	3000	0.08933623	0.9163515082933802	True	0.9163515082933802	4	True	3	False	False				
helixforge_rep2	BROAD_0048	chrSynthetic1	6269387	6289142	19755	MEDIUM_BROAD	STRONG	0.8	2000	0.10124019	0.9254365983295368	True	0.9178632392810523	3	True	2	False	False				
helixforge_rep2	BROAD_0049	chrSynthetic1	6441769	6451527	9758	MEDIUM_BROAD	STRONG	0.8	1000	0.10248002	1.0	True	0.9860549717057397	1	False	0	False	True	-53	85	53	85
helixforge_rep2	BROAD_0050	chrSynthetic1	6542529	6558361	15832	MEDIUM_BROAD	WEAK	0.25	2000	0.12632643	0.8861798888327438	True	0.8861798888327438	3	True	2	False	False				
helixforge_rep2	BROAD_0051	chrSynthetic1	6999549	7002066	2517	SHORT_BROAD	WEAK	0.25	0	0.0	1.0	True	0.9733178654292344	1	False	0	False	True	-33	36	33	36
helixforge_rep2	BROAD_0052	chrSynthetic1	7068394	7130444	62050	LONG_BROAD	WEAK	0.25	6000	0.09669621	0.9133118452860596	True	0.8403384367445609	6	True	5	False	False				
helixforge_rep2	BROAD_0053	chrSynthetic1	7212664	7238768	26104	LONG_BROAD	WEAK	0.25	3000	0.11492492	0.8992874655225253	True	0.8078838492185105	3	True	2	False	False				
helixforge_rep2	BROAD_0054	chrSynthetic1	7840784	7848801	8017	MEDIUM_BROAD	MEDIUM	0.5	1000	0.12473494	0.9057003866783085	True	0.8926727317432998	2	True	1	False	False				
helixforge_rep2	BROAD_0055	chrSynthetic1	8261253	8288830	27577	LONG_BROAD	MEDIUM	0.5	3000	0.10878631	0.9181564347100845	True	0.915268941584731	4	True	3	False	False				
helixforge_rep2	BROAD_0056	chrSynthetic1	8308445	8311161	2716	SHORT_BROAD	STRONG	0.8	0	0.0	1.0	True	0.9533169533169533	1	False	0	False	True	-79	54	79	54
helixforge_rep2	BROAD_0057	chrSynthetic1	8422914	8448062	25148	LONG_BROAD	STRONG	0.8	3000	0.11929378	0.9707730236996978	True	0.8795342943133218	1	False	0	False	True	-104	-2938	104	2938
helixforge_rep2	BROAD_0058	chrSynthetic1	8570703	8588791	18088	MEDIUM_BROAD	WEAK	0.25	2000	0.11057054	0.9053516143299425	True	0.9053516143299425	3	True	2	False	False				
helixforge_rep2	BROAD_0059	chrSynthetic1	8648191	8652814	4623	SHORT_BROAD	WEAK	0.25	0	0.0	0.9837767683322518	True	0.9837767683322518	1	False	0	False	True	40	-35	40	35
helixforge_rep2	BROAD_0060	chrSynthetic1	8801302	8828318	27016	LONG_BROAD	WEAK	0.25	3000	0.11104531	0.900947586615339	True	0.8141471720461948	3	True	2	False	False				
helixforge_rep2	BROAD_0061	chrSynthetic1	8869859	8879952	10093	MEDIUM_BROAD	MEDIUM	0.5	1000	0.09907857	0.9214306945407709	True	0.9145442029698102	2	True	1	False	False				
helixforge_rep2	BROAD_0062	chrSynthetic1	9242913	9260475	17562	MEDIUM_BROAD	WEAK	0.25	2000	0.11388225	0.9037695023345861	True	0.9035122673194057	3	True	2	False	False				
helixforge_rep2	BROAD_0063	chrSynthetic1	9352177	9361380	9203	MEDIUM_BROAD	WEAK	0.25	1000	0.10866022	0.8960121699445833	True	0.8936815866478812	2	True	1	False	False				
helixforge_rep2	BROAD_0064	chrSynthetic1	9402024	9411299	9275	MEDIUM_BROAD	STRONG	0.8	1000	0.10781671	1.0	True	0.9853394242005736	1	False	0	False	True	-67	71	67	71
helixforge_rep2	BROAD_0065	chrSynthetic1	9508434	9528795	20361	LONG_BROAD	STRONG	0.8	2000	0.098227	0.9639506900446932	True	0.9564814814814815	2	True	1	False	False				
helixforge_rep2	BROAD_0066	chrSynthetic1	9578633	9632646	54013	LONG_BROAD	WEAK	0.25	5000	0.09257031	0.9189269249995371	True	0.9189269249995371	6	True	5	False	False				
helixforge_rep2	BROAD_0067	chrSynthetic1	9992395	10009199	16804	MEDIUM_BROAD	WEAK	0.25	2000	0.11901928	0.895798619376339	True	0.895798619376339	3	True	2	False	False				
helixforge_rep2	BROAD_0068	chrSynthetic1	10298318	10302748	4430	SHORT_BROAD	STRONG	0.8	0	0.0	1.0	True	0.9318468657972234	1	False	0	False	True	-183	141	183	141
helixforge_rep2	BROAD_0069	chrSynthetic1	10438440	10442567	4127	SHORT_BROAD	MEDIUM	0.5	0	0.0	1.0	True	0.9694620624853183	1	False	0	False	True	-48	82	48	82
helixforge_rep2	BROAD_0070	chrSynthetic1	10878306	10941414	63108	LONG_BROAD	STRONG	0.8	6000	0.09507511	0.9645369842175319	True	0.8752591186011551	3	True	2	False	False				
helixforge_rep2	BROAD_0071	chrSynthetic1	10961987	11040099	78112	LONG_BROAD	WEAK	0.25	8000	0.10241704	0.9097961900860303	True	0.8179153011061041	7	True	6	False	False				
helixforge_rep2	BROAD_0072	chrSynthetic1	11108140	11111567	3427	SHORT_BROAD	STRONG	0.8	0	0.0	1.0	True	0.95326842837274	1	False	0	False	True	-81	87	81	87
helixforge_rep2	BROAD_0073	chrSynthetic1	11361582	11408646	47064	LONG_BROAD	MEDIUM	0.5	5000	0.10623831	0.9185577086520482	True	0.784718680945096	4	True	3	False	False				
helixforge_rep2	BROAD_0074	chrSynthetic1	11432353	11439633	7280	MEDIUM_BROAD	WEAK	0.25	1000	0.13736264	0.8785714285714286	True	0.875564681724846	2	True	1	False	False				
helixforge_rep2	BROAD_0075	chrSynthetic1	11618301	11622238	3937	SHORT_BROAD	MEDIUM	0.5	0	0.0	1.0	True	0.9689884321929608	1	False	0	False	True	-62	64	62	64
helixforge_rep2	BROAD_0076	chrSynthetic1	11711751	11742839	31088	LONG_BROAD	MEDIUM	0.5	3000	0.09650026	0.9268528049408131	True	0.9242662389735364	4	True	3	False	False				
helixforge_rep2	BROAD_0077	chrSynthetic1	12068017	12102973	34956	LONG_BROAD	WEAK	0.25	3000	0.08582218	0.9238757294884998	True	0.9237700228832952	4	True	3	False	False				
helixforge_rep2	BROAD_0078	chrSynthetic1	12481602	12489032	7430	MEDIUM_BROAD	STRONG	0.8	1000	0.1345895	0.8987886944818304	True	0.8793784566763234	2	True	1	False	False				
helixforge_rep2	BROAD_0079	chrSynthetic1	12578985	12592907	13922	MEDIUM_BROAD	STRONG	0.8	1000	0.07182876	1.0	True	0.9852098223763357	1	False	0	False	True	-74	135	74	135
helixforge_rep2	BROAD_0080	chrSynthetic1	12660744	12678529	17785	MEDIUM_BROAD	WEAK	0.25	2000	0.11245432	0.9059881922968794	True	0.9029420005603811	3	True	2	False	False				
helixforge_rep2	BROAD_0081	chrSynthetic1	12798174	12802276	4102	SHORT_BROAD	STRONG	0.8	0	0.0	1.0	True	0.964722483537159	1	False	0	False	True	-83	67	83	67
helixforge_rep2	BROAD_0082	chrSynthetic1	12898784	12902509	3725	SHORT_BROAD	STRONG	0.8	0	0.0	1.0	True	0.9463922764227642	1	False	0	False	True	-113	98	113	98
helixforge_rep2	BROAD_0083	chrSynthetic1	12929973	12932574	2601	SHORT_BROAD	MEDIUM	0.5	0	0.0	1.0	True	0.9636902556502408	1	False	0	False	True	-38	60	38	60
helixforge_rep2	BROAD_0084	chrSynthetic1	12972917	12978247	5330	MEDIUM_BROAD	MEDIUM	0.5	1000	0.18761726	0.8538461538461538	True	0.8416867024227853	2	True	1	False	False				
helixforge_rep2	BROAD_0085	chrSynthetic1	13251247	13289472	38225	LONG_BROAD	WEAK	0.25	4000	0.10464356	0.9050621321124919	True	0.7137998691955526	3	True	2	False	False				
helixforge_rep2	BROAD_0086	chrSynthetic1	13502341	13508402	6061	MEDIUM_BROAD	WEAK	0.25	1000	0.16498928	0.8381455205411649	True	0.8381455205411649	2	True	1	False	False				
helixforge_rep2	BROAD_0087	chrSynthetic1	13519056	13522973	3917	SHORT_BROAD	MEDIUM	0.5	0	0.0	1.0	True	0.96099116781158	1	False	0	False	True	-98	61	98	61
helixforge_rep2	BROAD_0088	chrSynthetic1	13659279	13662048	2769	SHORT_BROAD	MEDIUM	0.5	0	0.0	1.0	True	0.9791371994342292	1	False	0	False	True	-19	40	19	40
helixforge_rep2	BROAD_0089	chrSynthetic1	13731452	13742739	11287	MEDIUM_BROAD	STRONG	0.8	1000	0.0885975	0.9356782138743688	True	0.9247810858143608	2	True	1	False	False				
helixforge_rep2	BROAD_0090	chrSynthetic1	13899308	13902570	3262	SHORT_BROAD	STRONG	0.8	0	0.0	1.0	True	0.9540801403919275	1	False	0	False	True	-80	77	80	77
helixforge_rep2	BROAD_0091	chrSynthetic1	14038051	14042857	4806	SHORT_BROAD	WEAK	0.25	0	0.0	1.0	True	0.9911321922045783	1	False	0	False	True	-42	1	42	1
helixforge_rep2	BROAD_0092	chrSynthetic1	14308399	14310527	2128	SHORT_BROAD	STRONG	0.8	0	0.0	1.0	True	0.9288520296813618	1	False	0	False	True	-85	78	85	78
helixforge_rep2	BROAD_0093	chrSynthetic1	14368036	14372266	4230	SHORT_BROAD	MEDIUM	0.5	0	0.0	1.0	True	0.9724137931034482	1	False	0	False	True	-60	60	60	60
helixforge_rep2	BROAD_0094	chrSynthetic1	14560923	14572376	11453	MEDIUM_BROAD	MEDIUM	0.5	1000	0.08731337	0.9307604994324631	True	0.9236634607053115	2	True	1	False	False				
helixforge_rep2	BROAD_0095	chrSynthetic1	14638634	14641851	3217	SHORT_BROAD	MEDIUM	0.5	0	0.0	1.0	True	0.971316425120773	1	False	0	False	True	-69	26	69	26
helixforge_rep2	BROAD_0096	chrSynthetic1	15058211	15069189	10978	MEDIUM_BROAD	STRONG	0.8	1000	0.09109127	0.9336855529240299	True	0.9238395673726904	2	True	1	False	False				
helixforge_rep2	BROAD_0097	chrSynthetic1	15558360	15562843	4483	SHORT_BROAD	WEAK	0.25	0	0.0	0.9948695070265448	True	0.9691438504997827	1	False	0	False	True	23	119	23	119
helixforge_rep2	BROAD_0098	chrSynthetic1	15841906	15849887	7981	MEDIUM_BROAD	STRONG	0.8	1000	0.12529758	1.0	True	0.9819143700787402	1	False	0	False	True	-60	87	60	87
helixforge_rep2	BROAD_0099	chrSynthetic1	16058137	16062508	4371	SHORT_BROAD	MEDIUM	0.5	0	0.0	1.0	True	0.9900339750849377	1	False	0	False	True	0	44	0	44
helixforge_rep2	BROAD_0100	chrSynthetic1	16258863	16282240	23377	LONG_BROAD	WEAK	0.25	2000	0.08555418	0.91859520041066	True	0.9165955267201639	3	True	2	False	False				
helixforge_rep2	BROAD_0101	chrSynthetic1	16370691	16449385	78694	LONG_BROAD	STRONG	0.8	8000	0.10165959	0.961953897374641	True	0.9167682617088286	4	True	3	False	False				
helixforge_rep2	BROAD_0102	chrSynthetic1	16510956	16589674	78718	LONG_BROAD	STRONG	0.8	8000	0.1016286	0.9717980639752026	True	0.9694826755886752	4	True	3	False	False				
helixforge_rep2	BROAD_0103	chrSynthetic1	16999365	17001649	2284	SHORT_BROAD	MEDIUM	0.5	0	0.0	1.0	True	0.9781584582441113	1	False	0	False	True	-32	19	32	19
helixforge_rep2	BROAD_0104	chrSynthetic1	17092692	17168082	75390	LONG_BROAD	MEDIUM	0.5	8000	0.10611487	0.9188353893089269	True	0.8571959145775302	7	True	6	False	False				
helixforge_rep2	BROAD_0105	chrSynthetic1	17258910	17261520	2610	SHORT_BROAD	STRONG	0.8	0	0.0	1.0	True	0.9311452015697467	1	False	0	False	True	-126	67	126	67
helixforge_rep2	BROAD_0106	chrSynthetic1	17300299	17318591	18292	MEDIUM_BROAD	MEDIUM	0.5	2000	0.10933742	0.9154275092936803	True	0.9118880357240102	3	True	2	False	False				
helixforge_rep2	BROAD_0107	chrSynthetic1	17358723	17370332	11609	MEDIUM_BROAD	WEAK	0.25	1000	0.08614006	0.9176500990610733	True	0.9166236448115642	2	True	1	False	False				
helixforge_rep2	BROAD_0108	chrSynthetic1	17510562	17532233	21671	LONG_BROAD	MEDIUM	0.5	2000	0.09228923	0.9306446403027087	True	0.9274775810531156	3	True	2	False	False				
helixforge_rep2	BROAD_0109	chrSynthetic1	17688164	17712532	24368	LONG_BROAD	STRONG	0.8	2000	0.08207485	1.0	True	0.9936794030094197	1	False	0	False	True	-66	89	66	89
helixforge_rep2	BROAD_0110	chrSynthetic1	17940369	17952326	11957	MEDIUM_BROAD	MEDIUM	0.5	1000	0.08363302	0.9353516768420173	True	0.9256745571925178	2	True	1	False	False				
helixforge_rep2	BROAD_0111	chrSynthetic1	18130431	18139214	8783	MEDIUM_BROAD	STRONG	0.8	1000	0.11385631	0.917340316520551	True	0.9006259780907668	2	True	1	False	False				
helixforge_rep2	BROAD_0112	chrSynthetic1	18192305	18208223	15918	MEDIUM_BROAD	MEDIUM	0.5	2000	0.12564393	0.9022490262595804	True	0.8979055954985933	3	True	2	False	False				
helixforge_rep2	BROAD_0113	chrSynthetic1	18429879	18500429	70550	LONG_BROAD	STRONG	0.8	7000	0.09922041	0.9686888731396173	True	0.9029919431346728	3	True	2	False	False				
helixforge_rep2	BROAD_0114	chrSynthetic1	18711650	18738217	26567	LONG_BROAD	WEAK	0.25	3000	0.11292205	0.9047690744156284	True	0.8204163059434637	3	True	2	False	False				
helixforge_rep2	BROAD_0115	chrSynthetic1	18858780	18861269	2489	SHORT_BROAD	WEAK	0.25	0	0.0	0.9939734833266372	True	0.9939734833266372	1	False	0	False	True	13	-2	13	2
helixforge_rep2	BROAD_0116	chrSynthetic1	19052217	19058431	6214	MEDIUM_BROAD	STRONG	0.8	1000	0.16092694	1.0	True	0.9765833726229766	1	False	0	False	True	-70	79	70	79
helixforge_rep2	BROAD_0117	chrSynthetic1	19318780	19321691	2911	SHORT_BROAD	WEAK	0.25	0	0.0	0.9972518035039505	True	0.9622141199867418	1	False	0	False	True	-106	-8	106	8
helixforge_rep2	BROAD_0118	chrSynthetic1	19598076	19602984	4908	SHORT_BROAD	MEDIUM	0.5	0	0.0	1.0	True	0.9839615076182838	1	False	0	False	True	-43	37	43	37
helixforge_rep2	BROAD_0119	chrSynthetic1	19682532	19698032	15500	MEDIUM_BROAD	MEDIUM	0.5	2000	0.12903226	0.9014193548387097	True	0.8981166034582503	3	True	2	False	False				
helixforge_rep2	BROAD_0120	chrSynthetic1	19720937	19729640	8703	MEDIUM_BROAD	MEDIUM	0.5	1000	0.11490291	0.9101459266919453	True	0.8981743961900442	2	True	1	False	False				
helixforge_rep2	BROAD_0121	chrSynthetic2	58568	102630	44062	LONG_BROAD	STRONG	0.8	4000	0.09078117	0.9668421769325042	True	0.9633222531262013	3	True	2	False	False				
helixforge_rep2	BROAD_0122	chrSynthetic2	318044	331702	13658	MEDIUM_BROAD	WEAK	0.25	1000	0.07321716	0.9322009078928101	True	0.9306337256048535	2	True	1	False	False				
helixforge_rep2	BROAD_0123	chrSynthetic2	362245	438195	75950	LONG_BROAD	WEAK	0.25	8000	0.10533246	0.9046872942725477	True	0.8395786701777486	7	True	6	False	False				
helixforge_rep2	BROAD_0124	chrSynthetic2	568290	572434	4144	SHORT_BROAD	MEDIUM	0.5	0	0.0	1.0	True	0.9840892899548801	1	False	0	False	True	-23	44	23	44
helixforge_rep2	BROAD_0125	chrSynthetic2	708143	712579	4436	SHORT_BROAD	STRONG	0.8	0	0.0	1.0	True	0.9775231379462318	1	False	0	False	True	-56	46	56	46
helixforge_rep2	BROAD_0126	chrSynthetic2	758188	761698	3510	SHORT_BROAD	WEAK	0.25	0	0.0	0.9954415954415955	True	0.9954415954415955	1	False	0	False	True	9	-7	9	7
helixforge_rep2	BROAD_0127	chrSynthetic2	788795	802663	13868	MEDIUM_BROAD	MEDIUM	0.5	1000	0.07210845	0.9454860109604846	True	0.9381797366914711	2	True	1	False	False				
helixforge_rep2	BROAD_0128	chrSynthetic2	918792	958134	39342	LONG_BROAD	STRONG	0.8	4000	0.10167251	0.9440292816836968	True	0.8848926341438652	3	True	2	False	False				
helixforge_rep2	BROAD_0129	chrSynthetic2	1251230	1268882	17652	MEDIUM_BROAD	STRONG	0.8	2000	0.11330161	0.9583050079311126	True	0.9469323779668607	2	True	1	False	False				
helixforge_rep2	BROAD_0130	chrSynthetic2	1302980	1308084	5104	MEDIUM_BROAD	MEDIUM	0.5	1000	0.19592476	0.850705329153605	True	0.8284678496470139	2	True	1	False	False				
helixforge_rep2	BROAD_0131	chrSynthetic2	1370293	1372881	2588	SHORT_BROAD	MEDIUM	0.5	0	0.0	1.0	True	0.9539255436785846	1	False	0	False	True	-87	38	87	38
helixforge_rep2	BROAD_0132	chrSynthetic2	1439985	1500824	60839	LONG_BROAD	MEDIUM	0.5	6000	0.09862095	0.9374085701605878	True	0.7720869836782327	4	True	3	False	False				
helixforge_rep2	BROAD_0133	chrSynthetic2	1521933	1530795	8862	MEDIUM_BROAD	MEDIUM	0.5	1000	0.11284135	0.9110810200857594	True	0.9019213583556747	2	True	1	False	False				
helixforge_rep2	BROAD_0134	chrSynthetic2	1649610	1701854	52244	LONG_BROAD	STRONG	0.8	5000	0.09570477	0.9860079626368579	True	0.983278932600355	2	True	1	False	False				
helixforge_rep2	BROAD_0135	chrSynthetic2	2082014	2142565	60551	LONG_BROAD	STRONG	0.8	6000	0.09909002	0.9876137470892306	True	0.9346951561315	1	False	0	False	True	3858	103	3858	103
helixforge_rep2	BROAD_0136	chrSynthetic2	2192915	2199316	6401	MEDIUM_BROAD	MEDIUM	0.5	1000	0.15622559	0.8767380096859866	True	0.8528875379939209	2	True	1	False	False				
helixforge_rep2	BROAD_0137	chrSynthetic2	2448036	2452957	4921	SHORT_BROAD	STRONG	0.8	0	0.0	1.0	True	0.9702287066246057	1	False	0	False	True	-79	72	79	72
helixforge_rep2	BROAD_0138	chrSynthetic2	2559151	2562459	3308	SHORT_BROAD	MEDIUM	0.5	0	0.0	1.0	True	0.952216465169833	1	False	0	False	True	-67	99	67	99
helixforge_rep2	BROAD_0139	chrSynthetic2	2579396	2581696	2300	SHORT_BROAD	WEAK	0.25	0	0.0	0.9104347826086957	True	0.9104347826086957	1	False	0	False	True	131	-75	131	75
helixforge_rep2	BROAD_0140	chrSynthetic2	2662807	2721350	58543	LONG_BROAD	STRONG	0.8	6000	0.10248877	0.9874622072664537	True	0.9462165665938864	1	False	0	False	True	3072	81	3072	81
helixforge_rep2	BROAD_0141	chrSynthetic2	2919339	2922186	2847	SHORT_BROAD	STRONG	0.8	0	0.0	1.0	True	0.8714416896235078	1	False	0	False	True	-347	73	347	73
helixforge_rep2	BROAD_0142	chrSynthetic2	2970472	3042766	72294	LONG_BROAD	MEDIUM	0.5	7000	0.09682685	0.9361496113093756	True	0.776592801615625	5	True	4	False	False				
helixforge_rep2	BROAD_0143	chrSynthetic2	3190909	3218644	27735	LONG_BROAD	MEDIUM	0.5	3000	0.10816658	0.9151974040021633	True	0.8139827462257369	3	True	2	False	False				
helixforge_rep2	BROAD_0144	chrSynthetic2	3438006	3452992	14986	MEDIUM_BROAD	STRONG	0.8	1000	0.06672895	1.0	True	0.9930422105890928	1	False	0	False	True	-63	42	63	42
helixforge_rep2	BROAD_0145	chrSynthetic2	3708219	3712939	4720	SHORT_BROAD	WEAK	0.25	0	0.0	0.9911016949152542	True	0.9911016949152542	1	False	0	False	True	7	-35	7	35
helixforge_rep2	BROAD_0146	chrSynthetic2	3768926	3829287	60361	LONG_BROAD	MEDIUM	0.5	6000	0.09940193	0.9238581203094713	True	0.8670992947720425	6	True	5	False	False				
helixforge_rep2	BROAD_0147	chrSynthetic2	3972172	3979920	7748	MEDIUM_BROAD	MEDIUM	0.5	1000	0.12906557	0.898812596799174	True	0.8879255386969271	2	True	1	False	False				
helixforge_rep2	BROAD_0148	chrSynthetic2	4501638	4521145	19507	MEDIUM_BROAD	WEAK	0.25	2000	0.1025273	0.9075203773004562	True	0.9006410256410257	3	True	2	False	False				
helixforge_rep2	BROAD_0149	chrSynthetic2	4619830	4660249	40419	LONG_BROAD	STRONG	0.8	4000	0.09896336	0.9819144461763032	True	0.9791527890854366	2	True	1	False	False				
helixforge_rep2	BROAD_0150	chrSynthetic2	4852261	4860163	7902	MEDIUM_BROAD	STRONG	0.8	1000	0.12655024	1.0	True	0.9833250373320059	1	False	0	False	True	-67	67	67	67
helixforge_rep2	BROAD_0151	chrSynthetic2	5028254	5032986	4732	SHORT_BROAD	STRONG	0.8	0	0.0	1.0	True	0.9665032679738562	1	False	0	False	True	-80	84	80	84
helixforge_rep2	BROAD_0152	chrSynthetic2	5211424	5228268	16844	MEDIUM_BROAD	STRONG	0.8	2000	0.11873664	0.9565423889812396	True	0.9459840300610616	2	True	1	False	False				
helixforge_rep2	BROAD_0153	chrSynthetic2	5458853	5519691	60838	LONG_BROAD	WEAK	0.25	6000	0.09862257	0.9156283901508925	True	0.8531959305096725	6	True	5	False	False				
helixforge_rep2	BROAD_0154	chrSynthetic2	5619335	5621403	2068	SHORT_BROAD	STRONG	0.8	0	0.0	1.0	True	0.9468864468864469	1	False	0	False	True	-58	58	58	58
helixforge_rep2	BROAD_0155	chrSynthetic2	6158981	6172085	13104	MEDIUM_BROAD	MEDIUM	0.5	1000	0.07631258	0.9422313797313797	True	0.937794318699681	2	True	1	False	False				
helixforge_rep2	BROAD_0156	chrSynthetic2	6199099	6252874	53775	LONG_BROAD	MEDIUM	0.5	5000	0.09298001	0.9281078568107857	True	0.9260241947454356	6	True	5	False	False				
helixforge_rep2	BROAD_0157	chrSynthetic2	6279216	6282450	3234	SHORT_BROAD	STRONG	0.8	0	0.0	1.0	True	0.9573712255772646	1	False	0	False	True	-86	58	86	58
helixforge_rep2	BROAD_0158	chrSynthetic2	6352678	6368132	15454	MEDIUM_BROAD	WEAK	0.25	2000	0.12941633	0.8809369742461499	True	0.8809369742461499	3	True	2	False	False				
helixforge_rep2	BROAD_0159	chrSynthetic2	6401812	6420101	18289	MEDIUM_BROAD	STRONG	0.8	2000	0.10935535	1.0	True	0.9895574072070122	1	False	0	False	True	-64	129	64	129
helixforge_rep2	BROAD_0160	chrSynthetic2	6479020	6481436	2416	SHORT_BROAD	MEDIUM	0.5	0	0.0	1.0	True	0.9765561843168957	1	False	0	False	True	-31	27	31	27
helixforge_rep2	BROAD_0161	chrSynthetic2	6569464	6588563	19099	MEDIUM_BROAD	MEDIUM	0.5	2000	0.10471752	0.9186868422430494	True	0.9157620041753654	3	True	2	False	False				
helixforge_rep2	BROAD_0162	chrSynthetic2	6682398	6761357	78959	LONG_BROAD	STRONG	0.8	8000	0.10131841	0.9721121088159678	True	0.936851430017717	3	True	2	False	False				
helixforge_rep2	BROAD_0163	chrSynthetic2	6809545	6811953	2408	SHORT_BROAD	WEAK	0.25	0	0.0	0.9821428571428571	True	0.9637326813365933	1	False	0	False	True	-46	-43	46	43
helixforge_rep2	BROAD_0164	chrSynthetic2	7031193	7039571	8378	MEDIUM_BROAD	MEDIUM	0.5	1000	0.11936023	0.9109572690379566	True	0.8993636577893	2	True	1	False	False				
helixforge_rep2	BROAD_0165	chrSynthetic2	7128309	7132612	4303	SHORT_BROAD	WEAK	0.25	0	0.0	0.9837322798047874	True	0.9837322798047874	1	False	0	False	True	19	-51	19	51
helixforge_rep2	BROAD_0166	chrSynthetic2	7311302	7359150	47848	LONG_BROAD	STRONG	0.8	5000	0.10449758	0.9693822103327203	True	0.9662319806682776	3	True	2	False	False				
helixforge_rep2	BROAD_0167	chrSynthetic2	7508249	7512515	4266	SHORT_BROAD	WEAK	0.25	0	0.0	1.0	True	0.9879573876794813	1	False	0	False	True	-41	11	41	11
helixforge_rep2	BROAD_0168	chrSynthetic2	7542710	7558006	15296	MEDIUM_BROAD	MEDIUM	0.5	2000	0.13075314	0.8983394351464435	True	0.8942470389170897	3	True	2	False	False				
helixforge_rep2	BROAD_0169	chrSynthetic2	7918244	7922064	3820	SHORT_BROAD	WEAK	0.25	0	0.0	0.9840314136125654	True	0.9840314136125654	1	False	0	False	True	9	-52	9	52
helixforge_rep2	BROAD_0170	chrSynthetic2	7969570	8039243	69673	LONG_BROAD	STRONG	0.8	7000	0.10046934	0.9787579119601567	True	0.9772010776109137	3	True	2	False	False				
helixforge_rep2	BROAD_0171	chrSynthetic2	8168352	8172595	4243	SHORT_BROAD	WEAK	0.25	0	0.0	0.9997643176997407	True	0.9962423673085956	1	False	0	False	True	-15	-1	15	1
helixforge_rep2	BROAD_0172	chrSynthetic2	8298460	8302532	4072	SHORT_BROAD	STRONG	0.8	0	0.0	1.0	True	0.960377358490566	1	False	0	False	True	-75	93	75	93
helixforge_rep2	BROAD_0173	chrSynthetic2	8348648	8372771	24123	LONG_BROAD	WEAK	0.25	2000	0.08290843	0.9266260415371222	True	0.9266260415371222	3	True	2	False	False				
helixforge_rep2	BROAD_0174	chrSynthetic2	8491104	8558243	67139	LONG_BROAD	STRONG	0.8	7000	0.10426131	0.9778668136254636	True	0.9755419842791127	3	True	2	False	False				
helixforge_rep2	BROAD_0175	chrSynthetic2	8588001	8592943	4942	SHORT_BROAD	WEAK	0.25	0	0.0	0.971873735329826	True	0.971873735329826	1	False	0	False	True	8	-131	8	131
helixforge_rep2	BROAD_0176	chrSynthetic2	8611368	8671705	60337	LONG_BROAD	WEAK	0.25	6000	0.09944147	0.912740109717089	True	0.7564844125495136	5	True	4	False	False				
helixforge_rep2	BROAD_0177	chrSynthetic2	8729161	8732042	2881	SHORT_BROAD	MEDIUM	0.5	0	0.0	1.0	True	0.9480092135570911	1	False	0	False	True	-102	56	102	56
helixforge_rep2	BROAD_0178	chrSynthetic2	8969716	8972489	2773	SHORT_BROAD	MEDIUM	0.5	0	0.0	1.0	True	0.9774409587592527	1	False	0	False	True	-39	25	39	25
helixforge_rep2	BROAD_0179	chrSynthetic2	8982932	9008149	25217	LONG_BROAD	MEDIUM	0.5	3000	0.11896736	0.9059761272157671	True	0.7310147916088353	2	True	1	False	False				
helixforge_rep2	BROAD_0180	chrSynthetic2	9099324	9102515	3191	SHORT_BROAD	WEAK	0.25	0	0.0	1.0	True	0.9873143564356436	1	False	0	False	True	-18	23	18	23
helixforge_rep2	BROAD_0181	chrSynthetic2	9262965	9269953	6988	MEDIUM_BROAD	WEAK	0.25	1000	0.14310246	0.8633371493989697	True	0.8633371493989697	2	True	1	False	False				
helixforge_rep2	BROAD_0182	chrSynthetic2	9298176	9302930	4754	SHORT_BROAD	MEDIUM	0.5	0	0.0	1.0	True	0.9885631108338532	1	False	0	False	True	-18	37	18	37
helixforge_rep2	BROAD_0183	chrSynthetic2	9811965	9828236	16271	MEDIUM_BROAD	MEDIUM	0.5	2000	0.12291808	0.9063364267715568	True	0.9032277822012618	3	True	2	False	False				
helixforge_rep2	BROAD_0184	chrSynthetic2	9879462	9882535	3073	SHORT_BROAD	MEDIUM	0.5	0	0.0	1.0	True	0.9636249608027595	1	False	0	False	True	-21	95	21	95
helixforge_rep2	BROAD_0185	chrSynthetic2	10311895	10318630	6735	MEDIUM_BROAD	WEAK	0.25	1000	0.1484781	0.8448403860430587	True	0.8448403860430587	2	True	1	False	False				
helixforge_rep2	BROAD_0186	chrSynthetic2	10358012	10362988	4976	SHORT_BROAD	WEAK	0.25	0	0.0	0.9967845659163987	True	0.9967845659163987	1	False	0	False	True	7	-9	7	9
helixforge_rep2	BROAD_0187	chrSynthetic2	10461958	10499917	37959	LONG_BROAD	STRONG	0.8	4000	0.10537685	1.0	True	0.9948630585768575	1	False	0	False	True	-112	84	112	84
helixforge_rep2	BROAD_0188	chrSynthetic2	10928169	10932993	4824	SHORT_BROAD	STRONG	0.8	0	0.0	1.0	True	0.9630664803353963	1	False	0	False	True	-111	74	111	74
helixforge_rep2	BROAD_0189	chrSynthetic2	11208067	11261672	53605	LONG_BROAD	MEDIUM	0.5	5000	0.09327488	0.92709635295215	True	0.9258872845831393	6	True	5	False	False				
helixforge_rep2	BROAD_0190	chrSynthetic2	11338399	11342682	4283	SHORT_BROAD	MEDIUM	0.5	0	0.0	1.0	True	0.9754042359371442	1	False	0	False	True	-70	38	70	38
helixforge_rep2	BROAD_0191	chrSynthetic2	11499795	11542724	42929	LONG_BROAD	STRONG	0.8	4000	0.09317711	0.9652216450418132	True	0.9621064363332404	3	True	2	False	False				
helixforge_rep2	BROAD_0192	chrSynthetic2	11582087	11639337	57250	LONG_BROAD	STRONG	0.8	6000	0.10480349	0.9614148471615721	True	0.8973149807715732	3	True	2	False	False				
helixforge_rep2	BROAD_0193	chrSynthetic2	11668369	11681220	12851	MEDIUM_BROAD	WEAK	0.25	1000	0.07781496	0.9256867169870049	True	0.9256867169870049	2	True	1	False	False				
helixforge_rep2	BROAD_0194	chrSynthetic2	11802594	11858412	55818	LONG_BROAD	MEDIUM	0.5	6000	0.10749221	0.9175534773728905	True	0.8270808699702605	5	True	4	False	False				
helixforge_rep2	BROAD_0195	chrSynthetic2	11901028	11940669	39641	LONG_BROAD	WEAK	0.25	4000	0.10090563	0.9118589339320401	True	0.9118589339320401	5	True	4	False	False				
helixforge_rep2	BROAD_0196	chrSynthetic2	12210428	12218166	7738	MEDIUM_BROAD	MEDIUM	0.5	1000	0.12923236	0.9008787800465237	True	0.8893850472059199	2	True	1	False	False				
helixforge_rep2	BROAD_0197	chrSynthetic2	12248147	12252445	4298	SHORT_BROAD	STRONG	0.8	0	0.0	1.0	True	0.9656257020894181	1	False	0	False	True	-85	68	85	68
helixforge_rep2	BROAD_0198	chrSynthetic2	12582987	12630850	47863	LONG_BROAD	MEDIUM	0.5	5000	0.10446483	0.9346468044209515	True	0.8892413649170406	4	True	3	False	False				
helixforge_rep2	BROAD_0199	chrSynthetic2	12668938	12680214	11276	MEDIUM_BROAD	MEDIUM	0.5	1000	0.08868393	0.9303831145796382	True	0.9217994903787013	2	True	1	False	False				
helixforge_rep2	BROAD_0200	chrSynthetic2	12748385	12812918	64533	LONG_BROAD	MEDIUM	0.5	6000	0.09297569	0.9293539739358158	True	0.92794479429376	7	True	6	False	False				
helixforge_rep2	BROAD_0201	chrSynthetic2	12881950	12948201	66251	LONG_BROAD	MEDIUM	0.5	7000	0.10565878	0.9183559493441609	True	0.8357307814221672	6	True	5	False	False				
helixforge_rep2	BROAD_0202	chrSynthetic2	13118033	13132979	14946	MEDIUM_BROAD	STRONG	0.8	1000	0.06690753	1.0	True	0.9908512330946698	1	False	0	False	True	-69	69	69	69
helixforge_rep2	BROAD_0203	chrSynthetic2	13218428	13222883	4455	SHORT_BROAD	STRONG	0.8	0	0.0	1.0	True	0.967216673903604	1	False	0	False	True	-58	93	58	93
helixforge_rep2	BROAD_0204	chrSynthetic2	13308598	13312884	4286	SHORT_BROAD	STRONG	0.8	0	0.0	1.0	True	0.9725436805082823	1	False	0	False	True	-68	53	68	53
helixforge_rep2	BROAD_0205	chrSynthetic2	13448939	13452213	3274	SHORT_BROAD	WEAK	0.25	0	0.0	0.9709835064141723	True	0.9709835064141723	1	False	0	False	True	30	-65	30	65
helixforge_rep2	BROAD_0206	chrSynthetic2	13549151	13552970	3819	SHORT_BROAD	WEAK	0.25	0	0.0	0.9688400104739461	True	0.9688400104739461	1	False	0	False	True	81	-38	81	38
helixforge_rep2	BROAD_0207	chrSynthetic2	13571235	13620631	49396	LONG_BROAD	MEDIUM	0.5	5000	0.10122277	0.9231111830917483	True	0.7481577455664427	4	True	3	False	False				
helixforge_rep2	BROAD_0208	chrSynthetic2	13808304	13812262	3958	SHORT_BROAD	MEDIUM	0.5	0	0.0	1.0	True	0.9787339268051434	1	False	0	False	True	-65	21	65	21
helixforge_rep2	BROAD_0209	chrSynthetic2	13978003	13982583	4580	SHORT_BROAD	MEDIUM	0.5	0	0.0	1.0	True	0.9333605054004483	1	False	0	False	True	-266	61	266	61
helixforge_rep2	BROAD_0210	chrSynthetic2	14060186	14102161	41975	LONG_BROAD	STRONG	0.8	4000	0.09529482	0.9821083978558666	True	0.9793552372128382	2	True	1	False	False				
helixforge_rep2	BROAD_0211	chrSynthetic2	14168898	14179349	10451	MEDIUM_BROAD	MEDIUM	0.5	1000	0.09568462	0.926896947660511	True	0.919244638451319	2	True	1	False	False				
helixforge_rep2	BROAD_0212	chrSynthetic2	14258722	14289999	31277	LONG_BROAD	STRONG	0.8	3000	0.09591713	0.9762764971065	True	0.9713385926962718	2	True	1	False	False				
helixforge_rep2	BROAD_0213	chrSynthetic2	14450116	14459427	9311	MEDIUM_BROAD	MEDIUM	0.5	1000	0.10739985	0.9182687144237998	True	0.912291933418694	2	True	1	False	False				
helixforge_rep2	BROAD_0214	chrSynthetic2	14542187	14620175	77988	LONG_BROAD	WEAK	0.25	8000	0.10257988	0.9086397907370365	True	0.8182156229163461	7	True	6	False	False				
helixforge_rep2	BROAD_0215	chrSynthetic2	14908725	14982360	73635	LONG_BROAD	STRONG	0.8	7000	0.09506349	0.9899368506824201	True	0.9878306591500433	2	True	1	False	False				
helixforge_rep2	BROAD_0216	chrSynthetic2	15168089	15172299	4210	SHORT_BROAD	MEDIUM	0.5	0	0.0	1.0	True	0.9770248317475052	1	False	0	False	True	-30	69	30	69
helixforge_rep2	BROAD_0217	chrSynthetic2	15250482	15270078	19596	MEDIUM_BROAD	STRONG	0.8	2000	0.10206165	1.0	True	0.9896469875258825	1	False	0	False	True	-97	108	97	108
helixforge_rep2	BROAD_0218	chrSynthetic2	15471301	15549317	78016	LONG_BROAD	WEAK	0.25	8000	0.10254307	0.910210726004922	True	0.8199856439704676	7	True	6	False	False				
helixforge_rep2	BROAD_0219	chrSynthetic2	15589133	15591528	2395	SHORT_BROAD	WEAK	0.25	0	0.0	0.9891440501043841	True	0.9858510195588848	1	False	0	False	True	26	8	26	8
helixforge_rep2	BROAD_0220	chrSynthetic2	15729407	15802508	73101	LONG_BROAD	WEAK	0.25	7000	0.09575792	0.916786364071627	True	0.75001709962928	6	True	5	False	False				
helixforge_rep2	BROAD_0221	chrSynthetic2	15852096	15898056	45960	LONG_BROAD	MEDIUM	0.5	5000	0.10879025	0.9171671018276762	True	0.8038294168842471	4	True	3	False	False				
helixforge_rep2	BROAD_0222	chrSynthetic2	15972727	15978336	5609	MEDIUM_BROAD	WEAK	0.25	1000	0.1782849	0.8283116420039223	True	0.827426536064114	2	True	1	False	False				
helixforge_rep2	BROAD_0223	chrSynthetic2	16008261	16058855	50594	LONG_BROAD	WEAK	0.25	5000	0.09882595	0.9147329722892042	True	0.8557937370344759	5	True	4	False	False				
helixforge_rep2	BROAD_0224	chrSynthetic2	16708422	16712228	3806	SHORT_BROAD	MEDIUM	0.5	0	0.0	1.0	True	0.9779033915724563	1	False	0	False	True	-49	37	49	37
helixforge_rep2	BROAD_0225	chrSynthetic2	16872448	16928150	55702	LONG_BROAD	WEAK	0.25	6000	0.10771606	0.9042942802771893	True	0.8183548167031705	5	True	4	False	False				
helixforge_rep2	BROAD_0226	chrSynthetic2	17211066	17219061	7995	MEDIUM_BROAD	WEAK	0.25	1000	0.12507817	0.8914321450906817	True	0.8853416149068323	2	True	1	False	False				
helixforge_rep2	BROAD_0227	chrSynthetic2	17290264	17308539	18275	MEDIUM_BROAD	MEDIUM	0.5	2000	0.10943912	0.9181395348837209	True	0.9124972808353274	3	True	2	False	False				
helixforge_rep2	BROAD_0228	chrSynthetic2	17499514	17501984	2470	SHORT_BROAD	STRONG	0.8	0	0.0	1.0	True	0.9584788513775708	1	False	0	False	True	-49	58	49	58
helixforge_rep2	BROAD_0229	chrSynthetic2	17528749	17531195	2446	SHORT_BROAD	STRONG	0.8	0	0.0	1.0	True	0.9440370513315323	1	False	0	False	True	-53	92	53	92
helixforge_rep2	BROAD_0230	chrSynthetic2	17618543	17621858	3315	SHORT_BROAD	MEDIUM	0.5	0	0.0	1.0	True	0.963102847181871	1	False	0	False	True	-47	80	47	80
helixforge_rep2	BROAD_0231	chrSynthetic2	17678784	17682199	3415	SHORT_BROAD	MEDIUM	0.5	0	0.0	1.0	True	0.9721036151437518	1	False	0	False	True	-38	60	38	60
helixforge_rep2	BROAD_0232	chrSynthetic2	18081760	18109021	27261	LONG_BROAD	MEDIUM	0.5	3000	0.11004732	0.9150434686915374	True	0.9092068814696019	4	True	3	False	False				
helixforge_rep2	BROAD_0233	chrSynthetic2	18402035	18408581	6546	MEDIUM_BROAD	MEDIUM	0.5	1000	0.15276505	0.8838985640085548	True	0.8770653327269972	2	True	1	False	False				
helixforge_rep2	BROAD_0234	chrSynthetic2	18599508	18619459	19951	MEDIUM_BROAD	STRONG	0.8	2000	0.1002456	0.963360232569796	True	0.9559335521734805	2	True	1	False	False				
helixforge_rep2	BROAD_0235	chrSynthetic2	18749415	18752126	2711	SHORT_BROAD	MEDIUM	0.5	0	0.0	1.0	True	0.9713364385524902	1	False	0	False	True	-44	36	44	36
helixforge_rep2	BROAD_0236	chrSynthetic2	18912952	18928337	15385	MEDIUM_BROAD	WEAK	0.25	2000	0.12999675	0.8848878778030549	True	0.8837964165151908	3	True	2	False	False				
helixforge_rep2	BROAD_0237	chrSynthetic2	19239149	19242846	3697	SHORT_BROAD	STRONG	0.8	0	0.0	1.0	True	0.9494093477144324	1	False	0	False	True	-90	107	90	107
helixforge_rep2	BROAD_0238	chrSynthetic2	19290889	19309118	18229	MEDIUM_BROAD	MEDIUM	0.5	2000	0.10971529	0.9136540676943332	True	0.9102585123244248	3	True	2	False	False				
helixforge_rep2	BROAD_0239	chrSynthetic2	19352784	19358057	5273	MEDIUM_BROAD	STRONG	0.8	1000	0.18964536	1.0	True	0.9664589442815249	1	False	0	False	True	-111	72	111	72
helixforge_rep2	BROAD_0240	chrSynthetic2	19408636	19412258	3622	SHORT_BROAD	WEAK	0.25	0	0.0	1.0	True	0.9786544177249392	1	False	0	False	True	-45	34	45	34
helixforge_rep2	BROAD_0241	chrSynthetic2	19488889	19551071	62182	LONG_BROAD	WEAK	0.25	6000	0.09649095	0.915811649673539	True	0.7342800167250972	5	True	4	False	False				
helixforge_rep2	BROAD_0242	chrSynthetic2	19681649	19692933	11284	MEDIUM_BROAD	STRONG	0.8	1000	0.08862106	0.9353952499113789	True	0.9211904346308256	2	True	1	False	False				
helixforge_rep2	BROAD_0243	chrSynthetic2	19880571	19942911	62340	LONG_BROAD	STRONG	0.8	6000	0.09624639	0.9646454924606994	True	0.8899211892099699	3	True	2	False	False				
helixforge_rep2	BROAD_0244	chrSynthetic3	120314	122729	2415	SHORT_BROAD	STRONG	0.8	0	0.0	1.0	True	0.9422551697229808	1	False	0	False	True	-50	98	50	98
helixforge_rep2	BROAD_0245	chrSynthetic3	252601	328322	75721	LONG_BROAD	WEAK	0.25	8000	0.10565101	0.9075949868596559	True	0.8442836201317996	7	True	6	False	False				
helixforge_rep2	BROAD_0246	chrSynthetic3	568295	572735	4440	SHORT_BROAD	STRONG	0.8	0	0.0	1.0	True	0.9664780148019155	1	False	0	False	True	-69	85	69	85
helixforge_rep2	BROAD_0247	chrSynthetic3	659461	702183	42722	LONG_BROAD	MEDIUM	0.5	4000	0.09362858	0.9283039183558822	True	0.9253581595034766	5	True	4	False	False				
helixforge_rep2	BROAD_0248	chrSynthetic3	789309	842643	53334	LONG_BROAD	WEAK	0.25	5000	0.09374883	0.9167885401432482	True	0.9167541622918854	6	True	5	False	False				
helixforge_rep2	BROAD_0249	chrSynthetic3	988426	992977	4551	SHORT_BROAD	STRONG	0.8	0	0.0	1.0	True	0.970362473347548	1	False	0	False	True	-45	94	45	94
helixforge_rep2	BROAD_0250	chrSynthetic3	1098496	1112374	13878	MEDIUM_BROAD	STRONG	0.8	1000	0.07205649	0.9473267041360427	True	0.9347980659840728	2	True	1	False	False				
helixforge_rep2	BROAD_0251	chrSynthetic3	1221691	1239763	18072	MEDIUM_BROAD	MEDIUM	0.5	2000	0.11066844	0.9147299690128375	True	0.9076483830231153	3	True	2	False	False				
helixforge_rep2	BROAD_0252	chrSynthetic3	1492480	1522641	30161	LONG_BROAD	STRONG	0.8	3000	0.0994662	0.9273233646099267	True	0.8367427872699031	3	True	2	False	False				
helixforge_rep2	BROAD_0253	chrSynthetic3	1639070	1652001	12931	MEDIUM_BROAD	STRONG	0.8	1000	0.07733354	0.9414585105560281	True	0.9303071985327831	2	True	1	False	False				
helixforge_rep2	BROAD_0254	chrSynthetic3	1672391	1740653	68262	LONG_BROAD	WEAK	0.25	7000	0.10254607	0.9098766517242389	True	0.8018516890803082	6	True	5	False	False				
helixforge_rep2	BROAD_0255	chrSynthetic3	1799183	1818233	19050	MEDIUM_BROAD	STRONG	0.8	2000	0.10498688	0.9234120734908137	True	0.9136283369689415	3	True	2	False	False				
helixforge_rep2	BROAD_0256	chrSynthetic3	1890024	1892639	2615	SHORT_BROAD	WEAK	0.25	0	0.0	1.0	True	0.9827132656895904	1	False	0	False	True	-30	16	30	16
helixforge_rep2	BROAD_0257	chrSynthetic3	1948883	2018903	70020	LONG_BROAD	STRONG	0.8	7000	0.09997144	0.9578691802342187	True	0.9553722775379969	5	True	4	False	False				
helixforge_rep2	BROAD_0258	chrSynthetic3	2650915	2702907	51992	LONG_BROAD	MEDIUM	0.5	5000	0.09616864	0.92573857516541	True	0.8444709320209166	5	True	4	False	False				
helixforge_rep2	BROAD_0259	chrSynthetic3	3062620	3078292	15672	MEDIUM_BROAD	WEAK	0.25	2000	0.12761613	0.8868044920877999	True	0.8866913359703968	3	True	2	False	False				
helixforge_rep2	BROAD_0260	chrSynthetic3	3128198	3131470	3272	SHORT_BROAD	WEAK	0.25	0	0.0	0.9801344743276283	True	0.9801344743276283	1	False	0	False	True	26	-39	26	39
helixforge_rep2	BROAD_0261	chrSynthetic3	3181794	3202269	20475	LONG_BROAD	STRONG	0.8	2000	0.0976801	0.963956043956044	True	0.9578743023537977	2	True	1	False	False				
helixforge_rep2	BROAD_0262	chrSynthetic3	3552538	3579348	26810	LONG_BROAD	WEAK	0.25	3000	0.11189855	0.9020514733308467	True	0.8080175850378153	3	True	2	False	False				
helixforge_rep2	BROAD_0263	chrSynthetic3	3838028	3842940	4912	SHORT_BROAD	MEDIUM	0.5	0	0.0	1.0	True	0.9782911770563633	1	False	0	False	True	-15	94	15	94
helixforge_rep2	BROAD_0264	chrSynthetic3	3888139	3892446	4307	SHORT_BROAD	MEDIUM	0.5	0	0.0	1.0	True	0.9766439909297052	1	False	0	False	True	-53	50	53	50
helixforge_rep2	BROAD_0265	chrSynthetic3	4360280	4400559	40279	LONG_BROAD	WEAK	0.25	4000	0.09930733	0.9117654360833188	True	0.9113581656202695	5	True	4	False	False				
helixforge_rep2	BROAD_0266	chrSynthetic3	4691637	4702172	10535	MEDIUM_BROAD	STRONG	0.8	1000	0.09492169	1.0	True	0.9886448948948949	1	False	0	False	True	-45	76	45	76
helixforge_rep2	BROAD_0267	chrSynthetic3	4848077	4861441	13364	MEDIUM_BROAD	WEAK	0.25	1000	0.0748279	0.9340766237653397	True	0.9315671641791045	2	True	1	False	False				
helixforge_rep2	BROAD_0268	chrSynthetic3	4872004	4878006	6002	MEDIUM_BROAD	STRONG	0.8	1000	0.16661113	1.0	True	0.9675963243591811	1	False	0	False	True	-115	86	115	86
helixforge_rep2	BROAD_0269	chrSynthetic3	4981082	5038344	57262	LONG_BROAD	MEDIUM	0.5	6000	0.10478153	0.9190038769166289	True	0.8057350424365198	5	True	4	False	False				
helixforge_rep2	BROAD_0270	chrSynthetic3	5138692	5189058	50366	LONG_BROAD	STRONG	0.8	5000	0.09927332	0.955763808918715	True	0.892376058880711	3	True	2	False	False				
helixforge_rep2	BROAD_0271	chrSynthetic3	5488676	5491699	3023	SHORT_BROAD	WEAK	0.25	0	0.0	0.9804829639431029	True	0.9804829639431029	1	False	0	False	True	41	-18	41	18
helixforge_rep2	BROAD_0272	chrSynthetic3	5659961	5722636	62675	LONG_BROAD	WEAK	0.25	6000	0.09573195	0.9151336258476267	True	0.8340646190666134	6	True	5	False	False				
helixforge_rep2	BROAD_0273	chrSynthetic3	5778019	5782983	4964	SHORT_BROAD	STRONG	0.8	0	0.0	1.0	True	0.9678299863521154	1	False	0	False	True	-52	113	52	113
helixforge_rep2	BROAD_0274	chrSynthetic3	5828447	5830662	2215	SHORT_BROAD	WEAK	0.25	0	0.0	1.0	True	0.9870766488413547	1	False	0	False	True	-21	8	21	8
helixforge_rep2	BROAD_0275	chrSynthetic3	5938247	5942537	4290	SHORT_BROAD	WEAK	0.25	0	0.0	0.9948717948717949	True	0.9948717948717949	1	False	0	False	True	5	-17	5	17
helixforge_rep2	BROAD_0276	chrSynthetic3	6028896	6032800	3904	SHORT_BROAD	WEAK	0.25	0	0.0	0.9964139344262295	True	0.9833164812942367	1	False	0	False	True	-52	-14	52	14
helixforge_rep2	BROAD_0277	chrSynthetic3	6148442	6152901	4459	SHORT_BROAD	MEDIUM	0.5	0	0.0	1.0	True	0.9849790148000883	1	False	0	False	True	-18	50	18	50
helixforge_rep2	BROAD_0278	chrSynthetic3	6212973	6218261	5288	MEDIUM_BROAD	MEDIUM	0.5	1000	0.18910741	0.8534417549167927	True	0.8456061457747799	2	True	1	False	False				
helixforge_rep2	BROAD_0279	chrSynthetic3	6580064	6638725	58661	LONG_BROAD	MEDIUM	0.5	6000	0.10228261	0.9209355449105879	True	0.7868600944409403	5	True	4	False	False				
helixforge_rep2	BROAD_0280	chrSynthetic3	6758487	6760840	2353	SHORT_BROAD	WEAK	0.25	0	0.0	0.9796005099872503	True	0.974218089602705	1	False	0	False	True	48	13	48	13
helixforge_rep2	BROAD_0281	chrSynthetic3	6792260	6839357	47097	LONG_BROAD	STRONG	0.8	5000	0.10616387	0.9372571501369514	True	0.8622276902191206	4	True	3	False	False				
helixforge_rep2	BROAD_0282	chrSynthetic3	7099989	7109846	9857	MEDIUM_BROAD	WEAK	0.25	1000	0.10145075	0.9094044841229583	True	0.9013574660633484	2	True	1	False	False				
helixforge_rep2	BROAD_0283	chrSynthetic3	7159774	7172793	13019	MEDIUM_BROAD	MEDIUM	0.5	1000	0.07681081	0.9435440510023811	True	0.9375667836971455	2	True	1	False	False				
helixforge_rep2	BROAD_0284	chrSynthetic3	7261848	7268870	7022	MEDIUM_BROAD	MEDIUM	0.5	1000	0.14240957	0.8886357163201367	True	0.8695652173913043	2	True	1	False	False				
helixforge_rep2	BROAD_0285	chrSynthetic3	7459485	7509523	50038	LONG_BROAD	MEDIUM	0.5	5000	0.09992406	0.9226587793277109	True	0.8496972361557985	5	True	4	False	False				
helixforge_rep2	BROAD_0286	chrSynthetic3	7878929	7890732	11803	MEDIUM_BROAD	STRONG	0.8	1000	0.08472422	0.9367110056765229	True	0.9240284162139574	2	True	1	False	False				
helixforge_rep2	BROAD_0287	chrSynthetic3	7901169	7908400	7231	MEDIUM_BROAD	MEDIUM	0.5	1000	0.13829346	0.8885354722721616	True	0.8767740174672489	2	True	1	False	False				
helixforge_rep2	BROAD_0288	chrSynthetic3	8081936	8088929	6993	MEDIUM_BROAD	STRONG	0.8	1000	0.14300014	1.0	True	0.9708454810495627	1	False	0	False	True	-71	139	71	139
helixforge_rep2	BROAD_0289	chrSynthetic3	8282984	8298190	15206	MEDIUM_BROAD	WEAK	0.25	2000	0.13152703	0.8876759174010259	True	0.8811855333594464	3	True	2	False	False				
helixforge_rep2	BROAD_0290	chrSynthetic3	8499520	8501757	2237	SHORT_BROAD	MEDIUM	0.5	0	0.0	1.0	True	0.9498938428874735	1	False	0	False	True	-60	58	60	58
helixforge_rep2	BROAD_0291	chrSynthetic3	8560534	8568648	8114	MEDIUM_BROAD	MEDIUM	0.5	1000	0.12324378	0.9033768794675869	True	0.8916190244495803	2	True	1	False	False				
helixforge_rep2	BROAD_0292	chrSynthetic3	8602363	8618267	15904	MEDIUM_BROAD	WEAK	0.25	2000	0.12575453	0.8870095573440644	True	0.8833437695679399	3	True	2	False	False				
helixforge_rep2	BROAD_0293	chrSynthetic3	8652701	8661784	9083	MEDIUM_BROAD	WEAK	0.25	1000	0.11009578	0.9059782010349003	True	0.9022037057340204	2	True	1	False	False				
helixforge_rep2	BROAD_0294	chrSynthetic3	8800007	8862559	62552	LONG_BROAD	WEAK	0.25	6000	0.09592019	0.9186436884512086	True	0.8379177521696741	6	True	5	False	False				
helixforge_rep2	BROAD_0295	chrSynthetic3	9002156	9060477	58321	LONG_BROAD	MEDIUM	0.5	6000	0.10287889	0.9206975189039969	True	0.7912930162377189	5	True	4	False	False				
helixforge_rep2	BROAD_0296	chrSynthetic3	9328227	9331015	2788	SHORT_BROAD	STRONG	0.8	0	0.0	1.0	True	0.9577464788732394	1	False	0	False	True	-56	67	56	67
helixforge_rep2	BROAD_0297	chrSynthetic3	9360469	9428104	67635	LONG_BROAD	MEDIUM	0.5	7000	0.10349671	0.920558882235529	True	0.8191764618910328	6	True	5	False	False				
helixforge_rep2	BROAD_0298	chrSynthetic3	9548995	9552853	3858	SHORT_BROAD	WEAK	0.25	0	0.0	0.995334370139969	True	0.995334370139969	1	False	0	False	True	10	-8	10	8
helixforge_rep2	BROAD_0299	chrSynthetic3	9638582	9642328	3746	SHORT_BROAD	MEDIUM	0.5	0	0.0	1.0	True	0.9742522756827048	1	False	0	False	True	-83	16	83	16
helixforge_rep2	BROAD_0300	chrSynthetic3	9768776	9772799	4023	SHORT_BROAD	WEAK	0.25	0	0.0	0.9995028585632613	True	0.9865063788027478	1	False	0	False	True	-53	-2	53	2
helixforge_rep2	BROAD_0301	chrSynthetic3	9898924	9960614	61690	LONG_BROAD	STRONG	0.8	6000	0.0972605	0.9759442373156103	True	0.9732150073549618	3	True	2	False	False				
helixforge_rep2	BROAD_0302	chrSynthetic3	10088413	10101379	12966	MEDIUM_BROAD	WEAK	0.25	1000	0.07712479	0.9315903131266389	True	0.9284396617986165	2	True	1	False	False				
helixforge_rep2	BROAD_0303	chrSynthetic3	10138414	10208476	70062	LONG_BROAD	STRONG	0.8	7000	0.09991151	0.9577802517769975	True	0.8242842054180582	3	True	2	False	False				
helixforge_rep2	BROAD_0304	chrSynthetic3	10220640	10232725	12085	MEDIUM_BROAD	WEAK	0.25	1000	0.08274721	0.9178320231692181	True	0.915710393791794	2	True	1	False	False				
helixforge_rep2	BROAD_0305	chrSynthetic3	10401783	10418514	16731	MEDIUM_BROAD	STRONG	0.8	2000	0.11953858	1.0	True	0.9926431326016019	1	False	0	False	True	-69	55	69	55
helixforge_rep2	BROAD_0306	chrSynthetic3	10442950	10458081	15131	MEDIUM_BROAD	WEAK	0.25	2000	0.13217897	0.8798493159738285	True	0.8798493159738285	3	True	2	False	False				
helixforge_rep2	BROAD_0307	chrSynthetic3	10489084	10561813	72729	LONG_BROAD	MEDIUM	0.5	7000	0.09624771	0.9253255235188165	True	0.7612094212762447	6	True	5	False	False				
helixforge_rep2	BROAD_0308	chrSynthetic3	10771723	10788295	16572	MEDIUM_BROAD	MEDIUM	0.5	2000	0.12068549	0.9089427950760318	True	0.9036534885116084	3	True	2	False	False				
helixforge_rep2	BROAD_0309	chrSynthetic3	10901562	10909648	8086	MEDIUM_BROAD	STRONG	0.8	1000	0.12367054	1.0	True	0.9820257469030848	1	False	0	False	True	-80	68	80	68
helixforge_rep2	BROAD_0310	chrSynthetic3	11139151	11162730	23579	LONG_BROAD	WEAK	0.25	2000	0.08482124	0.9229823147716189	True	0.9204449331754356	3	True	2	False	False				
helixforge_rep2	BROAD_0311	chrSynthetic3	11200391	11240106	39715	LONG_BROAD	MEDIUM	0.5	4000	0.10071761	0.9403499937051492	True	0.937352542543045	4	True	3	False	False				
helixforge_rep2	BROAD_0312	chrSynthetic3	11498231	11502794	4563	SHORT_BROAD	STRONG	0.8	0	0.0	1.0	True	0.9653056907129257	1	False	0	False	True	-61	103	61	103
helixforge_rep2	BROAD_0313	chrSynthetic3	11568586	11572704	4118	SHORT_BROAD	STRONG	0.8	0	0.0	1.0	True	0.974905303030303	1	False	0	False	True	-49	57	49	57
helixforge_rep2	BROAD_0314	chrSynthetic3	11718256	11722627	4371	SHORT_BROAD	STRONG	0.8	0	0.0	1.0	True	0.9636243386243386	1	False	0	False	True	-102	63	102	63
helixforge_rep2	BROAD_0315	chrSynthetic3	11958572	11962626	4054	SHORT_BROAD	STRONG	0.8	0	0.0	1.0	True	0.9668495110899118	1	False	0	False	True	-73	66	73	66
helixforge_rep2	BROAD_0316	chrSynthetic3	12180462	12230945	50483	LONG_BROAD	WEAK	0.25	5000	0.09904324	0.9142285521858844	True	0.7242041875482835	4	True	3	False	False				
helixforge_rep2	BROAD_0317	chrSynthetic3	12402802	12408505	5703	MEDIUM_BROAD	WEAK	0.25	1000	0.17534631	0.8470980185867087	True	0.8313543279986233	2	True	1	False	False				
helixforge_rep2	BROAD_0318	chrSynthetic3	12438830	12442253	3423	SHORT_BROAD	STRONG	0.8	0	0.0	1.0	True	0.9588235294117647	1	False	0	False	True	-61	86	61	86
helixforge_rep2	BROAD_0319	chrSynthetic3	12538006	12542868	4862	SHORT_BROAD	WEAK	0.25	0	0.0	0.9868366927190456	True	0.9868366927190456	1	False	0	False	True	18	-46	18	46
helixforge_rep2	BROAD_0320	chrSynthetic3	12591159	12668619	77460	LONG_BROAD	STRONG	0.8	8000	0.10327911	0.9713916860315002	True	0.9350823562795857	3	True	2	False	False				
helixforge_rep2	BROAD_0321	chrSynthetic3	12859657	12861690	2033	SHORT_BROAD	MEDIUM	0.5	0	0.0	1.0	True	0.9360036832412523	1	False	0	False	True	-89	50	89	50
helixforge_rep2	BROAD_0322	chrSynthetic3	13202293	13210676	8383	MEDIUM_BROAD	WEAK	0.25	1000	0.11928904	0.8926398663962782	True	0.8920014304446299	2	True	1	False	False				
helixforge_rep2	BROAD_0323	chrSynthetic3	13311560	13328087	16527	MEDIUM_BROAD	WEAK	0.25	2000	0.1210141	0.8960488896956496	True	0.895236368032886	3	True	2	False	False				
helixforge_rep2	BROAD_0324	chrSynthetic3	13452599	13458552	5953	MEDIUM_BROAD	STRONG	0.8	1000	0.16798253	1.0	True	0.9665530118525735	1	False	0	False	True	-92	114	92	114
helixforge_rep2	BROAD_0325	chrSynthetic3	13562872	13578658	15786	MEDIUM_BROAD	WEAK	0.25	2000	0.12669454	0.8911060433295325	True	0.8899221863731258	3	True	2	False	False				
helixforge_rep2	BROAD_0326	chrSynthetic3	13649000	13651863	2863	SHORT_BROAD	MEDIUM	0.5	0	0.0	1.0	True	0.9708375720583249	1	False	0	False	True	-32	54	32	54
helixforge_rep2	BROAD_0327	chrSynthetic3	13839778	13842616	2838	SHORT_BROAD	STRONG	0.8	0	0.0	1.0	True	0.9510723860589813	1	False	0	False	True	-55	91	55	91
helixforge_rep2	BROAD_0328	chrSynthetic3	13938238	13941654	3416	SHORT_BROAD	WEAK	0.25	0	0.0	0.9929742388758782	True	0.9900758902510216	1	False	0	False	True	24	10	24	10
helixforge_rep2	BROAD_0329	chrSynthetic3	14292661	14309411	16750	MEDIUM_BROAD	WEAK	0.25	2000	0.11940299	0.8942089552238806	True	0.8932490458015268	3	True	2	False	False				
helixforge_rep2	BROAD_0330	chrSynthetic3	14619095	14621211	2116	SHORT_BROAD	MEDIUM	0.5	0	0.0	1.0	True	0.956168097605061	1	False	0	False	True	-50	47	50	47
helixforge_rep2	BROAD_0331	chrSynthetic3	14641038	14650615	9577	MEDIUM_BROAD	WEAK	0.25	1000	0.10441683	0.9133340294455466	True	0.9109560508227452	2	True	1	False	False				
helixforge_rep2	BROAD_0332	chrSynthetic3	14671680	14690583	18903	MEDIUM_BROAD	WEAK	0.25	2000	0.10580331	0.9026080516320161	True	0.9026080516320161	3	True	2	False	False				
helixforge_rep2	BROAD_0333	chrSynthetic3	14922988	14978005	55017	LONG_BROAD	MEDIUM	0.5	6000	0.1090572	0.9152443790101241	True	0.8382318192558663	5	True	4	False	False				
helixforge_rep2	BROAD_0334	chrSynthetic3	14992980	15068200	75220	LONG_BROAD	MEDIUM	0.5	8000	0.10635469	0.9166179207657538	True	0.8576575378888593	7	True	6	False	False				
helixforge_rep2	BROAD_0335	chrSynthetic3	15078283	15092603	14320	MEDIUM_BROAD	STRONG	0.8	1000	0.0698324	0.9479748603351955	True	0.9371116940494271	2	True	1	False	False				
helixforge_rep2	BROAD_0336	chrSynthetic3	15241681	15249222	7541	MEDIUM_BROAD	STRONG	0.8	1000	0.13260841	1.0	True	0.9769400181370644	1	False	0	False	True	-106	72	106	72
helixforge_rep2	BROAD_0337	chrSynthetic3	15290389	15292483	2094	SHORT_BROAD	STRONG	0.8	0	0.0	1.0	True	0.9344042838018741	1	False	0	False	True	-69	78	69	78
helixforge_rep2	BROAD_0338	chrSynthetic3	15382551	15388444	5893	MEDIUM_BROAD	MEDIUM	0.5	1000	0.16969286	0.8654335652469031	True	0.8492922564529559	2	True	1	False	False				
helixforge_rep2	BROAD_0339	chrSynthetic3	15408521	15472804	64283	LONG_BROAD	MEDIUM	0.5	6000	0.09333727	0.9275080503399032	True	0.9265423465423466	7	True	6	False	False				
helixforge_rep2	BROAD_0340	chrSynthetic3	15741514	15818431	76917	LONG_BROAD	WEAK	0.25	8000	0.10400822	0.906743632746987	True	0.8297645513995605	7	True	6	False	False				
helixforge_rep2	BROAD_0341	chrSynthetic3	15978593	16012673	34080	LONG_BROAD	STRONG	0.8	3000	0.08802817	0.9783157276995306	True	0.9730905057934215	2	True	1	False	False				
helixforge_rep2	BROAD_0342	chrSynthetic3	16149239	16152194	2955	SHORT_BROAD	WEAK	0.25	0	0.0	0.9871404399323181	True	0.9871404399323181	1	False	0	False	True	27	-11	27	11
helixforge_rep2	BROAD_0343	chrSynthetic3	16309651	16328375	18724	MEDIUM_BROAD	WEAK	0.25	2000	0.10681478	0.9030121768852809	True	0.9018080964318097	3	True	2	False	False				
helixforge_rep2	BROAD_0344	chrSynthetic3	16378076	16382968	4892	SHORT_BROAD	MEDIUM	0.5	0	0.0	1.0	True	0.983514274225975	1	False	0	False	True	-38	44	38	44
helixforge_rep2	BROAD_0345	chrSynthetic3	16498262	16570230	71968	LONG_BROAD	MEDIUM	0.5	7000	0.09726545	0.9354574255224545	True	0.8393471744198956	6	True	5	False	False				
helixforge_rep2	BROAD_0346	chrSynthetic3	16600895	16670968	70073	LONG_BROAD	WEAK	0.25	7000	0.09989582	0.9137899048135516	True	0.7829691892740428	6	True	5	False	False				
helixforge_rep2	BROAD_0347	chrSynthetic3	16830468	16832840	2372	SHORT_BROAD	MEDIUM	0.5	0	0.0	1.0	True	0.9488	1	False	0	False	True	-70	58	70	58
helixforge_rep2	BROAD_0348	chrSynthetic3	17292614	17348211	55597	LONG_BROAD	MEDIUM	0.5	6000	0.10791949	0.9160386351781571	True	0.8291094843246938	5	True	4	False	False				
helixforge_rep2	BROAD_0349	chrSynthetic3	17398187	17412389	14202	MEDIUM_BROAD	MEDIUM	0.5	1000	0.07041262	0.9451485706238558	True	0.9423616961527661	2	True	1	False	False				
helixforge_rep2	BROAD_0350	chrSynthetic3	17508329	17512646	4317	SHORT_BROAD	WEAK	0.25	0	0.0	0.9988417882788974	True	0.9940064545873675	1	False	0	False	True	5	21	5	21
helixforge_rep2	BROAD_0351	chrSynthetic3	17529637	17578413	48776	LONG_BROAD	STRONG	0.8	5000	0.10250943	0.9698827292110874	True	0.9159794552783973	2	True	1	False	False				
helixforge_rep2	BROAD_0352	chrSynthetic3	18261860	18338437	76577	LONG_BROAD	WEAK	0.25	8000	0.10447001	0.9077921569139559	True	0.8332266868642021	7	True	6	False	False				
helixforge_rep2	BROAD_0353	chrSynthetic3	18390140	18422121	31981	LONG_BROAD	MEDIUM	0.5	3000	0.0938057	0.9270191676307807	True	0.9249368233862665	4	True	3	False	False				
helixforge_rep2	BROAD_0354	chrSynthetic3	18471043	18488486	17443	MEDIUM_BROAD	STRONG	0.8	2000	0.11465918	1.0	True	0.9886080253910677	1	False	0	False	True	-116	85	116	85
helixforge_rep2	BROAD_0355	chrSynthetic3	18570352	18648465	78113	LONG_BROAD	WEAK	0.25	8000	0.10241573	0.9123321342158156	True	0.8198379271056034	7	True	6	False	False				
helixforge_rep2	BROAD_0356	chrSynthetic3	18679871	18720507	40636	LONG_BROAD	MEDIUM	0.5	4000	0.09843489	0.9228762673491485	True	0.9198430218297768	5	True	4	False	False				
helixforge_rep2	BROAD_0357	chrSynthetic3	19049932	19088734	38802	LONG_BROAD	MEDIUM	0.5	4000	0.10308747	0.919669089222205	True	0.8438118748232147	4	True	3	False	False				
helixforge_rep2	BROAD_0358	chrSynthetic3	19389120	19392967	3847	SHORT_BROAD	WEAK	0.25	0	0.0	0.9794645178060827	True	0.9716348633316142	1	False	0	False	True	-31	-79	31	79
helixforge_rep2	BROAD_0359	chrSynthetic3	19581847	19600539	18692	MEDIUM_BROAD	MEDIUM	0.5	2000	0.10699765	0.91766531136315	True	0.9124906904989892	3	True	2	False	False				
helixforge_rep2	BROAD_0360	chrSynthetic3	19630248	19659672	29424	LONG_BROAD	MEDIUM	0.5	3000	0.10195759	0.9211188145731376	True	0.9177191616158196	4	True	3	False	False				
helixforge_consensus	BROAD_0001	chrSynthetic1	179251	189862	10611	MEDIUM_BROAD	STRONG	0.8	1000	0.09424182	0.9303552916784469	True	0.9180693759880963	2	True	1	False	False				
helixforge_consensus	BROAD_0002	chrSynthetic1	242650	259044	16394	MEDIUM_BROAD	STRONG	0.8	2000	0.12199585	0.9096010735634988	True	0.9027180822083661	3	True	2	False	False				
helixforge_consensus	BROAD_0003	chrSynthetic1	330833	361139	30306	LONG_BROAD	STRONG	0.8	3000	0.0989903	0.9264832046459447	True	0.9227078540913572	4	True	3	False	False				
helixforge_consensus	BROAD_0004	chrSynthetic1	629416	659686	30270	LONG_BROAD	WEAK	0.25	3000	0.09910803	0.905979517674265	True	0.905979517674265	4	True	3	False	False				
helixforge_consensus	BROAD_0005	chrSynthetic1	728418	752616	24198	LONG_BROAD	STRONG	0.8	2000	0.08265146	0.9690470286800562	True	0.9639480391350818	2	True	1	False	False				
helixforge_consensus	BROAD_0006	chrSynthetic1	848342	852493	4151	SHORT_BROAD	WEAK	0.25	0	0.0	0.9619368826788726	True	0.9619368826788726	1	False	0	False	True	28	-130	28	130
helixforge_consensus	BROAD_0007	chrSynthetic1	988338	1002148	13810	MEDIUM_BROAD	MEDIUM	0.5	1000	0.0724113	0.9414916727009414	True	0.9346560276040543	2	True	1	False	False				
helixforge_consensus	BROAD_0008	chrSynthetic1	1071066	1110382	39316	LONG_BROAD	STRONG	0.8	4000	0.10173975	0.9434581340929902	True	0.9401819886954097	4	True	3	False	False				
helixforge_consensus	BROAD_0009	chrSynthetic1	1282989	1288019	5030	MEDIUM_BROAD	STRONG	0.8	1000	0.19880716	0.8506958250497018	True	0.8328143246399378	2	True	1	False	False				
helixforge_consensus	BROAD_0010	chrSynthetic1	1348367	1358754	10387	MEDIUM_BROAD	MEDIUM	0.5	1000	0.09627419	0.9269278906325215	True	0.9241697062775964	2	True	1	False	False				
helixforge_consensus	BROAD_0011	chrSynthetic1	1561843	1609408	47565	LONG_BROAD	MEDIUM	0.5	5000	0.10511931	0.9175444129086513	True	0.7750026279827604	4	True	3	False	False				
helixforge_consensus	BROAD_0012	chrSynthetic1	1638031	1641342	3311	SHORT_BROAD	MEDIUM	0.5	0	0.0	1.0	True	0.9889486260454002	1	False	0	False	True	-12	25	12	25
helixforge_consensus	BROAD_0013	chrSynthetic1	1888427	1892295	3868	SHORT_BROAD	WEAK	0.25	0	0.0	0.9798345398138573	True	0.975295934122491	1	False	0	False	True	-18	-78	18	78
helixforge_consensus	BROAD_0014	chrSynthetic1	1949558	1958897	9339	MEDIUM_BROAD	MEDIUM	0.5	1000	0.10707785	0.9124103223043153	True	0.9042767696062824	2	True	1	False	False				
helixforge_consensus	BROAD_0015	chrSynthetic1	2048910	2082834	33924	LONG_BROAD	WEAK	0.25	3000	0.08843297	0.9176983846244546	True	0.9174820228692679	4	True	3	False	False				
helixforge_consensus	BROAD_0016	chrSynthetic1	2168638	2192910	24272	LONG_BROAD	WEAK	0.25	2000	0.08239947	0.9239864864864865	True	0.9236440014826407	3	True	2	False	False				
helixforge_consensus	BROAD_0017	chrSynthetic1	2381918	2429285	47367	LONG_BROAD	STRONG	0.8	5000	0.10555872	0.9526463571684929	True	0.8126121561424621	2	True	1	False	False				
helixforge_consensus	BROAD_0018	chrSynthetic1	2631249	2690198	58949	LONG_BROAD	MEDIUM	0.5	6000	0.1017829	0.9215932416156338	True	0.7823712022256527	5	True	4	False	False				
helixforge_consensus	BROAD_0019	chrSynthetic1	2818001	2848542	30541	LONG_BROAD	STRONG	0.8	3000	0.09822861	0.9756065616711961	True	0.9709016259897684	2	True	1	False	False				
helixforge_consensus	BROAD_0020	chrSynthetic1	3142220	3161872	19652	MEDIUM_BROAD	STRONG	0.8	2000	0.10177081	0.9625483411357623	True	0.9577236595615412	2	True	1	False	False				
helixforge_consensus	BROAD_0021	chrSynthetic1	3218051	3222878	4827	SHORT_BROAD	MEDIUM	0.5	0	0.0	1.0	True	0.9769277474195507	1	False	0	False	True	-58	56	58	56
helixforge_consensus	BROAD_0022	chrSynthetic1	3292325	3298515	6190	MEDIUM_BROAD	STRONG	0.8	1000	0.16155089	1.0	True	0.9859827970691303	1	False	0	False	True	-67	21	67	21
helixforge_consensus	BROAD_0023	chrSynthetic1	3318303	3322906	4603	SHORT_BROAD	MEDIUM	0.5	0	0.0	1.0	True	0.9845989304812834	1	False	0	False	True	-20	52	20	52
helixforge_consensus	BROAD_0024	chrSynthetic1	3368049	3371622	3573	SHORT_BROAD	WEAK	0.25	0	0.0	0.9773299748110831	True	0.9773299748110831	1	False	0	False	True	37	-44	37	44
helixforge_consensus	BROAD_0025	chrSynthetic1	3518108	3522956	4848	SHORT_BROAD	WEAK	0.25	0	0.0	0.9888613861386139	True	0.9882498453927026	1	False	0	False	True	54	3	54	3
helixforge_consensus	BROAD_0026	chrSynthetic1	3792269	3829732	37463	LONG_BROAD	WEAK	0.25	4000	0.10677202	0.9009689560366227	True	0.8281279172112127	4	True	3	False	False				
helixforge_consensus	BROAD_0027	chrSynthetic1	3888530	3890853	2323	SHORT_BROAD	STRONG	0.8	0	0.0	1.0	True	0.9423935091277891	1	False	0	False	True	-79	63	79	63
helixforge_consensus	BROAD_0028	chrSynthetic1	4182599	4198348	15749	MEDIUM_BROAD	WEAK	0.25	2000	0.12699219	0.8774525366689948	True	0.8767844679906097	3	True	2	False	False				
helixforge_consensus	BROAD_0029	chrSynthetic1	4212612	4248871	36259	LONG_BROAD	WEAK	0.25	4000	0.11031744	0.9012107338867591	True	0.753854215505116	3	True	2	False	False				
helixforge_consensus	BROAD_0030	chrSynthetic1	4260104	4291630	31526	LONG_BROAD	MEDIUM	0.5	3000	0.09515955	0.924697075429804	True	0.9225608405329283	4	True	3	False	False				
helixforge_consensus	BROAD_0031	chrSynthetic1	4382697	4388112	5415	MEDIUM_BROAD	STRONG	0.8	1000	0.18467221	0.8614958448753463	True	0.8435804701627486	2	True	1	False	False				
helixforge_consensus	BROAD_0032	chrSynthetic1	4580095	4650549	70454	LONG_BROAD	WEAK	0.25	7000	0.09935561	0.9106367275101485	True	0.7765918187753712	6	True	5	False	False				
helixforge_consensus	BROAD_0033	chrSynthetic1	4728554	4732649	4095	SHORT_BROAD	WEAK	0.25	0	0.0	0.9797313797313797	True	0.9797313797313797	1	False	0	False	True	50	-33	50	33
helixforge_consensus	BROAD_0034	chrSynthetic1	4792079	4808873	16794	MEDIUM_BROAD	STRONG	0.8	2000	0.11909015	1.0	True	0.9927878931189407	1	False	0	False	True	-75	47	75	47
helixforge_consensus	BROAD_0035	chrSynthetic1	4992748	4999634	6886	MEDIUM_BROAD	WEAK	0.25	1000	0.14522219	0.8370607028753994	True	0.8370607028753994	2	True	1	False	False				
helixforge_consensus	BROAD_0036	chrSynthetic1	5012866	5018509	5643	MEDIUM_BROAD	WEAK	0.25	1000	0.1772107	0.8362573099415205	True	0.8356649548432796	2	True	1	False	False				
helixforge_consensus	BROAD_0037	chrSynthetic1	5079198	5098840	19642	MEDIUM_BROAD	WEAK	0.25	2000	0.10182262	0.9053558700743305	True	0.9053558700743305	3	True	2	False	False				
helixforge_consensus	BROAD_0038	chrSynthetic1	5121807	5169637	47830	LONG_BROAD	STRONG	0.8	5000	0.1045369	0.9539410411875392	True	0.8834839975782376	3	True	2	False	False				
helixforge_consensus	BROAD_0039	chrSynthetic1	5298091	5302618	4527	SHORT_BROAD	STRONG	0.8	0	0.0	1.0	True	0.9666880204996797	1	False	0	False	True	-81	75	81	75
helixforge_consensus	BROAD_0040	chrSynthetic1	5408134	5422735	14601	MEDIUM_BROAD	WEAK	0.25	1000	0.06848846	0.9329497979590439	True	0.9314188034188035	2	True	1	False	False				
helixforge_consensus	BROAD_0041	chrSynthetic1	5548990	5551613	2623	SHORT_BROAD	STRONG	0.8	0	0.0	1.0	True	0.9493304379297864	1	False	0	False	True	-58	82	58	82
helixforge_consensus	BROAD_0042	chrSynthetic1	5640374	5642734	2360	SHORT_BROAD	STRONG	0.8	0	0.0	1.0	True	0.9320695102685624	1	False	0	False	True	-90	82	90	82
helixforge_consensus	BROAD_0043	chrSynthetic1	5718807	5722153	3346	SHORT_BROAD	MEDIUM	0.5	0	0.0	0.9976090854751942	True	0.9806110458284372	1	False	0	False	True	8	58	8	58
helixforge_consensus	BROAD_0044	chrSynthetic1	5778210	5782199	3989	SHORT_BROAD	STRONG	0.8	0	0.0	1.0	True	0.9729268292682927	1	False	0	False	True	-48	63	48	63
helixforge_consensus	BROAD_0045	chrSynthetic1	5871524	5880494	8970	MEDIUM_BROAD	MEDIUM	0.5	1000	0.11148272	0.9121516164994425	True	0.9066932624113475	2	True	1	False	False				
helixforge_consensus	BROAD_0046	chrSynthetic1	5949928	5952781	2853	SHORT_BROAD	STRONG	0.8	0	0.0	1.0	True	0.9418950148563883	1	False	0	False	True	-83	93	83	93
helixforge_consensus	BROAD_0047	chrSynthetic1	6118947	6152528	33581	LONG_BROAD	WEAK	0.25	3000	0.08933623	0.9162621720615824	True	0.9162621720615824	4	True	3	False	False				
helixforge_consensus	BROAD_0048	chrSynthetic1	6269387	6289142	19755	MEDIUM_BROAD	STRONG	0.8	2000	0.10124019	0.9254365983295368	True	0.9185088424437299	3	True	2	False	False				
helixforge_consensus	BROAD_0049	chrSynthetic1	6441769	6451527	9758	MEDIUM_BROAD	STRONG	0.8	1000	0.10248002	0.9245747079319533	True	0.9116814874696847	2	True	1	False	False				
helixforge_consensus	BROAD_0050	chrSynthetic1	6542529	6558361	15832	MEDIUM_BROAD	WEAK	0.25	2000	0.12632643	0.8845376452753916	True	0.8845376452753916	3	True	2	False	False				
helixforge_consensus	BROAD_0051	chrSynthetic1	6999549	7002066	2517	SHORT_BROAD	WEAK	0.25	0	0.0	0.9745729042510926	True	0.9745729042510926	1	False	0	False	True	22	-42	22	42
helixforge_consensus	BROAD_0052	chrSynthetic1	7068394	7130444	62050	LONG_BROAD	WEAK	0.25	6000	0.09669621	0.9108299758259468	True	0.8391941982272361	6	True	5	False	False				
helixforge_consensus	BROAD_0053	chrSynthetic1	7212664	7238768	26104	LONG_BROAD	WEAK	0.25	3000	0.11492492	0.8959929512718358	True	0.8047042598835428	3	True	2	False	False				
helixforge_consensus	BROAD_0054	chrSynthetic1	7840784	7848801	8017	MEDIUM_BROAD	MEDIUM	0.5	1000	0.12473494	0.8999625795185231	True	0.8870174575854438	2	True	1	False	False				
helixforge_consensus	BROAD_0055	chrSynthetic1	8261253	8288830	27577	LONG_BROAD	MEDIUM	0.5	3000	0.10878631	0.9156906117416688	True	0.9128438708744533	4	True	3	False	False				
helixforge_consensus	BROAD_0056	chrSynthetic1	8308445	8311161	2716	SHORT_BROAD	STRONG	0.8	0	0.0	1.0	True	0.9533169533169533	1	False	0	False	True	-79	54	79	54
helixforge_consensus	BROAD_0057	chrSynthetic1	8422914	8448062	25148	LONG_BROAD	STRONG	0.8	3000	0.11929378	0.9707730236996978	True	0.8804757185332012	1	False	0	False	True	-77	-2938	77	2938
helixforge_consensus	BROAD_0058	chrSynthetic1	8570703	8588791	18088	MEDIUM_BROAD	WEAK	0.25	2000	0.11057054	0.8928018575851393	True	0.8928018575851393	3	True	2	False	False				
helixforge_consensus	BROAD_0059	chrSynthetic1	8648191	8652814	4623	SHORT_BROAD	WEAK	0.25	0	0.0	0.9837767683322518	True	0.9837767683322518	1	False	0	False	True	40	-35	40	35
helixforge_consensus	BROAD_0060	chrSynthetic1	8801302	8828318	27016	LONG_BROAD	WEAK	0.25	3000	0.11104531	0.8969869706840391	True	0.8116301450992005	3	True	2	False	False				
helixforge_consensus	BROAD_0061	chrSynthetic1	8869859	8879952	10093	MEDIUM_BROAD	MEDIUM	0.5	1000	0.09907857	0.9214306945407709	True	0.9147241074063146	2	True	1	False	False				
helixforge_consensus	BROAD_0062	chrSynthetic1	9242913	9260475	17562	MEDIUM_BROAD	WEAK	0.25	2000	0.11388225	0.8983600956610864	True	0.8981044002960096	3	True	2	False	False				
helixforge_consensus	BROAD_0063	chrSynthetic1	9352177	9361380	9203	MEDIUM_BROAD	WEAK	0.25	1000	0.10866022	0.8931870042377485	True	0.8931870042377485	2	True	1	False	False				
helixforge_consensus	BROAD_0064	chrSynthetic1	9402024	9411299	9275	MEDIUM_BROAD	STRONG	0.8	1000	0.10781671	1.0	True	0.9861775651249336	1	False	0	False	True	-59	71	59	71
helixforge_consensus	BROAD_0065	chrSynthetic1	9508434	9528795	20361	LONG_BROAD	STRONG	0.8	2000	0.098227	0.9639506900446932	True	0.9574146341463414	2	True	1	False	False				
helixforge_consensus	BROAD_0066	chrSynthetic1	9578633	9632646	54013	LONG_BROAD	WEAK	0.25	5000	0.09257031	0.9165386110751116	True	0.9165386110751116	6	True	5	False	False				
helixforge_consensus	BROAD_0067	chrSynthetic1	9992395	10009199	16804	MEDIUM_BROAD	WEAK	0.25	2000	0.11901928	0.8903832420852178	True	0.8903832420852178	3	True	2	False	False				
helixforge_consensus	BROAD_0068	chrSynthetic1	10298318	10302748	4430	SHORT_BROAD	STRONG	0.8	0	0.0	1.0	True	0.9714912280701754	1	False	0	False	True	-57	73	57	73
helixforge_consensus	BROAD_0069	chrSynthetic1	10438440	10442567	4127	SHORT_BROAD	MEDIUM	0.5	0	0.0	1.0	True	0.9765735920492191	1	False	0	False	True	-30	69	30	69
helixforge_consensus	BROAD_0070	chrSynthetic1	10878306	10941414	63108	LONG_BROAD	STRONG	0.8	6000	0.09507511	0.9528110540660455	True	0.8639126305792972	4	True	3	False	False				
helixforge_consensus	BROAD_0071	chrSynthetic1	10961987	11040099	78112	LONG_BROAD	WEAK	0.25	8000	0.10241704	0.9069285129045473	True	0.815047623924621	7	True	6	False	False				
helixforge_consensus	BROAD_0072	chrSynthetic1	11108140	11111567	3427	SHORT_BROAD	STRONG	0.8	0	0.0	1.0	True	0.9561941964285714	1	False	0	False	True	-71	86	71	86
helixforge_consensus	BROAD_0073	chrSynthetic1	11361582	11408646	47064	LONG_BROAD	MEDIUM	0.5	5000	0.10623831	0.9174315825259222	True	0.7837412884582696	4	True	3	False	False				
helixforge_consensus	BROAD_0074	chrSynthetic1	11432353	11439633	7280	MEDIUM_BROAD	WEAK	0.25	1000	0.13736264	0.864423076923077	True	0.864423076923077	2	True	1	False	False				
helixforge_consensus	BROAD_0075	chrSynthetic1	11618301	11622238	3937	SHORT_BROAD	MEDIUM	0.5	0	0.0	1.0	True	0.9720987654320987	1	False	0	False	True	-60	53	60	53
helixforge_consensus	BROAD_0076	chrSynthetic1	11711751	11742839	31088	LONG_BROAD	MEDIUM	0.5	3000	0.09650026	0.9225102933607823	True	0.9200538962497193	4	True	3	False	False				
helixforge_consensus	BROAD_0077	chrSynthetic1	12068017	12102973	34956	LONG_BROAD	WEAK	0.25	3000	0.08582218	0.9209291680970363	True	0.9209291680970363	4	True	3	False	False				
helixforge_consensus	BROAD_0078	chrSynthetic1	12481602	12489032	7430	MEDIUM_BROAD	STRONG	0.8	1000	0.1345895	0.8987886944818304	True	0.8800738007380073	2	True	1	False	False				
helixforge_consensus	BROAD_0079	chrSynthetic1	12578985	12592907	13922	MEDIUM_BROAD	STRONG	0.8	1000	0.07182876	0.946343916104008	True	0.9365891803511766	2	True	1	False	False				
helixforge_consensus	BROAD_0080	chrSynthetic1	12660744	12678529	17785	MEDIUM_BROAD	WEAK	0.25	2000	0.11245432	0.90238965420298	True	0.9002636450328154	3	True	2	False	False				
helixforge_consensus	BROAD_0081	chrSynthetic1	12798174	12802276	4102	SHORT_BROAD	STRONG	0.8	0	0.0	1.0	True	0.9674528301886792	1	False	0	False	True	-83	55	83	55
helixforge_consensus	BROAD_0082	chrSynthetic1	12898784	12902509	3725	SHORT_BROAD	STRONG	0.8	0	0.0	1.0	True	0.9521983640081799	1	False	0	False	True	-97	90	97	90
helixforge_consensus	BROAD_0083	chrSynthetic1	12929973	12932574	2601	SHORT_BROAD	MEDIUM	0.5	0	0.0	1.0	True	0.9636902556502408	1	False	0	False	True	-38	60	38	60
helixforge_consensus	BROAD_0084	chrSynthetic1	12972917	12978247	5330	MEDIUM_BROAD	MEDIUM	0.5	1000	0.18761726	0.8536585365853658	True	0.8485639686684073	2	True	1	False	False				
helixforge_consensus	BROAD_0085	chrSynthetic1	13251247	13289472	38225	LONG_BROAD	WEAK	0.25	4000	0.10464356	0.9021059516023545	True	0.7120732504905167	3	True	2	False	False				
helixforge_consensus	BROAD_0086	chrSynthetic1	13502341	13508402	6061	MEDIUM_BROAD	WEAK	0.25	1000	0.16498928	0.8376505527140736	True	0.8376505527140736	2	True	1	False	False				
helixforge_consensus	BROAD_0087	chrSynthetic1	13519056	13522973	3917	SHORT_BROAD	MEDIUM	0.5	0	0.0	1.0	True	0.9712372923382098	1	False	0	False	True	-55	61	55	61
helixforge_consensus	BROAD_0088	chrSynthetic1	13659279	13662048	2769	SHORT_BROAD	MEDIUM	0.5	0	0.0	1.0	True	0.9791371994342292	1	False	0	False	True	-19	40	19	40
helixforge_consensus	BROAD_0089	chrSynthetic1	13731452	13742739	11287	MEDIUM_BROAD	STRONG	0.8	1000	0.0885975	0.9344378488526623	True	0.9235551663747811	2	True	1	False	False				
helixforge_consensus	BROAD_0090	chrSynthetic1	13899308	13902570	3262	SHORT_BROAD	STRONG	0.8	0	0.0	1.0	True	0.955477445811365	1	False	0	False	True	-75	77	75	77
helixforge_consensus	BROAD_0091	chrSynthetic1	14038051	14042857	4806	SHORT_BROAD	WEAK	0.25	0	0.0	0.9952143154390345	True	0.9952143154390345	1	False	0	False	True	13	-10	13	10
helixforge_consensus	BROAD_0092	chrSynthetic1	14308399	14310527	2128	SHORT_BROAD	STRONG	0.8	0	0.0	1.0	True	0.9329241560718983	1	False	0	False	True	-80	73	80	73
helixforge_consensus	BROAD_0093	chrSynthetic1	14368036	14372266	4230	SHORT_BROAD	MEDIUM	0.5	0	0.0	1.0	True	0.9773567467652495	1	False	0	False	True	-43	55	43	55
helixforge_consensus	BROAD_0094	chrSynthetic1	14560923	14572376	11453	MEDIUM_BROAD	MEDIUM	0.5	1000	0.08731337	0.9307604994324631	True	0.9236634607053115	2	True	1	False	False				
helixforge_consensus	BROAD_0095	chrSynthetic1	14638634	14641851	3217	SHORT_BROAD	MEDIUM	0.5	0	0.0	1.0	True	0.9813910921293472	1	False	0	False	True	-35	26	35	26
helixforge_consensus	BROAD_0096	chrSynthetic1	15058211	15069189	10978	MEDIUM_BROAD	STRONG	0.8	1000	0.09109127	0.9331390052832939	True	0.9232987832356917	2	True	1	False	False				
helixforge_consensus	BROAD_0097	chrSynthetic1	15558360	15562843	4483	SHORT_BROAD	WEAK	0.25	0	0.0	0.9946464421146554	True	0.9946464421146554	1	False	0	False	True	23	-1	23	1
helixforge_consensus	BROAD_0098	chrSynthetic1	15841906	15849887	7981	MEDIUM_BROAD	STRONG	0.8	1000	0.12529758	1.0	True	0.9840937114673243	1	False	0	False	True	-60	69	60	69
helixforge_consensus	BROAD_0099	chrSynthetic1	16058137	16062508	4371	SHORT_BROAD	MEDIUM	0.5	0	0.0	1.0	True	0.9900339750849377	1	False	0	False	True	0	44	0	44
helixforge_consensus	BROAD_0100	chrSynthetic1	16258863	16282240	23377	LONG_BROAD	WEAK	0.25	2000	0.08555418	0.9171407793985541	True	0.9162393162393162	3	True	2	False	False				
helixforge_consensus	BROAD_0101	chrSynthetic1	16370691	16449385	78694	LONG_BROAD	STRONG	0.8	8000	0.10165959	0.9527282893232013	True	0.8516024093323507	4	True	3	False	False				
helixforge_consensus	BROAD_0102	chrSynthetic1	16510956	16589674	78718	LONG_BROAD	STRONG	0.8	8000	0.1016286	0.953060291165934	True	0.9514768735177365	6	True	5	False	False				
helixforge_consensus	BROAD_0103	chrSynthetic1	16999365	17001649	2284	SHORT_BROAD	MEDIUM	0.5	0	0.0	1.0	True	0.9781584582441113	1	False	0	False	True	-32	19	32	19
helixforge_consensus	BROAD_0104	chrSynthetic1	17092692	17168082	75390	LONG_BROAD	MEDIUM	0.5	8000	0.10611487	0.9148693460671177	True	0.8538135031171243	7	True	6	False	False				
helixforge_consensus	BROAD_0105	chrSynthetic1	17258910	17261520	2610	SHORT_BROAD	STRONG	0.8	0	0.0	1.0	True	0.9348137535816619	1	False	0	False	True	-115	67	115	67
helixforge_consensus	BROAD_0106	chrSynthetic1	17300299	17318591	18292	MEDIUM_BROAD	MEDIUM	0.5	2000	0.10933742	0.9131314235731467	True	0.9110395985600523	3	True	2	False	False				
helixforge_consensus	BROAD_0107	chrSynthetic1	17358723	17370332	11609	MEDIUM_BROAD	WEAK	0.25	1000	0.08614006	0.9146351968300457	True	0.9146351968300457	2	True	1	False	False				
helixforge_consensus	BROAD_0108	chrSynthetic1	17510562	17532233	21671	LONG_BROAD	MEDIUM	0.5	2000	0.09228923	0.9242305385076831	True	0.9210853069671189	3	True	2	False	False				
helixforge_consensus	BROAD_0109	chrSynthetic1	17688164	17712532	24368	LONG_BROAD	STRONG	0.8	2000	0.08207485	0.9700837163493106	True	0.964266775443606	2	True	1	False	False				
helixforge_consensus	BROAD_0110	chrSynthetic1	17940369	17952326	11957	MEDIUM_BROAD	MEDIUM	0.5	1000	0.08363302	0.932006356109392	True	0.9223638470451911	2	True	1	False	False				
helixforge_consensus	BROAD_0111	chrSynthetic1	18130431	18139214	8783	MEDIUM_BROAD	STRONG	0.8	1000	0.11385631	0.9163156097005579	True	0.9047779651489601	2	True	1	False	False				
helixforge_consensus	BROAD_0112	chrSynthetic1	18192305	18208223	15918	MEDIUM_BROAD	MEDIUM	0.5	2000	0.12564393	0.8999874356074884	True	0.895654892153798	3	True	2	False	False				
helixforge_consensus	BROAD_0113	chrSynthetic1	18429879	18500429	70550	LONG_BROAD	STRONG	0.8	7000	0.09922041	0.9686888731396173	True	0.9032221514057078	3	True	2	False	False				
helixforge_consensus	BROAD_0114	chrSynthetic1	18711650	18738217	26567	LONG_BROAD	WEAK	0.25	3000	0.11292205	0.8984077991493206	True	0.8140550306771559	3	True	2	False	False				
helixforge_consensus	BROAD_0115	chrSynthetic1	18858780	18861269	2489	SHORT_BROAD	WEAK	0.25	0	0.0	0.9855363599839293	True	0.9855363599839293	1	False	0	False	True	13	-23	13	23
helixforge_consensus	BROAD_0116	chrSynthetic1	19052217	19058431	6214	MEDIUM_BROAD	STRONG	0.8	1000	0.16092694	0.8796266495011265	True	0.8610586011342155	2	True	1	False	False				
helixforge_consensus	BROAD_0117	chrSynthetic1	19318780	19321691	2911	SHORT_BROAD	WEAK	0.25	0	0.0	0.9883201648917898	True	0.9883201648917898	1	False	0	False	True	1	-33	1	33
helixforge_consensus	BROAD_0118	chrSynthetic1	19598076	19602984	4908	SHORT_BROAD	MEDIUM	0.5	0	0.0	1.0	True	0.9839615076182838	1	False	0	False	True	-43	37	43	37
helixforge_consensus	BROAD_0119	chrSynthetic1	19682532	19698032	15500	MEDIUM_BROAD	MEDIUM	0.5	2000	0.12903226	0.9001290322580645	True	0.8994906840306879	3	True	2	False	False				
helixforge_consensus	BROAD_0120	chrSynthetic1	19720937	19729640	8703	MEDIUM_BROAD	MEDIUM	0.5	1000	0.11490291	0.9101459266919453	True	0.8981743961900442	2	True	1	False	False				
helixforge_consensus	BROAD_0121	chrSynthetic2	58568	102630	44062	LONG_BROAD	STRONG	0.8	4000	0.09078117	0.9327765421451591	True	0.929527772751945	5	True	4	False	False				
helixforge_consensus	BROAD_0122	chrSynthetic2	318044	331702	13658	MEDIUM_BROAD	WEAK	0.25	1000	0.07321716	0.9274417923561282	True	0.9274417923561282	2	True	1	False	False				
helixforge_consensus	BROAD_0123	chrSynthetic2	362245	438195	75950	LONG_BROAD	WEAK	0.25	8000	0.10533246	0.9016589861751152	True	0.8381698485845951	7	True	6	False	False				
helixforge_consensus	BROAD_0124	chrSynthetic2	568290	572434	4144	SHORT_BROAD	MEDIUM	0.5	0	0.0	1.0	True	0.9840892899548801	1	False	0	False	True	-23	44	23	44
helixforge_consensus	BROAD_0125	chrSynthetic2	708143	712579	4436	SHORT_BROAD	STRONG	0.8	0	0.0	1.0	True	0.9775231379462318	1	False	0	False	True	-56	46	56	46
helixforge_consensus	BROAD_0126	chrSynthetic2	758188	761698	3510	SHORT_BROAD	WEAK	0.25	0	0.0	0.9954415954415955	True	0.9954415954415955	1	False	0	False	True	9	-7	9	7
helixforge_consensus	BROAD_0127	chrSynthetic2	788795	802663	13868	MEDIUM_BROAD	MEDIUM	0.5	1000	0.07210845	0.9434669743293914	True	0.9379883862642483	2	True	1	False	False				
helixforge_consensus	BROAD_0128	chrSynthetic2	918792	958134	39342	LONG_BROAD	STRONG	0.8	4000	0.10167251	0.9440292816836968	True	0.8848926341438652	3	True	2	False	False				
helixforge_consensus	BROAD_0129	chrSynthetic2	1251230	1268882	17652	MEDIUM_BROAD	STRONG	0.8	2000	0.11330161	0.9171765239066395	True	0.9089888271293021	3	True	2	False	False				
helixforge_consensus	BROAD_0130	chrSynthetic2	1302980	1308084	5104	MEDIUM_BROAD	MEDIUM	0.5	1000	0.19592476	0.844435736677116	True	0.8306031990749663	2	True	1	False	False				
helixforge_consensus	BROAD_0131	chrSynthetic2	1370293	1372881	2588	SHORT_BROAD	MEDIUM	0.5	0	0.0	1.0	True	0.9718362748779572	1	False	0	False	True	-43	32	43	32
helixforge_consensus	BROAD_0132	chrSynthetic2	1439985	1500824	60839	LONG_BROAD	MEDIUM	0.5	6000	0.09862095	0.9230756587057644	True	0.7578362563487236	5	True	4	False	False				
helixforge_consensus	BROAD_0133	chrSynthetic2	1521933	1530795	8862	MEDIUM_BROAD	MEDIUM	0.5	1000	0.11284135	0.9102911306702776	True	0.9011394101876675	2	True	1	False	False				
helixforge_consensus	BROAD_0134	chrSynthetic2	1649610	1701854	52244	LONG_BROAD	STRONG	0.8	5000	0.09570477	0.9858548350049766	True	0.9831262287884861	2	True	1	False	False				
helixforge_consensus	BROAD_0135	chrSynthetic2	2082014	2142565	60551	LONG_BROAD	STRONG	0.8	6000	0.09909002	0.9876137470892306	True	0.9350497270373241	1	False	0	False	True	3858	80	3858	80
helixforge_consensus	BROAD_0136	chrSynthetic2	2192915	2199316	6401	MEDIUM_BROAD	MEDIUM	0.5	1000	0.15622559	0.8767380096859866	True	0.8667181467181467	2	True	1	False	False				
helixforge_consensus	BROAD_0137	chrSynthetic2	2448036	2452957	4921	SHORT_BROAD	STRONG	0.8	0	0.0	1.0	True	0.9719533873197709	1	False	0	False	True	-70	72	70	72
helixforge_consensus	BROAD_0138	chrSynthetic2	2559151	2562459	3308	SHORT_BROAD	MEDIUM	0.5	0	0.0	1.0	True	0.9810201660735468	1	False	0	False	True	-13	51	13	51
helixforge_consensus	BROAD_0139	chrSynthetic2	2579396	2581696	2300	SHORT_BROAD	WEAK	0.25	0	0.0	0.9104347826086957	True	0.9104347826086957	1	False	0	False	True	131	-75	131	75
helixforge_consensus	BROAD_0140	chrSynthetic2	2662807	2721350	58543	LONG_BROAD	STRONG	0.8	6000	0.10248877	0.9874622072664537	True	0.9464102914079028	1	False	0	False	True	3072	69	3072	69
helixforge_consensus	BROAD_0141	chrSynthetic2	2919339	2922186	2847	SHORT_BROAD	STRONG	0.8	0	0.0	1.0	True	0.9461615154536391	1	False	0	False	True	-96	66	96	66
helixforge_consensus	BROAD_0142	chrSynthetic2	2970472	3042766	72294	LONG_BROAD	MEDIUM	0.5	7000	0.09682685	0.9243505685119097	True	0.7647937588181591	6	True	5	False	False				
helixforge_consensus	BROAD_0143	chrSynthetic2	3190909	3218644	27735	LONG_BROAD	MEDIUM	0.5	3000	0.10816658	0.9115918514512349	True	0.8122681266433742	3	True	2	False	False				
helixforge_consensus	BROAD_0144	chrSynthetic2	3438006	3452992	14986	MEDIUM_BROAD	STRONG	0.8	1000	0.06672895	0.9507540371012946	True	0.9441388907295739	2	True	1	False	False				
helixforge_consensus	BROAD_0145	chrSynthetic2	3708219	3712939	4720	SHORT_BROAD	WEAK	0.25	0	0.0	0.9911016949152542	True	0.9911016949152542	1	False	0	False	True	7	-35	7	35
helixforge_consensus	BROAD_0146	chrSynthetic2	3768926	3829287	60361	LONG_BROAD	MEDIUM	0.5	6000	0.09940193	0.922251122413479	True	0.8654934940237725	6	True	5	False	False				
helixforge_consensus	BROAD_0147	chrSynthetic2	3972172	3979920	7748	MEDIUM_BROAD	MEDIUM	0.5	1000	0.12906557	0.898812596799174	True	0.8954609746688955	2	True	1	False	False				
helixforge_consensus	BROAD_0148	chrSynthetic2	4501638	4521145	19507	MEDIUM_BROAD	WEAK	0.25	2000	0.1025273	0.9025478033526426	True	0.9019005173915271	3	True	2	False	False				
helixforge_consensus	BROAD_0149	chrSynthetic2	4619830	4660249	40419	LONG_BROAD	STRONG	0.8	4000	0.09896336	0.9814938519013335	True	0.9790715466818036	2	True	1	False	False				
helixforge_consensus	BROAD_0150	chrSynthetic2	4852261	4860163	7902	MEDIUM_BROAD	STRONG	0.8	1000	0.12655024	1.0	True	0.9841823390210487	1	False	0	False	True	-67	60	67	60
helixforge_consensus	BROAD_0151	chrSynthetic2	5028254	5032986	4732	SHORT_BROAD	STRONG	0.8	0	0.0	1.0	True	0.9690763874667213	1	False	0	False	True	-67	84	67	84
helixforge_consensus	BROAD_0152	chrSynthetic2	5211424	5228268	16844	MEDIUM_BROAD	STRONG	0.8	2000	0.11873664	0.955889337449537	True	0.9465608465608466	2	True	1	False	False				
helixforge_consensus	BROAD_0153	chrSynthetic2	5458853	5519691	60838	LONG_BROAD	WEAK	0.25	6000	0.09862257	0.9109438180084816	True	0.8499950688714291	6	True	5	False	False				
helixforge_consensus	BROAD_0154	chrSynthetic2	5619335	5621403	2068	SHORT_BROAD	STRONG	0.8	0	0.0	1.0	True	0.9473202015574896	1	False	0	False	True	-58	57	58	57
helixforge_consensus	BROAD_0155	chrSynthetic2	6158981	6172085	13104	MEDIUM_BROAD	MEDIUM	0.5	1000	0.07631258	0.9410103785103785	True	0.9365790672945465	2	True	1	False	False				
helixforge_consensus	BROAD_0156	chrSynthetic2	6199099	6252874	53775	LONG_BROAD	MEDIUM	0.5	5000	0.09298001	0.926136680613668	True	0.9249154997585708	6	True	5	False	False				
helixforge_consensus	BROAD_0157	chrSynthetic2	6279216	6282450	3234	SHORT_BROAD	STRONG	0.8	0	0.0	1.0	True	0.9650850492390332	1	False	0	False	True	-59	58	59	58
helixforge_consensus	BROAD_0158	chrSynthetic2	6352678	6368132	15454	MEDIUM_BROAD	WEAK	0.25	2000	0.12941633	0.876860359777404	True	0.876860359777404	3	True	2	False	False				
helixforge_consensus	BROAD_0159	chrSynthetic2	6401812	6420101	18289	MEDIUM_BROAD	STRONG	0.8	2000	0.10935535	0.9594838427470064	True	0.9507503928048979	2	True	1	False	False				
helixforge_consensus	BROAD_0160	chrSynthetic2	6479020	6481436	2416	SHORT_BROAD	MEDIUM	0.5	0	0.0	1.0	True	0.9785338193600648	1	False	0	False	True	-26	27	26	27
helixforge_consensus	BROAD_0161	chrSynthetic2	6569464	6588563	19099	MEDIUM_BROAD	MEDIUM	0.5	2000	0.10471752	0.9168542855646893	True	0.9140306921390542	3	True	2	False	False				
helixforge_consensus	BROAD_0162	chrSynthetic2	6682398	6761357	78959	LONG_BROAD	STRONG	0.8	8000	0.10131841	0.9530262541318912	True	0.8489215922187464	4	True	3	False	False				
helixforge_consensus	BROAD_0163	chrSynthetic2	6809545	6811953	2408	SHORT_BROAD	WEAK	0.25	0	0.0	0.9821428571428571	True	0.97808105872622	1	False	0	False	True	-10	-43	10	43
helixforge_consensus	BROAD_0164	chrSynthetic2	7031193	7039571	8378	MEDIUM_BROAD	MEDIUM	0.5	1000	0.11936023	0.9065409405586059	True	0.8950035352345039	2	True	1	False	False				
helixforge_consensus	BROAD_0165	chrSynthetic2	7128309	7132612	4303	SHORT_BROAD	WEAK	0.25	0	0.0	0.9821055077852661	True	0.9821055077852661	1	False	0	False	True	19	-58	19	58
helixforge_consensus	BROAD_0166	chrSynthetic2	7311302	7359150	47848	LONG_BROAD	STRONG	0.8	5000	0.10449758	0.9693822103327203	True	0.9666347115705235	3	True	2	False	False				
helixforge_consensus	BROAD_0167	chrSynthetic2	7508249	7512515	4266	SHORT_BROAD	WEAK	0.25	0	0.0	0.9857008907641819	True	0.9831657703998129	1	False	0	False	True	61	11	61	11
helixforge_consensus	BROAD_0168	chrSynthetic2	7542710	7558006	15296	MEDIUM_BROAD	MEDIUM	0.5	2000	0.13075314	0.8969011506276151	True	0.892873413602343	3	True	2	False	False				
helixforge_consensus	BROAD_0169	chrSynthetic2	7918244	7922064	3820	SHORT_BROAD	WEAK	0.25	0	0.0	0.9840314136125654	True	0.9840314136125654	1	False	0	False	True	9	-52	9	52
helixforge_consensus	BROAD_0170	chrSynthetic2	7969570	8039243	69673	LONG_BROAD	STRONG	0.8	7000	0.10046934	0.9679646347939661	True	0.8876282005307322	3	True	2	False	False				
helixforge_consensus	BROAD_0171	chrSynthetic2	8168352	8172595	4243	SHORT_BROAD	WEAK	0.25	0	0.0	0.994343624793778	True	0.994343624793778	1	False	0	False	True	23	-1	23	1
helixforge_consensus	BROAD_0172	chrSynthetic2	8298460	8302532	4072	SHORT_BROAD	STRONG	0.8	0	0.0	1.0	True	0.9797882579403272	1	False	0	False	True	-57	27	57	27
helixforge_consensus	BROAD_0173	chrSynthetic2	8348648	8372771	24123	LONG_BROAD	WEAK	0.25	2000	0.08290843	0.9205322721054595	True	0.9205322721054595	3	True	2	False	False				
helixforge_consensus	BROAD_0174	chrSynthetic2	8491104	8558243	67139	LONG_BROAD	STRONG	0.8	7000	0.10426131	0.9666661701842446	True	0.9303259786053293	3	True	2	False	False				
helixforge_consensus	BROAD_0175	chrSynthetic2	8588001	8592943	4942	SHORT_BROAD	WEAK	0.25	0	0.0	0.971873735329826	True	0.971873735329826	1	False	0	False	True	8	-131	8	131
helixforge_consensus	BROAD_0176	chrSynthetic2	8611368	8671705	60337	LONG_BROAD	WEAK	0.25	6000	0.09944147	0.9101380579080829	True	0.7546613189253691	5	True	4	False	False				
helixforge_consensus	BROAD_0177	chrSynthetic2	8729161	8732042	2881	SHORT_BROAD	MEDIUM	0.5	0	0.0	1.0	True	0.9648359008707301	1	False	0	False	True	-62	43	62	43
helixforge_consensus	BROAD_0178	chrSynthetic2	8969716	8972489	2773	SHORT_BROAD	MEDIUM	0.5	0	0.0	1.0	True	0.9774409587592527	1	False	0	False	True	-39	25	39	25
helixforge_consensus	BROAD_0179	chrSynthetic2	8982932	9008149	25217	LONG_BROAD	MEDIUM	0.5	3000	0.11896736	0.9041916167664671	True	0.7301820200658287	2	True	1	False	False				
helixforge_consensus	BROAD_0180	chrSynthetic2	9099324	9102515	3191	SHORT_BROAD	WEAK	0.25	0	0.0	1.0	True	0.992226368159204	1	False	0	False	True	-2	23	2	23
helixforge_consensus	BROAD_0181	chrSynthetic2	9262965	9269953	6988	MEDIUM_BROAD	WEAK	0.25	1000	0.14310246	0.8561820263308529	True	0.8561820263308529	2	True	1	False	False				
helixforge_consensus	BROAD_0182	chrSynthetic2	9298176	9302930	4754	SHORT_BROAD	MEDIUM	0.5	0	0.0	1.0	True	0.9885631108338532	1	False	0	False	True	-18	37	18	37
helixforge_consensus	BROAD_0183	chrSynthetic2	9811965	9828236	16271	MEDIUM_BROAD	MEDIUM	0.5	2000	0.12291808	0.9048614098703214	True	0.9017578244625467	3	True	2	False	False				
helixforge_consensus	BROAD_0184	chrSynthetic2	9879462	9882535	3073	SHORT_BROAD	MEDIUM	0.5	0	0.0	1.0	True	0.9830454254638515	1	False	0	False	True	-2	51	2	51
helixforge_consensus	BROAD_0185	chrSynthetic2	10311895	10318630	6735	MEDIUM_BROAD	WEAK	0.25	1000	0.1484781	0.8374164810690423	True	0.8374164810690423	2	True	1	False	False				
helixforge_consensus	BROAD_0186	chrSynthetic2	10358012	10362988	4976	SHORT_BROAD	WEAK	0.25	0	0.0	0.9913585209003215	True	0.9913585209003215	1	False	0	False	True	7	-36	7	36
helixforge_consensus	BROAD_0187	chrSynthetic2	10461958	10499917	37959	LONG_BROAD	STRONG	0.8	4000	0.10537685	0.9804525935878184	True	0.8958793811177771	1	False	0	False	True	3912	45	3912	45
helixforge_consensus	BROAD_0188	chrSynthetic2	10928169	10932993	4824	SHORT_BROAD	STRONG	0.8	0	0.0	1.0	True	0.9686746987951808	1	False	0	False	True	-82	74	82	74
helixforge_consensus	BROAD_0189	chrSynthetic2	11208067	11261672	53605	LONG_BROAD	MEDIUM	0.5	5000	0.09327488	0.9260143643316855	True	0.9250824651968915	6	True	5	False	False				
helixforge_consensus	BROAD_0190	chrSynthetic2	11338399	11342682	4283	SHORT_BROAD	MEDIUM	0.5	0	0.0	1.0	True	0.9789714285714286	1	False	0	False	True	-70	22	70	22
helixforge_consensus	BROAD_0191	chrSynthetic2	11499795	11542724	42929	LONG_BROAD	STRONG	0.8	4000	0.09317711	0.9648722308928697	True	0.9622049804868984	3	True	2	False	False				
helixforge_consensus	BROAD_0192	chrSynthetic2	11582087	11639337	57250	LONG_BROAD	STRONG	0.8	6000	0.10480349	0.9486986899563319	True	0.8863434280035567	4	True	3	False	False				
helixforge_consensus	BROAD_0193	chrSynthetic2	11668369	11681220	12851	MEDIUM_BROAD	WEAK	0.25	1000	0.07781496	0.917360516691308	True	0.917360516691308	2	True	1	False	False				
helixforge_consensus	BROAD_0194	chrSynthetic2	11802594	11858412	55818	LONG_BROAD	MEDIUM	0.5	6000	0.10749221	0.9153857178687879	True	0.8255043176036404	5	True	4	False	False				
helixforge_consensus	BROAD_0195	chrSynthetic2	11901028	11940669	39641	LONG_BROAD	WEAK	0.25	4000	0.10090563	0.905628011402336	True	0.8080522691153099	4	True	3	False	False				
helixforge_consensus	BROAD_0196	chrSynthetic2	12210428	12218166	7738	MEDIUM_BROAD	MEDIUM	0.5	1000	0.12923236	0.8962264150943396	True	0.8892165662264393	2	True	1	False	False				
helixforge_consensus	BROAD_0197	chrSynthetic2	12248147	12252445	4298	SHORT_BROAD	STRONG	0.8	0	0.0	1.0	True	0.9684542586750788	1	False	0	False	True	-72	68	72	68
helixforge_consensus	BROAD_0198	chrSynthetic2	12582987	12630850	47863	LONG_BROAD	MEDIUM	0.5	5000	0.10446483	0.917890646219418	True	0.8727329646248565	5	True	4	False	False				
helixforge_consensus	BROAD_0199	chrSynthetic2	12668938	12680214	11276	MEDIUM_BROAD	MEDIUM	0.5	1000	0.08868393	0.9303831145796382	True	0.9235035211267606	2	True	1	False	False				
helixforge_consensus	BROAD_0200	chrSynthetic2	12748385	12812918	64533	LONG_BROAD	MEDIUM	0.5	6000	0.09297569	0.9279128507895186	True	0.9267783074351513	7	True	6	False	False				
helixforge_consensus	BROAD_0201	chrSynthetic2	12881950	12948201	66251	LONG_BROAD	MEDIUM	0.5	7000	0.10565878	0.916318244252917	True	0.8339043938959412	6	True	5	False	False				
helixforge_consensus	BROAD_0202	chrSynthetic2	13118033	13132979	14946	MEDIUM_BROAD	STRONG	0.8	1000	0.06690753	1.0	True	0.9908512330946698	1	False	0	False	True	-69	69	69	69
helixforge_consensus	BROAD_0203	chrSynthetic2	13218428	13222883	4455	SHORT_BROAD	STRONG	0.8	0	0.0	1.0	True	0.9784757302877224	1	False	0	False	True	-43	55	43	55
helixforge_consensus	BROAD_0204	chrSynthetic2	13308598	13312884	4286	SHORT_BROAD	STRONG	0.8	0	0.0	1.0	True	0.9732061762034514	1	False	0	False	True	-65	53	65	53
helixforge_consensus	BROAD_0205	chrSynthetic2	13448939	13452213	3274	SHORT_BROAD	WEAK	0.25	0	0.0	0.952351863164325	True	0.952351863164325	1	False	0	False	True	91	-65	91	65
helixforge_consensus	BROAD_0206	chrSynthetic2	13549151	13552970	3819	SHORT_BROAD	WEAK	0.25	0	0.0	0.9656978266561927	True	0.9656978266561927	1	False	0	False	True	81	-50	81	50
helixforge_consensus	BROAD_0207	chrSynthetic2	13571235	13620631	49396	LONG_BROAD	MEDIUM	0.5	5000	0.10122277	0.9213296623208357	True	0.7469228277593327	4	True	3	False	False				
helixforge_consensus	BROAD_0208	chrSynthetic2	13808304	13812262	3958	SHORT_BROAD	MEDIUM	0.5	0	0.0	1.0	True	0.9828656568164887	1	False	0	False	True	-48	21	48	21
helixforge_consensus	BROAD_0209	chrSynthetic2	13978003	13982583	4580	SHORT_BROAD	MEDIUM	0.5	0	0.0	1.0	True	0.9660409196372073	1	False	0	False	True	-100	61	100	61
helixforge_consensus	BROAD_0210	chrSynthetic2	14060186	14102161	41975	LONG_BROAD	STRONG	0.8	4000	0.09529482	0.9821083978558666	True	0.9800537289304139	2	True	1	False	False				
helixforge_consensus	BROAD_0211	chrSynthetic2	14168898	14179349	10451	MEDIUM_BROAD	MEDIUM	0.5	1000	0.09568462	0.9224954549803847	True	0.914879483773012	2	True	1	False	False				
helixforge_consensus	BROAD_0212	chrSynthetic2	14258722	14289999	31277	LONG_BROAD	STRONG	0.8	3000	0.09591713	0.9762764971065	True	0.9718332272437937	2	True	1	False	False				
helixforge_consensus	BROAD_0213	chrSynthetic2	14450116	14459427	9311	MEDIUM_BROAD	MEDIUM	0.5	1000	0.10739985	0.9182687144237998	True	0.9126814688300597	2	True	1	False	False				
helixforge_consensus	BROAD_0214	chrSynthetic2	14542187	14620175	77988	LONG_BROAD	WEAK	0.25	8000	0.10257988	0.907870441606401	True	0.8174462737857107	7	True	6	False	False				
helixforge_consensus	BROAD_0215	chrSynthetic2	14908725	14982360	73635	LONG_BROAD	STRONG	0.8	7000	0.09506349	0.9600869151897875	True	0.8724117343754241	4	True	3	False	False				
helixforge_consensus	BROAD_0216	chrSynthetic2	15168089	15172299	4210	SHORT_BROAD	MEDIUM	0.5	0	0.0	1.0	True	0.9770248317475052	1	False	0	False	True	-30	69	30	69
helixforge_consensus	BROAD_0217	chrSynthetic2	15250482	15270078	19596	MEDIUM_BROAD	STRONG	0.8	2000	0.10206165	0.9243723208818126	True	0.9160050568900127	3	True	2	False	False				
helixforge_consensus	BROAD_0218	chrSynthetic2	15471301	15549317	78016	LONG_BROAD	WEAK	0.25	8000	0.10254307	0.9066217186218212	True	0.8171657095980311	7	True	6	False	False				
helixforge_consensus	BROAD_0219	chrSynthetic2	15589133	15591528	2395	SHORT_BROAD	WEAK	0.25	0	0.0	0.9845511482254697	True	0.9845511482254697	1	False	0	False	True	26	-11	26	11
helixforge_consensus	BROAD_0220	chrSynthetic2	15729407	15802508	73101	LONG_BROAD	WEAK	0.25	7000	0.09575792	0.9136810713943722	True	0.7471990807239299	6	True	5	False	False				
helixforge_consensus	BROAD_0221	chrSynthetic2	15852096	15898056	45960	LONG_BROAD	MEDIUM	0.5	5000	0.10879025	0.9136205395996518	True	0.8011531766753699	4	True	3	False	False				
helixforge_consensus	BROAD_0222	chrSynthetic2	15972727	15978336	5609	MEDIUM_BROAD	WEAK	0.25	1000	0.1782849	0.8283116420039223	True	0.8277213611259576	2	True	1	False	False				
helixforge_consensus	BROAD_0223	chrSynthetic2	16008261	16058855	50594	LONG_BROAD	WEAK	0.25	5000	0.09882595	0.9102462742617702	True	0.8523560209424084	5	True	4	False	False				
helixforge_consensus	BROAD_0224	chrSynthetic2	16708422	16712228	3806	SHORT_BROAD	MEDIUM	0.5	0	0.0	0.9971098265895953	True	0.9875097580015613	1	False	0	False	True	11	37	11	37
helixforge_consensus	BROAD_0225	chrSynthetic2	16872448	16928150	55702	LONG_BROAD	WEAK	0.25	6000	0.10771606	0.9009012243725539	True	0.8158593946357402	5	True	4	False	False				
helixforge_consensus	BROAD_0226	chrSynthetic2	17211066	17219061	7995	MEDIUM_BROAD	WEAK	0.25	1000	0.12507817	0.8809255784865541	True	0.8809255784865541	2	True	1	False	False				
helixforge_consensus	BROAD_0227	chrSynthetic2	17290264	17308539	18275	MEDIUM_BROAD	MEDIUM	0.5	2000	0.10943912	0.9141997264021888	True	0.9101160320313777	3	True	2	False	False				
helixforge_consensus	BROAD_0228	chrSynthetic2	17499514	17501984	2470	SHORT_BROAD	STRONG	0.8	0	0.0	1.0	True	0.9584788513775708	1	False	0	False	True	-49	58	49	58
helixforge_consensus	BROAD_0229	chrSynthetic2	17528749	17531195	2446	SHORT_BROAD	STRONG	0.8	0	0.0	1.0	True	0.9502719502719502	1	False	0	False	True	-53	75	53	75
helixforge_consensus	BROAD_0230	chrSynthetic2	17618543	17621858	3315	SHORT_BROAD	MEDIUM	0.5	0	0.0	1.0	True	0.981931279620853	1	False	0	False	True	-42	19	42	19
helixforge_consensus	BROAD_0231	chrSynthetic2	17678784	17682199	3415	SHORT_BROAD	MEDIUM	0.5	0	0.0	1.0	True	0.9757142857142858	1	False	0	False	True	-25	60	25	60
helixforge_consensus	BROAD_0232	chrSynthetic2	18081760	18109021	27261	LONG_BROAD	MEDIUM	0.5	3000	0.11004732	0.913869630607828	True	0.9106294319760216	4	True	3	False	False				
helixforge_consensus	BROAD_0233	chrSynthetic2	18402035	18408581	6546	MEDIUM_BROAD	MEDIUM	0.5	1000	0.15276505	0.8771769019248395	True	0.8703956343792633	2	True	1	False	False				
helixforge_consensus	BROAD_0234	chrSynthetic2	18599508	18619459	19951	MEDIUM_BROAD	STRONG	0.8	2000	0.1002456	0.963360232569796	True	0.9568853928109131	2	True	1	False	False				
helixforge_consensus	BROAD_0235	chrSynthetic2	18749415	18752126	2711	SHORT_BROAD	MEDIUM	0.5	0	0.0	1.0	True	0.9713364385524902	1	False	0	False	True	-44	36	44	36
helixforge_consensus	BROAD_0236	chrSynthetic2	18912952	18928337	15385	MEDIUM_BROAD	WEAK	0.25	2000	0.12999675	0.8830679233019174	True	0.8830679233019174	3	True	2	False	False				
helixforge_consensus	BROAD_0237	chrSynthetic2	19239149	19242846	3697	SHORT_BROAD	STRONG	0.8	0	0.0	1.0	True	0.9610085781128151	1	False	0	False	True	-52	98	52	98
helixforge_consensus	BROAD_0238	chrSynthetic2	19290889	19309118	18229	MEDIUM_BROAD	MEDIUM	0.5	2000	0.10971529	0.9136540676943332	True	0.9102585123244248	3	True	2	False	False				
helixforge_consensus	BROAD_0239	chrSynthetic2	19352784	19358057	5273	MEDIUM_BROAD	STRONG	0.8	1000	0.18964536	0.8621278209747771	True	0.8390550018456995	2	True	1	False	False				
helixforge_consensus	BROAD_0240	chrSynthetic2	19408636	19412258	3622	SHORT_BROAD	WEAK	0.25	0	0.0	1.0	True	0.9807744381261847	1	False	0	False	True	-37	34	37	34
helixforge_consensus	BROAD_0241	chrSynthetic2	19488889	19551071	62182	LONG_BROAD	WEAK	0.25	6000	0.09649095	0.9127239394036859	True	0.7316908430092309	5	True	4	False	False				
helixforge_consensus	BROAD_0242	chrSynthetic2	19681649	19692933	11284	MEDIUM_BROAD	STRONG	0.8	1000	0.08862106	0.934420418291386	True	0.9216783216783216	2	True	1	False	False				
helixforge_consensus	BROAD_0243	chrSynthetic2	19880571	19942911	62340	LONG_BROAD	STRONG	0.8	6000	0.09624639	0.9641803015720244	True	0.8904917612361352	3	True	2	False	False				
helixforge_consensus	BROAD_0244	chrSynthetic3	120314	122729	2415	SHORT_BROAD	STRONG	0.8	0	0.0	1.0	True	0.946687573500588	1	False	0	False	True	-50	86	50	86
helixforge_consensus	BROAD_0245	chrSynthetic3	252601	328322	75721	LONG_BROAD	WEAK	0.25	8000	0.10565101	0.9041217099615695	True	0.8416423449241294	7	True	6	False	False				
helixforge_consensus	BROAD_0246	chrSynthetic3	568295	572735	4440	SHORT_BROAD	STRONG	0.8	0	0.0	1.0	True	0.9788359788359788	1	False	0	False	True	-36	60	36	60
helixforge_consensus	BROAD_0247	chrSynthetic3	659461	702183	42722	LONG_BROAD	MEDIUM	0.5	4000	0.09362858	0.9270867468751463	True	0.9256350931314122	5	True	4	False	False				
helixforge_consensus	BROAD_0248	chrSynthetic3	789309	842643	53334	LONG_BROAD	WEAK	0.25	5000	0.09374883	0.9144260696741291	True	0.9144260696741291	6	True	5	False	False				
helixforge_consensus	BROAD_0249	chrSynthetic3	988426	992977	4551	SHORT_BROAD	STRONG	0.8	0	0.0	1.0	True	0.9759811280291658	1	False	0	False	True	-45	67	45	67
helixforge_consensus	BROAD_0250	chrSynthetic3	1098496	1112374	13878	MEDIUM_BROAD	STRONG	0.8	1000	0.07205649	0.9473267041360427	True	0.935929379938777	2	True	1	False	False				
helixforge_consensus	BROAD_0251	chrSynthetic3	1221691	1239763	18072	MEDIUM_BROAD	MEDIUM	0.5	2000	0.11066844	0.9117972554227535	True	0.9078287697647512	3	True	2	False	False				
helixforge_consensus	BROAD_0252	chrSynthetic3	1492480	1522641	30161	LONG_BROAD	STRONG	0.8	3000	0.0994662	0.9268591890189317	True	0.8365012726852005	3	True	2	False	False				
helixforge_consensus	BROAD_0253	chrSynthetic3	1639070	1652001	12931	MEDIUM_BROAD	STRONG	0.8	1000	0.07733354	0.9414585105560281	True	0.9303071985327831	2	True	1	False	False				
helixforge_consensus	BROAD_0254	chrSynthetic3	1672391	1740653	68262	LONG_BROAD	WEAK	0.25	7000	0.10254607	0.9064193841375875	True	0.7997568193138203	6	True	5	False	False				
helixforge_consensus	BROAD_0255	chrSynthetic3	1799183	1818233	19050	MEDIUM_BROAD	STRONG	0.8	2000	0.10498688	0.9206299212598426	True	0.9134850773477785	3	True	2	False	False				
helixforge_consensus	BROAD_0256	chrSynthetic3	1890024	1892639	2615	SHORT_BROAD	WEAK	0.25	0	0.0	0.9831739961759082	True	0.9786829082603731	1	False	0	False	True	-12	-44	12	44
helixforge_consensus	BROAD_0257	chrSynthetic3	1948883	2018903	70020	LONG_BROAD	STRONG	0.8	7000	0.09997144	0.9368608968866038	True	0.8924698967071848	6	True	5	False	False				
helixforge_consensus	BROAD_0258	chrSynthetic3	2650915	2702907	51992	LONG_BROAD	MEDIUM	0.5	5000	0.09616864	0.9237767348822896	True	0.8426486704735536	5	True	4	False	False				
helixforge_consensus	BROAD_0259	chrSynthetic3	3062620	3078292	15672	MEDIUM_BROAD	WEAK	0.25	2000	0.12761613	0.8833588565594691	True	0.8833588565594691	3	True	2	False	False				
helixforge_consensus	BROAD_0260	chrSynthetic3	3128198	3131470	3272	SHORT_BROAD	WEAK	0.25	0	0.0	0.9691320293398533	True	0.9691320293398533	1	False	0	False	True	62	-39	62	39
helixforge_consensus	BROAD_0261	chrSynthetic3	3181794	3202269	20475	LONG_BROAD	STRONG	0.8	2000	0.0976801	0.9281562881562881	True	0.9223899432121536	3	True	2	False	False				
helixforge_consensus	BROAD_0262	chrSynthetic3	3552538	3579348	26810	LONG_BROAD	WEAK	0.25	3000	0.11189855	0.8975755315180902	True	0.8051662442224542	3	True	2	False	False				
helixforge_consensus	BROAD_0263	chrSynthetic3	3838028	3842940	4912	SHORT_BROAD	MEDIUM	0.5	0	0.0	1.0	True	0.9939295831647107	1	False	0	False	True	-15	15	15	15
helixforge_consensus	BROAD_0264	chrSynthetic3	3888139	3892446	4307	SHORT_BROAD	MEDIUM	0.5	0	0.0	1.0	True	0.9775306400363141	1	False	0	False	True	-53	46	53	46
helixforge_consensus	BROAD_0265	chrSynthetic3	4360280	4400559	40279	LONG_BROAD	WEAK	0.25	4000	0.09930733	0.908289679485588	True	0.908289679485588	5	True	4	False	False				
helixforge_consensus	BROAD_0266	chrSynthetic3	4691637	4702172	10535	MEDIUM_BROAD	STRONG	0.8	1000	0.09492169	0.9307071665875652	True	0.9210897134805073	2	True	1	False	False				
helixforge_consensus	BROAD_0267	chrSynthetic3	4848077	4861441	13364	MEDIUM_BROAD	WEAK	0.25	1000	0.0748279	0.9307841963483987	True	0.9289768483943242	2	True	1	False	False				
helixforge_consensus	BROAD_0268	chrSynthetic3	4872004	4878006	6002	MEDIUM_BROAD	STRONG	0.8	1000	0.16661113	1.0	True	0.9726138389239993	1	False	0	False	True	-91	78	91	78
helixforge_consensus	BROAD_0269	chrSynthetic3	4981082	5038344	57262	LONG_BROAD	MEDIUM	0.5	6000	0.10478153	0.9175194719010862	True	0.8042506374209772	5	True	4	False	False				
helixforge_consensus	BROAD_0270	chrSynthetic3	5138692	5189058	50366	LONG_BROAD	STRONG	0.8	5000	0.09927332	0.955763808918715	True	0.892376058880711	3	True	2	False	False				
helixforge_consensus	BROAD_0271	chrSynthetic3	5488676	5491699	3023	SHORT_BROAD	WEAK	0.25	0	0.0	0.9804829639431029	True	0.9804829639431029	1	False	0	False	True	41	-18	41	18
helixforge_consensus	BROAD_0272	chrSynthetic3	5659961	5722636	62675	LONG_BROAD	WEAK	0.25	6000	0.09573195	0.9116234543278819	True	0.8312245712006382	6	True	5	False	False				
helixforge_consensus	BROAD_0273	chrSynthetic3	5778019	5782983	4964	SHORT_BROAD	STRONG	0.8	0	0.0	1.0	True	0.9804463756666009	1	False	0	False	True	-52	47	52	47
helixforge_consensus	BROAD_0274	chrSynthetic3	5828447	5830662	2215	SHORT_BROAD	WEAK	0.25	0	0.0	0.9900677200902934	True	0.9865047233468286	1	False	0	False	True	22	8	22	8
helixforge_consensus	BROAD_0275	chrSynthetic3	5938247	5942537	4290	SHORT_BROAD	WEAK	0.25	0	0.0	0.9799533799533799	True	0.9799533799533799	1	False	0	False	True	34	-52	34	52
helixforge_consensus	BROAD_0276	chrSynthetic3	6028896	6032800	3904	SHORT_BROAD	WEAK	0.25	0	0.0	0.9964139344262295	True	0.9833164812942367	1	False	0	False	True	-52	-14	52	14
helixforge_consensus	BROAD_0277	chrSynthetic3	6148442	6152901	4459	SHORT_BROAD	MEDIUM	0.5	0	0.0	1.0	True	0.9849790148000883	1	False	0	False	True	-18	50	18	50
helixforge_consensus	BROAD_0278	chrSynthetic3	6212973	6218261	5288	MEDIUM_BROAD	MEDIUM	0.5	1000	0.18910741	0.8534417549167927	True	0.8487869099116043	2	True	1	False	False				
helixforge_consensus	BROAD_0279	chrSynthetic3	6580064	6638725	58661	LONG_BROAD	MEDIUM	0.5	6000	0.10228261	0.9195888239204923	True	0.7855304205519852	5	True	4	False	False				
helixforge_consensus	BROAD_0280	chrSynthetic3	6758487	6760840	2353	SHORT_BROAD	WEAK	0.25	0	0.0	0.9796005099872503	True	0.974218089602705	1	False	0	False	True	48	13	48	13
helixforge_consensus	BROAD_0281	chrSynthetic3	6792260	6839357	47097	LONG_BROAD	STRONG	0.8	5000	0.10616387	0.921842155551309	True	0.786568146591078	4	True	3	False	False				
helixforge_consensus	BROAD_0282	chrSynthetic3	7099989	7109846	9857	MEDIUM_BROAD	WEAK	0.25	1000	0.10145075	0.9094044841229583	True	0.9068285280728376	2	True	1	False	False				
helixforge_consensus	BROAD_0283	chrSynthetic3	7159774	7172793	13019	MEDIUM_BROAD	MEDIUM	0.5	1000	0.07681081	0.938704969659728	True	0.9327583575026713	2	True	1	False	False				
helixforge_consensus	BROAD_0284	chrSynthetic3	7261848	7268870	7022	MEDIUM_BROAD	MEDIUM	0.5	1000	0.14240957	0.8886357163201367	True	0.8788732394366198	2	True	1	False	False				
helixforge_consensus	BROAD_0285	chrSynthetic3	7459485	7509523	50038	LONG_BROAD	MEDIUM	0.5	5000	0.09992406	0.9210000399696231	True	0.8481384520074342	5	True	4	False	False				
helixforge_consensus	BROAD_0286	chrSynthetic3	7878929	7890732	11803	MEDIUM_BROAD	STRONG	0.8	1000	0.08472422	0.9367110056765229	True	0.9262734584450402	2	True	1	False	False				
helixforge_consensus	BROAD_0287	chrSynthetic3	7901169	7908400	7231	MEDIUM_BROAD	MEDIUM	0.5	1000	0.13829346	0.8885354722721616	True	0.8779721235310194	2	True	1	False	False				
helixforge_consensus	BROAD_0288	chrSynthetic3	8081936	8088929	6993	MEDIUM_BROAD	STRONG	0.8	1000	0.14300014	0.8954668954668955	True	0.8811031377515126	2	True	1	False	False				
helixforge_consensus	BROAD_0289	chrSynthetic3	8282984	8298190	15206	MEDIUM_BROAD	WEAK	0.25	2000	0.13152703	0.8839273970800999	True	0.8806840518935919	3	True	2	False	False				
helixforge_consensus	BROAD_0290	chrSynthetic3	8499520	8501757	2237	SHORT_BROAD	MEDIUM	0.5	0	0.0	1.0	True	0.9498938428874735	1	False	0	False	True	-60	58	60	58
helixforge_consensus	BROAD_0291	chrSynthetic3	8560534	8568648	8114	MEDIUM_BROAD	MEDIUM	0.5	1000	0.12324378	0.9022676854818832	True	0.8910662122687439	2	True	1	False	False				
helixforge_consensus	BROAD_0292	chrSynthetic3	8602363	8618267	15904	MEDIUM_BROAD	WEAK	0.25	2000	0.12575453	0.8816649899396378	True	0.8805576488319518	3	True	2	False	False				
helixforge_consensus	BROAD_0293	chrSynthetic3	8652701	8661784	9083	MEDIUM_BROAD	WEAK	0.25	1000	0.11009578	0.9001431245183309	True	0.8986590459441636	2	True	1	False	False				
helixforge_consensus	BROAD_0294	chrSynthetic3	8800007	8862559	62552	LONG_BROAD	WEAK	0.25	6000	0.09592019	0.9140075457219593	True	0.8345536513620667	6	True	5	False	False				
helixforge_consensus	BROAD_0295	chrSynthetic3	9002156	9060477	58321	LONG_BROAD	MEDIUM	0.5	6000	0.10287889	0.9186056480513023	True	0.7894926355858096	5	True	4	False	False				
helixforge_consensus	BROAD_0296	chrSynthetic3	9328227	9331015	2788	SHORT_BROAD	STRONG	0.8	0	0.0	1.0	True	0.9577464788732394	1	False	0	False	True	-56	67	56	67
helixforge_consensus	BROAD_0297	chrSynthetic3	9360469	9428104	67635	LONG_BROAD	MEDIUM	0.5	7000	0.10349671	0.919568270865676	True	0.818289347231463	6	True	5	False	False				
helixforge_consensus	BROAD_0298	chrSynthetic3	9548995	9552853	3858	SHORT_BROAD	WEAK	0.25	0	0.0	0.9950751684810782	True	0.9950751684810782	1	False	0	False	True	11	-8	11	8
helixforge_consensus	BROAD_0299	chrSynthetic3	9638582	9642328	3746	SHORT_BROAD	MEDIUM	0.5	0	0.0	1.0	True	0.9863085834649815	1	False	0	False	True	-36	16	36	16
helixforge_consensus	BROAD_0300	chrSynthetic3	9768776	9772799	4023	SHORT_BROAD	WEAK	0.25	0	0.0	0.9741486452895849	True	0.9741486452895849	1	False	0	False	True	91	-13	91	13
helixforge_consensus	BROAD_0301	chrSynthetic3	9898924	9960614	61690	LONG_BROAD	STRONG	0.8	6000	0.0972605	0.9521964662019776	True	0.8740466050232377	4	True	3	False	False				
helixforge_consensus	BROAD_0302	chrSynthetic3	10088413	10101379	12966	MEDIUM_BROAD	WEAK	0.25	1000	0.07712479	0.9228752120931667	True	0.9228752120931667	2	True	1	False	False				
helixforge_consensus	BROAD_0303	chrSynthetic3	10138414	10208476	70062	LONG_BROAD	STRONG	0.8	7000	0.09991151	0.9469184436641832	True	0.8134509434500871	4	True	3	False	False				
helixforge_consensus	BROAD_0304	chrSynthetic3	10220640	10232725	12085	MEDIUM_BROAD	WEAK	0.25	1000	0.08274721	0.915846090194456	True	0.915846090194456	2	True	1	False	False				
helixforge_consensus	BROAD_0305	chrSynthetic3	10401783	10418514	16731	MEDIUM_BROAD	STRONG	0.8	2000	0.11953858	0.9547546470623394	True	0.9484621778886118	2	True	1	False	False				
helixforge_consensus	BROAD_0306	chrSynthetic3	10442950	10458081	15131	MEDIUM_BROAD	WEAK	0.25	2000	0.13217897	0.8772057365673122	True	0.8772057365673122	3	True	2	False	False				
helixforge_consensus	BROAD_0307	chrSynthetic3	10489084	10561813	72729	LONG_BROAD	MEDIUM	0.5	7000	0.09624771	0.9251467777640281	True	0.7611544225824637	6	True	5	False	False				
helixforge_consensus	BROAD_0308	chrSynthetic3	10771723	10788295	16572	MEDIUM_BROAD	MEDIUM	0.5	2000	0.12068549	0.9055032585083272	True	0.9009906934854398	3	True	2	False	False				
helixforge_consensus	BROAD_0309	chrSynthetic3	10901562	10909648	8086	MEDIUM_BROAD	STRONG	0.8	1000	0.12367054	1.0	True	0.9832198443579766	1	False	0	False	True	-70	68	70	68
helixforge_consensus	BROAD_0310	chrSynthetic3	11139151	11162730	23579	LONG_BROAD	WEAK	0.25	2000	0.08482124	0.9163238474914118	True	0.916129579375848	3	True	2	False	False				
helixforge_consensus	BROAD_0311	chrSynthetic3	11200391	11240106	39715	LONG_BROAD	MEDIUM	0.5	4000	0.10071761	0.9202064711066348	True	0.9178030588412567	5	True	4	False	False				
helixforge_consensus	BROAD_0312	chrSynthetic3	11498231	11502794	4563	SHORT_BROAD	STRONG	0.8	0	0.0	1.0	True	0.9739594450373532	1	False	0	False	True	-58	64	58	64
helixforge_consensus	BROAD_0313	chrSynthetic3	11568586	11572704	4118	SHORT_BROAD	STRONG	0.8	0	0.0	1.0	True	0.974905303030303	1	False	0	False	True	-49	57	49	57
helixforge_consensus	BROAD_0314	chrSynthetic3	11718256	11722627	4371	SHORT_BROAD	STRONG	0.8	0	0.0	1.0	True	0.9698247171067229	1	False	0	False	True	-86	50	86	50
helixforge_consensus	BROAD_0315	chrSynthetic3	11958572	11962626	4054	SHORT_BROAD	STRONG	0.8	0	0.0	1.0	True	0.9673109043187783	1	False	0	False	True	-71	66	71	66
helixforge_consensus	BROAD_0316	chrSynthetic3	12180462	12230945	50483	LONG_BROAD	WEAK	0.25	5000	0.09904324	0.9097517976348474	True	0.7213319335221757	4	True	3	False	False				
helixforge_consensus	BROAD_0317	chrSynthetic3	12402802	12408505	5703	MEDIUM_BROAD	WEAK	0.25	1000	0.17534631	0.8404348588462213	True	0.8389637668475407	2	True	1	False	False				
helixforge_consensus	BROAD_0318	chrSynthetic3	12438830	12442253	3423	SHORT_BROAD	STRONG	0.8	0	0.0	1.0	True	0.9683168316831683	1	False	0	False	True	-61	51	61	51
helixforge_consensus	BROAD_0319	chrSynthetic3	12538006	12542868	4862	SHORT_BROAD	WEAK	0.25	0	0.0	0.9849856026326614	True	0.9849856026326614	1	False	0	False	True	18	-55	18	55
helixforge_consensus	BROAD_0320	chrSynthetic3	12591159	12668619	77460	LONG_BROAD	STRONG	0.8	8000	0.10327911	0.961696359411309	True	0.9257897181790028	4	True	3	False	False				
helixforge_consensus	BROAD_0321	chrSynthetic3	12859657	12861690	2033	SHORT_BROAD	MEDIUM	0.5	0	0.0	1.0	True	0.9741255390512698	1	False	0	False	True	-4	50	4	50
helixforge_consensus	BROAD_0322	chrSynthetic3	13202293	13210676	8383	MEDIUM_BROAD	WEAK	0.25	1000	0.11928904	0.8926398663962782	True	0.8924269528920692	2	True	1	False	False				
helixforge_consensus	BROAD_0323	chrSynthetic3	13311560	13328087	16527	MEDIUM_BROAD	WEAK	0.25	2000	0.1210141	0.8844920433230471	True	0.8840106434446057	3	True	2	False	False				
helixforge_consensus	BROAD_0324	chrSynthetic3	13452599	13458552	5953	MEDIUM_BROAD	STRONG	0.8	1000	0.16798253	1.0	True	0.9760616494507296	1	False	0	False	True	-80	66	80	66
helixforge_consensus	BROAD_0325	chrSynthetic3	13562872	13578658	15786	MEDIUM_BROAD	WEAK	0.25	2000	0.12669454	0.88654503990878	True	0.88654503990878	3	True	2	False	False				
helixforge_consensus	BROAD_0326	chrSynthetic3	13649000	13651863	2863	SHORT_BROAD	MEDIUM	0.5	0	0.0	1.0	True	0.9714964370546318	1	False	0	False	True	-30	54	30	54
helixforge_consensus	BROAD_0327	chrSynthetic3	13839778	13842616	2838	SHORT_BROAD	STRONG	0.8	0	0.0	1.0	True	0.9600811907983762	1	False	0	False	True	-55	63	55	63
helixforge_consensus	BROAD_0328	chrSynthetic3	13938238	13941654	3416	SHORT_BROAD	WEAK	0.25	0	0.0	0.9844847775175644	True	0.9844847775175644	1	False	0	False	True	24	-29	24	29
helixforge_consensus	BROAD_0329	chrSynthetic3	14292661	14309411	16750	MEDIUM_BROAD	WEAK	0.25	2000	0.11940299	0.8887164179104478	True	0.8877624045801527	3	True	2	False	False				
helixforge_consensus	BROAD_0330	chrSynthetic3	14619095	14621211	2116	SHORT_BROAD	MEDIUM	0.5	0	0.0	1.0	True	0.966651439013248	1	False	0	False	True	-50	23	50	23
helixforge_consensus	BROAD_0331	chrSynthetic3	14641038	14650615	9577	MEDIUM_BROAD	WEAK	0.25	1000	0.10441683	0.8987156729664822	True	0.898059265442404	2	True	1	False	False				
helixforge_consensus	BROAD_0332	chrSynthetic3	14671680	14690583	18903	MEDIUM_BROAD	WEAK	0.25	2000	0.10580331	0.8976352959847643	True	0.8976352959847643	3	True	2	False	False				
helixforge_consensus	BROAD_0333	chrSynthetic3	14922988	14978005	55017	LONG_BROAD	MEDIUM	0.5	6000	0.1090572	0.9132813494010942	True	0.8363233182470873	5	True	4	False	False				
helixforge_consensus	BROAD_0334	chrSynthetic3	14992980	15068200	75220	LONG_BROAD	MEDIUM	0.5	8000	0.10635469	0.9153549587875565	True	0.8564610475937251	7	True	6	False	False				
helixforge_consensus	BROAD_0335	chrSynthetic3	15078283	15092603	14320	MEDIUM_BROAD	STRONG	0.8	1000	0.0698324	0.9474162011173184	True	0.9374654505251521	2	True	1	False	False				
helixforge_consensus	BROAD_0336	chrSynthetic3	15241681	15249222	7541	MEDIUM_BROAD	STRONG	0.8	1000	0.13260841	1.0	True	0.9830530569678008	1	False	0	False	True	-58	72	58	72
helixforge_consensus	BROAD_0337	chrSynthetic3	15290389	15292483	2094	SHORT_BROAD	STRONG	0.8	0	0.0	1.0	True	0.9398563734290843	1	False	0	False	True	-69	65	69	65
helixforge_consensus	BROAD_0338	chrSynthetic3	15382551	15388444	5893	MEDIUM_BROAD	MEDIUM	0.5	1000	0.16969286	0.8654335652469031	True	0.8512769153730596	2	True	1	False	False				
helixforge_consensus	BROAD_0339	chrSynthetic3	15408521	15472804	64283	LONG_BROAD	MEDIUM	0.5	6000	0.09333727	0.9261857722881632	True	0.9252214452214452	7	True	6	False	False				
helixforge_consensus	BROAD_0340	chrSynthetic3	15741514	15818431	76917	LONG_BROAD	WEAK	0.25	8000	0.10400822	0.9040524201411911	True	0.8274633696061989	7	True	6	False	False				
helixforge_consensus	BROAD_0341	chrSynthetic3	15978593	16012673	34080	LONG_BROAD	STRONG	0.8	3000	0.08802817	0.9565727699530516	True	0.9530213114274856	3	True	2	False	False				
helixforge_consensus	BROAD_0342	chrSynthetic3	16149239	16152194	2955	SHORT_BROAD	WEAK	0.25	0	0.0	0.9871404399323181	True	0.9871404399323181	1	False	0	False	True	27	-11	27	11
helixforge_consensus	BROAD_0343	chrSynthetic3	16309651	16328375	18724	MEDIUM_BROAD	WEAK	0.25	2000	0.10681478	0.9030121768852809	True	0.9024338172502135	3	True	2	False	False				
helixforge_consensus	BROAD_0344	chrSynthetic3	16378076	16382968	4892	SHORT_BROAD	MEDIUM	0.5	0	0.0	1.0	True	0.983514274225975	1	False	0	False	True	-38	44	38	44
helixforge_consensus	BROAD_0345	chrSynthetic3	16498262	16570230	71968	LONG_BROAD	MEDIUM	0.5	7000	0.09726545	0.9229657625611383	True	0.7678412627834593	6	True	5	False	False				
helixforge_consensus	BROAD_0346	chrSynthetic3	16600895	16670968	70073	LONG_BROAD	WEAK	0.25	7000	0.09989582	0.9085096970302399	True	0.7785595022333852	6	True	5	False	False				
helixforge_consensus	BROAD_0347	chrSynthetic3	16830468	16832840	2372	SHORT_BROAD	MEDIUM	0.5	0	0.0	1.0	True	0.9549114331723028	1	False	0	False	True	-54	58	54	58
helixforge_consensus	BROAD_0348	chrSynthetic3	17292614	17348211	55597	LONG_BROAD	MEDIUM	0.5	6000	0.10791949	0.9142219903951652	True	0.8275626382718492	5	True	4	False	False				
helixforge_consensus	BROAD_0349	chrSynthetic3	17398187	17412389	14202	MEDIUM_BROAD	MEDIUM	0.5	1000	0.07041262	0.9443036192085622	True	0.9417175760129204	2	True	1	False	False				
helixforge_consensus	BROAD_0350	chrSynthetic3	17508329	17512646	4317	SHORT_BROAD	WEAK	0.25	0	0.0	0.9884178827889738	True	0.987960175966659	1	False	0	False	True	50	2	50	2
helixforge_consensus	BROAD_0351	chrSynthetic3	17529637	17578413	48776	LONG_BROAD	STRONG	0.8	5000	0.10250943	0.9696777103493521	True	0.9159997543852467	2	True	1	False	False				
helixforge_consensus	BROAD_0352	chrSynthetic3	18261860	18338437	76577	LONG_BROAD	WEAK	0.25	8000	0.10447001	0.904449116575473	True	0.8310589341447171	7	True	6	False	False				
helixforge_consensus	BROAD_0353	chrSynthetic3	18390140	18422121	31981	LONG_BROAD	MEDIUM	0.5	3000	0.0938057	0.9248303680310184	True	0.9227529404423923	4	True	3	False	False				
helixforge_consensus	BROAD_0354	chrSynthetic3	18471043	18488486	17443	MEDIUM_BROAD	STRONG	0.8	2000	0.11465918	0.9158974946970131	True	0.9081400636653024	3	True	2	False	False				
helixforge_consensus	BROAD_0355	chrSynthetic3	18570352	18648465	78113	LONG_BROAD	WEAK	0.25	8000	0.10241573	0.9082099010407999	True	0.8173287416947244	7	True	6	False	False				
helixforge_consensus	BROAD_0356	chrSynthetic3	18679871	18720507	40636	LONG_BROAD	MEDIUM	0.5	4000	0.09843489	0.9225071365291859	True	0.9211696768644797	5	True	4	False	False				
helixforge_consensus	BROAD_0357	chrSynthetic3	19049932	19088734	38802	LONG_BROAD	MEDIUM	0.5	4000	0.10308747	0.9178908303695685	True	0.8432513126737362	4	True	3	False	False				
helixforge_consensus	BROAD_0358	chrSynthetic3	19389120	19392967	3847	SHORT_BROAD	WEAK	0.25	0	0.0	0.9794645178060827	True	0.9794645178060827	1	False	0	False	True	0	-79	0	79
helixforge_consensus	BROAD_0359	chrSynthetic3	19581847	19600539	18692	MEDIUM_BROAD	MEDIUM	0.5	2000	0.10699765	0.9168628290177616	True	0.9125665601703941	3	True	2	False	False				
helixforge_consensus	BROAD_0360	chrSynthetic3	19630248	19659672	29424	LONG_BROAD	MEDIUM	0.5	3000	0.10195759	0.9187737901033171	True	0.9174330607119829	4	True	3	False	False				
independent_rep1	BROAD_0001	chrSynthetic1	179251	189862	10611	MEDIUM_BROAD	STRONG	0.8	1000	0.09424182	1.0	True	0.9841402337228714	1	False	0	False	True	-87	84	87	84
independent_rep1	BROAD_0002	chrSynthetic1	242650	259044	16394	MEDIUM_BROAD	STRONG	0.8	2000	0.12199585	0.955349518116384	True	0.9477187462180806	2	True	1	False	False				
independent_rep1	BROAD_0003	chrSynthetic1	330833	361139	30306	LONG_BROAD	STRONG	0.8	3000	0.0989903	0.9511647858509866	True	0.9472888596779494	3	True	2	False	False				
independent_rep1	BROAD_0004	chrSynthetic1	629416	659686	30270	LONG_BROAD	WEAK	0.25	3000	0.09910803	0.9089857945160225	True	0.9089857945160225	4	True	3	False	False				
independent_rep1	BROAD_0005	chrSynthetic1	728418	752616	24198	LONG_BROAD	STRONG	0.8	2000	0.08265146	0.9690470286800562	True	0.9638687931601447	2	True	1	False	False				
independent_rep1	BROAD_0006	chrSynthetic1	848342	852493	4151	SHORT_BROAD	WEAK	0.25	0	0.0	0.9932546374367622	True	0.8781682641107561	1	False	0	False	True	28	544	28	544
independent_rep1	BROAD_0007	chrSynthetic1	988338	1002148	13810	MEDIUM_BROAD	MEDIUM	0.5	1000	0.0724113	0.9414916727009414	True	0.9328454584588893	2	True	1	False	False				
independent_rep1	BROAD_0008	chrSynthetic1	1071066	1110382	39316	LONG_BROAD	STRONG	0.8	4000	0.10173975	0.9621273781666497	True	0.9584948688711517	3	True	2	False	False				
independent_rep1	BROAD_0009	chrSynthetic1	1282989	1288019	5030	MEDIUM_BROAD	STRONG	0.8	1000	0.19880716	0.8538767395626242	True	0.8289905423663385	2	True	1	False	False				
independent_rep1	BROAD_0010	chrSynthetic1	1348367	1358754	10387	MEDIUM_BROAD	MEDIUM	0.5	1000	0.09627419	0.9269278906325215	True	0.9202829286943223	2	True	1	False	False				
independent_rep1	BROAD_0011	chrSynthetic1	1561843	1609408	47565	LONG_BROAD	MEDIUM	0.5	5000	0.10511931	0.9187848207715757	True	0.7757805108798487	4	True	3	False	False				
independent_rep1	BROAD_0012	chrSynthetic1	1638031	1641342	3311	SHORT_BROAD	MEDIUM	0.5	0	0.0	1.0	True	0.9851234751562035	1	False	0	False	True	-12	38	12	38
independent_rep1	BROAD_0013	chrSynthetic1	1888427	1892295	3868	SHORT_BROAD	WEAK	0.25	0	0.0	1.0	True	0.9701529972410333	1	False	0	False	True	-61	58	61	58
independent_rep1	BROAD_0014	chrSynthetic1	1949558	1958897	9339	MEDIUM_BROAD	MEDIUM	0.5	1000	0.10707785	0.918406681657565	True	0.909736953754773	2	True	1	False	False				
independent_rep1	BROAD_0015	chrSynthetic1	2048910	2082834	33924	LONG_BROAD	WEAK	0.25	3000	0.08843297	0.9195259992925363	True	0.9191466792386116	4	True	3	False	False				
independent_rep1	BROAD_0016	chrSynthetic1	2168638	2192910	24272	LONG_BROAD	WEAK	0.25	2000	0.08239947	0.9270764667106131	True	0.9267328363741196	3	True	2	False	False				
independent_rep1	BROAD_0017	chrSynthetic1	2381918	2429285	47367	LONG_BROAD	STRONG	0.8	5000	0.10555872	0.9526463571684929	True	0.8126121561424621	2	True	1	False	False				
independent_rep1	BROAD_0018	chrSynthetic1	2631249	2690198	58949	LONG_BROAD	MEDIUM	0.5	6000	0.1017829	0.9228146363806001	True	0.783592596990619	5	True	4	False	False				
independent_rep1	BROAD_0019	chrSynthetic1	2818001	2848542	30541	LONG_BROAD	STRONG	0.8	3000	0.09822861	1.0	True	0.9925899444245831	1	False	0	False	True	-119	109	119	109
independent_rep1	BROAD_0020	chrSynthetic1	3142220	3161872	19652	MEDIUM_BROAD	STRONG	0.8	2000	0.10177081	1.0	True	0.9921744837683647	1	False	0	False	True	-86	69	86	69
independent_rep1	BROAD_0021	chrSynthetic1	3218051	3222878	4827	SHORT_BROAD	MEDIUM	0.5	0	0.0	1.0	True	0.9769277474195507	1	False	0	False	True	-58	56	58	56
independent_rep1	BROAD_0022	chrSynthetic1	3292325	3298515	6190	MEDIUM_BROAD	STRONG	0.8	1000	0.16155089	1.0	True	0.9859827970691303	1	False	0	False	True	-67	21	67	21
independent_rep1	BROAD_0023	chrSynthetic1	3318303	3322906	4603	SHORT_BROAD	MEDIUM	0.5	0	0.0	1.0	True	0.9710970464135021	1	False	0	False	True	-79	58	79	58
independent_rep1	BROAD_0024	chrSynthetic1	3368049	3371622	3573	SHORT_BROAD	WEAK	0.25	0	0.0	0.9916036943744753	True	0.9880089235917456	1	False	0	False	True	-13	-30	13	30
independent_rep1	BROAD_0025	chrSynthetic1	3518108	3522956	4848	SHORT_BROAD	WEAK	0.25	0	0.0	0.9888613861386139	True	0.9882498453927026	1	False	0	False	True	54	3	54	3
independent_rep1	BROAD_0026	chrSynthetic1	3792269	3829732	37463	LONG_BROAD	WEAK	0.25	4000	0.10677202	0.9040386514694498	True	0.8305965772778163	4	True	3	False	False				
independent_rep1	BROAD_0027	chrSynthetic1	3888530	3890853	2323	SHORT_BROAD	STRONG	0.8	0	0.0	1.0	True	0.9401052205584783	1	False	0	False	True	-85	63	85	63
independent_rep1	BROAD_0028	chrSynthetic1	4182599	4198348	15749	MEDIUM_BROAD	WEAK	0.25	2000	0.12699219	0.8783414819988571	True	0.877672736501491	3	True	2	False	False				
independent_rep1	BROAD_0029	chrSynthetic1	4212612	4248871	36259	LONG_BROAD	WEAK	0.25	4000	0.11031744	0.9015968449212609	True	0.7542403265396177	3	True	2	False	False				
independent_rep1	BROAD_0030	chrSynthetic1	4260104	4291630	31526	LONG_BROAD	MEDIUM	0.5	3000	0.09515955	0.9258707098902493	True	0.9234979593128104	4	True	3	False	False				
independent_rep1	BROAD_0031	chrSynthetic1	4382697	4388112	5415	MEDIUM_BROAD	STRONG	0.8	1000	0.18467221	0.8657433056325023	True	0.8459040057740888	2	True	1	False	False				
independent_rep1	BROAD_0032	chrSynthetic1	4580095	4650549	70454	LONG_BROAD	WEAK	0.25	7000	0.09935561	0.9142277230533398	True	0.7794731314048883	6	True	5	False	False				
independent_rep1	BROAD_0033	chrSynthetic1	4728554	4732649	4095	SHORT_BROAD	WEAK	0.25	0	0.0	0.9882783882783883	True	0.9726027397260274	1	False	0	False	True	48	66	48	66
independent_rep1	BROAD_0034	chrSynthetic1	4792079	4808873	16794	MEDIUM_BROAD	STRONG	0.8	2000	0.11909015	1.0	True	0.9915569463305189	1	False	0	False	True	-75	68	75	68
independent_rep1	BROAD_0035	chrSynthetic1	4992748	4999634	6886	MEDIUM_BROAD	WEAK	0.25	1000	0.14522219	0.8726401394133023	True	0.8718804410911202	2	True	1	False	False				
independent_rep1	BROAD_0036	chrSynthetic1	5012866	5018509	5643	MEDIUM_BROAD	WEAK	0.25	1000	0.1772107	0.8433457380825802	True	0.8382948740531971	2	True	1	False	False				
independent_rep1	BROAD_0037	chrSynthetic1	5079198	5098840	19642	MEDIUM_BROAD	WEAK	0.25	2000	0.10182262	0.9096833316362896	True	0.9096833316362896	3	True	2	False	False				
independent_rep1	BROAD_0038	chrSynthetic1	5121807	5169637	47830	LONG_BROAD	STRONG	0.8	5000	0.1045369	0.9696006690361698	True	0.9658044899829231	3	True	2	False	False				
independent_rep1	BROAD_0039	chrSynthetic1	5298091	5302618	4527	SHORT_BROAD	STRONG	0.8	0	0.0	1.0	True	0.9623724489795918	1	False	0	False	True	-102	75	102	75
independent_rep1	BROAD_0040	chrSynthetic1	5408134	5422735	14601	MEDIUM_BROAD	WEAK	0.25	1000	0.06848846	0.933840147935073	True	0.9323076923076923	2	True	1	False	False				
independent_rep1	BROAD_0041	chrSynthetic1	5548990	5551613	2623	SHORT_BROAD	STRONG	0.8	0	0.0	1.0	True	0.9334519572953737	1	False	0	False	True	-58	129	58	129
independent_rep1	BROAD_0042	chrSynthetic1	5640374	5642734	2360	SHORT_BROAD	STRONG	0.8	0	0.0	1.0	True	0.9251274010192082	1	False	0	False	True	-109	82	109	82
independent_rep1	BROAD_0043	chrSynthetic1	5718807	5722153	3346	SHORT_BROAD	MEDIUM	0.5	0	0.0	0.9976090854751942	True	0.9774524158125915	1	False	0	False	True	8	69	8	69
independent_rep1	BROAD_0044	chrSynthetic1	5778210	5782199	3989	SHORT_BROAD	STRONG	0.8	0	0.0	1.0	True	0.9540779717770869	1	False	0	False	True	-129	63	129	63
independent_rep1	BROAD_0045	chrSynthetic1	5871524	5880494	8970	MEDIUM_BROAD	MEDIUM	0.5	1000	0.11148272	0.9188405797101449	True	0.9133421985815603	2	True	1	False	False				
independent_rep1	BROAD_0046	chrSynthetic1	5949928	5952781	2853	SHORT_BROAD	STRONG	0.8	0	0.0	1.0	True	0.9341846758349706	1	False	0	False	True	-83	118	83	118
independent_rep1	BROAD_0047	chrSynthetic1	6118947	6152528	33581	LONG_BROAD	WEAK	0.25	3000	0.08933623	0.9216819034573122	True	0.9213800904977375	4	True	3	False	False				
independent_rep1	BROAD_0048	chrSynthetic1	6269387	6289142	19755	MEDIUM_BROAD	STRONG	0.8	2000	0.10124019	1.0	True	0.9925140675241158	1	False	0	False	True	-63	86	63	86
independent_rep1	BROAD_0049	chrSynthetic1	6441769	6451527	9758	MEDIUM_BROAD	STRONG	0.8	1000	0.10248002	0.9245747079319533	True	0.9092924813545656	2	True	1	False	False				
independent_rep1	BROAD_0050	chrSynthetic1	6542529	6558361	15832	MEDIUM_BROAD	WEAK	0.25	2000	0.12632643	0.8905381505811015	True	0.8879581811311248	3	True	2	False	False				
independent_rep1	BROAD_0051	chrSynthetic1	6999549	7002066	2517	SHORT_BROAD	WEAK	0.25	0	0.0	0.9745729042510926	True	0.9745729042510926	1	False	0	False	True	22	-42	22	42
independent_rep1	BROAD_0052	chrSynthetic1	7068394	7130444	62050	LONG_BROAD	WEAK	0.25	6000	0.09669621	0.9149717969379533	True	0.8429963753523962	6	True	5	False	False				
independent_rep1	BROAD_0053	chrSynthetic1	7212664	7238768	26104	LONG_BROAD	WEAK	0.25	3000	0.11492492	0.8980232914495863	True	0.8067346000612933	3	True	2	False	False				
independent_rep1	BROAD_0054	chrSynthetic1	7840784	7848801	8017	MEDIUM_BROAD	MEDIUM	0.5	1000	0.12473494	0.9058251216165648	True	0.8860419716935091	2	True	1	False	False				
independent_rep1	BROAD_0055	chrSynthetic1	8261253	8288830	27577	LONG_BROAD	MEDIUM	0.5	3000	0.10878631	0.9163070674837727	True	0.9128644196380189	4	True	3	False	False				
independent_rep1	BROAD_0056	chrSynthetic1	8308445	8311161	2716	SHORT_BROAD	STRONG	0.8	0	0.0	1.0	True	0.9301369863013699	1	False	0	False	True	-124	80	124	80
independent_rep1	BROAD_0057	chrSynthetic1	8422914	8448062	25148	LONG_BROAD	STRONG	0.8	3000	0.11929378	1.0	True	0.994070677523915	1	False	0	False	True	-77	73	77	73
independent_rep1	BROAD_0058	chrSynthetic1	8570703	8588791	18088	MEDIUM_BROAD	WEAK	0.25	2000	0.11057054	0.8928018575851393	True	0.8928018575851393	3	True	2	False	False				
independent_rep1	BROAD_0059	chrSynthetic1	8648191	8652814	4623	SHORT_BROAD	WEAK	0.25	0	0.0	0.9956738048886005	True	0.9948130538145666	1	False	0	False	True	-4	-20	4	20
independent_rep1	BROAD_0060	chrSynthetic1	8801302	8828318	27016	LONG_BROAD	WEAK	0.25	3000	0.11104531	0.9019099792715428	True	0.815294640213207	3	True	2	False	False				
independent_rep1	BROAD_0061	chrSynthetic1	8869859	8879952	10093	MEDIUM_BROAD	MEDIUM	0.5	1000	0.09907857	0.9233131873575745	True	0.9121072721934032	2	True	1	False	False				
independent_rep1	BROAD_0062	chrSynthetic1	9242913	9260475	17562	MEDIUM_BROAD	WEAK	0.25	2000	0.11388225	0.9018335041567019	True	0.9006539664486779	3	True	2	False	False				
independent_rep1	BROAD_0063	chrSynthetic1	9352177	9361380	9203	MEDIUM_BROAD	WEAK	0.25	1000	0.10866022	0.9057915896990112	True	0.9057915896990112	2	True	1	False	False				
independent_rep1	BROAD_0064	chrSynthetic1	9402024	9411299	9275	MEDIUM_BROAD	STRONG	0.8	1000	0.10781671	1.0	True	0.984502706719032	1	False	0	False	True	-59	87	59	87
independent_rep1	BROAD_0065	chrSynthetic1	9508434	9528795	20361	LONG_BROAD	STRONG	0.8	2000	0.098227	1.0	True	0.993219512195122	1	False	0	False	True	-76	63	76	63
independent_rep1	BROAD_0066	chrSynthetic1	9578633	9632646	54013	LONG_BROAD	WEAK	0.25	5000	0.09257031	0.9215003795382594	True	0.9210229270368794	6	True	5	False	False				
independent_rep1	BROAD_0067	chrSynthetic1	9992395	10009199	16804	MEDIUM_BROAD	WEAK	0.25	2000	0.11901928	0.8953820518924066	True	0.8937863846976357	3	True	2	False	False				
independent_rep1	BROAD_0068	chrSynthetic1	10298318	10302748	4430	SHORT_BROAD	STRONG	0.8	0	0.0	1.0	True	0.9714912280701754	1	False	0	False	True	-57	73	57	73
independent_rep1	BROAD_0069	chrSynthetic1	10438440	10442567	4127	SHORT_BROAD	MEDIUM	0.5	0	0.0	1.0	True	0.9765735920492191	1	False	0	False	True	-30	69	30	69
independent_rep1	BROAD_0070	chrSynthetic1	10878306	10941414	63108	LONG_BROAD	STRONG	0.8	6000	0.09507511	0.9652025099828865	True	0.876289965178854	3	True	2	False	False				
independent_rep1	BROAD_0071	chrSynthetic1	10961987	11040099	78112	LONG_BROAD	WEAK	0.25	8000	0.10241704	0.9109355796804588	True	0.8180049160180254	7	True	6	False	False				
independent_rep1	BROAD_0072	chrSynthetic1	11108140	11111567	3427	SHORT_BROAD	STRONG	0.8	0	0.0	1.0	True	0.9561941964285714	1	False	0	False	True	-71	86	71	86
independent_rep1	BROAD_0073	chrSynthetic1	11361582	11408646	47064	LONG_BROAD	MEDIUM	0.5	5000	0.10623831	0.918940166581676	True	0.7848674145843957	4	True	3	False	False				
independent_rep1	BROAD_0074	chrSynthetic1	11432353	11439633	7280	MEDIUM_BROAD	WEAK	0.25	1000	0.13736264	0.864423076923077	True	0.864423076923077	2	True	1	False	False				
independent_rep1	BROAD_0075	chrSynthetic1	11618301	11622238	3937	SHORT_BROAD	MEDIUM	0.5	0	0.0	1.0	True	0.9720987654320987	1	False	0	False	True	-60	53	60	53
independent_rep1	BROAD_0076	chrSynthetic1	11711751	11742839	31088	LONG_BROAD	MEDIUM	0.5	3000	0.09650026	0.9227997941327843	True	0.9198704588450316	4	True	3	False	False				
independent_rep1	BROAD_0077	chrSynthetic1	12068017	12102973	34956	LONG_BROAD	WEAK	0.25	3000	0.08582218	0.92610710607621	True	0.9217562142308021	4	True	3	False	False				
independent_rep1	BROAD_0078	chrSynthetic1	12481602	12489032	7430	MEDIUM_BROAD	STRONG	0.8	1000	0.1345895	1.0	True	0.9790486230069838	1	False	0	False	True	-55	104	55	104
independent_rep1	BROAD_0079	chrSynthetic1	12578985	12592907	13922	MEDIUM_BROAD	STRONG	0.8	1000	0.07182876	0.946343916104008	True	0.9365891803511766	2	True	1	False	False				
independent_rep1	BROAD_0080	chrSynthetic1	12660744	12678529	17785	MEDIUM_BROAD	WEAK	0.25	2000	0.11245432	0.9034017430418892	True	0.8698500351902984	3	True	2	False	False				
independent_rep1	BROAD_0081	chrSynthetic1	12798174	12802276	4102	SHORT_BROAD	STRONG	0.8	0	0.0	1.0	True	0.9667687956634456	1	False	0	False	True	-86	55	86	55
independent_rep1	BROAD_0082	chrSynthetic1	12898784	12902509	3725	SHORT_BROAD	STRONG	0.8	0	0.0	1.0	True	0.9521983640081799	1	False	0	False	True	-97	90	97	90
independent_rep1	BROAD_0083	chrSynthetic1	12929973	12932574	2601	SHORT_BROAD	MEDIUM	0.5	0	0.0	1.0	True	0.933931777378815	1	False	0	False	True	-95	89	95	89
independent_rep1	BROAD_0084	chrSynthetic1	12972917	12978247	5330	MEDIUM_BROAD	MEDIUM	0.5	1000	0.18761726	0.8596622889305816	True	0.8418151754547125	2	True	1	False	False				
independent_rep1	BROAD_0085	chrSynthetic1	13251247	13289472	38225	LONG_BROAD	WEAK	0.25	4000	0.10464356	0.9083060824068019	True	0.7181164159581426	3	True	2	False	False				
independent_rep1	BROAD_0086	chrSynthetic1	13502341	13508402	6061	MEDIUM_BROAD	WEAK	0.25	1000	0.16498928	0.8541494802837816	True	0.8535861500412201	2	True	1	False	False				
independent_rep1	BROAD_0087	chrSynthetic1	13519056	13522973	3917	SHORT_BROAD	MEDIUM	0.5	0	0.0	1.0	True	0.9690747154873824	1	False	0	False	True	-55	70	55	70
independent_rep1	BROAD_0088	chrSynthetic1	13659279	13662048	2769	SHORT_BROAD	MEDIUM	0.5	0	0.0	1.0	True	0.9479630263608353	1	False	0	False	True	-78	74	78	74
independent_rep1	BROAD_0089	chrSynthetic1	13731452	13742739	11287	MEDIUM_BROAD	STRONG	0.8	1000	0.0885975	0.9344378488526623	True	0.9202512869732135	2	True	1	False	False				
independent_rep1	BROAD_0090	chrSynthetic1	13899308	13902570	3262	SHORT_BROAD	STRONG	0.8	0	0.0	1.0	True	0.9538011695906433	1	False	0	False	True	-75	83	75	83
independent_rep1	BROAD_0091	chrSynthetic1	14038051	14042857	4806	SHORT_BROAD	WEAK	0.25	0	0.0	0.9952143154390345	True	0.9952143154390345	1	False	0	False	True	13	-10	13	10
independent_rep1	BROAD_0092	chrSynthetic1	14308399	14310527	2128	SHORT_BROAD	STRONG	0.8	0	0.0	1.0	True	0.9329241560718983	1	False	0	False	True	-80	73	80	73
independent_rep1	BROAD_0093	chrSynthetic1	14368036	14372266	4230	SHORT_BROAD	MEDIUM	0.5	0	0.0	1.0	True	0.9773567467652495	1	False	0	False	True	-43	55	43	55
independent_rep1	BROAD_0094	chrSynthetic1	14560923	14572376	11453	MEDIUM_BROAD	MEDIUM	0.5	1000	0.08731337	0.9330306469920545	True	0.9241546311510853	2	True	1	False	False				
independent_rep1	BROAD_0095	chrSynthetic1	14638634	14641851	3217	SHORT_BROAD	MEDIUM	0.5	0	0.0	1.0	True	0.9695599758890898	1	False	0	False	True	-35	66	35	66
independent_rep1	BROAD_0096	chrSynthetic1	15058211	15069189	10978	MEDIUM_BROAD	STRONG	0.8	1000	0.09109127	0.9338677354709419	True	0.9207831866355308	2	True	1	False	False				
independent_rep1	BROAD_0097	chrSynthetic1	15558360	15562843	4483	SHORT_BROAD	WEAK	0.25	0	0.0	0.9997769350881106	True	0.9988856697125028	1	False	0	False	True	-4	-1	4	1
independent_rep1	BROAD_0098	chrSynthetic1	15841906	15849887	7981	MEDIUM_BROAD	STRONG	0.8	1000	0.12529758	1.0	True	0.980587295736577	1	False	0	False	True	-89	69	89	69
independent_rep1	BROAD_0099	chrSynthetic1	16058137	16062508	4371	SHORT_BROAD	MEDIUM	0.5	0	0.0	1.0	True	0.9741475373300647	1	False	0	False	True	-41	75	41	75
independent_rep1	BROAD_0100	chrSynthetic1	16258863	16282240	23377	LONG_BROAD	WEAK	0.25	2000	0.08555418	0.9222312529409249	True	0.9213247863247863	3	True	2	False	False				
independent_rep1	BROAD_0101	chrSynthetic1	16370691	16449385	78694	LONG_BROAD	STRONG	0.8	8000	0.10165959	0.9814979541006938	True	0.9237544100104064	2	True	1	False	False				
independent_rep1	BROAD_0102	chrSynthetic1	16510956	16589674	78718	LONG_BROAD	STRONG	0.8	8000	0.1016286	0.9720394318961356	True	0.9703383382367861	4	True	3	False	False				
independent_rep1	BROAD_0103	chrSynthetic1	16999365	17001649	2284	SHORT_BROAD	MEDIUM	0.5	0	0.0	1.0	True	0.9673867005506142	1	False	0	False	True	-33	44	33	44
independent_rep1	BROAD_0104	chrSynthetic1	17092692	17168082	75390	LONG_BROAD	MEDIUM	0.5	8000	0.10611487	0.9161559888579387	True	0.8551001459079454	7	True	6	False	False				
independent_rep1	BROAD_0105	chrSynthetic1	17258910	17261520	2610	SHORT_BROAD	STRONG	0.8	0	0.0	1.0	True	0.9258602341255765	1	False	0	False	True	-115	94	115	94
independent_rep1	BROAD_0106	chrSynthetic1	17300299	17318591	18292	MEDIUM_BROAD	MEDIUM	0.5	2000	0.10933742	0.9159195276623661	True	0.9129747697673152	3	True	2	False	False				
independent_rep1	BROAD_0107	chrSynthetic1	17358723	17370332	11609	MEDIUM_BROAD	WEAK	0.25	1000	0.08614006	0.9206650012921009	True	0.9206650012921009	2	True	1	False	False				
independent_rep1	BROAD_0108	chrSynthetic1	17510562	17532233	21671	LONG_BROAD	MEDIUM	0.5	2000	0.09228923	0.9242305385076831	True	0.9159464032560479	3	True	2	False	False				
independent_rep1	BROAD_0109	chrSynthetic1	17688164	17712532	24368	LONG_BROAD	STRONG	0.8	2000	0.08207485	0.9700837163493106	True	0.964266775443606	2	True	1	False	False				
independent_rep1	BROAD_0110	chrSynthetic1	17940369	17952326	11957	MEDIUM_BROAD	MEDIUM	0.5	1000	0.08363302	0.9330935853474952	True	0.9198614889933218	2	True	1	False	False				
independent_rep1	BROAD_0111	chrSynthetic1	18130431	18139214	8783	MEDIUM_BROAD	STRONG	0.8	1000	0.11385631	0.9163156097005579	True	0.9047779651489601	2	True	1	False	False				
independent_rep1	BROAD_0112	chrSynthetic1	18192305	18208223	15918	MEDIUM_BROAD	MEDIUM	0.5	2000	0.12564393	0.9033798215856264	True	0.8986938316355227	3	True	2	False	False				
independent_rep1	BROAD_0113	chrSynthetic1	18429879	18500429	70550	LONG_BROAD	STRONG	0.8	7000	0.09922041	1.0	True	0.9985280380445551	1	False	0	False	True	-55	49	55	49
independent_rep1	BROAD_0114	chrSynthetic1	18711650	18738217	26567	LONG_BROAD	WEAK	0.25	3000	0.11292205	0.9005909587081717	True	0.8144873000940733	3	True	2	False	False				
independent_rep1	BROAD_0115	chrSynthetic1	18858780	18861269	2489	SHORT_BROAD	WEAK	0.25	0	0.0	0.9907593411008437	True	0.9655442443226312	1	False	0	False	True	-65	-23	65	23
independent_rep1	BROAD_0116	chrSynthetic1	19052217	19058431	6214	MEDIUM_BROAD	STRONG	0.8	1000	0.16092694	0.8796266495011265	True	0.8610586011342155	2	True	1	False	False				
independent_rep1	BROAD_0117	chrSynthetic1	19318780	19321691	2911	SHORT_BROAD	WEAK	0.25	0	0.0	0.9883201648917898	True	0.9883201648917898	1	False	0	False	True	1	-33	1	33
independent_rep1	BROAD_0118	chrSynthetic1	19598076	19602984	4908	SHORT_BROAD	MEDIUM	0.5	0	0.0	1.0	True	0.975551580202743	1	False	0	False	True	-46	77	46	77
independent_rep1	BROAD_0119	chrSynthetic1	19682532	19698032	15500	MEDIUM_BROAD	MEDIUM	0.5	2000	0.12903226	0.902258064516129	True	0.900283249645938	3	True	2	False	False				
independent_rep1	BROAD_0120	chrSynthetic1	19720937	19729640	8703	MEDIUM_BROAD	MEDIUM	0.5	1000	0.11490291	0.9138228197173388	True	0.8986440677966102	2	True	1	False	False				
independent_rep1	BROAD_0121	chrSynthetic2	58568	102630	44062	LONG_BROAD	STRONG	0.8	4000	0.09078117	0.9497072307203486	True	0.9463994933960558	4	True	3	False	False				
independent_rep1	BROAD_0122	chrSynthetic2	318044	331702	13658	MEDIUM_BROAD	WEAK	0.25	1000	0.07321716	0.9322741250549129	True	0.9322741250549129	2	True	1	False	False				
independent_rep1	BROAD_0123	chrSynthetic2	362245	438195	75950	LONG_BROAD	WEAK	0.25	8000	0.10533246	0.906385780118499	True	0.8412639894667544	7	True	6	False	False				
independent_rep1	BROAD_0124	chrSynthetic2	568290	572434	4144	SHORT_BROAD	MEDIUM	0.5	0	0.0	1.0	True	0.97990068574131	1	False	0	False	True	-39	46	39	46
independent_rep1	BROAD_0125	chrSynthetic2	708143	712579	4436	SHORT_BROAD	STRONG	0.8	0	0.0	1.0	True	0.9672917575228958	1	False	0	False	True	-79	71	79	71
independent_rep1	BROAD_0126	chrSynthetic2	758188	761698	3510	SHORT_BROAD	WEAK	0.25	0	0.0	1.0	True	0.9782608695652174	1	False	0	False	True	-59	19	59	19
independent_rep1	BROAD_0127	chrSynthetic2	788795	802663	13868	MEDIUM_BROAD	MEDIUM	0.5	1000	0.07210845	0.9440438419382752	True	0.9385619040791454	2	True	1	False	False				
independent_rep1	BROAD_0128	chrSynthetic2	918792	958134	39342	LONG_BROAD	STRONG	0.8	4000	0.10167251	1.0	True	0.9953196549194222	1	False	0	False	True	-83	102	83	102
independent_rep1	BROAD_0129	chrSynthetic2	1251230	1268882	17652	MEDIUM_BROAD	STRONG	0.8	2000	0.11330161	0.9588715159755269	True	0.9503116051878053	2	True	1	False	False				
independent_rep1	BROAD_0130	chrSynthetic2	1302980	1308084	5104	MEDIUM_BROAD	MEDIUM	0.5	1000	0.19592476	0.8461990595611285	True	0.8254969418960245	2	True	1	False	False				
independent_rep1	BROAD_0131	chrSynthetic2	1370293	1372881	2588	SHORT_BROAD	MEDIUM	0.5	0	0.0	1.0	True	0.9718362748779572	1	False	0	False	True	-43	32	43	32
independent_rep1	BROAD_0132	chrSynthetic2	1439985	1500824	60839	LONG_BROAD	MEDIUM	0.5	6000	0.09862095	0.924522099311297	True	0.7590854550535019	5	True	4	False	False				
independent_rep1	BROAD_0133	chrSynthetic2	1521933	1530795	8862	MEDIUM_BROAD	MEDIUM	0.5	1000	0.11284135	0.9124351162265855	True	0.9008467023172906	2	True	1	False	False				
independent_rep1	BROAD_0134	chrSynthetic2	1649610	1701854	52244	LONG_BROAD	STRONG	0.8	5000	0.09570477	0.9858548350049766	True	0.9821700991609459	2	True	1	False	False				
independent_rep1	BROAD_0135	chrSynthetic2	2082014	2142565	60551	LONG_BROAD	STRONG	0.8	6000	0.09909002	1.0	True	0.9974631414216292	1	False	0	False	True	-74	80	74	80
independent_rep1	BROAD_0136	chrSynthetic2	2192915	2199316	6401	MEDIUM_BROAD	MEDIUM	0.5	1000	0.15622559	1.0	True	0.9885714285714285	1	False	0	False	True	-62	12	62	12
independent_rep1	BROAD_0137	chrSynthetic2	2448036	2452957	4921	SHORT_BROAD	STRONG	0.8	0	0.0	1.0	True	0.9711861061772252	1	False	0	False	True	-70	76	70	76
independent_rep1	BROAD_0138	chrSynthetic2	2559151	2562459	3308	SHORT_BROAD	MEDIUM	0.5	0	0.0	1.0	True	0.9810201660735468	1	False	0	False	True	-13	51	13	51
independent_rep1	BROAD_0139	chrSynthetic2	2579396	2581696	2300	SHORT_BROAD	WEAK	0.25	0	0.0	1.0	True	0.9659806803863923	1	False	0	False	True	-16	65	16	65
independent_rep1	BROAD_0140	chrSynthetic2	2662807	2721350	58543	LONG_BROAD	STRONG	0.8	6000	0.10248877	1.0	True	0.9978693666053045	1	False	0	False	True	-56	69	56	69
independent_rep1	BROAD_0141	chrSynthetic2	2919339	2922186	2847	SHORT_BROAD	STRONG	0.8	0	0.0	1.0	True	0.9461615154536391	1	False	0	False	True	-96	66	96	66
independent_rep1	BROAD_0142	chrSynthetic2	2970472	3042766	72294	LONG_BROAD	MEDIUM	0.5	7000	0.09682685	0.9364262594406175	True	0.7765374719893767	5	True	4	False	False				
independent_rep1	BROAD_0143	chrSynthetic2	3190909	3218644	27735	LONG_BROAD	MEDIUM	0.5	3000	0.10816658	0.9149810708491076	True	0.8156539278896373	3	True	2	False	False				
independent_rep1	BROAD_0144	chrSynthetic2	3438006	3452992	14986	MEDIUM_BROAD	STRONG	0.8	1000	0.06672895	0.9507540371012946	True	0.939531816683152	2	True	1	False	False				
independent_rep1	BROAD_0145	chrSynthetic2	3708219	3712939	4720	SHORT_BROAD	WEAK	0.25	0	0.0	0.9940677966101695	True	0.989247311827957	1	False	0	False	True	-23	-28	23	28
independent_rep1	BROAD_0146	chrSynthetic2	3768926	3829287	60361	LONG_BROAD	MEDIUM	0.5	6000	0.09940193	0.9235102135484833	True	0.8661194499147732	6	True	5	False	False				
independent_rep1	BROAD_0147	chrSynthetic2	3972172	3979920	7748	MEDIUM_BROAD	MEDIUM	0.5	1000	0.12906557	0.9043624161073825	True	0.8948914431673053	2	True	1	False	False				
independent_rep1	BROAD_0148	chrSynthetic2	4501638	4521145	19507	MEDIUM_BROAD	WEAK	0.25	2000	0.1025273	0.9075203773004562	True	0.9068695251267865	3	True	2	False	False				
independent_rep1	BROAD_0149	chrSynthetic2	4619830	4660249	40419	LONG_BROAD	STRONG	0.8	4000	0.09896336	0.9814938519013335	True	0.9778648721930538	2	True	1	False	False				
independent_rep1	BROAD_0150	chrSynthetic2	4852261	4860163	7902	MEDIUM_BROAD	STRONG	0.8	1000	0.12655024	1.0	True	0.9838147410358565	1	False	0	False	True	-70	60	70	60
independent_rep1	BROAD_0151	chrSynthetic2	5028254	5032986	4732	SHORT_BROAD	STRONG	0.8	0	0.0	1.0	True	0.9623754321740899	1	False	0	False	True	-67	118	67	118
independent_rep1	BROAD_0152	chrSynthetic2	5211424	5228268	16844	MEDIUM_BROAD	STRONG	0.8	2000	0.11873664	0.9568392305865591	True	0.9452231540672101	2	True	1	False	False				
independent_rep1	BROAD_0153	chrSynthetic2	5458853	5519691	60838	LONG_BROAD	WEAK	0.25	6000	0.09862257	0.9121272888655116	True	0.8511785397284591	6	True	5	False	False				
independent_rep1	BROAD_0154	chrSynthetic2	5619335	5621403	2068	SHORT_BROAD	STRONG	0.8	0	0.0	1.0	True	0.9395729213993639	1	False	0	False	True	-76	57	76	57
independent_rep1	BROAD_0155	chrSynthetic2	6158981	6172085	13104	MEDIUM_BROAD	MEDIUM	0.5	1000	0.07631258	0.9410103785103785	True	0.9336715378208525	2	True	1	False	False				
independent_rep1	BROAD_0156	chrSynthetic2	6199099	6252874	53775	LONG_BROAD	MEDIUM	0.5	5000	0.09298001	0.9278475127847513	True	0.9263316191077363	6	True	5	False	False				
independent_rep1	BROAD_0157	chrSynthetic2	6279216	6282450	3234	SHORT_BROAD	STRONG	0.8	0	0.0	1.0	True	0.9604989604989606	1	False	0	False	True	-59	74	59	74
independent_rep1	BROAD_0158	chrSynthetic2	6352678	6368132	15454	MEDIUM_BROAD	WEAK	0.25	2000	0.12941633	0.8848841723825547	True	0.8846551947211799	3	True	2	False	False				
independent_rep1	BROAD_0159	chrSynthetic2	6401812	6420101	18289	MEDIUM_BROAD	STRONG	0.8	2000	0.10935535	0.9594838427470064	True	0.9486943828728983	2	True	1	False	False				
independent_rep1	BROAD_0160	chrSynthetic2	6479020	6481436	2416	SHORT_BROAD	MEDIUM	0.5	0	0.0	1.0	True	0.967173738991193	1	False	0	False	True	-26	56	26	56
independent_rep1	BROAD_0161	chrSynthetic2	6569464	6588563	19099	MEDIUM_BROAD	MEDIUM	0.5	2000	0.10471752	0.9588983716424944	True	0.9535065340761181	2	True	1	False	False				
independent_rep1	BROAD_0162	chrSynthetic2	6682398	6761357	78959	LONG_BROAD	STRONG	0.8	8000	0.10131841	0.96236021226206	True	0.8582302207474766	3	True	2	False	False				
independent_rep1	BROAD_0163	chrSynthetic2	6809545	6811953	2408	SHORT_BROAD	WEAK	0.25	0	0.0	1.0	True	0.9820554649265906	1	False	0	False	True	-10	34	10	34
independent_rep1	BROAD_0164	chrSynthetic2	7031193	7039571	8378	MEDIUM_BROAD	MEDIUM	0.5	1000	0.11936023	0.9065409405586059	True	0.8932141597083383	2	True	1	False	False				
independent_rep1	BROAD_0165	chrSynthetic2	7128309	7132612	4303	SHORT_BROAD	WEAK	0.25	0	0.0	0.9865210318382523	True	0.9851473659781852	1	False	0	False	True	-6	-58	6	58
independent_rep1	BROAD_0166	chrSynthetic2	7311302	7359150	47848	LONG_BROAD	STRONG	0.8	5000	0.10449758	1.0	True	0.9971657219073025	1	False	0	False	True	-53	83	53	83
independent_rep1	BROAD_0167	chrSynthetic2	7508249	7512515	4266	SHORT_BROAD	WEAK	0.25	0	0.0	0.9857008907641819	True	0.9817884660284847	1	False	0	False	True	61	17	61	17
independent_rep1	BROAD_0168	chrSynthetic2	7542710	7558006	15296	MEDIUM_BROAD	MEDIUM	0.5	2000	0.13075314	0.9012813807531381	True	0.8961840993304296	3	True	2	False	False				
independent_rep1	BROAD_0169	chrSynthetic2	7918244	7922064	3820	SHORT_BROAD	WEAK	0.25	0	0.0	1.0	True	0.9863155176865479	1	False	0	False	True	-44	9	44	9
independent_rep1	BROAD_0170	chrSynthetic2	7969570	8039243	69673	LONG_BROAD	STRONG	0.8	7000	0.10046934	0.9892067228338094	True	0.9085316891310582	1	False	0	False	True	6312	67	6312	67
independent_rep1	BROAD_0171	chrSynthetic2	8168352	8172595	4243	SHORT_BROAD	WEAK	0.25	0	0.0	0.9945793070940372	True	0.9941107184923439	1	False	0	False	True	23	2	23	2
independent_rep1	BROAD_0172	chrSynthetic2	8298460	8302532	4072	SHORT_BROAD	STRONG	0.8	0	0.0	1.0	True	0.9797882579403272	1	False	0	False	True	-57	27	57	27
independent_rep1	BROAD_0173	chrSynthetic2	8348648	8372771	24123	LONG_BROAD	WEAK	0.25	2000	0.08290843	0.9221904406582929	True	0.9221904406582929	3	True	2	False	False				
independent_rep1	BROAD_0174	chrSynthetic2	8491104	8558243	67139	LONG_BROAD	STRONG	0.8	7000	0.10426131	0.9780753362427204	True	0.941722583428801	2	True	1	False	False				
independent_rep1	BROAD_0175	chrSynthetic2	8588001	8592943	4942	SHORT_BROAD	WEAK	0.25	0	0.0	0.9971671388101983	True	0.9913498290082479	1	False	0	False	True	-29	-14	29	14
independent_rep1	BROAD_0176	chrSynthetic2	8611368	8671705	60337	LONG_BROAD	WEAK	0.25	6000	0.09944147	0.9121103137378391	True	0.7562358088734938	5	True	4	False	False				
independent_rep1	BROAD_0177	chrSynthetic2	8729161	8732042	2881	SHORT_BROAD	MEDIUM	0.5	0	0.0	1.0	True	0.9648359008707301	1	False	0	False	True	-62	43	62	43
independent_rep1	BROAD_0178	chrSynthetic2	8969716	8972489	2773	SHORT_BROAD	MEDIUM	0.5	0	0.0	1.0	True	0.9695804195804196	1	False	0	False	True	-47	40	47	40
independent_rep1	BROAD_0179	chrSynthetic2	8982932	9008149	25217	LONG_BROAD	MEDIUM	0.5	3000	0.11896736	0.9078399492405916	True	0.7320854978784154	2	True	1	False	False				
independent_rep1	BROAD_0180	chrSynthetic2	9099324	9102515	3191	SHORT_BROAD	WEAK	0.25	0	0.0	1.0	True	0.9833590138674885	1	False	0	False	True	-2	52	2	52
independent_rep1	BROAD_0181	chrSynthetic2	9262965	9269953	6988	MEDIUM_BROAD	WEAK	0.25	1000	0.14310246	0.8723526044647968	True	0.8668941979522184	2	True	1	False	False				
independent_rep1	BROAD_0182	chrSynthetic2	9298176	9302930	4754	SHORT_BROAD	MEDIUM	0.5	0	0.0	1.0	True	0.9842650103519669	1	False	0	False	True	-22	54	22	54
independent_rep1	BROAD_0183	chrSynthetic2	9811965	9828236	16271	MEDIUM_BROAD	MEDIUM	0.5	2000	0.12291808	0.9078114436727921	True	0.9020458015267175	3	True	2	False	False				
independent_rep1	BROAD_0184	chrSynthetic2	9879462	9882535	3073	SHORT_BROAD	MEDIUM	0.5	0	0.0	1.0	True	0.9830454254638515	1	False	0	False	True	-2	51	2	51
independent_rep1	BROAD_0185	chrSynthetic2	10311895	10318630	6735	MEDIUM_BROAD	WEAK	0.25	1000	0.1484781	0.8641425389755011	True	0.8641425389755011	2	True	1	False	False				
independent_rep1	BROAD_0186	chrSynthetic2	10358012	10362988	4976	SHORT_BROAD	WEAK	0.25	0	0.0	0.9913585209003215	True	0.9913585209003215	1	False	0	False	True	7	-36	7	36
independent_rep1	BROAD_0187	chrSynthetic2	10461958	10499917	37959	LONG_BROAD	STRONG	0.8	4000	0.10537685	0.9804525935878184	True	0.8958793811177771	1	False	0	False	True	3912	45	3912	45
independent_rep1	BROAD_0188	chrSynthetic2	10928169	10932993	4824	SHORT_BROAD	STRONG	0.8	0	0.0	1.0	True	0.9669272399278412	1	False	0	False	True	-82	83	82	83
independent_rep1	BROAD_0189	chrSynthetic2	11208067	11261672	53605	LONG_BROAD	MEDIUM	0.5	5000	0.09327488	0.9285700960731275	True	0.9266167764994974	6	True	5	False	False				
independent_rep1	BROAD_0190	chrSynthetic2	11338399	11342682	4283	SHORT_BROAD	MEDIUM	0.5	0	0.0	1.0	True	0.9683472756047932	1	False	0	False	True	-118	22	118	22
independent_rep1	BROAD_0191	chrSynthetic2	11499795	11542724	42929	LONG_BROAD	STRONG	0.8	4000	0.09317711	0.9827855295953785	True	0.9797728803325515	2	True	1	False	False				
independent_rep1	BROAD_0192	chrSynthetic2	11582087	11639337	57250	LONG_BROAD	STRONG	0.8	6000	0.10480349	0.9872838427947598	True	0.9844294273373275	2	True	1	False	False				
independent_rep1	BROAD_0193	chrSynthetic2	11668369	11681220	12851	MEDIUM_BROAD	WEAK	0.25	1000	0.07781496	0.918060851295619	True	0.918060851295619	2	True	1	False	False				
independent_rep1	BROAD_0194	chrSynthetic2	11802594	11858412	55818	LONG_BROAD	MEDIUM	0.5	6000	0.10749221	0.9169264394998029	True	0.8270450392346554	5	True	4	False	False				
independent_rep1	BROAD_0195	chrSynthetic2	11901028	11940669	39641	LONG_BROAD	WEAK	0.25	4000	0.10090563	0.9076965767765697	True	0.8100799636758066	4	True	3	False	False				
independent_rep1	BROAD_0196	chrSynthetic2	12210428	12218166	7738	MEDIUM_BROAD	MEDIUM	0.5	1000	0.12923236	0.8962264150943396	True	0.885017866258295	2	True	1	False	False				
independent_rep1	BROAD_0197	chrSynthetic2	12248147	12252445	4298	SHORT_BROAD	STRONG	0.8	0	0.0	1.0	True	0.9591609015844678	1	False	0	False	True	-72	111	72	111
independent_rep1	BROAD_0198	chrSynthetic2	12582987	12630850	47863	LONG_BROAD	MEDIUM	0.5	5000	0.10446483	0.9210036980548649	True	0.8758426380048002	5	True	4	False	False				
independent_rep1	BROAD_0199	chrSynthetic2	12668938	12680214	11276	MEDIUM_BROAD	MEDIUM	0.5	1000	0.08868393	1.0	True	0.9926056338028169	1	False	0	False	True	-38	46	38	46
independent_rep1	BROAD_0200	chrSynthetic2	12748385	12812918	64533	LONG_BROAD	MEDIUM	0.5	6000	0.09297569	0.9288116157624781	True	0.9269156421557256	7	True	6	False	False				
independent_rep1	BROAD_0201	chrSynthetic2	12881950	12948201	66251	LONG_BROAD	MEDIUM	0.5	7000	0.10565878	0.9178729377669771	True	0.8351421110624745	6	True	5	False	False				
independent_rep1	BROAD_0202	chrSynthetic2	13118033	13132979	14946	MEDIUM_BROAD	STRONG	0.8	1000	0.06690753	1.0	True	0.9864695399643588	1	False	0	False	True	-109	96	109	96
independent_rep1	BROAD_0203	chrSynthetic2	13218428	13222883	4455	SHORT_BROAD	STRONG	0.8	0	0.0	1.0	True	0.9784757302877224	1	False	0	False	True	-43	55	43	55
independent_rep1	BROAD_0204	chrSynthetic2	13308598	13312884	4286	SHORT_BROAD	STRONG	0.8	0	0.0	1.0	True	0.9674943566591422	1	False	0	False	True	-65	79	65	79
independent_rep1	BROAD_0205	chrSynthetic2	13448939	13452213	3274	SHORT_BROAD	WEAK	0.25	0	0.0	0.9712889431887599	True	0.9712889431887599	1	False	0	False	True	91	-3	91	3
independent_rep1	BROAD_0206	chrSynthetic2	13549151	13552970	3819	SHORT_BROAD	WEAK	0.25	0	0.0	0.9869075674260278	True	0.985874967303165	1	False	0	False	True	-4	-50	4	50
independent_rep1	BROAD_0207	chrSynthetic2	13571235	13620631	49396	LONG_BROAD	MEDIUM	0.5	5000	0.10122277	0.9221191999352174	True	0.7475301643857802	4	True	3	False	False				
independent_rep1	BROAD_0208	chrSynthetic2	13808304	13812262	3958	SHORT_BROAD	MEDIUM	0.5	0	0.0	1.0	True	0.9684365059946171	1	False	0	False	True	-48	81	48	81
independent_rep1	BROAD_0209	chrSynthetic2	13978003	13982583	4580	SHORT_BROAD	MEDIUM	0.5	0	0.0	1.0	True	0.9619827767275783	1	False	0	False	True	-100	81	100	81
independent_rep1	BROAD_0210	chrSynthetic2	14060186	14102161	41975	LONG_BROAD	STRONG	0.8	4000	0.09529482	1.0	True	0.9974099420207204	1	False	0	False	True	-55	54	55	54
independent_rep1	BROAD_0211	chrSynthetic2	14168898	14179349	10451	MEDIUM_BROAD	MEDIUM	0.5	1000	0.09568462	0.9228781934743087	True	0.911281179138322	2	True	1	False	False				
independent_rep1	BROAD_0212	chrSynthetic2	14258722	14289999	31277	LONG_BROAD	STRONG	0.8	3000	0.09591713	1.0	True	0.9948471643500111	1	False	0	False	True	-88	74	88	74
independent_rep1	BROAD_0213	chrSynthetic2	14450116	14459427	9311	MEDIUM_BROAD	MEDIUM	0.5	1000	0.10739985	0.9189131135216411	True	0.9131270010672359	2	True	1	False	False				
independent_rep1	BROAD_0214	chrSynthetic2	14542187	14620175	77988	LONG_BROAD	WEAK	0.25	8000	0.10257988	0.9142688618761861	True	0.8227804277581167	7	True	6	False	False				
independent_rep1	BROAD_0215	chrSynthetic2	14908725	14982360	73635	LONG_BROAD	STRONG	0.8	7000	0.09506349	0.9701500645073674	True	0.882466281310212	3	True	2	False	False				
independent_rep1	BROAD_0216	chrSynthetic2	15168089	15172299	4210	SHORT_BROAD	MEDIUM	0.5	0	0.0	1.0	True	0.967816091954023	1	False	0	False	True	-53	87	53	87
independent_rep1	BROAD_0217	chrSynthetic2	15250482	15270078	19596	MEDIUM_BROAD	STRONG	0.8	2000	0.10206165	0.9243723208818126	True	0.9154495375751757	3	True	2	False	False				
independent_rep1	BROAD_0218	chrSynthetic2	15471301	15549317	78016	LONG_BROAD	WEAK	0.25	8000	0.10254307	0.9101338187038556	True	0.8187166735028713	7	True	6	False	False				
independent_rep1	BROAD_0219	chrSynthetic2	15589133	15591528	2395	SHORT_BROAD	WEAK	0.25	0	0.0	0.9924843423799582	True	0.9924843423799582	1	False	0	False	True	7	-11	7	11
independent_rep1	BROAD_0220	chrSynthetic2	15729407	15802508	73101	LONG_BROAD	WEAK	0.25	7000	0.09575792	0.9170052393264114	True	0.7494288723820468	6	True	5	False	False				
independent_rep1	BROAD_0221	chrSynthetic2	15852096	15898056	45960	LONG_BROAD	MEDIUM	0.5	5000	0.10879025	0.9147084421235857	True	0.8018494342906876	4	True	3	False	False				
independent_rep1	BROAD_0222	chrSynthetic2	15972727	15978336	5609	MEDIUM_BROAD	WEAK	0.25	1000	0.1782849	0.8475664111249777	True	0.8441051136363636	2	True	1	False	False				
independent_rep1	BROAD_0223	chrSynthetic2	16008261	16058855	50594	LONG_BROAD	WEAK	0.25	5000	0.09882595	0.9133494090208325	True	0.8551537534809314	5	True	4	False	False				
independent_rep1	BROAD_0224	chrSynthetic2	16708422	16712228	3806	SHORT_BROAD	MEDIUM	0.5	0	0.0	0.9971098265895953	True	0.9854583225136329	1	False	0	False	True	11	45	11	45
independent_rep1	BROAD_0225	chrSynthetic2	16872448	16928150	55702	LONG_BROAD	WEAK	0.25	6000	0.10771606	0.9032889303795196	True	0.8171519873613156	5	True	4	False	False				
independent_rep1	BROAD_0226	chrSynthetic2	17211066	17219061	7995	MEDIUM_BROAD	WEAK	0.25	1000	0.12507817	0.88317698561601	True	0.8765983860955928	2	True	1	False	False				
independent_rep1	BROAD_0227	chrSynthetic2	17290264	17308539	18275	MEDIUM_BROAD	MEDIUM	0.5	2000	0.10943912	0.9146922024623803	True	0.9106063082202974	3	True	2	False	False				
independent_rep1	BROAD_0228	chrSynthetic2	17499514	17501984	2470	SHORT_BROAD	STRONG	0.8	0	0.0	1.0	True	0.9233644859813084	1	False	0	False	True	-105	100	105	100
independent_rep1	BROAD_0229	chrSynthetic2	17528749	17531195	2446	SHORT_BROAD	STRONG	0.8	0	0.0	1.0	True	0.9353728489483748	1	False	0	False	True	-94	75	94	75
independent_rep1	BROAD_0230	chrSynthetic2	17618543	17621858	3315	SHORT_BROAD	MEDIUM	0.5	0	0.0	1.0	True	0.981931279620853	1	False	0	False	True	-42	19	42	19
independent_rep1	BROAD_0231	chrSynthetic2	17678784	17682199	3415	SHORT_BROAD	MEDIUM	0.5	0	0.0	1.0	True	0.9682449673943861	1	False	0	False	True	-25	87	25	87
independent_rep1	BROAD_0232	chrSynthetic2	18081760	18109021	27261	LONG_BROAD	MEDIUM	0.5	3000	0.11004732	0.9153369282124647	True	0.912091527158418	4	True	3	False	False				
independent_rep1	BROAD_0233	chrSynthetic2	18402035	18408581	6546	MEDIUM_BROAD	MEDIUM	0.5	1000	0.15276505	0.8771769019248395	True	0.8646288209606987	2	True	1	False	False				
independent_rep1	BROAD_0234	chrSynthetic2	18599508	18619459	19951	MEDIUM_BROAD	STRONG	0.8	2000	0.1002456	1.0	True	0.9932789007268744	1	False	0	False	True	-74	61	74	61
independent_rep1	BROAD_0235	chrSynthetic2	18749415	18752126	2711	SHORT_BROAD	MEDIUM	0.5	0	0.0	1.0	True	0.9620298083747338	1	False	0	False	True	-45	62	45	62
independent_rep1	BROAD_0236	chrSynthetic2	18912952	18928337	15385	MEDIUM_BROAD	WEAK	0.25	2000	0.12999675	0.8864478388040299	True	0.8864478388040299	3	True	2	False	False				
independent_rep1	BROAD_0237	chrSynthetic2	19239149	19242846	3697	SHORT_BROAD	STRONG	0.8	0	0.0	1.0	True	0.9610085781128151	1	False	0	False	True	-52	98	52	98
independent_rep1	BROAD_0238	chrSynthetic2	19290889	19309118	18229	MEDIUM_BROAD	MEDIUM	0.5	2000	0.10971529	0.9170552416479236	True	0.8967866530765517	3	True	2	False	False				
independent_rep1	BROAD_0239	chrSynthetic2	19352784	19358057	5273	MEDIUM_BROAD	STRONG	0.8	1000	0.18964536	0.8621278209747771	True	0.8368924889543446	2	True	1	False	False				
independent_rep1	BROAD_0240	chrSynthetic2	19408636	19412258	3622	SHORT_BROAD	WEAK	0.25	0	0.0	1.0	True	0.97971328103868	1	False	0	False	True	-37	38	37	38
independent_rep1	BROAD_0241	chrSynthetic2	19488889	19551071	62182	LONG_BROAD	WEAK	0.25	6000	0.09649095	0.9159563860924383	True	0.7343282621980638	5	True	4	False	False				
independent_rep1	BROAD_0242	chrSynthetic2	19681649	19692933	11284	MEDIUM_BROAD	STRONG	0.8	1000	0.08862106	0.934686281460475	True	0.921376779942343	2	True	1	False	False				
independent_rep1	BROAD_0243	chrSynthetic2	19880571	19942911	62340	LONG_BROAD	STRONG	0.8	6000	0.09624639	0.9881616939364773	True	0.9144547028274668	1	False	0	False	True	5289	48	5289	48
independent_rep1	BROAD_0244	chrSynthetic3	120314	122729	2415	SHORT_BROAD	STRONG	0.8	0	0.0	1.0	True	0.9400544959128065	1	False	0	False	True	-68	86	68	86
independent_rep1	BROAD_0245	chrSynthetic3	252601	328322	75721	LONG_BROAD	WEAK	0.25	8000	0.10565101	0.9062347301277056	True	0.8430818399123097	7	True	6	False	False				
independent_rep1	BROAD_0246	chrSynthetic3	568295	572735	4440	SHORT_BROAD	STRONG	0.8	0	0.0	1.0	True	0.9788359788359788	1	False	0	False	True	-36	60	36	60
independent_rep1	BROAD_0247	chrSynthetic3	659461	702183	42722	LONG_BROAD	MEDIUM	0.5	4000	0.09362858	0.9468189691493843	True	0.9453364182383323	4	True	3	False	False				
independent_rep1	BROAD_0248	chrSynthetic3	789309	842643	53334	LONG_BROAD	WEAK	0.25	5000	0.09374883	0.9156823039712003	True	0.9156823039712003	6	True	5	False	False				
independent_rep1	BROAD_0249	chrSynthetic3	988426	992977	4551	SHORT_BROAD	STRONG	0.8	0	0.0	1.0	True	0.9678860059549128	1	False	0	False	True	-84	67	84	67
independent_rep1	BROAD_0250	chrSynthetic3	1098496	1112374	13878	MEDIUM_BROAD	STRONG	0.8	1000	0.07205649	1.0	True	0.9879689613440592	1	False	0	False	True	-88	81	88	81
independent_rep1	BROAD_0251	chrSynthetic3	1221691	1239763	18072	MEDIUM_BROAD	MEDIUM	0.5	2000	0.11066844	0.911963258078796	True	0.90684494332563	3	True	2	False	False				
independent_rep1	BROAD_0252	chrSynthetic3	1492480	1522641	30161	LONG_BROAD	STRONG	0.8	3000	0.0994662	0.9753986936772654	True	0.9701876463410612	2	True	1	False	False				
independent_rep1	BROAD_0253	chrSynthetic3	1639070	1652001	12931	MEDIUM_BROAD	STRONG	0.8	1000	0.07733354	1.0	True	0.9829722538958571	1	False	0	False	True	-119	105	119	105
independent_rep1	BROAD_0254	chrSynthetic3	1672391	1740653	68262	LONG_BROAD	WEAK	0.25	7000	0.10254607	0.9073862471067358	True	0.8006211362104831	6	True	5	False	False				
independent_rep1	BROAD_0255	chrSynthetic3	1799183	1818233	19050	MEDIUM_BROAD	STRONG	0.8	2000	0.10498688	0.9225196850393701	True	0.915360175009115	3	True	2	False	False				
independent_rep1	BROAD_0256	chrSynthetic3	1890024	1892639	2615	SHORT_BROAD	WEAK	0.25	0	0.0	0.9831739961759082	True	0.9786829082603731	1	False	0	False	True	-12	-44	12	44
independent_rep1	BROAD_0257	chrSynthetic3	1948883	2018903	70020	LONG_BROAD	STRONG	0.8	7000	0.09997144	0.9686375321336761	True	0.9242138903155852	3	True	2	False	False				
independent_rep1	BROAD_0258	chrSynthetic3	2650915	2702907	51992	LONG_BROAD	MEDIUM	0.5	5000	0.09616864	0.9247384212955839	True	0.8436100055757436	5	True	4	False	False				
independent_rep1	BROAD_0259	chrSynthetic3	3062620	3078292	15672	MEDIUM_BROAD	WEAK	0.25	2000	0.12761613	0.887506380806534	True	0.8867708001275103	3	True	2	False	False				
independent_rep1	BROAD_0260	chrSynthetic3	3128198	3131470	3272	SHORT_BROAD	WEAK	0.25	0	0.0	0.9810513447432763	True	0.9712556732223904	1	False	0	False	True	62	33	62	33
independent_rep1	BROAD_0261	chrSynthetic3	3181794	3202269	20475	LONG_BROAD	STRONG	0.8	2000	0.0976801	0.9281562881562881	True	0.9213167208028312	3	True	2	False	False				
independent_rep1	BROAD_0262	chrSynthetic3	3552538	3579348	26810	LONG_BROAD	WEAK	0.25	3000	0.11189855	0.9023498694516972	True	0.8099373788579096	3	True	2	False	False				
independent_rep1	BROAD_0263	chrSynthetic3	3838028	3842940	4912	SHORT_BROAD	MEDIUM	0.5	0	0.0	1.0	True	0.990722065348931	1	False	0	False	True	-31	15	31	15
independent_rep1	BROAD_0264	chrSynthetic3	3888139	3892446	4307	SHORT_BROAD	MEDIUM	0.5	0	0.0	1.0	True	0.9762012692656392	1	False	0	False	True	-59	46	59	46
independent_rep1	BROAD_0265	chrSynthetic3	4360280	4400559	40279	LONG_BROAD	WEAK	0.25	4000	0.09930733	0.9125102410685468	True	0.9115371261346163	5	True	4	False	False				
independent_rep1	BROAD_0266	chrSynthetic3	4691637	4702172	10535	MEDIUM_BROAD	STRONG	0.8	1000	0.09492169	0.9307071665875652	True	0.9202252463632098	2	True	1	False	False				
independent_rep1	BROAD_0267	chrSynthetic3	4848077	4861441	13364	MEDIUM_BROAD	WEAK	0.25	1000	0.0748279	0.9358724932654894	True	0.9337066069428891	2	True	1	False	False				
independent_rep1	BROAD_0268	chrSynthetic3	4872004	4878006	6002	MEDIUM_BROAD	STRONG	0.8	1000	0.16661113	1.0	True	0.9726138389239993	1	False	0	False	True	-91	78	91	78
independent_rep1	BROAD_0269	chrSynthetic3	4981082	5038344	57262	LONG_BROAD	MEDIUM	0.5	6000	0.10478153	0.9320317138765674	True	0.8183262896860046	4	True	3	False	False				
independent_rep1	BROAD_0270	chrSynthetic3	5138692	5189058	50366	LONG_BROAD	STRONG	0.8	5000	0.09927332	1.0	True	0.9961629746835443	1	False	0	False	True	-105	89	105	89
independent_rep1	BROAD_0271	chrSynthetic3	5488676	5491699	3023	SHORT_BROAD	WEAK	0.25	0	0.0	0.9904068805822032	True	0.9900793650793651	1	False	0	False	True	29	1	29	1
independent_rep1	BROAD_0272	chrSynthetic3	5659961	5722636	62675	LONG_BROAD	WEAK	0.25	6000	0.09573195	0.9151176705225369	True	0.8342560829676905	6	True	5	False	False				
independent_rep1	BROAD_0273	chrSynthetic3	5778019	5782983	4964	SHORT_BROAD	STRONG	0.8	0	0.0	1.0	True	0.9744797801334903	1	False	0	False	True	-83	47	83	47
independent_rep1	BROAD_0274	chrSynthetic3	5828447	5830662	2215	SHORT_BROAD	WEAK	0.25	0	0.0	0.9900677200902934	True	0.9526498696785404	1	False	0	False	True	22	87	22	87
independent_rep1	BROAD_0275	chrSynthetic3	5938247	5942537	4290	SHORT_BROAD	WEAK	0.25	0	0.0	0.9799533799533799	True	0.9799533799533799	1	False	0	False	True	34	-52	34	52
independent_rep1	BROAD_0276	chrSynthetic3	6028896	6032800	3904	SHORT_BROAD	WEAK	0.25	0	0.0	1.0	True	0.9784461152882206	1	False	0	False	True	-77	9	77	9
independent_rep1	BROAD_0277	chrSynthetic3	6148442	6152901	4459	SHORT_BROAD	MEDIUM	0.5	0	0.0	1.0	True	0.9718831734960767	1	False	0	False	True	-74	55	74	55
independent_rep1	BROAD_0278	chrSynthetic3	6212973	6218261	5288	MEDIUM_BROAD	MEDIUM	0.5	1000	0.18910741	0.8606278366111951	True	0.8424657534246576	2	True	1	False	False				
independent_rep1	BROAD_0279	chrSynthetic3	6580064	6638725	58661	LONG_BROAD	MEDIUM	0.5	6000	0.10228261	0.9206627912923407	True	0.7864850582158504	5	True	4	False	False				
independent_rep1	BROAD_0280	chrSynthetic3	6758487	6760840	2353	SHORT_BROAD	WEAK	0.25	0	0.0	1.0	True	0.9775654341503947	1	False	0	False	True	-15	39	15	39
independent_rep1	BROAD_0281	chrSynthetic3	6792260	6839357	47097	LONG_BROAD	STRONG	0.8	5000	0.10616387	0.9690850797290698	True	0.9070739208823841	2	True	1	False	False				
independent_rep1	BROAD_0282	chrSynthetic3	7099989	7109846	9857	MEDIUM_BROAD	WEAK	0.25	1000	0.10145075	0.9100131885969361	True	0.9074355083459787	2	True	1	False	False				
independent_rep1	BROAD_0283	chrSynthetic3	7159774	7172793	13019	MEDIUM_BROAD	MEDIUM	0.5	1000	0.07681081	0.938704969659728	True	0.9290710050174852	2	True	1	False	False				
independent_rep1	BROAD_0284	chrSynthetic3	7261848	7268870	7022	MEDIUM_BROAD	MEDIUM	0.5	1000	0.14240957	0.8907718598689832	True	0.8809859154929578	2	True	1	False	False				
independent_rep1	BROAD_0285	chrSynthetic3	7459485	7509523	50038	LONG_BROAD	MEDIUM	0.5	5000	0.09992406	0.9230784603701188	True	0.8491646873315902	5	True	4	False	False				
independent_rep1	BROAD_0286	chrSynthetic3	7878929	7890732	11803	MEDIUM_BROAD	STRONG	0.8	1000	0.08472422	1.0	True	0.9876987447698745	1	False	0	False	True	-68	79	68	79
independent_rep1	BROAD_0287	chrSynthetic3	7901169	7908400	7231	MEDIUM_BROAD	MEDIUM	0.5	1000	0.13829346	0.8915779283639884	True	0.8809784094014758	2	True	1	False	False				
independent_rep1	BROAD_0288	chrSynthetic3	8081936	8088929	6993	MEDIUM_BROAD	STRONG	0.8	1000	0.14300014	0.8954668954668955	True	0.8811031377515126	2	True	1	False	False				
independent_rep1	BROAD_0289	chrSynthetic3	8282984	8298190	15206	MEDIUM_BROAD	WEAK	0.25	2000	0.13152703	0.8903722214915165	True	0.8869889937106918	3	True	2	False	False				
independent_rep1	BROAD_0290	chrSynthetic3	8499520	8501757	2237	SHORT_BROAD	MEDIUM	0.5	0	0.0	1.0	True	0.921334431630972	1	False	0	False	True	-124	67	124	67
independent_rep1	BROAD_0291	chrSynthetic3	8560534	8568648	8114	MEDIUM_BROAD	MEDIUM	0.5	1000	0.12324378	0.9025141730342617	True	0.8909843046599343	2	True	1	False	False				
independent_rep1	BROAD_0292	chrSynthetic3	8602363	8618267	15904	MEDIUM_BROAD	WEAK	0.25	2000	0.12575453	0.8848717303822937	True	0.8837603617181613	3	True	2	False	False				
independent_rep1	BROAD_0293	chrSynthetic3	8652701	8661784	9083	MEDIUM_BROAD	WEAK	0.25	1000	0.11009578	0.9001431245183309	True	0.8961964266140524	2	True	1	False	False				
independent_rep1	BROAD_0294	chrSynthetic3	8800007	8862559	62552	LONG_BROAD	WEAK	0.25	6000	0.09592019	0.9149987210640746	True	0.8355448267041822	6	True	5	False	False				
independent_rep1	BROAD_0295	chrSynthetic3	9002156	9060477	58321	LONG_BROAD	MEDIUM	0.5	6000	0.10287889	0.932957253819379	True	0.8812691563500625	5	True	4	False	False				
independent_rep1	BROAD_0296	chrSynthetic3	9328227	9331015	2788	SHORT_BROAD	STRONG	0.8	0	0.0	1.0	True	0.9368279569892473	1	False	0	False	True	-91	97	91	97
independent_rep1	BROAD_0297	chrSynthetic3	9360469	9428104	67635	LONG_BROAD	MEDIUM	0.5	7000	0.10349671	0.9208841576107045	True	0.8192356028683374	6	True	5	False	False				
independent_rep1	BROAD_0298	chrSynthetic3	9548995	9552853	3858	SHORT_BROAD	WEAK	0.25	0	0.0	0.9971487817522032	True	0.9886918529940889	1	False	0	False	True	11	33	11	33
independent_rep1	BROAD_0299	chrSynthetic3	9638582	9642328	3746	SHORT_BROAD	MEDIUM	0.5	0	0.0	1.0	True	0.9697126585555268	1	False	0	False	True	-36	81	36	81
independent_rep1	BROAD_0300	chrSynthetic3	9768776	9772799	4023	SHORT_BROAD	WEAK	0.25	0	0.0	0.9741486452895849	True	0.9741486452895849	1	False	0	False	True	91	-13	91	13
independent_rep1	BROAD_0301	chrSynthetic3	9898924	9960614	61690	LONG_BROAD	STRONG	0.8	6000	0.0972605	0.9762522288863673	True	0.8980778261784853	2	True	1	False	False				
independent_rep1	BROAD_0302	chrSynthetic3	10088413	10101379	12966	MEDIUM_BROAD	WEAK	0.25	1000	0.07712479	0.923183711244794	True	0.923183711244794	2	True	1	False	False				
independent_rep1	BROAD_0303	chrSynthetic3	10138414	10208476	70062	LONG_BROAD	STRONG	0.8	7000	0.09991151	0.9685278753104394	True	0.8714414016280098	3	True	2	False	False				
independent_rep1	BROAD_0304	chrSynthetic3	10220640	10232725	12085	MEDIUM_BROAD	WEAK	0.25	1000	0.08274721	0.926934215970211	True	0.926934215970211	2	True	1	False	False				
independent_rep1	BROAD_0305	chrSynthetic3	10401783	10418514	16731	MEDIUM_BROAD	STRONG	0.8	2000	0.11953858	0.9547546470623394	True	0.9458787304594979	2	True	1	False	False				
independent_rep1	BROAD_0306	chrSynthetic3	10442950	10458081	15131	MEDIUM_BROAD	WEAK	0.25	2000	0.13217897	0.8865243539752825	True	0.8841286580543106	3	True	2	False	False				
independent_rep1	BROAD_0307	chrSynthetic3	10489084	10561813	72729	LONG_BROAD	MEDIUM	0.5	7000	0.09624771	0.9268517372712398	True	0.7622818958049746	6	True	5	False	False				
independent_rep1	BROAD_0308	chrSynthetic3	10771723	10788295	16572	MEDIUM_BROAD	MEDIUM	0.5	2000	0.12068549	0.9055032585083272	True	0.9006662265170158	3	True	2	False	False				
independent_rep1	BROAD_0309	chrSynthetic3	10901562	10909648	8086	MEDIUM_BROAD	STRONG	0.8	1000	0.12367054	1.0	True	0.9807155852031534	1	False	0	False	True	-70	89	70	89
independent_rep1	BROAD_0310	chrSynthetic3	11139151	11162730	23579	LONG_BROAD	WEAK	0.25	2000	0.08482124	0.9181475041350354	True	0.9179528493894166	3	True	2	False	False				
independent_rep1	BROAD_0311	chrSynthetic3	11200391	11240106	39715	LONG_BROAD	MEDIUM	0.5	4000	0.10071761	0.9408032229636157	True	0.9383460157211382	4	True	3	False	False				
independent_rep1	BROAD_0312	chrSynthetic3	11498231	11502794	4563	SHORT_BROAD	STRONG	0.8	0	0.0	1.0	True	0.9739594450373532	1	False	0	False	True	-58	64	58	64
independent_rep1	BROAD_0313	chrSynthetic3	11568586	11572704	4118	SHORT_BROAD	STRONG	0.8	0	0.0	1.0	True	0.9684854186265287	1	False	0	False	True	-70	64	70	64
independent_rep1	BROAD_0314	chrSynthetic3	11718256	11722627	4371	SHORT_BROAD	STRONG	0.8	0	0.0	1.0	True	0.9698247171067229	1	False	0	False	True	-86	50	86	50
independent_rep1	BROAD_0315	chrSynthetic3	11958572	11962626	4054	SHORT_BROAD	STRONG	0.8	0	0.0	1.0	True	0.9629453681710214	1	False	0	False	True	-71	85	71	85
independent_rep1	BROAD_0316	chrSynthetic3	12180462	12230945	50483	LONG_BROAD	WEAK	0.25	5000	0.09904324	0.9123467305825723	True	0.7235505021492383	4	True	3	False	False				
independent_rep1	BROAD_0317	chrSynthetic3	12402802	12408505	5703	MEDIUM_BROAD	WEAK	0.25	1000	0.17534631	0.8404348588462213	True	0.8389637668475407	2	True	1	False	False				
independent_rep1	BROAD_0318	chrSynthetic3	12438830	12442253	3423	SHORT_BROAD	STRONG	0.8	0	0.0	1.0	True	0.9666760802033324	1	False	0	False	True	-67	51	67	51
independent_rep1	BROAD_0319	chrSynthetic3	12538006	12542868	4862	SHORT_BROAD	WEAK	0.25	0	0.0	0.9886877828054299	True	0.9886877828054299	1	False	0	False	True	0	-55	0	55
independent_rep1	BROAD_0320	chrSynthetic3	12591159	12668619	77460	LONG_BROAD	STRONG	0.8	8000	0.10327911	0.9714691453653499	True	0.9698164759253531	4	True	3	False	False				
independent_rep1	BROAD_0321	chrSynthetic3	12859657	12861690	2033	SHORT_BROAD	MEDIUM	0.5	0	0.0	1.0	True	0.966254752851711	1	False	0	False	True	-4	67	4	67
independent_rep1	BROAD_0322	chrSynthetic3	13202293	13210676	8383	MEDIUM_BROAD	WEAK	0.25	1000	0.11928904	0.9006322318978885	True	0.900417412045319	2	True	1	False	False				
independent_rep1	BROAD_0323	chrSynthetic3	13311560	13328087	16527	MEDIUM_BROAD	WEAK	0.25	2000	0.1210141	0.888667029708961	True	0.8881833575229802	3	True	2	False	False				
independent_rep1	BROAD_0324	chrSynthetic3	13452599	13458552	5953	MEDIUM_BROAD	STRONG	0.8	1000	0.16798253	1.0	True	0.9760616494507296	1	False	0	False	True	-80	66	80	66
independent_rep1	BROAD_0325	chrSynthetic3	13562872	13578658	15786	MEDIUM_BROAD	WEAK	0.25	2000	0.12669454	0.8885721525402255	True	0.8871110548950164	3	True	2	False	False				
independent_rep1	BROAD_0326	chrSynthetic3	13649000	13651863	2863	SHORT_BROAD	MEDIUM	0.5	0	0.0	1.0	True	0.9695225194717236	1	False	0	False	True	-30	60	30	60
independent_rep1	BROAD_0327	chrSynthetic3	13839778	13842616	2838	SHORT_BROAD	STRONG	0.8	0	0.0	1.0	True	0.9497991967871486	1	False	0	False	True	-87	63	87	63
independent_rep1	BROAD_0328	chrSynthetic3	13938238	13941654	3416	SHORT_BROAD	WEAK	0.25	0	0.0	0.9912177985948478	True	0.9912177985948478	1	False	0	False	True	1	-29	1	29
independent_rep1	BROAD_0329	chrSynthetic3	14292661	14309411	16750	MEDIUM_BROAD	WEAK	0.25	2000	0.11940299	0.8928955223880597	True	0.8902910887552831	3	True	2	False	False				
independent_rep1	BROAD_0330	chrSynthetic3	14619095	14621211	2116	SHORT_BROAD	MEDIUM	0.5	0	0.0	1.0	True	0.9635701275045537	1	False	0	False	True	-57	23	57	23
independent_rep1	BROAD_0331	chrSynthetic3	14641038	14650615	9577	MEDIUM_BROAD	WEAK	0.25	1000	0.10441683	0.8987156729664822	True	0.8978718965157522	2	True	1	False	False				
independent_rep1	BROAD_0332	chrSynthetic3	14671680	14690583	18903	MEDIUM_BROAD	WEAK	0.25	2000	0.10580331	0.9025022483203724	True	0.9025022483203724	3	True	2	False	False				
independent_rep1	BROAD_0333	chrSynthetic3	14922988	14978005	55017	LONG_BROAD	MEDIUM	0.5	6000	0.1090572	0.914880855008452	True	0.8373957140520203	5	True	4	False	False				
independent_rep1	BROAD_0334	chrSynthetic3	14992980	15068200	75220	LONG_BROAD	MEDIUM	0.5	8000	0.10635469	0.9177479393778251	True	0.8588141451741558	7	True	6	False	False				
independent_rep1	BROAD_0335	chrSynthetic3	15078283	15092603	14320	MEDIUM_BROAD	STRONG	0.8	1000	0.0698324	0.9490921787709498	True	0.9388643271621995	2	True	1	False	False				
independent_rep1	BROAD_0336	chrSynthetic3	15241681	15249222	7541	MEDIUM_BROAD	STRONG	0.8	1000	0.13260841	1.0	True	0.9815176363399714	1	False	0	False	True	-58	84	58	84
independent_rep1	BROAD_0337	chrSynthetic3	15290389	15292483	2094	SHORT_BROAD	STRONG	0.8	0	0.0	1.0	True	0.9306666666666666	1	False	0	False	True	-91	65	91	65
independent_rep1	BROAD_0338	chrSynthetic3	15382551	15388444	5893	MEDIUM_BROAD	MEDIUM	0.5	1000	0.16969286	0.8688274223655185	True	0.8534755792632105	2	True	1	False	False				
independent_rep1	BROAD_0339	chrSynthetic3	15408521	15472804	64283	LONG_BROAD	MEDIUM	0.5	6000	0.09333727	0.9280836301977194	True	0.925750640080689	7	True	6	False	False				
independent_rep1	BROAD_0340	chrSynthetic3	15741514	15818431	76917	LONG_BROAD	WEAK	0.25	8000	0.10400822	0.9086417827008334	True	0.8305966171327535	7	True	6	False	False				
independent_rep1	BROAD_0341	chrSynthetic3	15978593	16012673	34080	LONG_BROAD	STRONG	0.8	3000	0.08802817	0.9782570422535212	True	0.9746250767386793	2	True	1	False	False				
independent_rep1	BROAD_0342	chrSynthetic3	16149239	16152194	2955	SHORT_BROAD	WEAK	0.25	0	0.0	1.0	True	0.9739617666446935	1	False	0	False	True	-29	50	29	50
independent_rep1	BROAD_0343	chrSynthetic3	16309651	16328375	18724	MEDIUM_BROAD	WEAK	0.25	2000	0.10681478	0.9107562486648152	True	0.9099786552828175	3	True	2	False	False				
independent_rep1	BROAD_0344	chrSynthetic3	16378076	16382968	4892	SHORT_BROAD	MEDIUM	0.5	0	0.0	1.0	True	0.9803607214428858	1	False	0	False	True	-48	50	48	50
independent_rep1	BROAD_0345	chrSynthetic3	16498262	16570230	71968	LONG_BROAD	MEDIUM	0.5	7000	0.09726545	0.9249944419742108	True	0.769619831036016	6	True	5	False	False				
independent_rep1	BROAD_0346	chrSynthetic3	16600895	16670968	70073	LONG_BROAD	WEAK	0.25	7000	0.09989582	0.9099082385512252	True	0.7793301271531118	6	True	5	False	False				
independent_rep1	BROAD_0347	chrSynthetic3	16830468	16832840	2372	SHORT_BROAD	MEDIUM	0.5	0	0.0	1.0	True	0.9416435093290988	1	False	0	False	True	-54	93	54	93
independent_rep1	BROAD_0348	chrSynthetic3	17292614	17348211	55597	LONG_BROAD	MEDIUM	0.5	6000	0.10791949	0.9156069572099214	True	0.8289116319225858	5	True	4	False	False				
independent_rep1	BROAD_0349	chrSynthetic3	17398187	17412389	14202	MEDIUM_BROAD	MEDIUM	0.5	1000	0.07041262	0.9448669201520913	True	0.9397058823529412	2	True	1	False	False				
independent_rep1	BROAD_0350	chrSynthetic3	17508329	17512646	4317	SHORT_BROAD	WEAK	0.25	0	0.0	0.9884178827889738	True	0.987960175966659	1	False	0	False	True	50	2	50	2
independent_rep1	BROAD_0351	chrSynthetic3	17529637	17578413	48776	LONG_BROAD	STRONG	0.8	5000	0.10250943	0.9850951287518451	True	0.9819946862865317	2	True	1	False	False				
independent_rep1	BROAD_0352	chrSynthetic3	18261860	18338437	76577	LONG_BROAD	WEAK	0.25	8000	0.10447001	0.9079619206811445	True	0.8345195032450997	7	True	6	False	False				
independent_rep1	BROAD_0353	chrSynthetic3	18390140	18422121	31981	LONG_BROAD	MEDIUM	0.5	3000	0.0938057	0.9262999906194302	True	0.9233262685450692	4	True	3	False	False				
independent_rep1	BROAD_0354	chrSynthetic3	18471043	18488486	17443	MEDIUM_BROAD	STRONG	0.8	2000	0.11465918	0.9158974946970131	True	0.9075210179504658	3	True	2	False	False				
independent_rep1	BROAD_0355	chrSynthetic3	18570352	18648465	78113	LONG_BROAD	WEAK	0.25	8000	0.10241573	0.9118200555605341	True	0.8208108765506382	7	True	6	False	False				
independent_rep1	BROAD_0356	chrSynthetic3	18679871	18720507	40636	LONG_BROAD	MEDIUM	0.5	4000	0.09843489	0.925878531351511	True	0.9245361838063644	5	True	4	False	False				
independent_rep1	BROAD_0357	chrSynthetic3	19049932	19088734	38802	LONG_BROAD	MEDIUM	0.5	4000	0.10308747	0.9195402298850575	True	0.844898589519201	4	True	3	False	False				
independent_rep1	BROAD_0358	chrSynthetic3	19389120	19392967	3847	SHORT_BROAD	WEAK	0.25	0	0.0	1.0	True	0.9987019730010385	1	False	0	False	True	0	5	0	5
independent_rep1	BROAD_0359	chrSynthetic3	19581847	19600539	18692	MEDIUM_BROAD	MEDIUM	0.5	2000	0.10699765	0.918146800770383	True	0.9126781535843438	3	True	2	False	False				
independent_rep1	BROAD_0360	chrSynthetic3	19630248	19659672	29424	LONG_BROAD	MEDIUM	0.5	3000	0.10195759	0.9204730831973899	True	0.9189427611712415	4	True	3	False	False				
independent_rep2	BROAD_0001	chrSynthetic1	179251	189862	10611	MEDIUM_BROAD	STRONG	0.8	1000	0.09424182	0.9303552916784469	True	0.9180693759880963	2	True	1	False	False				
independent_rep2	BROAD_0002	chrSynthetic1	242650	259044	16394	MEDIUM_BROAD	STRONG	0.8	2000	0.12199585	0.9542515554471148	True	0.9454281742914123	2	True	1	False	False				
independent_rep2	BROAD_0003	chrSynthetic1	330833	361139	30306	LONG_BROAD	STRONG	0.8	3000	0.0989903	0.9513297696825711	True	0.9456197317065171	3	True	2	False	False				
independent_rep2	BROAD_0004	chrSynthetic1	629416	659686	30270	LONG_BROAD	WEAK	0.25	3000	0.09910803	0.90799471423852	True	0.90799471423852	4	True	3	False	False				
independent_rep2	BROAD_0005	chrSynthetic1	728418	752616	24198	LONG_BROAD	STRONG	0.8	2000	0.08265146	1.0	True	0.9944519787942301	1	False	0	False	True	-54	81	54	81
independent_rep2	BROAD_0006	chrSynthetic1	848342	852493	4151	SHORT_BROAD	WEAK	0.25	0	0.0	0.9686822452421103	True	0.9663542417688056	1	False	0	False	True	-10	-130	10	130
independent_rep2	BROAD_0007	chrSynthetic1	988338	1002148	13810	MEDIUM_BROAD	MEDIUM	0.5	1000	0.0724113	0.944605358435916	True	0.935058418751344	2	True	1	False	False				
independent_rep2	BROAD_0008	chrSynthetic1	1071066	1110382	39316	LONG_BROAD	STRONG	0.8	4000	0.10173975	0.9813307559263404	True	0.9774771351118543	2	True	1	False	False				
independent_rep2	BROAD_0009	chrSynthetic1	1282989	1288019	5030	MEDIUM_BROAD	STRONG	0.8	1000	0.19880716	0.8506958250497018	True	0.8328143246399378	2	True	1	False	False				
independent_rep2	BROAD_0010	chrSynthetic1	1348367	1358754	10387	MEDIUM_BROAD	MEDIUM	0.5	1000	0.09627419	0.9298161162992202	True	0.9262491608324542	2	True	1	False	False				
independent_rep2	BROAD_0011	chrSynthetic1	1561843	1609408	47565	LONG_BROAD	MEDIUM	0.5	5000	0.10511931	0.9196047513928308	True	0.7769157994323557	4	True	3	False	False				
independent_rep2	BROAD_0012	chrSynthetic1	1638031	1641342	3311	SHORT_BROAD	MEDIUM	0.5	0	0.0	1.0	True	0.9746835443037974	1	False	0	False	True	-61	25	61	25
independent_rep2	BROAD_0013	chrSynthetic1	1888427	1892295	3868	SHORT_BROAD	WEAK	0.25	0	0.0	0.9798345398138573	True	0.975295934122491	1	False	0	False	True	-18	-78	18	78
independent_rep2	BROAD_0014	chrSynthetic1	1949558	1958897	9339	MEDIUM_BROAD	MEDIUM	0.5	1000	0.10707785	0.9124103223043153	True	0.9015023275497249	2	True	1	False	False				
independent_rep2	BROAD_0015	chrSynthetic1	2048910	2082834	33924	LONG_BROAD	WEAK	0.25	3000	0.08843297	0.9229748850371419	True	0.9227572792644112	4	True	3	False	False				
independent_rep2	BROAD_0016	chrSynthetic1	2168638	2192910	24272	LONG_BROAD	WEAK	0.25	2000	0.08239947	0.9265408701384311	True	0.9254732510288066	3	True	2	False	False				
independent_rep2	BROAD_0017	chrSynthetic1	2381918	2429285	47367	LONG_BROAD	STRONG	0.8	5000	0.10555872	1.0	True	0.9957326045827202	1	False	0	False	True	-88	115	88	115
independent_rep2	BROAD_0018	chrSynthetic1	2631249	2690198	58949	LONG_BROAD	MEDIUM	0.5	6000	0.1017829	0.935707136677467	True	0.8620525869380832	5	True	4	False	False				
independent_rep2	BROAD_0019	chrSynthetic1	2818001	2848542	30541	LONG_BROAD	STRONG	0.8	3000	0.09822861	0.9756065616711961	True	0.9709016259897684	2	True	1	False	False				
independent_rep2	BROAD_0020	chrSynthetic1	3142220	3161872	19652	MEDIUM_BROAD	STRONG	0.8	2000	0.10177081	0.9625483411357623	True	0.9573358975656663	2	True	1	False	False				
independent_rep2	BROAD_0021	chrSynthetic1	3218051	3222878	4827	SHORT_BROAD	MEDIUM	0.5	0	0.0	1.0	True	0.9718139722166298	1	False	0	False	True	-77	63	77	63
independent_rep2	BROAD_0022	chrSynthetic1	3292325	3298515	6190	MEDIUM_BROAD	STRONG	0.8	1000	0.16155089	1.0	True	0.9700673875568093	1	False	0	False	True	-91	100	91	100
independent_rep2	BROAD_0023	chrSynthetic1	3318303	3322906	4603	SHORT_BROAD	MEDIUM	0.5	0	0.0	1.0	True	0.9845989304812834	1	False	0	False	True	-20	52	20	52
independent_rep2	BROAD_0024	chrSynthetic1	3368049	3371622	3573	SHORT_BROAD	WEAK	0.25	0	0.0	0.9773299748110831	True	0.9773299748110831	1	False	0	False	True	37	-44	37	44
independent_rep2	BROAD_0025	chrSynthetic1	3518108	3522956	4848	SHORT_BROAD	WEAK	0.25	0	0.0	1.0	True	0.9926289926289926	1	False	0	False	True	-30	6	30	6
independent_rep2	BROAD_0026	chrSynthetic1	3792269	3829732	37463	LONG_BROAD	WEAK	0.25	4000	0.10677202	0.904305581507087	True	0.8295415144160243	4	True	3	False	False				
independent_rep2	BROAD_0027	chrSynthetic1	3888530	3890853	2323	SHORT_BROAD	STRONG	0.8	0	0.0	1.0	True	0.9247611464968153	1	False	0	False	True	-79	110	79	110
independent_rep2	BROAD_0028	chrSynthetic1	4182599	4198348	15749	MEDIUM_BROAD	WEAK	0.25	2000	0.12699219	0.8871039431074988	True	0.8835135647884652	3	True	2	False	False				
independent_rep2	BROAD_0029	chrSynthetic1	4212612	4248871	36259	LONG_BROAD	WEAK	0.25	4000	0.11031744	0.906919661325464	True	0.7570534212195593	3	True	2	False	False				
independent_rep2	BROAD_0030	chrSynthetic1	4260104	4291630	31526	LONG_BROAD	MEDIUM	0.5	3000	0.09515955	0.9266954259975893	True	0.9245545745118516	4	True	3	False	False				
independent_rep2	BROAD_0031	chrSynthetic1	4382697	4388112	5415	MEDIUM_BROAD	STRONG	0.8	1000	0.18467221	0.8653739612188366	True	0.8423512493259033	2	True	1	False	False				
independent_rep2	BROAD_0032	chrSynthetic1	4580095	4650549	70454	LONG_BROAD	WEAK	0.25	7000	0.09935561	0.9126238396684362	True	0.7773724699804128	6	True	5	False	False				
independent_rep2	BROAD_0033	chrSynthetic1	4728554	4732649	4095	SHORT_BROAD	WEAK	0.25	0	0.0	0.9797313797313797	True	0.9797313797313797	1	False	0	False	True	50	-33	50	33
independent_rep2	BROAD_0034	chrSynthetic1	4792079	4808873	16794	MEDIUM_BROAD	STRONG	0.8	2000	0.11909015	1.0	True	0.9895121376384634	1	False	0	False	True	-131	47	131	47
independent_rep2	BROAD_0035	chrSynthetic1	4992748	4999634	6886	MEDIUM_BROAD	WEAK	0.25	1000	0.14522219	0.8370607028753994	True	0.8370607028753994	2	True	1	False	False				
independent_rep2	BROAD_0036	chrSynthetic1	5012866	5018509	5643	MEDIUM_BROAD	WEAK	0.25	1000	0.1772107	0.8389154704944178	True	0.8383212325128386	2	True	1	False	False				
independent_rep2	BROAD_0037	chrSynthetic1	5079198	5098840	19642	MEDIUM_BROAD	WEAK	0.25	2000	0.10182262	0.9070359433866205	True	0.9056066690387842	3	True	2	False	False				
independent_rep2	BROAD_0038	chrSynthetic1	5121807	5169637	47830	LONG_BROAD	STRONG	0.8	5000	0.1045369	0.9843403721513694	True	0.9138395373598613	1	False	0	False	True	4058	69	4058	69
independent_rep2	BROAD_0039	chrSynthetic1	5298091	5302618	4527	SHORT_BROAD	STRONG	0.8	0	0.0	1.0	True	0.9599236641221374	1	False	0	False	True	-81	108	81	108
independent_rep2	BROAD_0040	chrSynthetic1	5408134	5422735	14601	MEDIUM_BROAD	WEAK	0.25	1000	0.06848846	0.9331552633381275	True	0.9310509771764385	2	True	1	False	False				
independent_rep2	BROAD_0041	chrSynthetic1	5548990	5551613	2623	SHORT_BROAD	STRONG	0.8	0	0.0	1.0	True	0.9425080848005749	1	False	0	False	True	-78	82	78	82
independent_rep2	BROAD_0042	chrSynthetic1	5640374	5642734	2360	SHORT_BROAD	STRONG	0.8	0	0.0	1.0	True	0.9200779727095516	1	False	0	False	True	-90	115	90	115
independent_rep2	BROAD_0043	chrSynthetic1	5718807	5722153	3346	SHORT_BROAD	MEDIUM	0.5	0	0.0	1.0	True	0.9738067520372526	1	False	0	False	True	-32	58	32	58
independent_rep2	BROAD_0044	chrSynthetic1	5778210	5782199	3989	SHORT_BROAD	STRONG	0.8	0	0.0	1.0	True	0.9660934851053524	1	False	0	False	True	-48	92	48	92
independent_rep2	BROAD_0045	chrSynthetic1	5871524	5880494	8970	MEDIUM_BROAD	MEDIUM	0.5	1000	0.11148272	0.9121516164994425	True	0.8995162708883025	2	True	1	False	False				
independent_rep2	BROAD_0046	chrSynthetic1	5949928	5952781	2853	SHORT_BROAD	STRONG	0.8	0	0.0	1.0	True	0.939413895291406	1	False	0	False	True	-91	93	91	93
independent_rep2	BROAD_0047	chrSynthetic1	6118947	6152528	33581	LONG_BROAD	WEAK	0.25	3000	0.08933623	0.9163515082933802	True	0.9163515082933802	4	True	3	False	False				
independent_rep2	BROAD_0048	chrSynthetic1	6269387	6289142	19755	MEDIUM_BROAD	STRONG	0.8	2000	0.10124019	0.9254365983295368	True	0.9178632392810523	3	True	2	False	False				
independent_rep2	BROAD_0049	chrSynthetic1	6441769	6451527	9758	MEDIUM_BROAD	STRONG	0.8	1000	0.10248002	1.0	True	0.9860549717057397	1	False	0	False	True	-53	85	53	85
independent_rep2	BROAD_0050	chrSynthetic1	6542529	6558361	15832	MEDIUM_BROAD	WEAK	0.25	2000	0.12632643	0.8861798888327438	True	0.8861798888327438	3	True	2	False	False				
independent_rep2	BROAD_0051	chrSynthetic1	6999549	7002066	2517	SHORT_BROAD	WEAK	0.25	0	0.0	1.0	True	0.9733178654292344	1	False	0	False	True	-33	36	33	36
independent_rep2	BROAD_0052	chrSynthetic1	7068394	7130444	62050	LONG_BROAD	WEAK	0.25	6000	0.09669621	0.9133118452860596	True	0.8403384367445609	6	True	5	False	False				
independent_rep2	BROAD_0053	chrSynthetic1	7212664	7238768	26104	LONG_BROAD	WEAK	0.25	3000	0.11492492	0.8992874655225253	True	0.8078838492185105	3	True	2	False	False				
independent_rep2	BROAD_0054	chrSynthetic1	7840784	7848801	8017	MEDIUM_BROAD	MEDIUM	0.5	1000	0.12473494	0.9057003866783085	True	0.8926727317432998	2	True	1	False	False				
independent_rep2	BROAD_0055	chrSynthetic1	8261253	8288830	27577	LONG_BROAD	MEDIUM	0.5	3000	0.10878631	0.9181564347100845	True	0.915268941584731	4	True	3	False	False				
independent_rep2	BROAD_0056	chrSynthetic1	8308445	8311161	2716	SHORT_BROAD	STRONG	0.8	0	0.0	1.0	True	0.9533169533169533	1	False	0	False	True	-79	54	79	54
independent_rep2	BROAD_0057	chrSynthetic1	8422914	8448062	25148	LONG_BROAD	STRONG	0.8	3000	0.11929378	0.9707730236996978	True	0.8795342943133218	1	False	0	False	True	-104	-2938	104	2938
independent_rep2	BROAD_0058	chrSynthetic1	8570703	8588791	18088	MEDIUM_BROAD	WEAK	0.25	2000	0.11057054	0.9053516143299425	True	0.9053516143299425	3	True	2	False	False				
independent_rep2	BROAD_0059	chrSynthetic1	8648191	8652814	4623	SHORT_BROAD	WEAK	0.25	0	0.0	0.9837767683322518	True	0.9837767683322518	1	False	0	False	True	40	-35	40	35
independent_rep2	BROAD_0060	chrSynthetic1	8801302	8828318	27016	LONG_BROAD	WEAK	0.25	3000	0.11104531	0.900947586615339	True	0.8141471720461948	3	True	2	False	False				
independent_rep2	BROAD_0061	chrSynthetic1	8869859	8879952	10093	MEDIUM_BROAD	MEDIUM	0.5	1000	0.09907857	0.9214306945407709	True	0.9145442029698102	2	True	1	False	False				
independent_rep2	BROAD_0062	chrSynthetic1	9242913	9260475	17562	MEDIUM_BROAD	WEAK	0.25	2000	0.11388225	0.9037695023345861	True	0.9035122673194057	3	True	2	False	False				
independent_rep2	BROAD_0063	chrSynthetic1	9352177	9361380	9203	MEDIUM_BROAD	WEAK	0.25	1000	0.10866022	0.8960121699445833	True	0.8936815866478812	2	True	1	False	False				
independent_rep2	BROAD_0064	chrSynthetic1	9402024	9411299	9275	MEDIUM_BROAD	STRONG	0.8	1000	0.10781671	1.0	True	0.9853394242005736	1	False	0	False	True	-67	71	67	71
independent_rep2	BROAD_0065	chrSynthetic1	9508434	9528795	20361	LONG_BROAD	STRONG	0.8	2000	0.098227	0.9639506900446932	True	0.9564814814814815	2	True	1	False	False				
independent_rep2	BROAD_0066	chrSynthetic1	9578633	9632646	54013	LONG_BROAD	WEAK	0.25	5000	0.09257031	0.9189269249995371	True	0.9189269249995371	6	True	5	False	False				
independent_rep2	BROAD_0067	chrSynthetic1	9992395	10009199	16804	MEDIUM_BROAD	WEAK	0.25	2000	0.11901928	0.895798619376339	True	0.895798619376339	3	True	2	False	False				
independent_rep2	BROAD_0068	chrSynthetic1	10298318	10302748	4430	SHORT_BROAD	STRONG	0.8	0	0.0	1.0	True	0.9318468657972234	1	False	0	False	True	-183	141	183	141
independent_rep2	BROAD_0069	chrSynthetic1	10438440	10442567	4127	SHORT_BROAD	MEDIUM	0.5	0	0.0	1.0	True	0.9694620624853183	1	False	0	False	True	-48	82	48	82
independent_rep2	BROAD_0070	chrSynthetic1	10878306	10941414	63108	LONG_BROAD	STRONG	0.8	6000	0.09507511	0.9645369842175319	True	0.8752591186011551	3	True	2	False	False				
independent_rep2	BROAD_0071	chrSynthetic1	10961987	11040099	78112	LONG_BROAD	WEAK	0.25	8000	0.10241704	0.9097961900860303	True	0.8179153011061041	7	True	6	False	False				
independent_rep2	BROAD_0072	chrSynthetic1	11108140	11111567	3427	SHORT_BROAD	STRONG	0.8	0	0.0	1.0	True	0.95326842837274	1	False	0	False	True	-81	87	81	87
independent_rep2	BROAD_0073	chrSynthetic1	11361582	11408646	47064	LONG_BROAD	MEDIUM	0.5	5000	0.10623831	0.9185577086520482	True	0.784718680945096	4	True	3	False	False				
independent_rep2	BROAD_0074	chrSynthetic1	11432353	11439633	7280	MEDIUM_BROAD	WEAK	0.25	1000	0.13736264	0.8785714285714286	True	0.875564681724846	2	True	1	False	False				
independent_rep2	BROAD_0075	chrSynthetic1	11618301	11622238	3937	SHORT_BROAD	MEDIUM	0.5	0	0.0	1.0	True	0.9689884321929608	1	False	0	False	True	-62	64	62	64
independent_rep2	BROAD_0076	chrSynthetic1	11711751	11742839	31088	LONG_BROAD	MEDIUM	0.5	3000	0.09650026	0.9268528049408131	True	0.9242662389735364	4	True	3	False	False				
independent_rep2	BROAD_0077	chrSynthetic1	12068017	12102973	34956	LONG_BROAD	WEAK	0.25	3000	0.08582218	0.9238757294884998	True	0.9237700228832952	4	True	3	False	False				
independent_rep2	BROAD_0078	chrSynthetic1	12481602	12489032	7430	MEDIUM_BROAD	STRONG	0.8	1000	0.1345895	0.8987886944818304	True	0.8793784566763234	2	True	1	False	False				
independent_rep2	BROAD_0079	chrSynthetic1	12578985	12592907	13922	MEDIUM_BROAD	STRONG	0.8	1000	0.07182876	1.0	True	0.9852098223763357	1	False	0	False	True	-74	135	74	135
independent_rep2	BROAD_0080	chrSynthetic1	12660744	12678529	17785	MEDIUM_BROAD	WEAK	0.25	2000	0.11245432	0.9059881922968794	True	0.9029420005603811	3	True	2	False	False				
independent_rep2	BROAD_0081	chrSynthetic1	12798174	12802276	4102	SHORT_BROAD	STRONG	0.8	0	0.0	1.0	True	0.964722483537159	1	False	0	False	True	-83	67	83	67
independent_rep2	BROAD_0082	chrSynthetic1	12898784	12902509	3725	SHORT_BROAD	STRONG	0.8	0	0.0	1.0	True	0.9463922764227642	1	False	0	False	True	-113	98	113	98
independent_rep2	BROAD_0083	chrSynthetic1	12929973	12932574	2601	SHORT_BROAD	MEDIUM	0.5	0	0.0	1.0	True	0.9636902556502408	1	False	0	False	True	-38	60	38	60
independent_rep2	BROAD_0084	chrSynthetic1	12972917	12978247	5330	MEDIUM_BROAD	MEDIUM	0.5	1000	0.18761726	0.8538461538461538	True	0.8416867024227853	2	True	1	False	False				
independent_rep2	BROAD_0085	chrSynthetic1	13251247	13289472	38225	LONG_BROAD	WEAK	0.25	4000	0.10464356	0.9050621321124919	True	0.7137998691955526	3	True	2	False	False				
independent_rep2	BROAD_0086	chrSynthetic1	13502341	13508402	6061	MEDIUM_BROAD	WEAK	0.25	1000	0.16498928	0.8381455205411649	True	0.8381455205411649	2	True	1	False	False				
independent_rep2	BROAD_0087	chrSynthetic1	13519056	13522973	3917	SHORT_BROAD	MEDIUM	0.5	0	0.0	1.0	True	0.96099116781158	1	False	0	False	True	-98	61	98	61
independent_rep2	BROAD_0088	chrSynthetic1	13659279	13662048	2769	SHORT_BROAD	MEDIUM	0.5	0	0.0	1.0	True	0.9791371994342292	1	False	0	False	True	-19	40	19	40
independent_rep2	BROAD_0089	chrSynthetic1	13731452	13742739	11287	MEDIUM_BROAD	STRONG	0.8	1000	0.0885975	0.9356782138743688	True	0.9247810858143608	2	True	1	False	False				
independent_rep2	BROAD_0090	chrSynthetic1	13899308	13902570	3262	SHORT_BROAD	STRONG	0.8	0	0.0	1.0	True	0.9540801403919275	1	False	0	False	True	-80	77	80	77
independent_rep2	BROAD_0091	chrSynthetic1	14038051	14042857	4806	SHORT_BROAD	WEAK	0.25	0	0.0	1.0	True	0.9911321922045783	1	False	0	False	True	-42	1	42	1
independent_rep2	BROAD_0092	chrSynthetic1	14308399	14310527	2128	SHORT_BROAD	STRONG	0.8	0	0.0	1.0	True	0.9288520296813618	1	False	0	False	True	-85	78	85	78
independent_rep2	BROAD_0093	chrSynthetic1	14368036	14372266	4230	SHORT_BROAD	MEDIUM	0.5	0	0.0	1.0	True	0.9724137931034482	1	False	0	False	True	-60	60	60	60
independent_rep2	BROAD_0094	chrSynthetic1	14560923	14572376	11453	MEDIUM_BROAD	MEDIUM	0.5	1000	0.08731337	0.9307604994324631	True	0.9236634607053115	2	True	1	False	False				
independent_rep2	BROAD_0095	chrSynthetic1	14638634	14641851	3217	SHORT_BROAD	MEDIUM	0.5	0	0.0	1.0	True	0.971316425120773	1	False	0	False	True	-69	26	69	26
independent_rep2	BROAD_0096	chrSynthetic1	15058211	15069189	10978	MEDIUM_BROAD	STRONG	0.8	1000	0.09109127	0.9336855529240299	True	0.9238395673726904	2	True	1	False	False				
independent_rep2	BROAD_0097	chrSynthetic1	15558360	15562843	4483	SHORT_BROAD	WEAK	0.25	0	0.0	0.9948695070265448	True	0.9691438504997827	1	False	0	False	True	23	119	23	119
independent_rep2	BROAD_0098	chrSynthetic1	15841906	15849887	7981	MEDIUM_BROAD	STRONG	0.8	1000	0.12529758	1.0	True	0.9819143700787402	1	False	0	False	True	-60	87	60	87
independent_rep2	BROAD_0099	chrSynthetic1	16058137	16062508	4371	SHORT_BROAD	MEDIUM	0.5	0	0.0	1.0	True	0.9900339750849377	1	False	0	False	True	0	44	0	44
independent_rep2	BROAD_0100	chrSynthetic1	16258863	16282240	23377	LONG_BROAD	WEAK	0.25	2000	0.08555418	0.91859520041066	True	0.9165955267201639	3	True	2	False	False				
independent_rep2	BROAD_0101	chrSynthetic1	16370691	16449385	78694	LONG_BROAD	STRONG	0.8	8000	0.10165959	0.961953897374641	True	0.9167682617088286	4	True	3	False	False				
independent_rep2	BROAD_0102	chrSynthetic1	16510956	16589674	78718	LONG_BROAD	STRONG	0.8	8000	0.1016286	0.9717980639752026	True	0.9694826755886752	4	True	3	False	False				
independent_rep2	BROAD_0103	chrSynthetic1	16999365	17001649	2284	SHORT_BROAD	MEDIUM	0.5	0	0.0	1.0	True	0.9781584582441113	1	False	0	False	True	-32	19	32	19
independent_rep2	BROAD_0104	chrSynthetic1	17092692	17168082	75390	LONG_BROAD	MEDIUM	0.5	8000	0.10611487	0.9188353893089269	True	0.8571959145775302	7	True	6	False	False				
independent_rep2	BROAD_0105	chrSynthetic1	17258910	17261520	2610	SHORT_BROAD	STRONG	0.8	0	0.0	1.0	True	0.9311452015697467	1	False	0	False	True	-126	67	126	67
independent_rep2	BROAD_0106	chrSynthetic1	17300299	17318591	18292	MEDIUM_BROAD	MEDIUM	0.5	2000	0.10933742	0.9154275092936803	True	0.9118880357240102	3	True	2	False	False				
independent_rep2	BROAD_0107	chrSynthetic1	17358723	17370332	11609	MEDIUM_BROAD	WEAK	0.25	1000	0.08614006	0.9176500990610733	True	0.9166236448115642	2	True	1	False	False				
independent_rep2	BROAD_0108	chrSynthetic1	17510562	17532233	21671	LONG_BROAD	MEDIUM	0.5	2000	0.09228923	0.9306446403027087	True	0.9274775810531156	3	True	2	False	False				
independent_rep2	BROAD_0109	chrSynthetic1	17688164	17712532	24368	LONG_BROAD	STRONG	0.8	2000	0.08207485	1.0	True	0.9936794030094197	1	False	0	False	True	-66	89	66	89
independent_rep2	BROAD_0110	chrSynthetic1	17940369	17952326	11957	MEDIUM_BROAD	MEDIUM	0.5	1000	0.08363302	0.9353516768420173	True	0.9256745571925178	2	True	1	False	False				
independent_rep2	BROAD_0111	chrSynthetic1	18130431	18139214	8783	MEDIUM_BROAD	STRONG	0.8	1000	0.11385631	0.917340316520551	True	0.9006259780907668	2	True	1	False	False				
independent_rep2	BROAD_0112	chrSynthetic1	18192305	18208223	15918	MEDIUM_BROAD	MEDIUM	0.5	2000	0.12564393	0.9022490262595804	True	0.8979055954985933	3	True	2	False	False				
independent_rep2	BROAD_0113	chrSynthetic1	18429879	18500429	70550	LONG_BROAD	STRONG	0.8	7000	0.09922041	0.9686888731396173	True	0.9029919431346728	3	True	2	False	False				
independent_rep2	BROAD_0114	chrSynthetic1	18711650	18738217	26567	LONG_BROAD	WEAK	0.25	3000	0.11292205	0.9047690744156284	True	0.8204163059434637	3	True	2	False	False				
independent_rep2	BROAD_0115	chrSynthetic1	18858780	18861269	2489	SHORT_BROAD	WEAK	0.25	0	0.0	0.9939734833266372	True	0.9939734833266372	1	False	0	False	True	13	-2	13	2
independent_rep2	BROAD_0116	chrSynthetic1	19052217	19058431	6214	MEDIUM_BROAD	STRONG	0.8	1000	0.16092694	1.0	True	0.9765833726229766	1	False	0	False	True	-70	79	70	79
independent_rep2	BROAD_0117	chrSynthetic1	19318780	19321691	2911	SHORT_BROAD	WEAK	0.25	0	0.0	0.9972518035039505	True	0.9622141199867418	1	False	0	False	True	-106	-8	106	8
independent_rep2	BROAD_0118	chrSynthetic1	19598076	19602984	4908	SHORT_BROAD	MEDIUM	0.5	0	0.0	1.0	True	0.9839615076182838	1	False	0	False	True	-43	37	43	37
independent_rep2	BROAD_0119	chrSynthetic1	19682532	19698032	15500	MEDIUM_BROAD	MEDIUM	0.5	2000	0.12903226	0.9014193548387097	True	0.8981166034582503	3	True	2	False	False				
independent_rep2	BROAD_0120	chrSynthetic1	19720937	19729640	8703	MEDIUM_BROAD	MEDIUM	0.5	1000	0.11490291	0.9101459266919453	True	0.8981743961900442	2	True	1	False	False				
independent_rep2	BROAD_0121	chrSynthetic2	58568	102630	44062	LONG_BROAD	STRONG	0.8	4000	0.09078117	0.9668421769325042	True	0.9633222531262013	3	True	2	False	False				
independent_rep2	BROAD_0122	chrSynthetic2	318044	331702	13658	MEDIUM_BROAD	WEAK	0.25	1000	0.07321716	0.9322009078928101	True	0.9306337256048535	2	True	1	False	False				
independent_rep2	BROAD_0123	chrSynthetic2	362245	438195	75950	LONG_BROAD	WEAK	0.25	8000	0.10533246	0.9046872942725477	True	0.8395786701777486	7	True	6	False	False				
independent_rep2	BROAD_0124	chrSynthetic2	568290	572434	4144	SHORT_BROAD	MEDIUM	0.5	0	0.0	1.0	True	0.9840892899548801	1	False	0	False	True	-23	44	23	44
independent_rep2	BROAD_0125	chrSynthetic2	708143	712579	4436	SHORT_BROAD	STRONG	0.8	0	0.0	1.0	True	0.9775231379462318	1	False	0	False	True	-56	46	56	46
independent_rep2	BROAD_0126	chrSynthetic2	758188	761698	3510	SHORT_BROAD	WEAK	0.25	0	0.0	0.9954415954415955	True	0.9954415954415955	1	False	0	False	True	9	-7	9	7
independent_rep2	BROAD_0127	chrSynthetic2	788795	802663	13868	MEDIUM_BROAD	MEDIUM	0.5	1000	0.07210845	0.9454860109604846	True	0.9381797366914711	2	True	1	False	False				
independent_rep2	BROAD_0128	chrSynthetic2	918792	958134	39342	LONG_BROAD	STRONG	0.8	4000	0.10167251	0.9440292816836968	True	0.8848926341438652	3	True	2	False	False				
independent_rep2	BROAD_0129	chrSynthetic2	1251230	1268882	17652	MEDIUM_BROAD	STRONG	0.8	2000	0.11330161	0.9583050079311126	True	0.9469323779668607	2	True	1	False	False				
independent_rep2	BROAD_0130	chrSynthetic2	1302980	1308084	5104	MEDIUM_BROAD	MEDIUM	0.5	1000	0.19592476	0.850705329153605	True	0.8284678496470139	2	True	1	False	False				
independent_rep2	BROAD_0131	chrSynthetic2	1370293	1372881	2588	SHORT_BROAD	MEDIUM	0.5	0	0.0	1.0	True	0.9539255436785846	1	False	0	False	True	-87	38	87	38
independent_rep2	BROAD_0132	chrSynthetic2	1439985	1500824	60839	LONG_BROAD	MEDIUM	0.5	6000	0.09862095	0.9374085701605878	True	0.7720869836782327	4	True	3	False	False				
independent_rep2	BROAD_0133	chrSynthetic2	1521933	1530795	8862	MEDIUM_BROAD	MEDIUM	0.5	1000	0.11284135	0.9110810200857594	True	0.9019213583556747	2	True	1	False	False				
independent_rep2	BROAD_0134	chrSynthetic2	1649610	1701854	52244	LONG_BROAD	STRONG	0.8	5000	0.09570477	0.9860079626368579	True	0.983278932600355	2	True	1	False	False				
independent_rep2	BROAD_0135	chrSynthetic2	2082014	2142565	60551	LONG_BROAD	STRONG	0.8	6000	0.09909002	0.9876137470892306	True	0.9346951561315	1	False	0	False	True	3858	103	3858	103
independent_rep2	BROAD_0136	chrSynthetic2	2192915	2199316	6401	MEDIUM_BROAD	MEDIUM	0.5	1000	0.15622559	0.8767380096859866	True	0.8528875379939209	2	True	1	False	False				
independent_rep2	BROAD_0137	chrSynthetic2	2448036	2452957	4921	SHORT_BROAD	STRONG	0.8	0	0.0	1.0	True	0.9702287066246057	1	False	0	False	True	-79	72	79	72
independent_rep2	BROAD_0138	chrSynthetic2	2559151	2562459	3308	SHORT_BROAD	MEDIUM	0.5	0	0.0	1.0	True	0.952216465169833	1	False	0	False	True	-67	99	67	99
independent_rep2	BROAD_0139	chrSynthetic2	2579396	2581696	2300	SHORT_BROAD	WEAK	0.25	0	0.0	0.9104347826086957	True	0.9104347826086957	1	False	0	False	True	131	-75	131	75
independent_rep2	BROAD_0140	chrSynthetic2	2662807	2721350	58543	LONG_BROAD	STRONG	0.8	6000	0.10248877	0.9874622072664537	True	0.9462165665938864	1	False	0	False	True	3072	81	3072	81
independent_rep2	BROAD_0141	chrSynthetic2	2919339	2922186	2847	SHORT_BROAD	STRONG	0.8	0	0.0	1.0	True	0.8714416896235078	1	False	0	False	True	-347	73	347	73
independent_rep2	BROAD_0142	chrSynthetic2	2970472	3042766	72294	LONG_BROAD	MEDIUM	0.5	7000	0.09682685	0.9361496113093756	True	0.776592801615625	5	True	4	False	False				
independent_rep2	BROAD_0143	chrSynthetic2	3190909	3218644	27735	LONG_BROAD	MEDIUM	0.5	3000	0.10816658	0.9151974040021633	True	0.8139827462257369	3	True	2	False	False				
independent_rep2	BROAD_0144	chrSynthetic2	3438006	3452992	14986	MEDIUM_BROAD	STRONG	0.8	1000	0.06672895	1.0	True	0.9930422105890928	1	False	0	False	True	-63	42	63	42
independent_rep2	BROAD_0145	chrSynthetic2	3708219	3712939	4720	SHORT_BROAD	WEAK	0.25	0	0.0	0.9911016949152542	True	0.9911016949152542	1	False	0	False	True	7	-35	7	35
independent_rep2	BROAD_0146	chrSynthetic2	3768926	3829287	60361	LONG_BROAD	MEDIUM	0.5	6000	0.09940193	0.9238581203094713	True	0.8670992947720425	6	True	5	False	False				
independent_rep2	BROAD_0147	chrSynthetic2	3972172	3979920	7748	MEDIUM_BROAD	MEDIUM	0.5	1000	0.12906557	0.898812596799174	True	0.8879255386969271	2	True	1	False	False				
independent_rep2	BROAD_0148	chrSynthetic2	4501638	4521145	19507	MEDIUM_BROAD	WEAK	0.25	2000	0.1025273	0.9075203773004562	True	0.9006410256410257	3	True	2	False	False				
independent_rep2	BROAD_0149	chrSynthetic2	4619830	4660249	40419	LONG_BROAD	STRONG	0.8	4000	0.09896336	0.9819144461763032	True	0.9791527890854366	2	True	1	False	False				
independent_rep2	BROAD_0150	chrSynthetic2	4852261	4860163	7902	MEDIUM_BROAD	STRONG	0.8	1000	0.12655024	1.0	True	0.9833250373320059	1	False	0	False	True	-67	67	67	67
independent_rep2	BROAD_0151	chrSynthetic2	5028254	5032986	4732	SHORT_BROAD	STRONG	0.8	0	0.0	1.0	True	0.9665032679738562	1	False	0	False	True	-80	84	80	84
independent_rep2	BROAD_0152	chrSynthetic2	5211424	5228268	16844	MEDIUM_BROAD	STRONG	0.8	2000	0.11873664	0.9565423889812396	True	0.9459840300610616	2	True	1	False	False				
independent_rep2	BROAD_0153	chrSynthetic2	5458853	5519691	60838	LONG_BROAD	WEAK	0.25	6000	0.09862257	0.9156283901508925	True	0.8531959305096725	6	True	5	False	False				
independent_rep2	BROAD_0154	chrSynthetic2	5619335	5621403	2068	SHORT_BROAD	STRONG	0.8	0	0.0	1.0	True	0.9468864468864469	1	False	0	False	True	-58	58	58	58
independent_rep2	BROAD_0155	chrSynthetic2	6158981	6172085	13104	MEDIUM_BROAD	MEDIUM	0.5	1000	0.07631258	0.9422313797313797	True	0.937794318699681	2	True	1	False	False				
independent_rep2	BROAD_0156	chrSynthetic2	6199099	6252874	53775	LONG_BROAD	MEDIUM	0.5	5000	0.09298001	0.9281078568107857	True	0.9260241947454356	6	True	5	False	False				
independent_rep2	BROAD_0157	chrSynthetic2	6279216	6282450	3234	SHORT_BROAD	STRONG	0.8	0	0.0	1.0	True	0.9573712255772646	1	False	0	False	True	-86	58	86	58
independent_rep2	BROAD_0158	chrSynthetic2	6352678	6368132	15454	MEDIUM_BROAD	WEAK	0.25	2000	0.12941633	0.8809369742461499	True	0.8809369742461499	3	True	2	False	False				
independent_rep2	BROAD_0159	chrSynthetic2	6401812	6420101	18289	MEDIUM_BROAD	STRONG	0.8	2000	0.10935535	1.0	True	0.9895574072070122	1	False	0	False	True	-64	129	64	129
independent_rep2	BROAD_0160	chrSynthetic2	6479020	6481436	2416	SHORT_BROAD	MEDIUM	0.5	0	0.0	1.0	True	0.9765561843168957	1	False	0	False	True	-31	27	31	27
independent_rep2	BROAD_0161	chrSynthetic2	6569464	6588563	19099	MEDIUM_BROAD	MEDIUM	0.5	2000	0.10471752	0.9186868422430494	True	0.9157620041753654	3	True	2	False	False				
independent_rep2	BROAD_0162	chrSynthetic2	6682398	6761357	78959	LONG_BROAD	STRONG	0.8	8000	0.10131841	0.9721121088159678	True	0.936851430017717	3	True	2	False	False				
independent_rep2	BROAD_0163	chrSynthetic2	6809545	6811953	2408	SHORT_BROAD	WEAK	0.25	0	0.0	0.9821428571428571	True	0.9637326813365933	1	False	0	False	True	-46	-43	46	43
independent_rep2	BROAD_0164	chrSynthetic2	7031193	7039571	8378	MEDIUM_BROAD	MEDIUM	0.5	1000	0.11936023	0.9109572690379566	True	0.8993636577893	2	True	1	False	False				
independent_rep2	BROAD_0165	chrSynthetic2	7128309	7132612	4303	SHORT_BROAD	WEAK	0.25	0	0.0	0.9837322798047874	True	0.9837322798047874	1	False	0	False	True	19	-51	19	51
independent_rep2	BROAD_0166	chrSynthetic2	7311302	7359150	47848	LONG_BROAD	STRONG	0.8	5000	0.10449758	0.9693822103327203	True	0.9662319806682776	3	True	2	False	False				
independent_rep2	BROAD_0167	chrSynthetic2	7508249	7512515	4266	SHORT_BROAD	WEAK	0.25	0	0.0	1.0	True	0.9879573876794813	1	False	0	False	True	-41	11	41	11
independent_rep2	BROAD_0168	chrSynthetic2	7542710	7558006	15296	MEDIUM_BROAD	MEDIUM	0.5	2000	0.13075314	0.8983394351464435	True	0.8942470389170897	3	True	2	False	False				
independent_rep2	BROAD_0169	chrSynthetic2	7918244	7922064	3820	SHORT_BROAD	WEAK	0.25	0	0.0	0.9840314136125654	True	0.9840314136125654	1	False	0	False	True	9	-52	9	52
independent_rep2	BROAD_0170	chrSynthetic2	7969570	8039243	69673	LONG_BROAD	STRONG	0.8	7000	0.10046934	0.9787579119601567	True	0.9772010776109137	3	True	2	False	False				
independent_rep2	BROAD_0171	chrSynthetic2	8168352	8172595	4243	SHORT_BROAD	WEAK	0.25	0	0.0	0.9997643176997407	True	0.9962423673085956	1	False	0	False	True	-15	-1	15	1
independent_rep2	BROAD_0172	chrSynthetic2	8298460	8302532	4072	SHORT_BROAD	STRONG	0.8	0	0.0	1.0	True	0.960377358490566	1	False	0	False	True	-75	93	75	93
independent_rep2	BROAD_0173	chrSynthetic2	8348648	8372771	24123	LONG_BROAD	WEAK	0.25	2000	0.08290843	0.9266260415371222	True	0.9266260415371222	3	True	2	False	False				
independent_rep2	BROAD_0174	chrSynthetic2	8491104	8558243	67139	LONG_BROAD	STRONG	0.8	7000	0.10426131	0.9778668136254636	True	0.9755419842791127	3	True	2	False	False				
independent_rep2	BROAD_0175	chrSynthetic2	8588001	8592943	4942	SHORT_BROAD	WEAK	0.25	0	0.0	0.971873735329826	True	0.971873735329826	1	False	0	False	True	8	-131	8	131
independent_rep2	BROAD_0176	chrSynthetic2	8611368	8671705	60337	LONG_BROAD	WEAK	0.25	6000	0.09944147	0.912740109717089	True	0.7564844125495136	5	True	4	False	False				
independent_rep2	BROAD_0177	chrSynthetic2	8729161	8732042	2881	SHORT_BROAD	MEDIUM	0.5	0	0.0	1.0	True	0.9480092135570911	1	False	0	False	True	-102	56	102	56
independent_rep2	BROAD_0178	chrSynthetic2	8969716	8972489	2773	SHORT_BROAD	MEDIUM	0.5	0	0.0	1.0	True	0.9774409587592527	1	False	0	False	True	-39	25	39	25
independent_rep2	BROAD_0179	chrSynthetic2	8982932	9008149	25217	LONG_BROAD	MEDIUM	0.5	3000	0.11896736	0.9059761272157671	True	0.7310147916088353	2	True	1	False	False				
independent_rep2	BROAD_0180	chrSynthetic2	9099324	9102515	3191	SHORT_BROAD	WEAK	0.25	0	0.0	1.0	True	0.9873143564356436	1	False	0	False	True	-18	23	18	23
independent_rep2	BROAD_0181	chrSynthetic2	9262965	9269953	6988	MEDIUM_BROAD	WEAK	0.25	1000	0.14310246	0.8633371493989697	True	0.8633371493989697	2	True	1	False	False				
independent_rep2	BROAD_0182	chrSynthetic2	9298176	9302930	4754	SHORT_BROAD	MEDIUM	0.5	0	0.0	1.0	True	0.9885631108338532	1	False	0	False	True	-18	37	18	37
independent_rep2	BROAD_0183	chrSynthetic2	9811965	9828236	16271	MEDIUM_BROAD	MEDIUM	0.5	2000	0.12291808	0.9063364267715568	True	0.9032277822012618	3	True	2	False	False				
independent_rep2	BROAD_0184	chrSynthetic2	9879462	9882535	3073	SHORT_BROAD	MEDIUM	0.5	0	0.0	1.0	True	0.9636249608027595	1	False	0	False	True	-21	95	21	95
independent_rep2	BROAD_0185	chrSynthetic2	10311895	10318630	6735	MEDIUM_BROAD	WEAK	0.25	1000	0.1484781	0.8448403860430587	True	0.8448403860430587	2	True	1	False	False				
independent_rep2	BROAD_0186	chrSynthetic2	10358012	10362988	4976	SHORT_BROAD	WEAK	0.25	0	0.0	0.9967845659163987	True	0.9967845659163987	1	False	0	False	True	7	-9	7	9
independent_rep2	BROAD_0187	chrSynthetic2	10461958	10499917	37959	LONG_BROAD	STRONG	0.8	4000	0.10537685	1.0	True	0.9948630585768575	1	False	0	False	True	-112	84	112	84
independent_rep2	BROAD_0188	chrSynthetic2	10928169	10932993	4824	SHORT_BROAD	STRONG	0.8	0	0.0	1.0	True	0.9630664803353963	1	False	0	False	True	-111	74	111	74
independent_rep2	BROAD_0189	chrSynthetic2	11208067	11261672	53605	LONG_BROAD	MEDIUM	0.5	5000	0.09327488	0.92709635295215	True	0.9258872845831393	6	True	5	False	False				
independent_rep2	BROAD_0190	chrSynthetic2	11338399	11342682	4283	SHORT_BROAD	MEDIUM	0.5	0	0.0	1.0	True	0.9754042359371442	1	False	0	False	True	-70	38	70	38
independent_rep2	BROAD_0191	chrSynthetic2	11499795	11542724	42929	LONG_BROAD	STRONG	0.8	4000	0.09317711	0.9652216450418132	True	0.9621064363332404	3	True	2	False	False				
independent_rep2	BROAD_0192	chrSynthetic2	11582087	11639337	57250	LONG_BROAD	STRONG	0.8	6000	0.10480349	0.9614148471615721	True	0.8973149807715732	3	True	2	False	False				
independent_rep2	BROAD_0193	chrSynthetic2	11668369	11681220	12851	MEDIUM_BROAD	WEAK	0.25	1000	0.07781496	0.9256867169870049	True	0.9256867169870049	2	True	1	False	False				
independent_rep2	BROAD_0194	chrSynthetic2	11802594	11858412	55818	LONG_BROAD	MEDIUM	0.5	6000	0.10749221	0.9175534773728905	True	0.8270808699702605	5	True	4	False	False				
independent_rep2	BROAD_0195	chrSynthetic2	11901028	11940669	39641	LONG_BROAD	WEAK	0.25	4000	0.10090563	0.9118589339320401	True	0.9118589339320401	5	True	4	False	False				
independent_rep2	BROAD_0196	chrSynthetic2	12210428	12218166	7738	MEDIUM_BROAD	MEDIUM	0.5	1000	0.12923236	0.9008787800465237	True	0.8893850472059199	2	True	1	False	False				
independent_rep2	BROAD_0197	chrSynthetic2	12248147	12252445	4298	SHORT_BROAD	STRONG	0.8	0	0.0	1.0	True	0.9656257020894181	1	False	0	False	True	-85	68	85	68
independent_rep2	BROAD_0198	chrSynthetic2	12582987	12630850	47863	LONG_BROAD	MEDIUM	0.5	5000	0.10446483	0.9346468044209515	True	0.8892413649170406	4	True	3	False	False				
independent_rep2	BROAD_0199	chrSynthetic2	12668938	12680214	11276	MEDIUM_BROAD	MEDIUM	0.5	1000	0.08868393	0.9303831145796382	True	0.9217994903787013	2	True	1	False	False				
independent_rep2	BROAD_0200	chrSynthetic2	12748385	12812918	64533	LONG_BROAD	MEDIUM	0.5	6000	0.09297569	0.9293539739358158	True	0.92794479429376	7	True	6	False	False				
independent_rep2	BROAD_0201	chrSynthetic2	12881950	12948201	66251	LONG_BROAD	MEDIUM	0.5	7000	0.10565878	0.9183559493441609	True	0.8357307814221672	6	True	5	False	False				
independent_rep2	BROAD_0202	chrSynthetic2	13118033	13132979	14946	MEDIUM_BROAD	STRONG	0.8	1000	0.06690753	1.0	True	0.9908512330946698	1	False	0	False	True	-69	69	69	69
independent_rep2	BROAD_0203	chrSynthetic2	13218428	13222883	4455	SHORT_BROAD	STRONG	0.8	0	0.0	1.0	True	0.967216673903604	1	False	0	False	True	-58	93	58	93
independent_rep2	BROAD_0204	chrSynthetic2	13308598	13312884	4286	SHORT_BROAD	STRONG	0.8	0	0.0	1.0	True	0.9725436805082823	1	False	0	False	True	-68	53	68	53
independent_rep2	BROAD_0205	chrSynthetic2	13448939	13452213	3274	SHORT_BROAD	WEAK	0.25	0	0.0	0.9709835064141723	True	0.9709835064141723	1	False	0	False	True	30	-65	30	65
independent_rep2	BROAD_0206	chrSynthetic2	13549151	13552970	3819	SHORT_BROAD	WEAK	0.25	0	0.0	0.9688400104739461	True	0.9688400104739461	1	False	0	False	True	81	-38	81	38
independent_rep2	BROAD_0207	chrSynthetic2	13571235	13620631	49396	LONG_BROAD	MEDIUM	0.5	5000	0.10122277	0.9231111830917483	True	0.7481577455664427	4	True	3	False	False				
independent_rep2	BROAD_0208	chrSynthetic2	13808304	13812262	3958	SHORT_BROAD	MEDIUM	0.5	0	0.0	1.0	True	0.9787339268051434	1	False	0	False	True	-65	21	65	21
independent_rep2	BROAD_0209	chrSynthetic2	13978003	13982583	4580	SHORT_BROAD	MEDIUM	0.5	0	0.0	1.0	True	0.9333605054004483	1	False	0	False	True	-266	61	266	61
independent_rep2	BROAD_0210	chrSynthetic2	14060186	14102161	41975	LONG_BROAD	STRONG	0.8	4000	0.09529482	0.9821083978558666	True	0.9793552372128382	2	True	1	False	False				
independent_rep2	BROAD_0211	chrSynthetic2	14168898	14179349	10451	MEDIUM_BROAD	MEDIUM	0.5	1000	0.09568462	0.926896947660511	True	0.919244638451319	2	True	1	False	False				
independent_rep2	BROAD_0212	chrSynthetic2	14258722	14289999	31277	LONG_BROAD	STRONG	0.8	3000	0.09591713	0.9762764971065	True	0.9713385926962718	2	True	1	False	False				
independent_rep2	BROAD_0213	chrSynthetic2	14450116	14459427	9311	MEDIUM_BROAD	MEDIUM	0.5	1000	0.10739985	0.9182687144237998	True	0.912291933418694	2	True	1	False	False				
independent_rep2	BROAD_0214	chrSynthetic2	14542187	14620175	77988	LONG_BROAD	WEAK	0.25	8000	0.10257988	0.9086397907370365	True	0.8182156229163461	7	True	6	False	False				
independent_rep2	BROAD_0215	chrSynthetic2	14908725	14982360	73635	LONG_BROAD	STRONG	0.8	7000	0.09506349	0.9899368506824201	True	0.9878306591500433	2	True	1	False	False				
independent_rep2	BROAD_0216	chrSynthetic2	15168089	15172299	4210	SHORT_BROAD	MEDIUM	0.5	0	0.0	1.0	True	0.9770248317475052	1	False	0	False	True	-30	69	30	69
independent_rep2	BROAD_0217	chrSynthetic2	15250482	15270078	19596	MEDIUM_BROAD	STRONG	0.8	2000	0.10206165	1.0	True	0.9896469875258825	1	False	0	False	True	-97	108	97	108
independent_rep2	BROAD_0218	chrSynthetic2	15471301	15549317	78016	LONG_BROAD	WEAK	0.25	8000	0.10254307	0.910210726004922	True	0.8199856439704676	7	True	6	False	False				
independent_rep2	BROAD_0219	chrSynthetic2	15589133	15591528	2395	SHORT_BROAD	WEAK	0.25	0	0.0	0.9891440501043841	True	0.9858510195588848	1	False	0	False	True	26	8	26	8
independent_rep2	BROAD_0220	chrSynthetic2	15729407	15802508	73101	LONG_BROAD	WEAK	0.25	7000	0.09575792	0.916786364071627	True	0.75001709962928	6	True	5	False	False				
independent_rep2	BROAD_0221	chrSynthetic2	15852096	15898056	45960	LONG_BROAD	MEDIUM	0.5	5000	0.10879025	0.9171671018276762	True	0.8038294168842471	4	True	3	False	False				
independent_rep2	BROAD_0222	chrSynthetic2	15972727	15978336	5609	MEDIUM_BROAD	WEAK	0.25	1000	0.1782849	0.8283116420039223	True	0.827426536064114	2	True	1	False	False				
independent_rep2	BROAD_0223	chrSynthetic2	16008261	16058855	50594	LONG_BROAD	WEAK	0.25	5000	0.09882595	0.9147329722892042	True	0.8557937370344759	5	True	4	False	False				
independent_rep2	BROAD_0224	chrSynthetic2	16708422	16712228	3806	SHORT_BROAD	MEDIUM	0.5	0	0.0	1.0	True	0.9779033915724563	1	False	0	False	True	-49	37	49	37
independent_rep2	BROAD_0225	chrSynthetic2	16872448	16928150	55702	LONG_BROAD	WEAK	0.25	6000	0.10771606	0.9042942802771893	True	0.8183548167031705	5	True	4	False	False				
independent_rep2	BROAD_0226	chrSynthetic2	17211066	17219061	7995	MEDIUM_BROAD	WEAK	0.25	1000	0.12507817	0.8914321450906817	True	0.8853416149068323	2	True	1	False	False				
independent_rep2	BROAD_0227	chrSynthetic2	17290264	17308539	18275	MEDIUM_BROAD	MEDIUM	0.5	2000	0.10943912	0.9181395348837209	True	0.9124972808353274	3	True	2	False	False				
independent_rep2	BROAD_0228	chrSynthetic2	17499514	17501984	2470	SHORT_BROAD	STRONG	0.8	0	0.0	1.0	True	0.9584788513775708	1	False	0	False	True	-49	58	49	58
independent_rep2	BROAD_0229	chrSynthetic2	17528749	17531195	2446	SHORT_BROAD	STRONG	0.8	0	0.0	1.0	True	0.9440370513315323	1	False	0	False	True	-53	92	53	92
independent_rep2	BROAD_0230	chrSynthetic2	17618543	17621858	3315	SHORT_BROAD	MEDIUM	0.5	0	0.0	1.0	True	0.963102847181871	1	False	0	False	True	-47	80	47	80
independent_rep2	BROAD_0231	chrSynthetic2	17678784	17682199	3415	SHORT_BROAD	MEDIUM	0.5	0	0.0	1.0	True	0.9721036151437518	1	False	0	False	True	-38	60	38	60
independent_rep2	BROAD_0232	chrSynthetic2	18081760	18109021	27261	LONG_BROAD	MEDIUM	0.5	3000	0.11004732	0.9150434686915374	True	0.9092068814696019	4	True	3	False	False				
independent_rep2	BROAD_0233	chrSynthetic2	18402035	18408581	6546	MEDIUM_BROAD	MEDIUM	0.5	1000	0.15276505	0.8838985640085548	True	0.8770653327269972	2	True	1	False	False				
independent_rep2	BROAD_0234	chrSynthetic2	18599508	18619459	19951	MEDIUM_BROAD	STRONG	0.8	2000	0.1002456	0.963360232569796	True	0.9559335521734805	2	True	1	False	False				
independent_rep2	BROAD_0235	chrSynthetic2	18749415	18752126	2711	SHORT_BROAD	MEDIUM	0.5	0	0.0	1.0	True	0.9713364385524902	1	False	0	False	True	-44	36	44	36
independent_rep2	BROAD_0236	chrSynthetic2	18912952	18928337	15385	MEDIUM_BROAD	WEAK	0.25	2000	0.12999675	0.8848878778030549	True	0.8837964165151908	3	True	2	False	False				
independent_rep2	BROAD_0237	chrSynthetic2	19239149	19242846	3697	SHORT_BROAD	STRONG	0.8	0	0.0	1.0	True	0.9494093477144324	1	False	0	False	True	-90	107	90	107
independent_rep2	BROAD_0238	chrSynthetic2	19290889	19309118	18229	MEDIUM_BROAD	MEDIUM	0.5	2000	0.10971529	0.9136540676943332	True	0.9102585123244248	3	True	2	False	False				
independent_rep2	BROAD_0239	chrSynthetic2	19352784	19358057	5273	MEDIUM_BROAD	STRONG	0.8	1000	0.18964536	1.0	True	0.9664589442815249	1	False	0	False	True	-111	72	111	72
independent_rep2	BROAD_0240	chrSynthetic2	19408636	19412258	3622	SHORT_BROAD	WEAK	0.25	0	0.0	1.0	True	0.9786544177249392	1	False	0	False	True	-45	34	45	34
independent_rep2	BROAD_0241	chrSynthetic2	19488889	19551071	62182	LONG_BROAD	WEAK	0.25	6000	0.09649095	0.915811649673539	True	0.7342800167250972	5	True	4	False	False				
independent_rep2	BROAD_0242	chrSynthetic2	19681649	19692933	11284	MEDIUM_BROAD	STRONG	0.8	1000	0.08862106	0.9353952499113789	True	0.9211904346308256	2	True	1	False	False				
independent_rep2	BROAD_0243	chrSynthetic2	19880571	19942911	62340	LONG_BROAD	STRONG	0.8	6000	0.09624639	0.9646454924606994	True	0.8899211892099699	3	True	2	False	False				
independent_rep2	BROAD_0244	chrSynthetic3	120314	122729	2415	SHORT_BROAD	STRONG	0.8	0	0.0	1.0	True	0.9422551697229808	1	False	0	False	True	-50	98	50	98
independent_rep2	BROAD_0245	chrSynthetic3	252601	328322	75721	LONG_BROAD	WEAK	0.25	8000	0.10565101	0.9075949868596559	True	0.8442836201317996	7	True	6	False	False				
independent_rep2	BROAD_0246	chrSynthetic3	568295	572735	4440	SHORT_BROAD	STRONG	0.8	0	0.0	1.0	True	0.9664780148019155	1	False	0	False	True	-69	85	69	85
independent_rep2	BROAD_0247	chrSynthetic3	659461	702183	42722	LONG_BROAD	MEDIUM	0.5	4000	0.09362858	0.9283039183558822	True	0.9253581595034766	5	True	4	False	False				
independent_rep2	BROAD_0248	chrSynthetic3	789309	842643	53334	LONG_BROAD	WEAK	0.25	5000	0.09374883	0.9167885401432482	True	0.9167541622918854	6	True	5	False	False				
independent_rep2	BROAD_0249	chrSynthetic3	988426	992977	4551	SHORT_BROAD	STRONG	0.8	0	0.0	1.0	True	0.970362473347548	1	False	0	False	True	-45	94	45	94
independent_rep2	BROAD_0250	chrSynthetic3	1098496	1112374	13878	MEDIUM_BROAD	STRONG	0.8	1000	0.07205649	0.9473267041360427	True	0.9347980659840728	2	True	1	False	False				
independent_rep2	BROAD_0251	chrSynthetic3	1221691	1239763	18072	MEDIUM_BROAD	MEDIUM	0.5	2000	0.11066844	0.9147299690128375	True	0.9076483830231153	3	True	2	False	False				
independent_rep2	BROAD_0252	chrSynthetic3	1492480	1522641	30161	LONG_BROAD	STRONG	0.8	3000	0.0994662	0.9273233646099267	True	0.8367427872699031	3	True	2	False	False				
independent_rep2	BROAD_0253	chrSynthetic3	1639070	1652001	12931	MEDIUM_BROAD	STRONG	0.8	1000	0.07733354	0.9414585105560281	True	0.9303071985327831	2	True	1	False	False				
independent_rep2	BROAD_0254	chrSynthetic3	1672391	1740653	68262	LONG_BROAD	WEAK	0.25	7000	0.10254607	0.9098766517242389	True	0.8018516890803082	6	True	5	False	False				
independent_rep2	BROAD_0255	chrSynthetic3	1799183	1818233	19050	MEDIUM_BROAD	STRONG	0.8	2000	0.10498688	0.9234120734908137	True	0.9136283369689415	3	True	2	False	False				
independent_rep2	BROAD_0256	chrSynthetic3	1890024	1892639	2615	SHORT_BROAD	WEAK	0.25	0	0.0	1.0	True	0.9827132656895904	1	False	0	False	True	-30	16	30	16
independent_rep2	BROAD_0257	chrSynthetic3	1948883	2018903	70020	LONG_BROAD	STRONG	0.8	7000	0.09997144	0.9578691802342187	True	0.9553722775379969	5	True	4	False	False				
independent_rep2	BROAD_0258	chrSynthetic3	2650915	2702907	51992	LONG_BROAD	MEDIUM	0.5	5000	0.09616864	0.92573857516541	True	0.8444709320209166	5	True	4	False	False				
independent_rep2	BROAD_0259	chrSynthetic3	3062620	3078292	15672	MEDIUM_BROAD	WEAK	0.25	2000	0.12761613	0.8868044920877999	True	0.8866913359703968	3	True	2	False	False				
independent_rep2	BROAD_0260	chrSynthetic3	3128198	3131470	3272	SHORT_BROAD	WEAK	0.25	0	0.0	0.9801344743276283	True	0.9801344743276283	1	False	0	False	True	26	-39	26	39
independent_rep2	BROAD_0261	chrSynthetic3	3181794	3202269	20475	LONG_BROAD	STRONG	0.8	2000	0.0976801	0.963956043956044	True	0.9578743023537977	2	True	1	False	False				
independent_rep2	BROAD_0262	chrSynthetic3	3552538	3579348	26810	LONG_BROAD	WEAK	0.25	3000	0.11189855	0.9020514733308467	True	0.8080175850378153	3	True	2	False	False				
independent_rep2	BROAD_0263	chrSynthetic3	3838028	3842940	4912	SHORT_BROAD	MEDIUM	0.5	0	0.0	1.0	True	0.9782911770563633	1	False	0	False	True	-15	94	15	94
independent_rep2	BROAD_0264	chrSynthetic3	3888139	3892446	4307	SHORT_BROAD	MEDIUM	0.5	0	0.0	1.0	True	0.9766439909297052	1	False	0	False	True	-53	50	53	50
independent_rep2	BROAD_0265	chrSynthetic3	4360280	4400559	40279	LONG_BROAD	WEAK	0.25	4000	0.09930733	0.9117654360833188	True	0.9113581656202695	5	True	4	False	False				
independent_rep2	BROAD_0266	chrSynthetic3	4691637	4702172	10535	MEDIUM_BROAD	STRONG	0.8	1000	0.09492169	1.0	True	0.9886448948948949	1	False	0	False	True	-45	76	45	76
independent_rep2	BROAD_0267	chrSynthetic3	4848077	4861441	13364	MEDIUM_BROAD	WEAK	0.25	1000	0.0748279	0.9340766237653397	True	0.9315671641791045	2	True	1	False	False				
independent_rep2	BROAD_0268	chrSynthetic3	4872004	4878006	6002	MEDIUM_BROAD	STRONG	0.8	1000	0.16661113	1.0	True	0.9675963243591811	1	False	0	False	True	-115	86	115	86
independent_rep2	BROAD_0269	chrSynthetic3	4981082	5038344	57262	LONG_BROAD	MEDIUM	0.5	6000	0.10478153	0.9190038769166289	True	0.8057350424365198	5	True	4	False	False				
independent_rep2	BROAD_0270	chrSynthetic3	5138692	5189058	50366	LONG_BROAD	STRONG	0.8	5000	0.09927332	0.955763808918715	True	0.892376058880711	3	True	2	False	False				
independent_rep2	BROAD_0271	chrSynthetic3	5488676	5491699	3023	SHORT_BROAD	WEAK	0.25	0	0.0	0.9804829639431029	True	0.9804829639431029	1	False	0	False	True	41	-18	41	18
independent_rep2	BROAD_0272	chrSynthetic3	5659961	5722636	62675	LONG_BROAD	WEAK	0.25	6000	0.09573195	0.9151336258476267	True	0.8340646190666134	6	True	5	False	False				
independent_rep2	BROAD_0273	chrSynthetic3	5778019	5782983	4964	SHORT_BROAD	STRONG	0.8	0	0.0	1.0	True	0.9678299863521154	1	False	0	False	True	-52	113	52	113
independent_rep2	BROAD_0274	chrSynthetic3	5828447	5830662	2215	SHORT_BROAD	WEAK	0.25	0	0.0	1.0	True	0.9870766488413547	1	False	0	False	True	-21	8	21	8
independent_rep2	BROAD_0275	chrSynthetic3	5938247	5942537	4290	SHORT_BROAD	WEAK	0.25	0	0.0	0.9948717948717949	True	0.9948717948717949	1	False	0	False	True	5	-17	5	17
independent_rep2	BROAD_0276	chrSynthetic3	6028896	6032800	3904	SHORT_BROAD	WEAK	0.25	0	0.0	0.9964139344262295	True	0.9833164812942367	1	False	0	False	True	-52	-14	52	14
independent_rep2	BROAD_0277	chrSynthetic3	6148442	6152901	4459	SHORT_BROAD	MEDIUM	0.5	0	0.0	1.0	True	0.9849790148000883	1	False	0	False	True	-18	50	18	50
independent_rep2	BROAD_0278	chrSynthetic3	6212973	6218261	5288	MEDIUM_BROAD	MEDIUM	0.5	1000	0.18910741	0.8534417549167927	True	0.8456061457747799	2	True	1	False	False				
independent_rep2	BROAD_0279	chrSynthetic3	6580064	6638725	58661	LONG_BROAD	MEDIUM	0.5	6000	0.10228261	0.9209355449105879	True	0.7868600944409403	5	True	4	False	False				
independent_rep2	BROAD_0280	chrSynthetic3	6758487	6760840	2353	SHORT_BROAD	WEAK	0.25	0	0.0	0.9796005099872503	True	0.974218089602705	1	False	0	False	True	48	13	48	13
independent_rep2	BROAD_0281	chrSynthetic3	6792260	6839357	47097	LONG_BROAD	STRONG	0.8	5000	0.10616387	0.9372571501369514	True	0.8622276902191206	4	True	3	False	False				
independent_rep2	BROAD_0282	chrSynthetic3	7099989	7109846	9857	MEDIUM_BROAD	WEAK	0.25	1000	0.10145075	0.9094044841229583	True	0.9013574660633484	2	True	1	False	False				
independent_rep2	BROAD_0283	chrSynthetic3	7159774	7172793	13019	MEDIUM_BROAD	MEDIUM	0.5	1000	0.07681081	0.9435440510023811	True	0.9375667836971455	2	True	1	False	False				
independent_rep2	BROAD_0284	chrSynthetic3	7261848	7268870	7022	MEDIUM_BROAD	MEDIUM	0.5	1000	0.14240957	0.8886357163201367	True	0.8695652173913043	2	True	1	False	False				
independent_rep2	BROAD_0285	chrSynthetic3	7459485	7509523	50038	LONG_BROAD	MEDIUM	0.5	5000	0.09992406	0.9226587793277109	True	0.8496972361557985	5	True	4	False	False				
independent_rep2	BROAD_0286	chrSynthetic3	7878929	7890732	11803	MEDIUM_BROAD	STRONG	0.8	1000	0.08472422	0.9367110056765229	True	0.9240284162139574	2	True	1	False	False				
independent_rep2	BROAD_0287	chrSynthetic3	7901169	7908400	7231	MEDIUM_BROAD	MEDIUM	0.5	1000	0.13829346	0.8885354722721616	True	0.8767740174672489	2	True	1	False	False				
independent_rep2	BROAD_0288	chrSynthetic3	8081936	8088929	6993	MEDIUM_BROAD	STRONG	0.8	1000	0.14300014	1.0	True	0.9708454810495627	1	False	0	False	True	-71	139	71	139
independent_rep2	BROAD_0289	chrSynthetic3	8282984	8298190	15206	MEDIUM_BROAD	WEAK	0.25	2000	0.13152703	0.8876759174010259	True	0.8811855333594464	3	True	2	False	False				
independent_rep2	BROAD_0290	chrSynthetic3	8499520	8501757	2237	SHORT_BROAD	MEDIUM	0.5	0	0.0	1.0	True	0.9498938428874735	1	False	0	False	True	-60	58	60	58
independent_rep2	BROAD_0291	chrSynthetic3	8560534	8568648	8114	MEDIUM_BROAD	MEDIUM	0.5	1000	0.12324378	0.9033768794675869	True	0.8916190244495803	2	True	1	False	False				
independent_rep2	BROAD_0292	chrSynthetic3	8602363	8618267	15904	MEDIUM_BROAD	WEAK	0.25	2000	0.12575453	0.8870095573440644	True	0.8833437695679399	3	True	2	False	False				
independent_rep2	BROAD_0293	chrSynthetic3	8652701	8661784	9083	MEDIUM_BROAD	WEAK	0.25	1000	0.11009578	0.9059782010349003	True	0.9022037057340204	2	True	1	False	False				
independent_rep2	BROAD_0294	chrSynthetic3	8800007	8862559	62552	LONG_BROAD	WEAK	0.25	6000	0.09592019	0.9186436884512086	True	0.8379177521696741	6	True	5	False	False				
independent_rep2	BROAD_0295	chrSynthetic3	9002156	9060477	58321	LONG_BROAD	MEDIUM	0.5	6000	0.10287889	0.9206975189039969	True	0.7912930162377189	5	True	4	False	False				
independent_rep2	BROAD_0296	chrSynthetic3	9328227	9331015	2788	SHORT_BROAD	STRONG	0.8	0	0.0	1.0	True	0.9577464788732394	1	False	0	False	True	-56	67	56	67
independent_rep2	BROAD_0297	chrSynthetic3	9360469	9428104	67635	LONG_BROAD	MEDIUM	0.5	7000	0.10349671	0.920558882235529	True	0.8191764618910328	6	True	5	False	False				
independent_rep2	BROAD_0298	chrSynthetic3	9548995	9552853	3858	SHORT_BROAD	WEAK	0.25	0	0.0	0.995334370139969	True	0.995334370139969	1	False	0	False	True	10	-8	10	8
independent_rep2	BROAD_0299	chrSynthetic3	9638582	9642328	3746	SHORT_BROAD	MEDIUM	0.5	0	0.0	1.0	True	0.9742522756827048	1	False	0	False	True	-83	16	83	16
independent_rep2	BROAD_0300	chrSynthetic3	9768776	9772799	4023	SHORT_BROAD	WEAK	0.25	0	0.0	0.9995028585632613	True	0.9865063788027478	1	False	0	False	True	-53	-2	53	2
independent_rep2	BROAD_0301	chrSynthetic3	9898924	9960614	61690	LONG_BROAD	STRONG	0.8	6000	0.0972605	0.9759442373156103	True	0.9732150073549618	3	True	2	False	False				
independent_rep2	BROAD_0302	chrSynthetic3	10088413	10101379	12966	MEDIUM_BROAD	WEAK	0.25	1000	0.07712479	0.9315903131266389	True	0.9284396617986165	2	True	1	False	False				
independent_rep2	BROAD_0303	chrSynthetic3	10138414	10208476	70062	LONG_BROAD	STRONG	0.8	7000	0.09991151	0.9577802517769975	True	0.8242842054180582	3	True	2	False	False				
independent_rep2	BROAD_0304	chrSynthetic3	10220640	10232725	12085	MEDIUM_BROAD	WEAK	0.25	1000	0.08274721	0.9178320231692181	True	0.915710393791794	2	True	1	False	False				
independent_rep2	BROAD_0305	chrSynthetic3	10401783	10418514	16731	MEDIUM_BROAD	STRONG	0.8	2000	0.11953858	1.0	True	0.9926431326016019	1	False	0	False	True	-69	55	69	55
independent_rep2	BROAD_0306	chrSynthetic3	10442950	10458081	15131	MEDIUM_BROAD	WEAK	0.25	2000	0.13217897	0.8798493159738285	True	0.8798493159738285	3	True	2	False	False				
independent_rep2	BROAD_0307	chrSynthetic3	10489084	10561813	72729	LONG_BROAD	MEDIUM	0.5	7000	0.09624771	0.9253255235188165	True	0.7612094212762447	6	True	5	False	False				
independent_rep2	BROAD_0308	chrSynthetic3	10771723	10788295	16572	MEDIUM_BROAD	MEDIUM	0.5	2000	0.12068549	0.9089427950760318	True	0.9036534885116084	3	True	2	False	False				
independent_rep2	BROAD_0309	chrSynthetic3	10901562	10909648	8086	MEDIUM_BROAD	STRONG	0.8	1000	0.12367054	1.0	True	0.9820257469030848	1	False	0	False	True	-80	68	80	68
independent_rep2	BROAD_0310	chrSynthetic3	11139151	11162730	23579	LONG_BROAD	WEAK	0.25	2000	0.08482124	0.9229823147716189	True	0.9204449331754356	3	True	2	False	False				
independent_rep2	BROAD_0311	chrSynthetic3	11200391	11240106	39715	LONG_BROAD	MEDIUM	0.5	4000	0.10071761	0.9403499937051492	True	0.937352542543045	4	True	3	False	False				
independent_rep2	BROAD_0312	chrSynthetic3	11498231	11502794	4563	SHORT_BROAD	STRONG	0.8	0	0.0	1.0	True	0.9653056907129257	1	False	0	False	True	-61	103	61	103
independent_rep2	BROAD_0313	chrSynthetic3	11568586	11572704	4118	SHORT_BROAD	STRONG	0.8	0	0.0	1.0	True	0.974905303030303	1	False	0	False	True	-49	57	49	57
independent_rep2	BROAD_0314	chrSynthetic3	11718256	11722627	4371	SHORT_BROAD	STRONG	0.8	0	0.0	1.0	True	0.9636243386243386	1	False	0	False	True	-102	63	102	63
independent_rep2	BROAD_0315	chrSynthetic3	11958572	11962626	4054	SHORT_BROAD	STRONG	0.8	0	0.0	1.0	True	0.9668495110899118	1	False	0	False	True	-73	66	73	66
independent_rep2	BROAD_0316	chrSynthetic3	12180462	12230945	50483	LONG_BROAD	WEAK	0.25	5000	0.09904324	0.9142285521858844	True	0.7242041875482835	4	True	3	False	False				
independent_rep2	BROAD_0317	chrSynthetic3	12402802	12408505	5703	MEDIUM_BROAD	WEAK	0.25	1000	0.17534631	0.8470980185867087	True	0.8313543279986233	2	True	1	False	False				
independent_rep2	BROAD_0318	chrSynthetic3	12438830	12442253	3423	SHORT_BROAD	STRONG	0.8	0	0.0	1.0	True	0.9588235294117647	1	False	0	False	True	-61	86	61	86
independent_rep2	BROAD_0319	chrSynthetic3	12538006	12542868	4862	SHORT_BROAD	WEAK	0.25	0	0.0	0.9868366927190456	True	0.9868366927190456	1	False	0	False	True	18	-46	18	46
independent_rep2	BROAD_0320	chrSynthetic3	12591159	12668619	77460	LONG_BROAD	STRONG	0.8	8000	0.10327911	0.9713916860315002	True	0.9350823562795857	3	True	2	False	False				
independent_rep2	BROAD_0321	chrSynthetic3	12859657	12861690	2033	SHORT_BROAD	MEDIUM	0.5	0	0.0	1.0	True	0.9360036832412523	1	False	0	False	True	-89	50	89	50
independent_rep2	BROAD_0322	chrSynthetic3	13202293	13210676	8383	MEDIUM_BROAD	WEAK	0.25	1000	0.11928904	0.8926398663962782	True	0.8920014304446299	2	True	1	False	False				
independent_rep2	BROAD_0323	chrSynthetic3	13311560	13328087	16527	MEDIUM_BROAD	WEAK	0.25	2000	0.1210141	0.8960488896956496	True	0.895236368032886	3	True	2	False	False				
independent_rep2	BROAD_0324	chrSynthetic3	13452599	13458552	5953	MEDIUM_BROAD	STRONG	0.8	1000	0.16798253	1.0	True	0.9665530118525735	1	False	0	False	True	-92	114	92	114
independent_rep2	BROAD_0325	chrSynthetic3	13562872	13578658	15786	MEDIUM_BROAD	WEAK	0.25	2000	0.12669454	0.8911060433295325	True	0.8899221863731258	3	True	2	False	False				
independent_rep2	BROAD_0326	chrSynthetic3	13649000	13651863	2863	SHORT_BROAD	MEDIUM	0.5	0	0.0	1.0	True	0.9708375720583249	1	False	0	False	True	-32	54	32	54
independent_rep2	BROAD_0327	chrSynthetic3	13839778	13842616	2838	SHORT_BROAD	STRONG	0.8	0	0.0	1.0	True	0.9510723860589813	1	False	0	False	True	-55	91	55	91
independent_rep2	BROAD_0328	chrSynthetic3	13938238	13941654	3416	SHORT_BROAD	WEAK	0.25	0	0.0	0.9929742388758782	True	0.9900758902510216	1	False	0	False	True	24	10	24	10
independent_rep2	BROAD_0329	chrSynthetic3	14292661	14309411	16750	MEDIUM_BROAD	WEAK	0.25	2000	0.11940299	0.8942089552238806	True	0.8932490458015268	3	True	2	False	False				
independent_rep2	BROAD_0330	chrSynthetic3	14619095	14621211	2116	SHORT_BROAD	MEDIUM	0.5	0	0.0	1.0	True	0.956168097605061	1	False	0	False	True	-50	47	50	47
independent_rep2	BROAD_0331	chrSynthetic3	14641038	14650615	9577	MEDIUM_BROAD	WEAK	0.25	1000	0.10441683	0.9133340294455466	True	0.9109560508227452	2	True	1	False	False				
independent_rep2	BROAD_0332	chrSynthetic3	14671680	14690583	18903	MEDIUM_BROAD	WEAK	0.25	2000	0.10580331	0.9026080516320161	True	0.9026080516320161	3	True	2	False	False				
independent_rep2	BROAD_0333	chrSynthetic3	14922988	14978005	55017	LONG_BROAD	MEDIUM	0.5	6000	0.1090572	0.9152443790101241	True	0.8382318192558663	5	True	4	False	False				
independent_rep2	BROAD_0334	chrSynthetic3	14992980	15068200	75220	LONG_BROAD	MEDIUM	0.5	8000	0.10635469	0.9166179207657538	True	0.8576575378888593	7	True	6	False	False				
independent_rep2	BROAD_0335	chrSynthetic3	15078283	15092603	14320	MEDIUM_BROAD	STRONG	0.8	1000	0.0698324	0.9479748603351955	True	0.9371116940494271	2	True	1	False	False				
independent_rep2	BROAD_0336	chrSynthetic3	15241681	15249222	7541	MEDIUM_BROAD	STRONG	0.8	1000	0.13260841	1.0	True	0.9769400181370644	1	False	0	False	True	-106	72	106	72
independent_rep2	BROAD_0337	chrSynthetic3	15290389	15292483	2094	SHORT_BROAD	STRONG	0.8	0	0.0	1.0	True	0.9344042838018741	1	False	0	False	True	-69	78	69	78
independent_rep2	BROAD_0338	chrSynthetic3	15382551	15388444	5893	MEDIUM_BROAD	MEDIUM	0.5	1000	0.16969286	0.8654335652469031	True	0.8492922564529559	2	True	1	False	False				
independent_rep2	BROAD_0339	chrSynthetic3	15408521	15472804	64283	LONG_BROAD	MEDIUM	0.5	6000	0.09333727	0.9275080503399032	True	0.9265423465423466	7	True	6	False	False				
independent_rep2	BROAD_0340	chrSynthetic3	15741514	15818431	76917	LONG_BROAD	WEAK	0.25	8000	0.10400822	0.906743632746987	True	0.8297645513995605	7	True	6	False	False				
independent_rep2	BROAD_0341	chrSynthetic3	15978593	16012673	34080	LONG_BROAD	STRONG	0.8	3000	0.08802817	0.9783157276995306	True	0.9730905057934215	2	True	1	False	False				
independent_rep2	BROAD_0342	chrSynthetic3	16149239	16152194	2955	SHORT_BROAD	WEAK	0.25	0	0.0	0.9871404399323181	True	0.9871404399323181	1	False	0	False	True	27	-11	27	11
independent_rep2	BROAD_0343	chrSynthetic3	16309651	16328375	18724	MEDIUM_BROAD	WEAK	0.25	2000	0.10681478	0.9030121768852809	True	0.9018080964318097	3	True	2	False	False				
independent_rep2	BROAD_0344	chrSynthetic3	16378076	16382968	4892	SHORT_BROAD	MEDIUM	0.5	0	0.0	1.0	True	0.983514274225975	1	False	0	False	True	-38	44	38	44
independent_rep2	BROAD_0345	chrSynthetic3	16498262	16570230	71968	LONG_BROAD	MEDIUM	0.5	7000	0.09726545	0.9354574255224545	True	0.8393471744198956	6	True	5	False	False				
independent_rep2	BROAD_0346	chrSynthetic3	16600895	16670968	70073	LONG_BROAD	WEAK	0.25	7000	0.09989582	0.9137899048135516	True	0.7829691892740428	6	True	5	False	False				
independent_rep2	BROAD_0347	chrSynthetic3	16830468	16832840	2372	SHORT_BROAD	MEDIUM	0.5	0	0.0	1.0	True	0.9488	1	False	0	False	True	-70	58	70	58
independent_rep2	BROAD_0348	chrSynthetic3	17292614	17348211	55597	LONG_BROAD	MEDIUM	0.5	6000	0.10791949	0.9160386351781571	True	0.8291094843246938	5	True	4	False	False				
independent_rep2	BROAD_0349	chrSynthetic3	17398187	17412389	14202	MEDIUM_BROAD	MEDIUM	0.5	1000	0.07041262	0.9451485706238558	True	0.9423616961527661	2	True	1	False	False				
independent_rep2	BROAD_0350	chrSynthetic3	17508329	17512646	4317	SHORT_BROAD	WEAK	0.25	0	0.0	0.9988417882788974	True	0.9940064545873675	1	False	0	False	True	5	21	5	21
independent_rep2	BROAD_0351	chrSynthetic3	17529637	17578413	48776	LONG_BROAD	STRONG	0.8	5000	0.10250943	0.9698827292110874	True	0.9159794552783973	2	True	1	False	False				
independent_rep2	BROAD_0352	chrSynthetic3	18261860	18338437	76577	LONG_BROAD	WEAK	0.25	8000	0.10447001	0.9077921569139559	True	0.8332266868642021	7	True	6	False	False				
independent_rep2	BROAD_0353	chrSynthetic3	18390140	18422121	31981	LONG_BROAD	MEDIUM	0.5	3000	0.0938057	0.9270191676307807	True	0.9249368233862665	4	True	3	False	False				
independent_rep2	BROAD_0354	chrSynthetic3	18471043	18488486	17443	MEDIUM_BROAD	STRONG	0.8	2000	0.11465918	1.0	True	0.9886080253910677	1	False	0	False	True	-116	85	116	85
independent_rep2	BROAD_0355	chrSynthetic3	18570352	18648465	78113	LONG_BROAD	WEAK	0.25	8000	0.10241573	0.9123321342158156	True	0.8198379271056034	7	True	6	False	False				
independent_rep2	BROAD_0356	chrSynthetic3	18679871	18720507	40636	LONG_BROAD	MEDIUM	0.5	4000	0.09843489	0.9228762673491485	True	0.9198430218297768	5	True	4	False	False				
independent_rep2	BROAD_0357	chrSynthetic3	19049932	19088734	38802	LONG_BROAD	MEDIUM	0.5	4000	0.10308747	0.919669089222205	True	0.8438118748232147	4	True	3	False	False				
independent_rep2	BROAD_0358	chrSynthetic3	19389120	19392967	3847	SHORT_BROAD	WEAK	0.25	0	0.0	0.9794645178060827	True	0.9716348633316142	1	False	0	False	True	-31	-79	31	79
independent_rep2	BROAD_0359	chrSynthetic3	19581847	19600539	18692	MEDIUM_BROAD	MEDIUM	0.5	2000	0.10699765	0.91766531136315	True	0.9124906904989892	3	True	2	False	False				
independent_rep2	BROAD_0360	chrSynthetic3	19630248	19659672	29424	LONG_BROAD	MEDIUM	0.5	3000	0.10195759	0.9211188145731376	True	0.9177191616158196	4	True	3	False	False				
independent_consensus	BROAD_0001	chrSynthetic1	179251	189862	10611	MEDIUM_BROAD	STRONG	0.8	1000	0.09424182	0.9303552916784469	True	0.9180693759880963	2	True	1	False	False				
independent_consensus	BROAD_0002	chrSynthetic1	242650	259044	16394	MEDIUM_BROAD	STRONG	0.8	2000	0.12199585	0.9096010735634988	True	0.9027180822083661	3	True	2	False	False				
independent_consensus	BROAD_0003	chrSynthetic1	330833	361139	30306	LONG_BROAD	STRONG	0.8	3000	0.0989903	0.9264832046459447	True	0.9227078540913572	4	True	3	False	False				
independent_consensus	BROAD_0004	chrSynthetic1	629416	659686	30270	LONG_BROAD	WEAK	0.25	3000	0.09910803	0.905979517674265	True	0.905979517674265	4	True	3	False	False				
independent_consensus	BROAD_0005	chrSynthetic1	728418	752616	24198	LONG_BROAD	STRONG	0.8	2000	0.08265146	0.9690470286800562	True	0.9639480391350818	2	True	1	False	False				
independent_consensus	BROAD_0006	chrSynthetic1	848342	852493	4151	SHORT_BROAD	WEAK	0.25	0	0.0	0.9619368826788726	True	0.9619368826788726	1	False	0	False	True	28	-130	28	130
independent_consensus	BROAD_0007	chrSynthetic1	988338	1002148	13810	MEDIUM_BROAD	MEDIUM	0.5	1000	0.0724113	0.9414916727009414	True	0.9346560276040543	2	True	1	False	False				
independent_consensus	BROAD_0008	chrSynthetic1	1071066	1110382	39316	LONG_BROAD	STRONG	0.8	4000	0.10173975	0.9434581340929902	True	0.9401819886954097	4	True	3	False	False				
independent_consensus	BROAD_0009	chrSynthetic1	1282989	1288019	5030	MEDIUM_BROAD	STRONG	0.8	1000	0.19880716	0.8506958250497018	True	0.8328143246399378	2	True	1	False	False				
independent_consensus	BROAD_0010	chrSynthetic1	1348367	1358754	10387	MEDIUM_BROAD	MEDIUM	0.5	1000	0.09627419	0.9269278906325215	True	0.9241697062775964	2	True	1	False	False				
independent_consensus	BROAD_0011	chrSynthetic1	1561843	1609408	47565	LONG_BROAD	MEDIUM	0.5	5000	0.10511931	0.9175444129086513	True	0.7750026279827604	4	True	3	False	False				
independent_consensus	BROAD_0012	chrSynthetic1	1638031	1641342	3311	SHORT_BROAD	MEDIUM	0.5	0	0.0	1.0	True	0.9889486260454002	1	False	0	False	True	-12	25	12	25
independent_consensus	BROAD_0013	chrSynthetic1	1888427	1892295	3868	SHORT_BROAD	WEAK	0.25	0	0.0	0.9798345398138573	True	0.975295934122491	1	False	0	False	True	-18	-78	18	78
independent_consensus	BROAD_0014	chrSynthetic1	1949558	1958897	9339	MEDIUM_BROAD	MEDIUM	0.5	1000	0.10707785	0.9124103223043153	True	0.9042767696062824	2	True	1	False	False				
independent_consensus	BROAD_0015	chrSynthetic1	2048910	2082834	33924	LONG_BROAD	WEAK	0.25	3000	0.08843297	0.9176983846244546	True	0.9174820228692679	4	True	3	False	False				
independent_consensus	BROAD_0016	chrSynthetic1	2168638	2192910	24272	LONG_BROAD	WEAK	0.25	2000	0.08239947	0.9239864864864865	True	0.9236440014826407	3	True	2	False	False				
independent_consensus	BROAD_0017	chrSynthetic1	2381918	2429285	47367	LONG_BROAD	STRONG	0.8	5000	0.10555872	0.9526463571684929	True	0.8126121561424621	2	True	1	False	False				
independent_consensus	BROAD_0018	chrSynthetic1	2631249	2690198	58949	LONG_BROAD	MEDIUM	0.5	6000	0.1017829	0.9215932416156338	True	0.7823712022256527	5	True	4	False	False				
independent_consensus	BROAD_0019	chrSynthetic1	2818001	2848542	30541	LONG_BROAD	STRONG	0.8	3000	0.09822861	0.9756065616711961	True	0.9709016259897684	2	True	1	False	False				
independent_consensus	BROAD_0020	chrSynthetic1	3142220	3161872	19652	MEDIUM_BROAD	STRONG	0.8	2000	0.10177081	0.9625483411357623	True	0.9577236595615412	2	True	1	False	False				
independent_consensus	BROAD_0021	chrSynthetic1	3218051	3222878	4827	SHORT_BROAD	MEDIUM	0.5	0	0.0	1.0	True	0.9769277474195507	1	False	0	False	True	-58	56	58	56
independent_consensus	BROAD_0022	chrSynthetic1	3292325	3298515	6190	MEDIUM_BROAD	STRONG	0.8	1000	0.16155089	1.0	True	0.9859827970691303	1	False	0	False	True	-67	21	67	21
independent_consensus	BROAD_0023	chrSynthetic1	3318303	3322906	4603	SHORT_BROAD	MEDIUM	0.5	0	0.0	1.0	True	0.9845989304812834	1	False	0	False	True	-20	52	20	52
independent_consensus	BROAD_0024	chrSynthetic1	3368049	3371622	3573	SHORT_BROAD	WEAK	0.25	0	0.0	0.9773299748110831	True	0.9773299748110831	1	False	0	False	True	37	-44	37	44
independent_consensus	BROAD_0025	chrSynthetic1	3518108	3522956	4848	SHORT_BROAD	WEAK	0.25	0	0.0	0.9888613861386139	True	0.9882498453927026	1	False	0	False	True	54	3	54	3
independent_consensus	BROAD_0026	chrSynthetic1	3792269	3829732	37463	LONG_BROAD	WEAK	0.25	4000	0.10677202	0.9009689560366227	True	0.8281279172112127	4	True	3	False	False				
independent_consensus	BROAD_0027	chrSynthetic1	3888530	3890853	2323	SHORT_BROAD	STRONG	0.8	0	0.0	1.0	True	0.9423935091277891	1	False	0	False	True	-79	63	79	63
independent_consensus	BROAD_0028	chrSynthetic1	4182599	4198348	15749	MEDIUM_BROAD	WEAK	0.25	2000	0.12699219	0.8774525366689948	True	0.8767844679906097	3	True	2	False	False				
independent_consensus	BROAD_0029	chrSynthetic1	4212612	4248871	36259	LONG_BROAD	WEAK	0.25	4000	0.11031744	0.9012107338867591	True	0.753854215505116	3	True	2	False	False				
independent_consensus	BROAD_0030	chrSynthetic1	4260104	4291630	31526	LONG_BROAD	MEDIUM	0.5	3000	0.09515955	0.924697075429804	True	0.9225608405329283	4	True	3	False	False				
independent_consensus	BROAD_0031	chrSynthetic1	4382697	4388112	5415	MEDIUM_BROAD	STRONG	0.8	1000	0.18467221	0.8614958448753463	True	0.8435804701627486	2	True	1	False	False				
independent_consensus	BROAD_0032	chrSynthetic1	4580095	4650549	70454	LONG_BROAD	WEAK	0.25	7000	0.09935561	0.9106367275101485	True	0.7765918187753712	6	True	5	False	False				
independent_consensus	BROAD_0033	chrSynthetic1	4728554	4732649	4095	SHORT_BROAD	WEAK	0.25	0	0.0	0.9797313797313797	True	0.9797313797313797	1	False	0	False	True	50	-33	50	33
independent_consensus	BROAD_0034	chrSynthetic1	4792079	4808873	16794	MEDIUM_BROAD	STRONG	0.8	2000	0.11909015	1.0	True	0.9927878931189407	1	False	0	False	True	-75	47	75	47
independent_consensus	BROAD_0035	chrSynthetic1	4992748	4999634	6886	MEDIUM_BROAD	WEAK	0.25	1000	0.14522219	0.8370607028753994	True	0.8370607028753994	2	True	1	False	False				
independent_consensus	BROAD_0036	chrSynthetic1	5012866	5018509	5643	MEDIUM_BROAD	WEAK	0.25	1000	0.1772107	0.8362573099415205	True	0.8356649548432796	2	True	1	False	False				
independent_consensus	BROAD_0037	chrSynthetic1	5079198	5098840	19642	MEDIUM_BROAD	WEAK	0.25	2000	0.10182262	0.9053558700743305	True	0.9053558700743305	3	True	2	False	False				
independent_consensus	BROAD_0038	chrSynthetic1	5121807	5169637	47830	LONG_BROAD	STRONG	0.8	5000	0.1045369	0.9539410411875392	True	0.8834839975782376	3	True	2	False	False				
independent_consensus	BROAD_0039	chrSynthetic1	5298091	5302618	4527	SHORT_BROAD	STRONG	0.8	0	0.0	1.0	True	0.9666880204996797	1	False	0	False	True	-81	75	81	75
independent_consensus	BROAD_0040	chrSynthetic1	5408134	5422735	14601	MEDIUM_BROAD	WEAK	0.25	1000	0.06848846	0.9329497979590439	True	0.9314188034188035	2	True	1	False	False				
independent_consensus	BROAD_0041	chrSynthetic1	5548990	5551613	2623	SHORT_BROAD	STRONG	0.8	0	0.0	1.0	True	0.9493304379297864	1	False	0	False	True	-58	82	58	82
independent_consensus	BROAD_0042	chrSynthetic1	5640374	5642734	2360	SHORT_BROAD	STRONG	0.8	0	0.0	1.0	True	0.9320695102685624	1	False	0	False	True	-90	82	90	82
independent_consensus	BROAD_0043	chrSynthetic1	5718807	5722153	3346	SHORT_BROAD	MEDIUM	0.5	0	0.0	0.9976090854751942	True	0.9806110458284372	1	False	0	False	True	8	58	8	58
independent_consensus	BROAD_0044	chrSynthetic1	5778210	5782199	3989	SHORT_BROAD	STRONG	0.8	0	0.0	1.0	True	0.9729268292682927	1	False	0	False	True	-48	63	48	63
independent_consensus	BROAD_0045	chrSynthetic1	5871524	5880494	8970	MEDIUM_BROAD	MEDIUM	0.5	1000	0.11148272	0.9121516164994425	True	0.9066932624113475	2	True	1	False	False				
independent_consensus	BROAD_0046	chrSynthetic1	5949928	5952781	2853	SHORT_BROAD	STRONG	0.8	0	0.0	1.0	True	0.9418950148563883	1	False	0	False	True	-83	93	83	93
independent_consensus	BROAD_0047	chrSynthetic1	6118947	6152528	33581	LONG_BROAD	WEAK	0.25	3000	0.08933623	0.9162621720615824	True	0.9162621720615824	4	True	3	False	False				
independent_consensus	BROAD_0048	chrSynthetic1	6269387	6289142	19755	MEDIUM_BROAD	STRONG	0.8	2000	0.10124019	0.9254365983295368	True	0.9185088424437299	3	True	2	False	False				
independent_consensus	BROAD_0049	chrSynthetic1	6441769	6451527	9758	MEDIUM_BROAD	STRONG	0.8	1000	0.10248002	0.9245747079319533	True	0.9116814874696847	2	True	1	False	False				
independent_consensus	BROAD_0050	chrSynthetic1	6542529	6558361	15832	MEDIUM_BROAD	WEAK	0.25	2000	0.12632643	0.8845376452753916	True	0.8845376452753916	3	True	2	False	False				
independent_consensus	BROAD_0051	chrSynthetic1	6999549	7002066	2517	SHORT_BROAD	WEAK	0.25	0	0.0	0.9745729042510926	True	0.9745729042510926	1	False	0	False	True	22	-42	22	42
independent_consensus	BROAD_0052	chrSynthetic1	7068394	7130444	62050	LONG_BROAD	WEAK	0.25	6000	0.09669621	0.9108299758259468	True	0.8391941982272361	6	True	5	False	False				
independent_consensus	BROAD_0053	chrSynthetic1	7212664	7238768	26104	LONG_BROAD	WEAK	0.25	3000	0.11492492	0.8959929512718358	True	0.8047042598835428	3	True	2	False	False				
independent_consensus	BROAD_0054	chrSynthetic1	7840784	7848801	8017	MEDIUM_BROAD	MEDIUM	0.5	1000	0.12473494	0.8999625795185231	True	0.8870174575854438	2	True	1	False	False				
independent_consensus	BROAD_0055	chrSynthetic1	8261253	8288830	27577	LONG_BROAD	MEDIUM	0.5	3000	0.10878631	0.9156906117416688	True	0.9128438708744533	4	True	3	False	False				
independent_consensus	BROAD_0056	chrSynthetic1	8308445	8311161	2716	SHORT_BROAD	STRONG	0.8	0	0.0	1.0	True	0.9533169533169533	1	False	0	False	True	-79	54	79	54
independent_consensus	BROAD_0057	chrSynthetic1	8422914	8448062	25148	LONG_BROAD	STRONG	0.8	3000	0.11929378	0.9707730236996978	True	0.8804757185332012	1	False	0	False	True	-77	-2938	77	2938
independent_consensus	BROAD_0058	chrSynthetic1	8570703	8588791	18088	MEDIUM_BROAD	WEAK	0.25	2000	0.11057054	0.8928018575851393	True	0.8928018575851393	3	True	2	False	False				
independent_consensus	BROAD_0059	chrSynthetic1	8648191	8652814	4623	SHORT_BROAD	WEAK	0.25	0	0.0	0.9837767683322518	True	0.9837767683322518	1	False	0	False	True	40	-35	40	35
independent_consensus	BROAD_0060	chrSynthetic1	8801302	8828318	27016	LONG_BROAD	WEAK	0.25	3000	0.11104531	0.8969869706840391	True	0.8116301450992005	3	True	2	False	False				
independent_consensus	BROAD_0061	chrSynthetic1	8869859	8879952	10093	MEDIUM_BROAD	MEDIUM	0.5	1000	0.09907857	0.9214306945407709	True	0.9147241074063146	2	True	1	False	False				
independent_consensus	BROAD_0062	chrSynthetic1	9242913	9260475	17562	MEDIUM_BROAD	WEAK	0.25	2000	0.11388225	0.8983600956610864	True	0.8981044002960096	3	True	2	False	False				
independent_consensus	BROAD_0063	chrSynthetic1	9352177	9361380	9203	MEDIUM_BROAD	WEAK	0.25	1000	0.10866022	0.8931870042377485	True	0.8931870042377485	2	True	1	False	False				
independent_consensus	BROAD_0064	chrSynthetic1	9402024	9411299	9275	MEDIUM_BROAD	STRONG	0.8	1000	0.10781671	1.0	True	0.9861775651249336	1	False	0	False	True	-59	71	59	71
independent_consensus	BROAD_0065	chrSynthetic1	9508434	9528795	20361	LONG_BROAD	STRONG	0.8	2000	0.098227	0.9639506900446932	True	0.9574146341463414	2	True	1	False	False				
independent_consensus	BROAD_0066	chrSynthetic1	9578633	9632646	54013	LONG_BROAD	WEAK	0.25	5000	0.09257031	0.9165386110751116	True	0.9165386110751116	6	True	5	False	False				
independent_consensus	BROAD_0067	chrSynthetic1	9992395	10009199	16804	MEDIUM_BROAD	WEAK	0.25	2000	0.11901928	0.8903832420852178	True	0.8903832420852178	3	True	2	False	False				
independent_consensus	BROAD_0068	chrSynthetic1	10298318	10302748	4430	SHORT_BROAD	STRONG	0.8	0	0.0	1.0	True	0.9714912280701754	1	False	0	False	True	-57	73	57	73
independent_consensus	BROAD_0069	chrSynthetic1	10438440	10442567	4127	SHORT_BROAD	MEDIUM	0.5	0	0.0	1.0	True	0.9765735920492191	1	False	0	False	True	-30	69	30	69
independent_consensus	BROAD_0070	chrSynthetic1	10878306	10941414	63108	LONG_BROAD	STRONG	0.8	6000	0.09507511	0.9528110540660455	True	0.8639126305792972	4	True	3	False	False				
independent_consensus	BROAD_0071	chrSynthetic1	10961987	11040099	78112	LONG_BROAD	WEAK	0.25	8000	0.10241704	0.9069285129045473	True	0.815047623924621	7	True	6	False	False				
independent_consensus	BROAD_0072	chrSynthetic1	11108140	11111567	3427	SHORT_BROAD	STRONG	0.8	0	0.0	1.0	True	0.9561941964285714	1	False	0	False	True	-71	86	71	86
independent_consensus	BROAD_0073	chrSynthetic1	11361582	11408646	47064	LONG_BROAD	MEDIUM	0.5	5000	0.10623831	0.9174315825259222	True	0.7837412884582696	4	True	3	False	False				
independent_consensus	BROAD_0074	chrSynthetic1	11432353	11439633	7280	MEDIUM_BROAD	WEAK	0.25	1000	0.13736264	0.864423076923077	True	0.864423076923077	2	True	1	False	False				
independent_consensus	BROAD_0075	chrSynthetic1	11618301	11622238	3937	SHORT_BROAD	MEDIUM	0.5	0	0.0	1.0	True	0.9720987654320987	1	False	0	False	True	-60	53	60	53
independent_consensus	BROAD_0076	chrSynthetic1	11711751	11742839	31088	LONG_BROAD	MEDIUM	0.5	3000	0.09650026	0.9225102933607823	True	0.9200538962497193	4	True	3	False	False				
independent_consensus	BROAD_0077	chrSynthetic1	12068017	12102973	34956	LONG_BROAD	WEAK	0.25	3000	0.08582218	0.9209291680970363	True	0.9209291680970363	4	True	3	False	False				
independent_consensus	BROAD_0078	chrSynthetic1	12481602	12489032	7430	MEDIUM_BROAD	STRONG	0.8	1000	0.1345895	0.8987886944818304	True	0.8800738007380073	2	True	1	False	False				
independent_consensus	BROAD_0079	chrSynthetic1	12578985	12592907	13922	MEDIUM_BROAD	STRONG	0.8	1000	0.07182876	0.946343916104008	True	0.9365891803511766	2	True	1	False	False				
independent_consensus	BROAD_0080	chrSynthetic1	12660744	12678529	17785	MEDIUM_BROAD	WEAK	0.25	2000	0.11245432	0.90238965420298	True	0.9002636450328154	3	True	2	False	False				
independent_consensus	BROAD_0081	chrSynthetic1	12798174	12802276	4102	SHORT_BROAD	STRONG	0.8	0	0.0	1.0	True	0.9674528301886792	1	False	0	False	True	-83	55	83	55
independent_consensus	BROAD_0082	chrSynthetic1	12898784	12902509	3725	SHORT_BROAD	STRONG	0.8	0	0.0	1.0	True	0.9521983640081799	1	False	0	False	True	-97	90	97	90
independent_consensus	BROAD_0083	chrSynthetic1	12929973	12932574	2601	SHORT_BROAD	MEDIUM	0.5	0	0.0	1.0	True	0.9636902556502408	1	False	0	False	True	-38	60	38	60
independent_consensus	BROAD_0084	chrSynthetic1	12972917	12978247	5330	MEDIUM_BROAD	MEDIUM	0.5	1000	0.18761726	0.8536585365853658	True	0.8485639686684073	2	True	1	False	False				
independent_consensus	BROAD_0085	chrSynthetic1	13251247	13289472	38225	LONG_BROAD	WEAK	0.25	4000	0.10464356	0.9021059516023545	True	0.7120732504905167	3	True	2	False	False				
independent_consensus	BROAD_0086	chrSynthetic1	13502341	13508402	6061	MEDIUM_BROAD	WEAK	0.25	1000	0.16498928	0.8376505527140736	True	0.8376505527140736	2	True	1	False	False				
independent_consensus	BROAD_0087	chrSynthetic1	13519056	13522973	3917	SHORT_BROAD	MEDIUM	0.5	0	0.0	1.0	True	0.9712372923382098	1	False	0	False	True	-55	61	55	61
independent_consensus	BROAD_0088	chrSynthetic1	13659279	13662048	2769	SHORT_BROAD	MEDIUM	0.5	0	0.0	1.0	True	0.9791371994342292	1	False	0	False	True	-19	40	19	40
independent_consensus	BROAD_0089	chrSynthetic1	13731452	13742739	11287	MEDIUM_BROAD	STRONG	0.8	1000	0.0885975	0.9344378488526623	True	0.9235551663747811	2	True	1	False	False				
independent_consensus	BROAD_0090	chrSynthetic1	13899308	13902570	3262	SHORT_BROAD	STRONG	0.8	0	0.0	1.0	True	0.955477445811365	1	False	0	False	True	-75	77	75	77
independent_consensus	BROAD_0091	chrSynthetic1	14038051	14042857	4806	SHORT_BROAD	WEAK	0.25	0	0.0	0.9952143154390345	True	0.9952143154390345	1	False	0	False	True	13	-10	13	10
independent_consensus	BROAD_0092	chrSynthetic1	14308399	14310527	2128	SHORT_BROAD	STRONG	0.8	0	0.0	1.0	True	0.9329241560718983	1	False	0	False	True	-80	73	80	73
independent_consensus	BROAD_0093	chrSynthetic1	14368036	14372266	4230	SHORT_BROAD	MEDIUM	0.5	0	0.0	1.0	True	0.9773567467652495	1	False	0	False	True	-43	55	43	55
independent_consensus	BROAD_0094	chrSynthetic1	14560923	14572376	11453	MEDIUM_BROAD	MEDIUM	0.5	1000	0.08731337	0.9307604994324631	True	0.9236634607053115	2	True	1	False	False				
independent_consensus	BROAD_0095	chrSynthetic1	14638634	14641851	3217	SHORT_BROAD	MEDIUM	0.5	0	0.0	1.0	True	0.9813910921293472	1	False	0	False	True	-35	26	35	26
independent_consensus	BROAD_0096	chrSynthetic1	15058211	15069189	10978	MEDIUM_BROAD	STRONG	0.8	1000	0.09109127	0.9331390052832939	True	0.9232987832356917	2	True	1	False	False				
independent_consensus	BROAD_0097	chrSynthetic1	15558360	15562843	4483	SHORT_BROAD	WEAK	0.25	0	0.0	0.9946464421146554	True	0.9946464421146554	1	False	0	False	True	23	-1	23	1
independent_consensus	BROAD_0098	chrSynthetic1	15841906	15849887	7981	MEDIUM_BROAD	STRONG	0.8	1000	0.12529758	1.0	True	0.9840937114673243	1	False	0	False	True	-60	69	60	69
independent_consensus	BROAD_0099	chrSynthetic1	16058137	16062508	4371	SHORT_BROAD	MEDIUM	0.5	0	0.0	1.0	True	0.9900339750849377	1	False	0	False	True	0	44	0	44
independent_consensus	BROAD_0100	chrSynthetic1	16258863	16282240	23377	LONG_BROAD	WEAK	0.25	2000	0.08555418	0.9171407793985541	True	0.9162393162393162	3	True	2	False	False				
independent_consensus	BROAD_0101	chrSynthetic1	16370691	16449385	78694	LONG_BROAD	STRONG	0.8	8000	0.10165959	0.9527282893232013	True	0.8516024093323507	4	True	3	False	False				
independent_consensus	BROAD_0102	chrSynthetic1	16510956	16589674	78718	LONG_BROAD	STRONG	0.8	8000	0.1016286	0.953060291165934	True	0.9514768735177365	6	True	5	False	False				
independent_consensus	BROAD_0103	chrSynthetic1	16999365	17001649	2284	SHORT_BROAD	MEDIUM	0.5	0	0.0	1.0	True	0.9781584582441113	1	False	0	False	True	-32	19	32	19
independent_consensus	BROAD_0104	chrSynthetic1	17092692	17168082	75390	LONG_BROAD	MEDIUM	0.5	8000	0.10611487	0.9148693460671177	True	0.8538135031171243	7	True	6	False	False				
independent_consensus	BROAD_0105	chrSynthetic1	17258910	17261520	2610	SHORT_BROAD	STRONG	0.8	0	0.0	1.0	True	0.9348137535816619	1	False	0	False	True	-115	67	115	67
independent_consensus	BROAD_0106	chrSynthetic1	17300299	17318591	18292	MEDIUM_BROAD	MEDIUM	0.5	2000	0.10933742	0.9131314235731467	True	0.9110395985600523	3	True	2	False	False				
independent_consensus	BROAD_0107	chrSynthetic1	17358723	17370332	11609	MEDIUM_BROAD	WEAK	0.25	1000	0.08614006	0.9146351968300457	True	0.9146351968300457	2	True	1	False	False				
independent_consensus	BROAD_0108	chrSynthetic1	17510562	17532233	21671	LONG_BROAD	MEDIUM	0.5	2000	0.09228923	0.9242305385076831	True	0.9210853069671189	3	True	2	False	False				
independent_consensus	BROAD_0109	chrSynthetic1	17688164	17712532	24368	LONG_BROAD	STRONG	0.8	2000	0.08207485	0.9700837163493106	True	0.964266775443606	2	True	1	False	False				
independent_consensus	BROAD_0110	chrSynthetic1	17940369	17952326	11957	MEDIUM_BROAD	MEDIUM	0.5	1000	0.08363302	0.932006356109392	True	0.9223638470451911	2	True	1	False	False				
independent_consensus	BROAD_0111	chrSynthetic1	18130431	18139214	8783	MEDIUM_BROAD	STRONG	0.8	1000	0.11385631	0.9163156097005579	True	0.9047779651489601	2	True	1	False	False				
independent_consensus	BROAD_0112	chrSynthetic1	18192305	18208223	15918	MEDIUM_BROAD	MEDIUM	0.5	2000	0.12564393	0.8999874356074884	True	0.895654892153798	3	True	2	False	False				
independent_consensus	BROAD_0113	chrSynthetic1	18429879	18500429	70550	LONG_BROAD	STRONG	0.8	7000	0.09922041	0.9686888731396173	True	0.9032221514057078	3	True	2	False	False				
independent_consensus	BROAD_0114	chrSynthetic1	18711650	18738217	26567	LONG_BROAD	WEAK	0.25	3000	0.11292205	0.8984077991493206	True	0.8140550306771559	3	True	2	False	False				
independent_consensus	BROAD_0115	chrSynthetic1	18858780	18861269	2489	SHORT_BROAD	WEAK	0.25	0	0.0	0.9855363599839293	True	0.9855363599839293	1	False	0	False	True	13	-23	13	23
independent_consensus	BROAD_0116	chrSynthetic1	19052217	19058431	6214	MEDIUM_BROAD	STRONG	0.8	1000	0.16092694	0.8796266495011265	True	0.8610586011342155	2	True	1	False	False				
independent_consensus	BROAD_0117	chrSynthetic1	19318780	19321691	2911	SHORT_BROAD	WEAK	0.25	0	0.0	0.9883201648917898	True	0.9883201648917898	1	False	0	False	True	1	-33	1	33
independent_consensus	BROAD_0118	chrSynthetic1	19598076	19602984	4908	SHORT_BROAD	MEDIUM	0.5	0	0.0	1.0	True	0.9839615076182838	1	False	0	False	True	-43	37	43	37
independent_consensus	BROAD_0119	chrSynthetic1	19682532	19698032	15500	MEDIUM_BROAD	MEDIUM	0.5	2000	0.12903226	0.9001290322580645	True	0.8994906840306879	3	True	2	False	False				
independent_consensus	BROAD_0120	chrSynthetic1	19720937	19729640	8703	MEDIUM_BROAD	MEDIUM	0.5	1000	0.11490291	0.9101459266919453	True	0.8981743961900442	2	True	1	False	False				
independent_consensus	BROAD_0121	chrSynthetic2	58568	102630	44062	LONG_BROAD	STRONG	0.8	4000	0.09078117	0.9327765421451591	True	0.929527772751945	5	True	4	False	False				
independent_consensus	BROAD_0122	chrSynthetic2	318044	331702	13658	MEDIUM_BROAD	WEAK	0.25	1000	0.07321716	0.9274417923561282	True	0.9274417923561282	2	True	1	False	False				
independent_consensus	BROAD_0123	chrSynthetic2	362245	438195	75950	LONG_BROAD	WEAK	0.25	8000	0.10533246	0.9016589861751152	True	0.8381698485845951	7	True	6	False	False				
independent_consensus	BROAD_0124	chrSynthetic2	568290	572434	4144	SHORT_BROAD	MEDIUM	0.5	0	0.0	1.0	True	0.9840892899548801	1	False	0	False	True	-23	44	23	44
independent_consensus	BROAD_0125	chrSynthetic2	708143	712579	4436	SHORT_BROAD	STRONG	0.8	0	0.0	1.0	True	0.9775231379462318	1	False	0	False	True	-56	46	56	46
independent_consensus	BROAD_0126	chrSynthetic2	758188	761698	3510	SHORT_BROAD	WEAK	0.25	0	0.0	0.9954415954415955	True	0.9954415954415955	1	False	0	False	True	9	-7	9	7
independent_consensus	BROAD_0127	chrSynthetic2	788795	802663	13868	MEDIUM_BROAD	MEDIUM	0.5	1000	0.07210845	0.9434669743293914	True	0.9379883862642483	2	True	1	False	False				
independent_consensus	BROAD_0128	chrSynthetic2	918792	958134	39342	LONG_BROAD	STRONG	0.8	4000	0.10167251	0.9440292816836968	True	0.8848926341438652	3	True	2	False	False				
independent_consensus	BROAD_0129	chrSynthetic2	1251230	1268882	17652	MEDIUM_BROAD	STRONG	0.8	2000	0.11330161	0.9171765239066395	True	0.9089888271293021	3	True	2	False	False				
independent_consensus	BROAD_0130	chrSynthetic2	1302980	1308084	5104	MEDIUM_BROAD	MEDIUM	0.5	1000	0.19592476	0.844435736677116	True	0.8306031990749663	2	True	1	False	False				
independent_consensus	BROAD_0131	chrSynthetic2	1370293	1372881	2588	SHORT_BROAD	MEDIUM	0.5	0	0.0	1.0	True	0.9718362748779572	1	False	0	False	True	-43	32	43	32
independent_consensus	BROAD_0132	chrSynthetic2	1439985	1500824	60839	LONG_BROAD	MEDIUM	0.5	6000	0.09862095	0.9230756587057644	True	0.7578362563487236	5	True	4	False	False				
independent_consensus	BROAD_0133	chrSynthetic2	1521933	1530795	8862	MEDIUM_BROAD	MEDIUM	0.5	1000	0.11284135	0.9102911306702776	True	0.9011394101876675	2	True	1	False	False				
independent_consensus	BROAD_0134	chrSynthetic2	1649610	1701854	52244	LONG_BROAD	STRONG	0.8	5000	0.09570477	0.9858548350049766	True	0.9831262287884861	2	True	1	False	False				
independent_consensus	BROAD_0135	chrSynthetic2	2082014	2142565	60551	LONG_BROAD	STRONG	0.8	6000	0.09909002	0.9876137470892306	True	0.9350497270373241	1	False	0	False	True	3858	80	3858	80
independent_consensus	BROAD_0136	chrSynthetic2	2192915	2199316	6401	MEDIUM_BROAD	MEDIUM	0.5	1000	0.15622559	0.8767380096859866	True	0.8667181467181467	2	True	1	False	False				
independent_consensus	BROAD_0137	chrSynthetic2	2448036	2452957	4921	SHORT_BROAD	STRONG	0.8	0	0.0	1.0	True	0.9719533873197709	1	False	0	False	True	-70	72	70	72
independent_consensus	BROAD_0138	chrSynthetic2	2559151	2562459	3308	SHORT_BROAD	MEDIUM	0.5	0	0.0	1.0	True	0.9810201660735468	1	False	0	False	True	-13	51	13	51
independent_consensus	BROAD_0139	chrSynthetic2	2579396	2581696	2300	SHORT_BROAD	WEAK	0.25	0	0.0	0.9104347826086957	True	0.9104347826086957	1	False	0	False	True	131	-75	131	75
independent_consensus	BROAD_0140	chrSynthetic2	2662807	2721350	58543	LONG_BROAD	STRONG	0.8	6000	0.10248877	0.9874622072664537	True	0.9464102914079028	1	False	0	False	True	3072	69	3072	69
independent_consensus	BROAD_0141	chrSynthetic2	2919339	2922186	2847	SHORT_BROAD	STRONG	0.8	0	0.0	1.0	True	0.9461615154536391	1	False	0	False	True	-96	66	96	66
independent_consensus	BROAD_0142	chrSynthetic2	2970472	3042766	72294	LONG_BROAD	MEDIUM	0.5	7000	0.09682685	0.9243505685119097	True	0.7647937588181591	6	True	5	False	False				
independent_consensus	BROAD_0143	chrSynthetic2	3190909	3218644	27735	LONG_BROAD	MEDIUM	0.5	3000	0.10816658	0.9115918514512349	True	0.8122681266433742	3	True	2	False	False				
independent_consensus	BROAD_0144	chrSynthetic2	3438006	3452992	14986	MEDIUM_BROAD	STRONG	0.8	1000	0.06672895	0.9507540371012946	True	0.9441388907295739	2	True	1	False	False				
independent_consensus	BROAD_0145	chrSynthetic2	3708219	3712939	4720	SHORT_BROAD	WEAK	0.25	0	0.0	0.9911016949152542	True	0.9911016949152542	1	False	0	False	True	7	-35	7	35
independent_consensus	BROAD_0146	chrSynthetic2	3768926	3829287	60361	LONG_BROAD	MEDIUM	0.5	6000	0.09940193	0.922251122413479	True	0.8654934940237725	6	True	5	False	False				
independent_consensus	BROAD_0147	chrSynthetic2	3972172	3979920	7748	MEDIUM_BROAD	MEDIUM	0.5	1000	0.12906557	0.898812596799174	True	0.8954609746688955	2	True	1	False	False				
independent_consensus	BROAD_0148	chrSynthetic2	4501638	4521145	19507	MEDIUM_BROAD	WEAK	0.25	2000	0.1025273	0.9025478033526426	True	0.9019005173915271	3	True	2	False	False				
independent_consensus	BROAD_0149	chrSynthetic2	4619830	4660249	40419	LONG_BROAD	STRONG	0.8	4000	0.09896336	0.9814938519013335	True	0.9790715466818036	2	True	1	False	False				
independent_consensus	BROAD_0150	chrSynthetic2	4852261	4860163	7902	MEDIUM_BROAD	STRONG	0.8	1000	0.12655024	1.0	True	0.9841823390210487	1	False	0	False	True	-67	60	67	60
independent_consensus	BROAD_0151	chrSynthetic2	5028254	5032986	4732	SHORT_BROAD	STRONG	0.8	0	0.0	1.0	True	0.9690763874667213	1	False	0	False	True	-67	84	67	84
independent_consensus	BROAD_0152	chrSynthetic2	5211424	5228268	16844	MEDIUM_BROAD	STRONG	0.8	2000	0.11873664	0.955889337449537	True	0.9465608465608466	2	True	1	False	False				
independent_consensus	BROAD_0153	chrSynthetic2	5458853	5519691	60838	LONG_BROAD	WEAK	0.25	6000	0.09862257	0.9109438180084816	True	0.8499950688714291	6	True	5	False	False				
independent_consensus	BROAD_0154	chrSynthetic2	5619335	5621403	2068	SHORT_BROAD	STRONG	0.8	0	0.0	1.0	True	0.9473202015574896	1	False	0	False	True	-58	57	58	57
independent_consensus	BROAD_0155	chrSynthetic2	6158981	6172085	13104	MEDIUM_BROAD	MEDIUM	0.5	1000	0.07631258	0.9410103785103785	True	0.9365790672945465	2	True	1	False	False				
independent_consensus	BROAD_0156	chrSynthetic2	6199099	6252874	53775	LONG_BROAD	MEDIUM	0.5	5000	0.09298001	0.926136680613668	True	0.9249154997585708	6	True	5	False	False				
independent_consensus	BROAD_0157	chrSynthetic2	6279216	6282450	3234	SHORT_BROAD	STRONG	0.8	0	0.0	1.0	True	0.9650850492390332	1	False	0	False	True	-59	58	59	58
independent_consensus	BROAD_0158	chrSynthetic2	6352678	6368132	15454	MEDIUM_BROAD	WEAK	0.25	2000	0.12941633	0.876860359777404	True	0.876860359777404	3	True	2	False	False				
independent_consensus	BROAD_0159	chrSynthetic2	6401812	6420101	18289	MEDIUM_BROAD	STRONG	0.8	2000	0.10935535	0.9594838427470064	True	0.9507503928048979	2	True	1	False	False				
independent_consensus	BROAD_0160	chrSynthetic2	6479020	6481436	2416	SHORT_BROAD	MEDIUM	0.5	0	0.0	1.0	True	0.9785338193600648	1	False	0	False	True	-26	27	26	27
independent_consensus	BROAD_0161	chrSynthetic2	6569464	6588563	19099	MEDIUM_BROAD	MEDIUM	0.5	2000	0.10471752	0.9168542855646893	True	0.9140306921390542	3	True	2	False	False				
independent_consensus	BROAD_0162	chrSynthetic2	6682398	6761357	78959	LONG_BROAD	STRONG	0.8	8000	0.10131841	0.9530262541318912	True	0.8489215922187464	4	True	3	False	False				
independent_consensus	BROAD_0163	chrSynthetic2	6809545	6811953	2408	SHORT_BROAD	WEAK	0.25	0	0.0	0.9821428571428571	True	0.97808105872622	1	False	0	False	True	-10	-43	10	43
independent_consensus	BROAD_0164	chrSynthetic2	7031193	7039571	8378	MEDIUM_BROAD	MEDIUM	0.5	1000	0.11936023	0.9065409405586059	True	0.8950035352345039	2	True	1	False	False				
independent_consensus	BROAD_0165	chrSynthetic2	7128309	7132612	4303	SHORT_BROAD	WEAK	0.25	0	0.0	0.9821055077852661	True	0.9821055077852661	1	False	0	False	True	19	-58	19	58
independent_consensus	BROAD_0166	chrSynthetic2	7311302	7359150	47848	LONG_BROAD	STRONG	0.8	5000	0.10449758	0.9693822103327203	True	0.9666347115705235	3	True	2	False	False				
independent_consensus	BROAD_0167	chrSynthetic2	7508249	7512515	4266	SHORT_BROAD	WEAK	0.25	0	0.0	0.9857008907641819	True	0.9831657703998129	1	False	0	False	True	61	11	61	11
independent_consensus	BROAD_0168	chrSynthetic2	7542710	7558006	15296	MEDIUM_BROAD	MEDIUM	0.5	2000	0.13075314	0.8969011506276151	True	0.892873413602343	3	True	2	False	False				
independent_consensus	BROAD_0169	chrSynthetic2	7918244	7922064	3820	SHORT_BROAD	WEAK	0.25	0	0.0	0.9840314136125654	True	0.9840314136125654	1	False	0	False	True	9	-52	9	52
independent_consensus	BROAD_0170	chrSynthetic2	7969570	8039243	69673	LONG_BROAD	STRONG	0.8	7000	0.10046934	0.9679646347939661	True	0.8876282005307322	3	True	2	False	False				
independent_consensus	BROAD_0171	chrSynthetic2	8168352	8172595	4243	SHORT_BROAD	WEAK	0.25	0	0.0	0.994343624793778	True	0.994343624793778	1	False	0	False	True	23	-1	23	1
independent_consensus	BROAD_0172	chrSynthetic2	8298460	8302532	4072	SHORT_BROAD	STRONG	0.8	0	0.0	1.0	True	0.9797882579403272	1	False	0	False	True	-57	27	57	27
independent_consensus	BROAD_0173	chrSynthetic2	8348648	8372771	24123	LONG_BROAD	WEAK	0.25	2000	0.08290843	0.9205322721054595	True	0.9205322721054595	3	True	2	False	False				
independent_consensus	BROAD_0174	chrSynthetic2	8491104	8558243	67139	LONG_BROAD	STRONG	0.8	7000	0.10426131	0.9666661701842446	True	0.9303259786053293	3	True	2	False	False				
independent_consensus	BROAD_0175	chrSynthetic2	8588001	8592943	4942	SHORT_BROAD	WEAK	0.25	0	0.0	0.971873735329826	True	0.971873735329826	1	False	0	False	True	8	-131	8	131
independent_consensus	BROAD_0176	chrSynthetic2	8611368	8671705	60337	LONG_BROAD	WEAK	0.25	6000	0.09944147	0.9101380579080829	True	0.7546613189253691	5	True	4	False	False				
independent_consensus	BROAD_0177	chrSynthetic2	8729161	8732042	2881	SHORT_BROAD	MEDIUM	0.5	0	0.0	1.0	True	0.9648359008707301	1	False	0	False	True	-62	43	62	43
independent_consensus	BROAD_0178	chrSynthetic2	8969716	8972489	2773	SHORT_BROAD	MEDIUM	0.5	0	0.0	1.0	True	0.9774409587592527	1	False	0	False	True	-39	25	39	25
independent_consensus	BROAD_0179	chrSynthetic2	8982932	9008149	25217	LONG_BROAD	MEDIUM	0.5	3000	0.11896736	0.9041916167664671	True	0.7301820200658287	2	True	1	False	False				
independent_consensus	BROAD_0180	chrSynthetic2	9099324	9102515	3191	SHORT_BROAD	WEAK	0.25	0	0.0	1.0	True	0.992226368159204	1	False	0	False	True	-2	23	2	23
independent_consensus	BROAD_0181	chrSynthetic2	9262965	9269953	6988	MEDIUM_BROAD	WEAK	0.25	1000	0.14310246	0.8561820263308529	True	0.8561820263308529	2	True	1	False	False				
independent_consensus	BROAD_0182	chrSynthetic2	9298176	9302930	4754	SHORT_BROAD	MEDIUM	0.5	0	0.0	1.0	True	0.9885631108338532	1	False	0	False	True	-18	37	18	37
independent_consensus	BROAD_0183	chrSynthetic2	9811965	9828236	16271	MEDIUM_BROAD	MEDIUM	0.5	2000	0.12291808	0.9048614098703214	True	0.9017578244625467	3	True	2	False	False				
independent_consensus	BROAD_0184	chrSynthetic2	9879462	9882535	3073	SHORT_BROAD	MEDIUM	0.5	0	0.0	1.0	True	0.9830454254638515	1	False	0	False	True	-2	51	2	51
independent_consensus	BROAD_0185	chrSynthetic2	10311895	10318630	6735	MEDIUM_BROAD	WEAK	0.25	1000	0.1484781	0.8374164810690423	True	0.8374164810690423	2	True	1	False	False				
independent_consensus	BROAD_0186	chrSynthetic2	10358012	10362988	4976	SHORT_BROAD	WEAK	0.25	0	0.0	0.9913585209003215	True	0.9913585209003215	1	False	0	False	True	7	-36	7	36
independent_consensus	BROAD_0187	chrSynthetic2	10461958	10499917	37959	LONG_BROAD	STRONG	0.8	4000	0.10537685	0.9804525935878184	True	0.8958793811177771	1	False	0	False	True	3912	45	3912	45
independent_consensus	BROAD_0188	chrSynthetic2	10928169	10932993	4824	SHORT_BROAD	STRONG	0.8	0	0.0	1.0	True	0.9686746987951808	1	False	0	False	True	-82	74	82	74
independent_consensus	BROAD_0189	chrSynthetic2	11208067	11261672	53605	LONG_BROAD	MEDIUM	0.5	5000	0.09327488	0.9260143643316855	True	0.9250824651968915	6	True	5	False	False				
independent_consensus	BROAD_0190	chrSynthetic2	11338399	11342682	4283	SHORT_BROAD	MEDIUM	0.5	0	0.0	1.0	True	0.9789714285714286	1	False	0	False	True	-70	22	70	22
independent_consensus	BROAD_0191	chrSynthetic2	11499795	11542724	42929	LONG_BROAD	STRONG	0.8	4000	0.09317711	0.9648722308928697	True	0.9622049804868984	3	True	2	False	False				
independent_consensus	BROAD_0192	chrSynthetic2	11582087	11639337	57250	LONG_BROAD	STRONG	0.8	6000	0.10480349	0.9486986899563319	True	0.8863434280035567	4	True	3	False	False				
independent_consensus	BROAD_0193	chrSynthetic2	11668369	11681220	12851	MEDIUM_BROAD	WEAK	0.25	1000	0.07781496	0.917360516691308	True	0.917360516691308	2	True	1	False	False				
independent_consensus	BROAD_0194	chrSynthetic2	11802594	11858412	55818	LONG_BROAD	MEDIUM	0.5	6000	0.10749221	0.9153857178687879	True	0.8255043176036404	5	True	4	False	False				
independent_consensus	BROAD_0195	chrSynthetic2	11901028	11940669	39641	LONG_BROAD	WEAK	0.25	4000	0.10090563	0.905628011402336	True	0.8080522691153099	4	True	3	False	False				
independent_consensus	BROAD_0196	chrSynthetic2	12210428	12218166	7738	MEDIUM_BROAD	MEDIUM	0.5	1000	0.12923236	0.8962264150943396	True	0.8892165662264393	2	True	1	False	False				
independent_consensus	BROAD_0197	chrSynthetic2	12248147	12252445	4298	SHORT_BROAD	STRONG	0.8	0	0.0	1.0	True	0.9684542586750788	1	False	0	False	True	-72	68	72	68
independent_consensus	BROAD_0198	chrSynthetic2	12582987	12630850	47863	LONG_BROAD	MEDIUM	0.5	5000	0.10446483	0.917890646219418	True	0.8727329646248565	5	True	4	False	False				
independent_consensus	BROAD_0199	chrSynthetic2	12668938	12680214	11276	MEDIUM_BROAD	MEDIUM	0.5	1000	0.08868393	0.9303831145796382	True	0.9235035211267606	2	True	1	False	False				
independent_consensus	BROAD_0200	chrSynthetic2	12748385	12812918	64533	LONG_BROAD	MEDIUM	0.5	6000	0.09297569	0.9279128507895186	True	0.9267783074351513	7	True	6	False	False				
independent_consensus	BROAD_0201	chrSynthetic2	12881950	12948201	66251	LONG_BROAD	MEDIUM	0.5	7000	0.10565878	0.916318244252917	True	0.8339043938959412	6	True	5	False	False				
independent_consensus	BROAD_0202	chrSynthetic2	13118033	13132979	14946	MEDIUM_BROAD	STRONG	0.8	1000	0.06690753	1.0	True	0.9908512330946698	1	False	0	False	True	-69	69	69	69
independent_consensus	BROAD_0203	chrSynthetic2	13218428	13222883	4455	SHORT_BROAD	STRONG	0.8	0	0.0	1.0	True	0.9784757302877224	1	False	0	False	True	-43	55	43	55
independent_consensus	BROAD_0204	chrSynthetic2	13308598	13312884	4286	SHORT_BROAD	STRONG	0.8	0	0.0	1.0	True	0.9732061762034514	1	False	0	False	True	-65	53	65	53
independent_consensus	BROAD_0205	chrSynthetic2	13448939	13452213	3274	SHORT_BROAD	WEAK	0.25	0	0.0	0.952351863164325	True	0.952351863164325	1	False	0	False	True	91	-65	91	65
independent_consensus	BROAD_0206	chrSynthetic2	13549151	13552970	3819	SHORT_BROAD	WEAK	0.25	0	0.0	0.9656978266561927	True	0.9656978266561927	1	False	0	False	True	81	-50	81	50
independent_consensus	BROAD_0207	chrSynthetic2	13571235	13620631	49396	LONG_BROAD	MEDIUM	0.5	5000	0.10122277	0.9213296623208357	True	0.7469228277593327	4	True	3	False	False				
independent_consensus	BROAD_0208	chrSynthetic2	13808304	13812262	3958	SHORT_BROAD	MEDIUM	0.5	0	0.0	1.0	True	0.9828656568164887	1	False	0	False	True	-48	21	48	21
independent_consensus	BROAD_0209	chrSynthetic2	13978003	13982583	4580	SHORT_BROAD	MEDIUM	0.5	0	0.0	1.0	True	0.9660409196372073	1	False	0	False	True	-100	61	100	61
independent_consensus	BROAD_0210	chrSynthetic2	14060186	14102161	41975	LONG_BROAD	STRONG	0.8	4000	0.09529482	0.9821083978558666	True	0.9800537289304139	2	True	1	False	False				
independent_consensus	BROAD_0211	chrSynthetic2	14168898	14179349	10451	MEDIUM_BROAD	MEDIUM	0.5	1000	0.09568462	0.9224954549803847	True	0.914879483773012	2	True	1	False	False				
independent_consensus	BROAD_0212	chrSynthetic2	14258722	14289999	31277	LONG_BROAD	STRONG	0.8	3000	0.09591713	0.9762764971065	True	0.9718332272437937	2	True	1	False	False				
independent_consensus	BROAD_0213	chrSynthetic2	14450116	14459427	9311	MEDIUM_BROAD	MEDIUM	0.5	1000	0.10739985	0.9182687144237998	True	0.9126814688300597	2	True	1	False	False				
independent_consensus	BROAD_0214	chrSynthetic2	14542187	14620175	77988	LONG_BROAD	WEAK	0.25	8000	0.10257988	0.907870441606401	True	0.8174462737857107	7	True	6	False	False				
independent_consensus	BROAD_0215	chrSynthetic2	14908725	14982360	73635	LONG_BROAD	STRONG	0.8	7000	0.09506349	0.9600869151897875	True	0.8724117343754241	4	True	3	False	False				
independent_consensus	BROAD_0216	chrSynthetic2	15168089	15172299	4210	SHORT_BROAD	MEDIUM	0.5	0	0.0	1.0	True	0.9770248317475052	1	False	0	False	True	-30	69	30	69
independent_consensus	BROAD_0217	chrSynthetic2	15250482	15270078	19596	MEDIUM_BROAD	STRONG	0.8	2000	0.10206165	0.9243723208818126	True	0.9160050568900127	3	True	2	False	False				
independent_consensus	BROAD_0218	chrSynthetic2	15471301	15549317	78016	LONG_BROAD	WEAK	0.25	8000	0.10254307	0.9066217186218212	True	0.8171657095980311	7	True	6	False	False				
independent_consensus	BROAD_0219	chrSynthetic2	15589133	15591528	2395	SHORT_BROAD	WEAK	0.25	0	0.0	0.9845511482254697	True	0.9845511482254697	1	False	0	False	True	26	-11	26	11
independent_consensus	BROAD_0220	chrSynthetic2	15729407	15802508	73101	LONG_BROAD	WEAK	0.25	7000	0.09575792	0.9136810713943722	True	0.7471990807239299	6	True	5	False	False				
independent_consensus	BROAD_0221	chrSynthetic2	15852096	15898056	45960	LONG_BROAD	MEDIUM	0.5	5000	0.10879025	0.9136205395996518	True	0.8011531766753699	4	True	3	False	False				
independent_consensus	BROAD_0222	chrSynthetic2	15972727	15978336	5609	MEDIUM_BROAD	WEAK	0.25	1000	0.1782849	0.8283116420039223	True	0.8277213611259576	2	True	1	False	False				
independent_consensus	BROAD_0223	chrSynthetic2	16008261	16058855	50594	LONG_BROAD	WEAK	0.25	5000	0.09882595	0.9102462742617702	True	0.8523560209424084	5	True	4	False	False				
independent_consensus	BROAD_0224	chrSynthetic2	16708422	16712228	3806	SHORT_BROAD	MEDIUM	0.5	0	0.0	0.9971098265895953	True	0.9875097580015613	1	False	0	False	True	11	37	11	37
independent_consensus	BROAD_0225	chrSynthetic2	16872448	16928150	55702	LONG_BROAD	WEAK	0.25	6000	0.10771606	0.9009012243725539	True	0.8158593946357402	5	True	4	False	False				
independent_consensus	BROAD_0226	chrSynthetic2	17211066	17219061	7995	MEDIUM_BROAD	WEAK	0.25	1000	0.12507817	0.8809255784865541	True	0.8809255784865541	2	True	1	False	False				
independent_consensus	BROAD_0227	chrSynthetic2	17290264	17308539	18275	MEDIUM_BROAD	MEDIUM	0.5	2000	0.10943912	0.9141997264021888	True	0.9101160320313777	3	True	2	False	False				
independent_consensus	BROAD_0228	chrSynthetic2	17499514	17501984	2470	SHORT_BROAD	STRONG	0.8	0	0.0	1.0	True	0.9584788513775708	1	False	0	False	True	-49	58	49	58
independent_consensus	BROAD_0229	chrSynthetic2	17528749	17531195	2446	SHORT_BROAD	STRONG	0.8	0	0.0	1.0	True	0.9502719502719502	1	False	0	False	True	-53	75	53	75
independent_consensus	BROAD_0230	chrSynthetic2	17618543	17621858	3315	SHORT_BROAD	MEDIUM	0.5	0	0.0	1.0	True	0.981931279620853	1	False	0	False	True	-42	19	42	19
independent_consensus	BROAD_0231	chrSynthetic2	17678784	17682199	3415	SHORT_BROAD	MEDIUM	0.5	0	0.0	1.0	True	0.9757142857142858	1	False	0	False	True	-25	60	25	60
independent_consensus	BROAD_0232	chrSynthetic2	18081760	18109021	27261	LONG_BROAD	MEDIUM	0.5	3000	0.11004732	0.913869630607828	True	0.9106294319760216	4	True	3	False	False				
independent_consensus	BROAD_0233	chrSynthetic2	18402035	18408581	6546	MEDIUM_BROAD	MEDIUM	0.5	1000	0.15276505	0.8771769019248395	True	0.8703956343792633	2	True	1	False	False				
independent_consensus	BROAD_0234	chrSynthetic2	18599508	18619459	19951	MEDIUM_BROAD	STRONG	0.8	2000	0.1002456	0.963360232569796	True	0.9568853928109131	2	True	1	False	False				
independent_consensus	BROAD_0235	chrSynthetic2	18749415	18752126	2711	SHORT_BROAD	MEDIUM	0.5	0	0.0	1.0	True	0.9713364385524902	1	False	0	False	True	-44	36	44	36
independent_consensus	BROAD_0236	chrSynthetic2	18912952	18928337	15385	MEDIUM_BROAD	WEAK	0.25	2000	0.12999675	0.8830679233019174	True	0.8830679233019174	3	True	2	False	False				
independent_consensus	BROAD_0237	chrSynthetic2	19239149	19242846	3697	SHORT_BROAD	STRONG	0.8	0	0.0	1.0	True	0.9610085781128151	1	False	0	False	True	-52	98	52	98
independent_consensus	BROAD_0238	chrSynthetic2	19290889	19309118	18229	MEDIUM_BROAD	MEDIUM	0.5	2000	0.10971529	0.9136540676943332	True	0.9102585123244248	3	True	2	False	False				
independent_consensus	BROAD_0239	chrSynthetic2	19352784	19358057	5273	MEDIUM_BROAD	STRONG	0.8	1000	0.18964536	0.8621278209747771	True	0.8390550018456995	2	True	1	False	False				
independent_consensus	BROAD_0240	chrSynthetic2	19408636	19412258	3622	SHORT_BROAD	WEAK	0.25	0	0.0	1.0	True	0.9807744381261847	1	False	0	False	True	-37	34	37	34
independent_consensus	BROAD_0241	chrSynthetic2	19488889	19551071	62182	LONG_BROAD	WEAK	0.25	6000	0.09649095	0.9127239394036859	True	0.7316908430092309	5	True	4	False	False				
independent_consensus	BROAD_0242	chrSynthetic2	19681649	19692933	11284	MEDIUM_BROAD	STRONG	0.8	1000	0.08862106	0.934420418291386	True	0.9216783216783216	2	True	1	False	False				
independent_consensus	BROAD_0243	chrSynthetic2	19880571	19942911	62340	LONG_BROAD	STRONG	0.8	6000	0.09624639	0.9641803015720244	True	0.8904917612361352	3	True	2	False	False				
independent_consensus	BROAD_0244	chrSynthetic3	120314	122729	2415	SHORT_BROAD	STRONG	0.8	0	0.0	1.0	True	0.946687573500588	1	False	0	False	True	-50	86	50	86
independent_consensus	BROAD_0245	chrSynthetic3	252601	328322	75721	LONG_BROAD	WEAK	0.25	8000	0.10565101	0.9041217099615695	True	0.8416423449241294	7	True	6	False	False				
independent_consensus	BROAD_0246	chrSynthetic3	568295	572735	4440	SHORT_BROAD	STRONG	0.8	0	0.0	1.0	True	0.9788359788359788	1	False	0	False	True	-36	60	36	60
independent_consensus	BROAD_0247	chrSynthetic3	659461	702183	42722	LONG_BROAD	MEDIUM	0.5	4000	0.09362858	0.9270867468751463	True	0.9256350931314122	5	True	4	False	False				
independent_consensus	BROAD_0248	chrSynthetic3	789309	842643	53334	LONG_BROAD	WEAK	0.25	5000	0.09374883	0.9144260696741291	True	0.9144260696741291	6	True	5	False	False				
independent_consensus	BROAD_0249	chrSynthetic3	988426	992977	4551	SHORT_BROAD	STRONG	0.8	0	0.0	1.0	True	0.9759811280291658	1	False	0	False	True	-45	67	45	67
independent_consensus	BROAD_0250	chrSynthetic3	1098496	1112374	13878	MEDIUM_BROAD	STRONG	0.8	1000	0.07205649	0.9473267041360427	True	0.935929379938777	2	True	1	False	False				
independent_consensus	BROAD_0251	chrSynthetic3	1221691	1239763	18072	MEDIUM_BROAD	MEDIUM	0.5	2000	0.11066844	0.9117972554227535	True	0.9078287697647512	3	True	2	False	False				
independent_consensus	BROAD_0252	chrSynthetic3	1492480	1522641	30161	LONG_BROAD	STRONG	0.8	3000	0.0994662	0.9268591890189317	True	0.8365012726852005	3	True	2	False	False				
independent_consensus	BROAD_0253	chrSynthetic3	1639070	1652001	12931	MEDIUM_BROAD	STRONG	0.8	1000	0.07733354	0.9414585105560281	True	0.9303071985327831	2	True	1	False	False				
independent_consensus	BROAD_0254	chrSynthetic3	1672391	1740653	68262	LONG_BROAD	WEAK	0.25	7000	0.10254607	0.9064193841375875	True	0.7997568193138203	6	True	5	False	False				
independent_consensus	BROAD_0255	chrSynthetic3	1799183	1818233	19050	MEDIUM_BROAD	STRONG	0.8	2000	0.10498688	0.9206299212598426	True	0.9134850773477785	3	True	2	False	False				
independent_consensus	BROAD_0256	chrSynthetic3	1890024	1892639	2615	SHORT_BROAD	WEAK	0.25	0	0.0	0.9831739961759082	True	0.9786829082603731	1	False	0	False	True	-12	-44	12	44
independent_consensus	BROAD_0257	chrSynthetic3	1948883	2018903	70020	LONG_BROAD	STRONG	0.8	7000	0.09997144	0.9368608968866038	True	0.8924698967071848	6	True	5	False	False				
independent_consensus	BROAD_0258	chrSynthetic3	2650915	2702907	51992	LONG_BROAD	MEDIUM	0.5	5000	0.09616864	0.9237767348822896	True	0.8426486704735536	5	True	4	False	False				
independent_consensus	BROAD_0259	chrSynthetic3	3062620	3078292	15672	MEDIUM_BROAD	WEAK	0.25	2000	0.12761613	0.8833588565594691	True	0.8833588565594691	3	True	2	False	False				
independent_consensus	BROAD_0260	chrSynthetic3	3128198	3131470	3272	SHORT_BROAD	WEAK	0.25	0	0.0	0.9691320293398533	True	0.9691320293398533	1	False	0	False	True	62	-39	62	39
independent_consensus	BROAD_0261	chrSynthetic3	3181794	3202269	20475	LONG_BROAD	STRONG	0.8	2000	0.0976801	0.9281562881562881	True	0.9223899432121536	3	True	2	False	False				
independent_consensus	BROAD_0262	chrSynthetic3	3552538	3579348	26810	LONG_BROAD	WEAK	0.25	3000	0.11189855	0.8975755315180902	True	0.8051662442224542	3	True	2	False	False				
independent_consensus	BROAD_0263	chrSynthetic3	3838028	3842940	4912	SHORT_BROAD	MEDIUM	0.5	0	0.0	1.0	True	0.9939295831647107	1	False	0	False	True	-15	15	15	15
independent_consensus	BROAD_0264	chrSynthetic3	3888139	3892446	4307	SHORT_BROAD	MEDIUM	0.5	0	0.0	1.0	True	0.9775306400363141	1	False	0	False	True	-53	46	53	46
independent_consensus	BROAD_0265	chrSynthetic3	4360280	4400559	40279	LONG_BROAD	WEAK	0.25	4000	0.09930733	0.908289679485588	True	0.908289679485588	5	True	4	False	False				
independent_consensus	BROAD_0266	chrSynthetic3	4691637	4702172	10535	MEDIUM_BROAD	STRONG	0.8	1000	0.09492169	0.9307071665875652	True	0.9210897134805073	2	True	1	False	False				
independent_consensus	BROAD_0267	chrSynthetic3	4848077	4861441	13364	MEDIUM_BROAD	WEAK	0.25	1000	0.0748279	0.9307841963483987	True	0.9289768483943242	2	True	1	False	False				
independent_consensus	BROAD_0268	chrSynthetic3	4872004	4878006	6002	MEDIUM_BROAD	STRONG	0.8	1000	0.16661113	1.0	True	0.9726138389239993	1	False	0	False	True	-91	78	91	78
independent_consensus	BROAD_0269	chrSynthetic3	4981082	5038344	57262	LONG_BROAD	MEDIUM	0.5	6000	0.10478153	0.9175194719010862	True	0.8042506374209772	5	True	4	False	False				
independent_consensus	BROAD_0270	chrSynthetic3	5138692	5189058	50366	LONG_BROAD	STRONG	0.8	5000	0.09927332	0.955763808918715	True	0.892376058880711	3	True	2	False	False				
independent_consensus	BROAD_0271	chrSynthetic3	5488676	5491699	3023	SHORT_BROAD	WEAK	0.25	0	0.0	0.9804829639431029	True	0.9804829639431029	1	False	0	False	True	41	-18	41	18
independent_consensus	BROAD_0272	chrSynthetic3	5659961	5722636	62675	LONG_BROAD	WEAK	0.25	6000	0.09573195	0.9116234543278819	True	0.8312245712006382	6	True	5	False	False				
independent_consensus	BROAD_0273	chrSynthetic3	5778019	5782983	4964	SHORT_BROAD	STRONG	0.8	0	0.0	1.0	True	0.9804463756666009	1	False	0	False	True	-52	47	52	47
independent_consensus	BROAD_0274	chrSynthetic3	5828447	5830662	2215	SHORT_BROAD	WEAK	0.25	0	0.0	0.9900677200902934	True	0.9865047233468286	1	False	0	False	True	22	8	22	8
independent_consensus	BROAD_0275	chrSynthetic3	5938247	5942537	4290	SHORT_BROAD	WEAK	0.25	0	0.0	0.9799533799533799	True	0.9799533799533799	1	False	0	False	True	34	-52	34	52
independent_consensus	BROAD_0276	chrSynthetic3	6028896	6032800	3904	SHORT_BROAD	WEAK	0.25	0	0.0	0.9964139344262295	True	0.9833164812942367	1	False	0	False	True	-52	-14	52	14
independent_consensus	BROAD_0277	chrSynthetic3	6148442	6152901	4459	SHORT_BROAD	MEDIUM	0.5	0	0.0	1.0	True	0.9849790148000883	1	False	0	False	True	-18	50	18	50
independent_consensus	BROAD_0278	chrSynthetic3	6212973	6218261	5288	MEDIUM_BROAD	MEDIUM	0.5	1000	0.18910741	0.8534417549167927	True	0.8487869099116043	2	True	1	False	False				
independent_consensus	BROAD_0279	chrSynthetic3	6580064	6638725	58661	LONG_BROAD	MEDIUM	0.5	6000	0.10228261	0.9195888239204923	True	0.7855304205519852	5	True	4	False	False				
independent_consensus	BROAD_0280	chrSynthetic3	6758487	6760840	2353	SHORT_BROAD	WEAK	0.25	0	0.0	0.9796005099872503	True	0.974218089602705	1	False	0	False	True	48	13	48	13
independent_consensus	BROAD_0281	chrSynthetic3	6792260	6839357	47097	LONG_BROAD	STRONG	0.8	5000	0.10616387	0.921842155551309	True	0.786568146591078	4	True	3	False	False				
independent_consensus	BROAD_0282	chrSynthetic3	7099989	7109846	9857	MEDIUM_BROAD	WEAK	0.25	1000	0.10145075	0.9094044841229583	True	0.9068285280728376	2	True	1	False	False				
independent_consensus	BROAD_0283	chrSynthetic3	7159774	7172793	13019	MEDIUM_BROAD	MEDIUM	0.5	1000	0.07681081	0.938704969659728	True	0.9327583575026713	2	True	1	False	False				
independent_consensus	BROAD_0284	chrSynthetic3	7261848	7268870	7022	MEDIUM_BROAD	MEDIUM	0.5	1000	0.14240957	0.8886357163201367	True	0.8788732394366198	2	True	1	False	False				
independent_consensus	BROAD_0285	chrSynthetic3	7459485	7509523	50038	LONG_BROAD	MEDIUM	0.5	5000	0.09992406	0.9210000399696231	True	0.8481384520074342	5	True	4	False	False				
independent_consensus	BROAD_0286	chrSynthetic3	7878929	7890732	11803	MEDIUM_BROAD	STRONG	0.8	1000	0.08472422	0.9367110056765229	True	0.9262734584450402	2	True	1	False	False				
independent_consensus	BROAD_0287	chrSynthetic3	7901169	7908400	7231	MEDIUM_BROAD	MEDIUM	0.5	1000	0.13829346	0.8885354722721616	True	0.8779721235310194	2	True	1	False	False				
independent_consensus	BROAD_0288	chrSynthetic3	8081936	8088929	6993	MEDIUM_BROAD	STRONG	0.8	1000	0.14300014	0.8954668954668955	True	0.8811031377515126	2	True	1	False	False				
independent_consensus	BROAD_0289	chrSynthetic3	8282984	8298190	15206	MEDIUM_BROAD	WEAK	0.25	2000	0.13152703	0.8839273970800999	True	0.8806840518935919	3	True	2	False	False				
independent_consensus	BROAD_0290	chrSynthetic3	8499520	8501757	2237	SHORT_BROAD	MEDIUM	0.5	0	0.0	1.0	True	0.9498938428874735	1	False	0	False	True	-60	58	60	58
independent_consensus	BROAD_0291	chrSynthetic3	8560534	8568648	8114	MEDIUM_BROAD	MEDIUM	0.5	1000	0.12324378	0.9022676854818832	True	0.8910662122687439	2	True	1	False	False				
independent_consensus	BROAD_0292	chrSynthetic3	8602363	8618267	15904	MEDIUM_BROAD	WEAK	0.25	2000	0.12575453	0.8816649899396378	True	0.8805576488319518	3	True	2	False	False				
independent_consensus	BROAD_0293	chrSynthetic3	8652701	8661784	9083	MEDIUM_BROAD	WEAK	0.25	1000	0.11009578	0.9001431245183309	True	0.8986590459441636	2	True	1	False	False				
independent_consensus	BROAD_0294	chrSynthetic3	8800007	8862559	62552	LONG_BROAD	WEAK	0.25	6000	0.09592019	0.9140075457219593	True	0.8345536513620667	6	True	5	False	False				
independent_consensus	BROAD_0295	chrSynthetic3	9002156	9060477	58321	LONG_BROAD	MEDIUM	0.5	6000	0.10287889	0.9186056480513023	True	0.7894926355858096	5	True	4	False	False				
independent_consensus	BROAD_0296	chrSynthetic3	9328227	9331015	2788	SHORT_BROAD	STRONG	0.8	0	0.0	1.0	True	0.9577464788732394	1	False	0	False	True	-56	67	56	67
independent_consensus	BROAD_0297	chrSynthetic3	9360469	9428104	67635	LONG_BROAD	MEDIUM	0.5	7000	0.10349671	0.919568270865676	True	0.818289347231463	6	True	5	False	False				
independent_consensus	BROAD_0298	chrSynthetic3	9548995	9552853	3858	SHORT_BROAD	WEAK	0.25	0	0.0	0.9950751684810782	True	0.9950751684810782	1	False	0	False	True	11	-8	11	8
independent_consensus	BROAD_0299	chrSynthetic3	9638582	9642328	3746	SHORT_BROAD	MEDIUM	0.5	0	0.0	1.0	True	0.9863085834649815	1	False	0	False	True	-36	16	36	16
independent_consensus	BROAD_0300	chrSynthetic3	9768776	9772799	4023	SHORT_BROAD	WEAK	0.25	0	0.0	0.9741486452895849	True	0.9741486452895849	1	False	0	False	True	91	-13	91	13
independent_consensus	BROAD_0301	chrSynthetic3	9898924	9960614	61690	LONG_BROAD	STRONG	0.8	6000	0.0972605	0.9521964662019776	True	0.8740466050232377	4	True	3	False	False				
independent_consensus	BROAD_0302	chrSynthetic3	10088413	10101379	12966	MEDIUM_BROAD	WEAK	0.25	1000	0.07712479	0.9228752120931667	True	0.9228752120931667	2	True	1	False	False				
independent_consensus	BROAD_0303	chrSynthetic3	10138414	10208476	70062	LONG_BROAD	STRONG	0.8	7000	0.09991151	0.9469184436641832	True	0.8134509434500871	4	True	3	False	False				
independent_consensus	BROAD_0304	chrSynthetic3	10220640	10232725	12085	MEDIUM_BROAD	WEAK	0.25	1000	0.08274721	0.915846090194456	True	0.915846090194456	2	True	1	False	False				
independent_consensus	BROAD_0305	chrSynthetic3	10401783	10418514	16731	MEDIUM_BROAD	STRONG	0.8	2000	0.11953858	0.9547546470623394	True	0.9484621778886118	2	True	1	False	False				
independent_consensus	BROAD_0306	chrSynthetic3	10442950	10458081	15131	MEDIUM_BROAD	WEAK	0.25	2000	0.13217897	0.8772057365673122	True	0.8772057365673122	3	True	2	False	False				
independent_consensus	BROAD_0307	chrSynthetic3	10489084	10561813	72729	LONG_BROAD	MEDIUM	0.5	7000	0.09624771	0.9251467777640281	True	0.7611544225824637	6	True	5	False	False				
independent_consensus	BROAD_0308	chrSynthetic3	10771723	10788295	16572	MEDIUM_BROAD	MEDIUM	0.5	2000	0.12068549	0.9055032585083272	True	0.9009906934854398	3	True	2	False	False				
independent_consensus	BROAD_0309	chrSynthetic3	10901562	10909648	8086	MEDIUM_BROAD	STRONG	0.8	1000	0.12367054	1.0	True	0.9832198443579766	1	False	0	False	True	-70	68	70	68
independent_consensus	BROAD_0310	chrSynthetic3	11139151	11162730	23579	LONG_BROAD	WEAK	0.25	2000	0.08482124	0.9163238474914118	True	0.916129579375848	3	True	2	False	False				
independent_consensus	BROAD_0311	chrSynthetic3	11200391	11240106	39715	LONG_BROAD	MEDIUM	0.5	4000	0.10071761	0.9202064711066348	True	0.9178030588412567	5	True	4	False	False				
independent_consensus	BROAD_0312	chrSynthetic3	11498231	11502794	4563	SHORT_BROAD	STRONG	0.8	0	0.0	1.0	True	0.9739594450373532	1	False	0	False	True	-58	64	58	64
independent_consensus	BROAD_0313	chrSynthetic3	11568586	11572704	4118	SHORT_BROAD	STRONG	0.8	0	0.0	1.0	True	0.974905303030303	1	False	0	False	True	-49	57	49	57
independent_consensus	BROAD_0314	chrSynthetic3	11718256	11722627	4371	SHORT_BROAD	STRONG	0.8	0	0.0	1.0	True	0.9698247171067229	1	False	0	False	True	-86	50	86	50
independent_consensus	BROAD_0315	chrSynthetic3	11958572	11962626	4054	SHORT_BROAD	STRONG	0.8	0	0.0	1.0	True	0.9673109043187783	1	False	0	False	True	-71	66	71	66
independent_consensus	BROAD_0316	chrSynthetic3	12180462	12230945	50483	LONG_BROAD	WEAK	0.25	5000	0.09904324	0.9097517976348474	True	0.7213319335221757	4	True	3	False	False				
independent_consensus	BROAD_0317	chrSynthetic3	12402802	12408505	5703	MEDIUM_BROAD	WEAK	0.25	1000	0.17534631	0.8404348588462213	True	0.8389637668475407	2	True	1	False	False				
independent_consensus	BROAD_0318	chrSynthetic3	12438830	12442253	3423	SHORT_BROAD	STRONG	0.8	0	0.0	1.0	True	0.9683168316831683	1	False	0	False	True	-61	51	61	51
independent_consensus	BROAD_0319	chrSynthetic3	12538006	12542868	4862	SHORT_BROAD	WEAK	0.25	0	0.0	0.9849856026326614	True	0.9849856026326614	1	False	0	False	True	18	-55	18	55
independent_consensus	BROAD_0320	chrSynthetic3	12591159	12668619	77460	LONG_BROAD	STRONG	0.8	8000	0.10327911	0.961696359411309	True	0.9257897181790028	4	True	3	False	False				
independent_consensus	BROAD_0321	chrSynthetic3	12859657	12861690	2033	SHORT_BROAD	MEDIUM	0.5	0	0.0	1.0	True	0.9741255390512698	1	False	0	False	True	-4	50	4	50
independent_consensus	BROAD_0322	chrSynthetic3	13202293	13210676	8383	MEDIUM_BROAD	WEAK	0.25	1000	0.11928904	0.8926398663962782	True	0.8924269528920692	2	True	1	False	False				
independent_consensus	BROAD_0323	chrSynthetic3	13311560	13328087	16527	MEDIUM_BROAD	WEAK	0.25	2000	0.1210141	0.8844920433230471	True	0.8840106434446057	3	True	2	False	False				
independent_consensus	BROAD_0324	chrSynthetic3	13452599	13458552	5953	MEDIUM_BROAD	STRONG	0.8	1000	0.16798253	1.0	True	0.9760616494507296	1	False	0	False	True	-80	66	80	66
independent_consensus	BROAD_0325	chrSynthetic3	13562872	13578658	15786	MEDIUM_BROAD	WEAK	0.25	2000	0.12669454	0.88654503990878	True	0.88654503990878	3	True	2	False	False				
independent_consensus	BROAD_0326	chrSynthetic3	13649000	13651863	2863	SHORT_BROAD	MEDIUM	0.5	0	0.0	1.0	True	0.9714964370546318	1	False	0	False	True	-30	54	30	54
independent_consensus	BROAD_0327	chrSynthetic3	13839778	13842616	2838	SHORT_BROAD	STRONG	0.8	0	0.0	1.0	True	0.9600811907983762	1	False	0	False	True	-55	63	55	63
independent_consensus	BROAD_0328	chrSynthetic3	13938238	13941654	3416	SHORT_BROAD	WEAK	0.25	0	0.0	0.9844847775175644	True	0.9844847775175644	1	False	0	False	True	24	-29	24	29
independent_consensus	BROAD_0329	chrSynthetic3	14292661	14309411	16750	MEDIUM_BROAD	WEAK	0.25	2000	0.11940299	0.8887164179104478	True	0.8877624045801527	3	True	2	False	False				
independent_consensus	BROAD_0330	chrSynthetic3	14619095	14621211	2116	SHORT_BROAD	MEDIUM	0.5	0	0.0	1.0	True	0.966651439013248	1	False	0	False	True	-50	23	50	23
independent_consensus	BROAD_0331	chrSynthetic3	14641038	14650615	9577	MEDIUM_BROAD	WEAK	0.25	1000	0.10441683	0.8987156729664822	True	0.898059265442404	2	True	1	False	False				
independent_consensus	BROAD_0332	chrSynthetic3	14671680	14690583	18903	MEDIUM_BROAD	WEAK	0.25	2000	0.10580331	0.8976352959847643	True	0.8976352959847643	3	True	2	False	False				
independent_consensus	BROAD_0333	chrSynthetic3	14922988	14978005	55017	LONG_BROAD	MEDIUM	0.5	6000	0.1090572	0.9132813494010942	True	0.8363233182470873	5	True	4	False	False				
independent_consensus	BROAD_0334	chrSynthetic3	14992980	15068200	75220	LONG_BROAD	MEDIUM	0.5	8000	0.10635469	0.9153549587875565	True	0.8564610475937251	7	True	6	False	False				
independent_consensus	BROAD_0335	chrSynthetic3	15078283	15092603	14320	MEDIUM_BROAD	STRONG	0.8	1000	0.0698324	0.9474162011173184	True	0.9374654505251521	2	True	1	False	False				
independent_consensus	BROAD_0336	chrSynthetic3	15241681	15249222	7541	MEDIUM_BROAD	STRONG	0.8	1000	0.13260841	1.0	True	0.9830530569678008	1	False	0	False	True	-58	72	58	72
independent_consensus	BROAD_0337	chrSynthetic3	15290389	15292483	2094	SHORT_BROAD	STRONG	0.8	0	0.0	1.0	True	0.9398563734290843	1	False	0	False	True	-69	65	69	65
independent_consensus	BROAD_0338	chrSynthetic3	15382551	15388444	5893	MEDIUM_BROAD	MEDIUM	0.5	1000	0.16969286	0.8654335652469031	True	0.8512769153730596	2	True	1	False	False				
independent_consensus	BROAD_0339	chrSynthetic3	15408521	15472804	64283	LONG_BROAD	MEDIUM	0.5	6000	0.09333727	0.9261857722881632	True	0.9252214452214452	7	True	6	False	False				
independent_consensus	BROAD_0340	chrSynthetic3	15741514	15818431	76917	LONG_BROAD	WEAK	0.25	8000	0.10400822	0.9040524201411911	True	0.8274633696061989	7	True	6	False	False				
independent_consensus	BROAD_0341	chrSynthetic3	15978593	16012673	34080	LONG_BROAD	STRONG	0.8	3000	0.08802817	0.9565727699530516	True	0.9530213114274856	3	True	2	False	False				
independent_consensus	BROAD_0342	chrSynthetic3	16149239	16152194	2955	SHORT_BROAD	WEAK	0.25	0	0.0	0.9871404399323181	True	0.9871404399323181	1	False	0	False	True	27	-11	27	11
independent_consensus	BROAD_0343	chrSynthetic3	16309651	16328375	18724	MEDIUM_BROAD	WEAK	0.25	2000	0.10681478	0.9030121768852809	True	0.9024338172502135	3	True	2	False	False				
independent_consensus	BROAD_0344	chrSynthetic3	16378076	16382968	4892	SHORT_BROAD	MEDIUM	0.5	0	0.0	1.0	True	0.983514274225975	1	False	0	False	True	-38	44	38	44
independent_consensus	BROAD_0345	chrSynthetic3	16498262	16570230	71968	LONG_BROAD	MEDIUM	0.5	7000	0.09726545	0.9229657625611383	True	0.7678412627834593	6	True	5	False	False				
independent_consensus	BROAD_0346	chrSynthetic3	16600895	16670968	70073	LONG_BROAD	WEAK	0.25	7000	0.09989582	0.9085096970302399	True	0.7785595022333852	6	True	5	False	False				
independent_consensus	BROAD_0347	chrSynthetic3	16830468	16832840	2372	SHORT_BROAD	MEDIUM	0.5	0	0.0	1.0	True	0.9549114331723028	1	False	0	False	True	-54	58	54	58
independent_consensus	BROAD_0348	chrSynthetic3	17292614	17348211	55597	LONG_BROAD	MEDIUM	0.5	6000	0.10791949	0.9142219903951652	True	0.8275626382718492	5	True	4	False	False				
independent_consensus	BROAD_0349	chrSynthetic3	17398187	17412389	14202	MEDIUM_BROAD	MEDIUM	0.5	1000	0.07041262	0.9443036192085622	True	0.9417175760129204	2	True	1	False	False				
independent_consensus	BROAD_0350	chrSynthetic3	17508329	17512646	4317	SHORT_BROAD	WEAK	0.25	0	0.0	0.9884178827889738	True	0.987960175966659	1	False	0	False	True	50	2	50	2
independent_consensus	BROAD_0351	chrSynthetic3	17529637	17578413	48776	LONG_BROAD	STRONG	0.8	5000	0.10250943	0.9696777103493521	True	0.9159997543852467	2	True	1	False	False				
independent_consensus	BROAD_0352	chrSynthetic3	18261860	18338437	76577	LONG_BROAD	WEAK	0.25	8000	0.10447001	0.904449116575473	True	0.8310589341447171	7	True	6	False	False				
independent_consensus	BROAD_0353	chrSynthetic3	18390140	18422121	31981	LONG_BROAD	MEDIUM	0.5	3000	0.0938057	0.9248303680310184	True	0.9227529404423923	4	True	3	False	False				
independent_consensus	BROAD_0354	chrSynthetic3	18471043	18488486	17443	MEDIUM_BROAD	STRONG	0.8	2000	0.11465918	0.9158974946970131	True	0.9081400636653024	3	True	2	False	False				
independent_consensus	BROAD_0355	chrSynthetic3	18570352	18648465	78113	LONG_BROAD	WEAK	0.25	8000	0.10241573	0.9082099010407999	True	0.8173287416947244	7	True	6	False	False				
independent_consensus	BROAD_0356	chrSynthetic3	18679871	18720507	40636	LONG_BROAD	MEDIUM	0.5	4000	0.09843489	0.9225071365291859	True	0.9211696768644797	5	True	4	False	False				
independent_consensus	BROAD_0357	chrSynthetic3	19049932	19088734	38802	LONG_BROAD	MEDIUM	0.5	4000	0.10308747	0.9178908303695685	True	0.8432513126737362	4	True	3	False	False				
independent_consensus	BROAD_0358	chrSynthetic3	19389120	19392967	3847	SHORT_BROAD	WEAK	0.25	0	0.0	0.9794645178060827	True	0.9794645178060827	1	False	0	False	True	0	-79	0	79
independent_consensus	BROAD_0359	chrSynthetic3	19581847	19600539	18692	MEDIUM_BROAD	MEDIUM	0.5	2000	0.10699765	0.9168628290177616	True	0.9125665601703941	3	True	2	False	False				
independent_consensus	BROAD_0360	chrSynthetic3	19630248	19659672	29424	LONG_BROAD	MEDIUM	0.5	3000	0.10195759	0.9187737901033171	True	0.9174330607119829	4	True	3	False	False				
