normalization_type	source_assay	input	expected	observed	status
entity	rnaseq	SYN_GENE_0001.1	SYN_GENE_0001	SYN_GENE_0001	PASS
entity	chipseq	SYN_GENE_0001	SYN_GENE_0001	SYN_GENE_0001	PASS
entity	rnaseq	RNA_ALIAS_0002	SYN_GENE_0002	SYN_GENE_0002	PASS
entity	chipseq	SYN_GENE_0002	SYN_GENE_0002	SYN_GENE_0002	PASS
entity	rnaseq	SYN_GENE_0003	SYN_GENE_0003	SYN_GENE_0003	PASS
entity	chipseq	SYN_GENE_0003	SYN_GENE_0003	SYN_GENE_0003	PASS
entity	rnaseq	SYN_GENE_0004	SYN_GENE_0004	SYN_GENE_0004	PASS
entity	chipseq	SYN_GENE_0004	SYN_GENE_0004	SYN_GENE_0004	PASS
entity	rnaseq	SYN_GENE_0005	SYN_GENE_0005	SYN_GENE_0005	PASS
entity	chipseq	SYN_GENE_0005	SYN_GENE_0005	SYN_GENE_0005	PASS
entity	rnaseq	SYN_GENE_0006	SYN_GENE_0006	SYN_GENE_0006	PASS
entity	chipseq	SYN_GENE_0006	SYN_GENE_0006	SYN_GENE_0006	PASS
entity	rnaseq	SYN_GENE_0007	SYN_GENE_0007	SYN_GENE_0007	PASS
entity	chipseq	SYN_GENE_0007	SYN_GENE_0007	SYN_GENE_0007	PASS
entity	rnaseq	SYN_GENE_0008	SYN_GENE_0008	SYN_GENE_0008	PASS
entity	chipseq	SYN_GENE_0008	SYN_GENE_0008	SYN_GENE_0008	PASS
entity	rnaseq	SYN_GENE_0009	SYN_GENE_0009	SYN_GENE_0009	PASS
entity	chipseq	SYN_GENE_0009	SYN_GENE_0009	SYN_GENE_0009	PASS
entity	rnaseq	SYN_GENE_0010	SYN_GENE_0010	SYN_GENE_0010	PASS
entity	chipseq	SYN_GENE_0010	SYN_GENE_0010	SYN_GENE_0010	PASS
entity	rnaseq	SYN_GENE_0011	SYN_GENE_0011	SYN_GENE_0011	PASS
entity	chipseq	SYN_GENE_0011	SYN_GENE_0011	SYN_GENE_0011	PASS
entity	rnaseq	SYN_GENE_0012	SYN_GENE_0012	SYN_GENE_0012	PASS
entity	chipseq	SYN_GENE_0012	SYN_GENE_0012	SYN_GENE_0012	PASS
entity	rnaseq	SYN_GENE_0013	SYN_GENE_0013	SYN_GENE_0013	PASS
entity	chipseq	SYN_GENE_0013	SYN_GENE_0013	SYN_GENE_0013	PASS
entity	rnaseq	SYN_GENE_0014	SYN_GENE_0014	SYN_GENE_0014	PASS
entity	chipseq	SYN_GENE_0014	SYN_GENE_0014	SYN_GENE_0014	PASS
entity	rnaseq	SYN_GENE_0015	SYN_GENE_0015	SYN_GENE_0015	PASS
entity	chipseq	SYN_GENE_0015	SYN_GENE_0015	SYN_GENE_0015	PASS
entity	rnaseq	SYN_GENE_0016	SYN_GENE_0016	SYN_GENE_0016	PASS
entity	chipseq	SYN_GENE_0016	SYN_GENE_0016	SYN_GENE_0016	PASS
entity	rnaseq	SYN_GENE_0017	SYN_GENE_0017	SYN_GENE_0017	PASS
entity	chipseq	SYN_GENE_0017	SYN_GENE_0017	SYN_GENE_0017	PASS
entity	rnaseq	SYN_GENE_0018	SYN_GENE_0018	SYN_GENE_0018	PASS
entity	chipseq	SYN_GENE_0018	SYN_GENE_0018	SYN_GENE_0018	PASS
entity	rnaseq	SYN_GENE_0019	SYN_GENE_0019	SYN_GENE_0019	PASS
entity	chipseq	SYN_GENE_0019	SYN_GENE_0019	SYN_GENE_0019	PASS
entity	rnaseq	SYN_GENE_0020	SYN_GENE_0020	SYN_GENE_0020	PASS
entity	chipseq	SYN_GENE_0020	SYN_GENE_0020	SYN_GENE_0020	PASS
entity	rnaseq	SYN_GENE_0021	SYN_GENE_0021	SYN_GENE_0021	PASS
entity	chipseq	SYN_GENE_0021	SYN_GENE_0021	SYN_GENE_0021	PASS
entity	rnaseq	SYN_GENE_0022	SYN_GENE_0022	SYN_GENE_0022	PASS
entity	chipseq	SYN_GENE_0022	SYN_GENE_0022	SYN_GENE_0022	PASS
entity	rnaseq	SYN_GENE_0023	SYN_GENE_0023	SYN_GENE_0023	PASS
entity	chipseq	SYN_GENE_0023	SYN_GENE_0023	SYN_GENE_0023	PASS
entity	rnaseq	SYN_GENE_0024	SYN_GENE_0024	SYN_GENE_0024	PASS
entity	chipseq	SYN_GENE_0024	SYN_GENE_0024	SYN_GENE_0024	PASS
entity	rnaseq	SYN_GENE_0025	SYN_GENE_0025	SYN_GENE_0025	PASS
entity	chipseq	SYN_GENE_0025	SYN_GENE_0025	SYN_GENE_0025	PASS
entity	rnaseq	SYN_GENE_0026	SYN_GENE_0026	SYN_GENE_0026	PASS
entity	chipseq	SYN_GENE_0026	SYN_GENE_0026	SYN_GENE_0026	PASS
entity	rnaseq	SYN_GENE_0027	SYN_GENE_0027	SYN_GENE_0027	PASS
entity	chipseq	SYN_GENE_0027	SYN_GENE_0027	SYN_GENE_0027	PASS
entity	rnaseq	SYN_GENE_0028	SYN_GENE_0028	SYN_GENE_0028	PASS
entity	chipseq	SYN_GENE_0028	SYN_GENE_0028	SYN_GENE_0028	PASS
entity	rnaseq	SYN_GENE_0029	SYN_GENE_0029	SYN_GENE_0029	PASS
entity	chipseq	SYN_GENE_0029	SYN_GENE_0029	SYN_GENE_0029	PASS
entity	rnaseq	SYN_GENE_0030	SYN_GENE_0030	SYN_GENE_0030	PASS
entity	chipseq	SYN_GENE_0030	SYN_GENE_0030	SYN_GENE_0030	PASS
entity	rnaseq	SYN_GENE_0031	SYN_GENE_0031	SYN_GENE_0031	PASS
entity	chipseq	SYN_GENE_0031	SYN_GENE_0031	SYN_GENE_0031	PASS
entity	rnaseq	SYN_GENE_0032	SYN_GENE_0032	SYN_GENE_0032	PASS
entity	chipseq	SYN_GENE_0032	SYN_GENE_0032	SYN_GENE_0032	PASS
entity	rnaseq	SYN_GENE_0033	SYN_GENE_0033	SYN_GENE_0033	PASS
entity	chipseq	SYN_GENE_0033	SYN_GENE_0033	SYN_GENE_0033	PASS
entity	rnaseq	SYN_GENE_0034	SYN_GENE_0034	SYN_GENE_0034	PASS
entity	chipseq	SYN_GENE_0034	SYN_GENE_0034	SYN_GENE_0034	PASS
entity	rnaseq	SYN_GENE_0035	SYN_GENE_0035	SYN_GENE_0035	PASS
entity	chipseq	SYN_GENE_0035	SYN_GENE_0035	SYN_GENE_0035	PASS
entity	rnaseq	SYN_GENE_0036	SYN_GENE_0036	SYN_GENE_0036	PASS
entity	chipseq	SYN_GENE_0036	SYN_GENE_0036	SYN_GENE_0036	PASS
entity	rnaseq	SYN_GENE_0037	SYN_GENE_0037	SYN_GENE_0037	PASS
entity	chipseq	SYN_GENE_0037	SYN_GENE_0037	SYN_GENE_0037	PASS
entity	rnaseq	SYN_GENE_0038	SYN_GENE_0038	SYN_GENE_0038	PASS
entity	chipseq	SYN_GENE_0038	SYN_GENE_0038	SYN_GENE_0038	PASS
entity	rnaseq	SYN_GENE_0039	SYN_GENE_0039	SYN_GENE_0039	PASS
entity	chipseq	SYN_GENE_0039	SYN_GENE_0039	SYN_GENE_0039	PASS
entity	rnaseq	gene:SYN_GENE_0040	SYN_GENE_0040	SYN_GENE_0040	PASS
entity	chipseq	SYN_GENE_0040	SYN_GENE_0040	SYN_GENE_0040	PASS
entity	rnaseq	SYN_GENE_0041.1	SYN_GENE_0041	SYN_GENE_0041	PASS
entity	chipseq	SYN_GENE_0041	SYN_GENE_0041	SYN_GENE_0041	PASS
entity	rnaseq	RNA_ALIAS_0042	SYN_GENE_0042	SYN_GENE_0042	PASS
entity	chipseq	SYN_GENE_0042	SYN_GENE_0042	SYN_GENE_0042	PASS
entity	rnaseq	SYN_GENE_0043	SYN_GENE_0043	SYN_GENE_0043	PASS
entity	chipseq	SYN_GENE_0043	SYN_GENE_0043	SYN_GENE_0043	PASS
entity	rnaseq	SYN_GENE_0044	SYN_GENE_0044	SYN_GENE_0044	PASS
entity	chipseq	SYN_GENE_0044	SYN_GENE_0044	SYN_GENE_0044	PASS
entity	rnaseq	SYN_GENE_0045	SYN_GENE_0045	SYN_GENE_0045	PASS
entity	chipseq	SYN_GENE_0045	SYN_GENE_0045	SYN_GENE_0045	PASS
entity	rnaseq	SYN_GENE_0046	SYN_GENE_0046	SYN_GENE_0046	PASS
entity	chipseq	SYN_GENE_0046	SYN_GENE_0046	SYN_GENE_0046	PASS
entity	rnaseq	SYN_GENE_0047	SYN_GENE_0047	SYN_GENE_0047	PASS
entity	chipseq	SYN_GENE_0047	SYN_GENE_0047	SYN_GENE_0047	PASS
entity	rnaseq	SYN_GENE_0048	SYN_GENE_0048	SYN_GENE_0048	PASS
entity	chipseq	SYN_GENE_0048	SYN_GENE_0048	SYN_GENE_0048	PASS
entity	rnaseq	SYN_GENE_0049	SYN_GENE_0049	SYN_GENE_0049	PASS
entity	chipseq	SYN_GENE_0049	SYN_GENE_0049	SYN_GENE_0049	PASS
entity	rnaseq	SYN_GENE_0050	SYN_GENE_0050	SYN_GENE_0050	PASS
entity	chipseq	SYN_GENE_0050	SYN_GENE_0050	SYN_GENE_0050	PASS
entity	rnaseq	SYN_GENE_0051	SYN_GENE_0051	SYN_GENE_0051	PASS
entity	chipseq	SYN_GENE_0051	SYN_GENE_0051	SYN_GENE_0051	PASS
entity	rnaseq	SYN_GENE_0052	SYN_GENE_0052	SYN_GENE_0052	PASS
entity	chipseq	SYN_GENE_0052	SYN_GENE_0052	SYN_GENE_0052	PASS
entity	rnaseq	SYN_GENE_0053	SYN_GENE_0053	SYN_GENE_0053	PASS
entity	chipseq	SYN_GENE_0053	SYN_GENE_0053	SYN_GENE_0053	PASS
entity	rnaseq	SYN_GENE_0054	SYN_GENE_0054	SYN_GENE_0054	PASS
entity	chipseq	SYN_GENE_0054	SYN_GENE_0054	SYN_GENE_0054	PASS
entity	rnaseq	SYN_GENE_0055	SYN_GENE_0055	SYN_GENE_0055	PASS
entity	chipseq	SYN_GENE_0055	SYN_GENE_0055	SYN_GENE_0055	PASS
entity	rnaseq	SYN_GENE_0056	SYN_GENE_0056	SYN_GENE_0056	PASS
entity	chipseq	SYN_GENE_0056	SYN_GENE_0056	SYN_GENE_0056	PASS
entity	rnaseq	SYN_GENE_0057	SYN_GENE_0057	SYN_GENE_0057	PASS
entity	chipseq	SYN_GENE_0057	SYN_GENE_0057	SYN_GENE_0057	PASS
entity	rnaseq	SYN_GENE_0058	SYN_GENE_0058	SYN_GENE_0058	PASS
entity	chipseq	SYN_GENE_0058	SYN_GENE_0058	SYN_GENE_0058	PASS
entity	rnaseq	SYN_GENE_0059	SYN_GENE_0059	SYN_GENE_0059	PASS
entity	chipseq	SYN_GENE_0059	SYN_GENE_0059	SYN_GENE_0059	PASS
entity	rnaseq	SYN_GENE_0060	SYN_GENE_0060	SYN_GENE_0060	PASS
entity	chipseq	SYN_GENE_0060	SYN_GENE_0060	SYN_GENE_0060	PASS
entity	rnaseq	SYN_GENE_0061	SYN_GENE_0061	SYN_GENE_0061	PASS
entity	chipseq	SYN_GENE_0061	SYN_GENE_0061	SYN_GENE_0061	PASS
entity	rnaseq	SYN_GENE_0062	SYN_GENE_0062	SYN_GENE_0062	PASS
entity	chipseq	SYN_GENE_0062	SYN_GENE_0062	SYN_GENE_0062	PASS
entity	rnaseq	SYN_GENE_0063	SYN_GENE_0063	SYN_GENE_0063	PASS
entity	chipseq	SYN_GENE_0063	SYN_GENE_0063	SYN_GENE_0063	PASS
entity	rnaseq	SYN_GENE_0064	SYN_GENE_0064	SYN_GENE_0064	PASS
entity	chipseq	SYN_GENE_0064	SYN_GENE_0064	SYN_GENE_0064	PASS
entity	rnaseq	SYN_GENE_0065	SYN_GENE_0065	SYN_GENE_0065	PASS
entity	chipseq	SYN_GENE_0065	SYN_GENE_0065	SYN_GENE_0065	PASS
entity	rnaseq	SYN_GENE_0066	SYN_GENE_0066	SYN_GENE_0066	PASS
entity	chipseq	SYN_GENE_0066	SYN_GENE_0066	SYN_GENE_0066	PASS
entity	rnaseq	SYN_GENE_0067	SYN_GENE_0067	SYN_GENE_0067	PASS
entity	chipseq	SYN_GENE_0067	SYN_GENE_0067	SYN_GENE_0067	PASS
entity	rnaseq	SYN_GENE_0068	SYN_GENE_0068	SYN_GENE_0068	PASS
entity	chipseq	SYN_GENE_0068	SYN_GENE_0068	SYN_GENE_0068	PASS
entity	rnaseq	SYN_GENE_0069	SYN_GENE_0069	SYN_GENE_0069	PASS
entity	chipseq	SYN_GENE_0069	SYN_GENE_0069	SYN_GENE_0069	PASS
entity	rnaseq	SYN_GENE_0070	SYN_GENE_0070	SYN_GENE_0070	PASS
entity	chipseq	SYN_GENE_0070	SYN_GENE_0070	SYN_GENE_0070	PASS
entity	rnaseq	SYN_GENE_0071	SYN_GENE_0071	SYN_GENE_0071	PASS
entity	chipseq	SYN_GENE_0071	SYN_GENE_0071	SYN_GENE_0071	PASS
entity	rnaseq	SYN_GENE_0072	SYN_GENE_0072	SYN_GENE_0072	PASS
entity	chipseq	SYN_GENE_0072	SYN_GENE_0072	SYN_GENE_0072	PASS
entity	rnaseq	SYN_GENE_0073	SYN_GENE_0073	SYN_GENE_0073	PASS
entity	chipseq	SYN_GENE_0073	SYN_GENE_0073	SYN_GENE_0073	PASS
entity	rnaseq	SYN_GENE_0074	SYN_GENE_0074	SYN_GENE_0074	PASS
entity	chipseq	SYN_GENE_0074	SYN_GENE_0074	SYN_GENE_0074	PASS
entity	rnaseq	SYN_GENE_0075	SYN_GENE_0075	SYN_GENE_0075	PASS
entity	chipseq	SYN_GENE_0075	SYN_GENE_0075	SYN_GENE_0075	PASS
entity	rnaseq	SYN_GENE_0076	SYN_GENE_0076	SYN_GENE_0076	PASS
entity	chipseq	SYN_GENE_0076	SYN_GENE_0076	SYN_GENE_0076	PASS
entity	rnaseq	SYN_GENE_0077	SYN_GENE_0077	SYN_GENE_0077	PASS
entity	chipseq	SYN_GENE_0077	SYN_GENE_0077	SYN_GENE_0077	PASS
entity	rnaseq	SYN_GENE_0078	SYN_GENE_0078	SYN_GENE_0078	PASS
entity	chipseq	SYN_GENE_0078	SYN_GENE_0078	SYN_GENE_0078	PASS
entity	rnaseq	SYN_GENE_0079	SYN_GENE_0079	SYN_GENE_0079	PASS
entity	chipseq	SYN_GENE_0079	SYN_GENE_0079	SYN_GENE_0079	PASS
entity	rnaseq	gene:SYN_GENE_0080	SYN_GENE_0080	SYN_GENE_0080	PASS
entity	chipseq	SYN_GENE_0080	SYN_GENE_0080	SYN_GENE_0080	PASS
entity	rnaseq	SYN_GENE_0081.1	SYN_GENE_0081	SYN_GENE_0081	PASS
entity	chipseq	SYN_GENE_0081	SYN_GENE_0081	SYN_GENE_0081	PASS
entity	rnaseq	RNA_ALIAS_0082	SYN_GENE_0082	SYN_GENE_0082	PASS
entity	chipseq	SYN_GENE_0082	SYN_GENE_0082	SYN_GENE_0082	PASS
entity	rnaseq	SYN_GENE_0083	SYN_GENE_0083	SYN_GENE_0083	PASS
entity	chipseq	SYN_GENE_0083	SYN_GENE_0083	SYN_GENE_0083	PASS
entity	rnaseq	SYN_GENE_0084	SYN_GENE_0084	SYN_GENE_0084	PASS
entity	chipseq	SYN_GENE_0084	SYN_GENE_0084	SYN_GENE_0084	PASS
entity	rnaseq	SYN_GENE_0085	SYN_GENE_0085	SYN_GENE_0085	PASS
entity	chipseq	SYN_GENE_0085	SYN_GENE_0085	SYN_GENE_0085	PASS
entity	rnaseq	SYN_GENE_0086	SYN_GENE_0086	SYN_GENE_0086	PASS
entity	chipseq	SYN_GENE_0086	SYN_GENE_0086	SYN_GENE_0086	PASS
entity	rnaseq	SYN_GENE_0087	SYN_GENE_0087	SYN_GENE_0087	PASS
entity	chipseq	SYN_GENE_0087	SYN_GENE_0087	SYN_GENE_0087	PASS
entity	rnaseq	SYN_GENE_0088	SYN_GENE_0088	SYN_GENE_0088	PASS
entity	chipseq	SYN_GENE_0088	SYN_GENE_0088	SYN_GENE_0088	PASS
entity	rnaseq	SYN_GENE_0089	SYN_GENE_0089	SYN_GENE_0089	PASS
entity	chipseq	SYN_GENE_0089	SYN_GENE_0089	SYN_GENE_0089	PASS
entity	rnaseq	SYN_GENE_0090	SYN_GENE_0090	SYN_GENE_0090	PASS
entity	chipseq	SYN_GENE_0090	SYN_GENE_0090	SYN_GENE_0090	PASS
entity	rnaseq	SYN_GENE_0091	SYN_GENE_0091	SYN_GENE_0091	PASS
entity	chipseq	SYN_GENE_0091	SYN_GENE_0091	SYN_GENE_0091	PASS
entity	rnaseq	SYN_GENE_0092	SYN_GENE_0092	SYN_GENE_0092	PASS
entity	chipseq	SYN_GENE_0092	SYN_GENE_0092	SYN_GENE_0092	PASS
entity	rnaseq	SYN_GENE_0093	SYN_GENE_0093	SYN_GENE_0093	PASS
entity	chipseq	SYN_GENE_0093	SYN_GENE_0093	SYN_GENE_0093	PASS
entity	rnaseq	SYN_GENE_0094	SYN_GENE_0094	SYN_GENE_0094	PASS
entity	chipseq	SYN_GENE_0094	SYN_GENE_0094	SYN_GENE_0094	PASS
entity	rnaseq	SYN_GENE_0095	SYN_GENE_0095	SYN_GENE_0095	PASS
entity	chipseq	SYN_GENE_0095	SYN_GENE_0095	SYN_GENE_0095	PASS
entity	rnaseq	SYN_GENE_0096	SYN_GENE_0096	SYN_GENE_0096	PASS
entity	chipseq	SYN_GENE_0096	SYN_GENE_0096	SYN_GENE_0096	PASS
entity	rnaseq	SYN_GENE_0097	SYN_GENE_0097	SYN_GENE_0097	PASS
entity	chipseq	SYN_GENE_0097	SYN_GENE_0097	SYN_GENE_0097	PASS
entity	rnaseq	SYN_GENE_0098	SYN_GENE_0098	SYN_GENE_0098	PASS
entity	chipseq	SYN_GENE_0098	SYN_GENE_0098	SYN_GENE_0098	PASS
entity	rnaseq	SYN_GENE_0099	SYN_GENE_0099	SYN_GENE_0099	PASS
entity	chipseq	SYN_GENE_0099	SYN_GENE_0099	SYN_GENE_0099	PASS
entity	rnaseq	SYN_GENE_0100	SYN_GENE_0100	SYN_GENE_0100	PASS
entity	chipseq	SYN_GENE_0100	SYN_GENE_0100	SYN_GENE_0100	PASS
entity	rnaseq	SYN_GENE_0101	SYN_GENE_0101	SYN_GENE_0101	PASS
entity	chipseq	SYN_GENE_0101	SYN_GENE_0101	SYN_GENE_0101	PASS
entity	rnaseq	SYN_GENE_0102	SYN_GENE_0102	SYN_GENE_0102	PASS
entity	chipseq	SYN_GENE_0102	SYN_GENE_0102	SYN_GENE_0102	PASS
entity	rnaseq	SYN_GENE_0103	SYN_GENE_0103	SYN_GENE_0103	PASS
entity	chipseq	SYN_GENE_0103	SYN_GENE_0103	SYN_GENE_0103	PASS
entity	rnaseq	SYN_GENE_0104	SYN_GENE_0104	SYN_GENE_0104	PASS
entity	chipseq	SYN_GENE_0104	SYN_GENE_0104	SYN_GENE_0104	PASS
entity	rnaseq	SYN_GENE_0105	SYN_GENE_0105	SYN_GENE_0105	PASS
entity	chipseq	SYN_GENE_0105	SYN_GENE_0105	SYN_GENE_0105	PASS
entity	rnaseq	SYN_GENE_0106	SYN_GENE_0106	SYN_GENE_0106	PASS
entity	chipseq	SYN_GENE_0106	SYN_GENE_0106	SYN_GENE_0106	PASS
entity	rnaseq	SYN_GENE_0107	SYN_GENE_0107	SYN_GENE_0107	PASS
entity	chipseq	SYN_GENE_0107	SYN_GENE_0107	SYN_GENE_0107	PASS
entity	rnaseq	SYN_GENE_0108	SYN_GENE_0108	SYN_GENE_0108	PASS
entity	chipseq	SYN_GENE_0108	SYN_GENE_0108	SYN_GENE_0108	PASS
entity	rnaseq	SYN_GENE_0109	SYN_GENE_0109	SYN_GENE_0109	PASS
entity	chipseq	SYN_GENE_0109	SYN_GENE_0109	SYN_GENE_0109	PASS
entity	rnaseq	SYN_GENE_0110	SYN_GENE_0110	SYN_GENE_0110	PASS
entity	chipseq	SYN_GENE_0110	SYN_GENE_0110	SYN_GENE_0110	PASS
entity	rnaseq	SYN_GENE_0111	SYN_GENE_0111	SYN_GENE_0111	PASS
entity	chipseq	SYN_GENE_0111	SYN_GENE_0111	SYN_GENE_0111	PASS
entity	rnaseq	SYN_GENE_0112	SYN_GENE_0112	SYN_GENE_0112	PASS
entity	chipseq	SYN_GENE_0112	SYN_GENE_0112	SYN_GENE_0112	PASS
entity	rnaseq	SYN_GENE_0113	SYN_GENE_0113	SYN_GENE_0113	PASS
entity	chipseq	SYN_GENE_0113	SYN_GENE_0113	SYN_GENE_0113	PASS
entity	rnaseq	SYN_GENE_0114	SYN_GENE_0114	SYN_GENE_0114	PASS
entity	chipseq	SYN_GENE_0114	SYN_GENE_0114	SYN_GENE_0114	PASS
entity	rnaseq	SYN_GENE_0115	SYN_GENE_0115	SYN_GENE_0115	PASS
entity	chipseq	SYN_GENE_0115	SYN_GENE_0115	SYN_GENE_0115	PASS
entity	rnaseq	SYN_GENE_0116	SYN_GENE_0116	SYN_GENE_0116	PASS
entity	chipseq	SYN_GENE_0116	SYN_GENE_0116	SYN_GENE_0116	PASS
entity	rnaseq	SYN_GENE_0117	SYN_GENE_0117	SYN_GENE_0117	PASS
entity	chipseq	SYN_GENE_0117	SYN_GENE_0117	SYN_GENE_0117	PASS
entity	rnaseq	SYN_GENE_0118	SYN_GENE_0118	SYN_GENE_0118	PASS
entity	chipseq	SYN_GENE_0118	SYN_GENE_0118	SYN_GENE_0118	PASS
entity	rnaseq	SYN_GENE_0119	SYN_GENE_0119	SYN_GENE_0119	PASS
entity	chipseq	SYN_GENE_0119	SYN_GENE_0119	SYN_GENE_0119	PASS
entity	rnaseq	gene:SYN_GENE_0120	SYN_GENE_0120	SYN_GENE_0120	PASS
entity	chipseq	SYN_GENE_0120	SYN_GENE_0120	SYN_GENE_0120	PASS
entity	rnaseq	SYN_GENE_0121.1	SYN_GENE_0121	SYN_GENE_0121	PASS
entity	chipseq	SYN_GENE_0121	SYN_GENE_0121	SYN_GENE_0121	PASS
entity	rnaseq	RNA_ALIAS_0122	SYN_GENE_0122	SYN_GENE_0122	PASS
entity	chipseq	SYN_GENE_0122	SYN_GENE_0122	SYN_GENE_0122	PASS
entity	rnaseq	SYN_GENE_0123	SYN_GENE_0123	SYN_GENE_0123	PASS
entity	chipseq	SYN_GENE_0123	SYN_GENE_0123	SYN_GENE_0123	PASS
entity	rnaseq	SYN_GENE_0124	SYN_GENE_0124	SYN_GENE_0124	PASS
entity	chipseq	SYN_GENE_0124	SYN_GENE_0124	SYN_GENE_0124	PASS
entity	rnaseq	SYN_GENE_0125	SYN_GENE_0125	SYN_GENE_0125	PASS
entity	chipseq	SYN_GENE_0125	SYN_GENE_0125	SYN_GENE_0125	PASS
entity	rnaseq	SYN_GENE_0126	SYN_GENE_0126	SYN_GENE_0126	PASS
entity	chipseq	SYN_GENE_0126	SYN_GENE_0126	SYN_GENE_0126	PASS
entity	rnaseq	SYN_GENE_0127	SYN_GENE_0127	SYN_GENE_0127	PASS
entity	chipseq	SYN_GENE_0127	SYN_GENE_0127	SYN_GENE_0127	PASS
entity	rnaseq	SYN_GENE_0128	SYN_GENE_0128	SYN_GENE_0128	PASS
entity	chipseq	SYN_GENE_0128	SYN_GENE_0128	SYN_GENE_0128	PASS
entity	rnaseq	SYN_GENE_0129	SYN_GENE_0129	SYN_GENE_0129	PASS
entity	chipseq	SYN_GENE_0129	SYN_GENE_0129	SYN_GENE_0129	PASS
entity	rnaseq	SYN_GENE_0130	SYN_GENE_0130	SYN_GENE_0130	PASS
entity	chipseq	SYN_GENE_0130	SYN_GENE_0130	SYN_GENE_0130	PASS
entity	rnaseq	SYN_GENE_0131	SYN_GENE_0131	SYN_GENE_0131	PASS
entity	chipseq	SYN_GENE_0131	SYN_GENE_0131	SYN_GENE_0131	PASS
entity	rnaseq	SYN_GENE_0132	SYN_GENE_0132	SYN_GENE_0132	PASS
entity	chipseq	SYN_GENE_0132	SYN_GENE_0132	SYN_GENE_0132	PASS
entity	rnaseq	SYN_GENE_0133	SYN_GENE_0133	SYN_GENE_0133	PASS
entity	chipseq	SYN_GENE_0133	SYN_GENE_0133	SYN_GENE_0133	PASS
entity	rnaseq	SYN_GENE_0134	SYN_GENE_0134	SYN_GENE_0134	PASS
entity	chipseq	SYN_GENE_0134	SYN_GENE_0134	SYN_GENE_0134	PASS
entity	rnaseq	SYN_GENE_0135	SYN_GENE_0135	SYN_GENE_0135	PASS
entity	chipseq	SYN_GENE_0135	SYN_GENE_0135	SYN_GENE_0135	PASS
entity	rnaseq	SYN_GENE_0136	SYN_GENE_0136	SYN_GENE_0136	PASS
entity	chipseq	SYN_GENE_0136	SYN_GENE_0136	SYN_GENE_0136	PASS
entity	rnaseq	SYN_GENE_0137	SYN_GENE_0137	SYN_GENE_0137	PASS
entity	chipseq	SYN_GENE_0137	SYN_GENE_0137	SYN_GENE_0137	PASS
entity	rnaseq	SYN_GENE_0138	SYN_GENE_0138	SYN_GENE_0138	PASS
entity	chipseq	SYN_GENE_0138	SYN_GENE_0138	SYN_GENE_0138	PASS
entity	rnaseq	SYN_GENE_0139	SYN_GENE_0139	SYN_GENE_0139	PASS
entity	chipseq	SYN_GENE_0139	SYN_GENE_0139	SYN_GENE_0139	PASS
entity	rnaseq	SYN_GENE_0140	SYN_GENE_0140	SYN_GENE_0140	PASS
entity	chipseq	SYN_GENE_0140	SYN_GENE_0140	SYN_GENE_0140	PASS
entity	rnaseq	SYN_GENE_0141	SYN_GENE_0141	SYN_GENE_0141	PASS
entity	chipseq	SYN_GENE_0141	SYN_GENE_0141	SYN_GENE_0141	PASS
entity	rnaseq	SYN_GENE_0142	SYN_GENE_0142	SYN_GENE_0142	PASS
entity	chipseq	SYN_GENE_0142	SYN_GENE_0142	SYN_GENE_0142	PASS
entity	rnaseq	SYN_GENE_0143	SYN_GENE_0143	SYN_GENE_0143	PASS
entity	chipseq	SYN_GENE_0143	SYN_GENE_0143	SYN_GENE_0143	PASS
entity	rnaseq	SYN_GENE_0144	SYN_GENE_0144	SYN_GENE_0144	PASS
entity	chipseq	SYN_GENE_0144	SYN_GENE_0144	SYN_GENE_0144	PASS
entity	rnaseq	SYN_GENE_0145	SYN_GENE_0145	SYN_GENE_0145	PASS
entity	chipseq	SYN_GENE_0145	SYN_GENE_0145	SYN_GENE_0145	PASS
entity	rnaseq	SYN_GENE_0146	SYN_GENE_0146	SYN_GENE_0146	PASS
entity	chipseq	SYN_GENE_0146	SYN_GENE_0146	SYN_GENE_0146	PASS
entity	rnaseq	SYN_GENE_0147	SYN_GENE_0147	SYN_GENE_0147	PASS
entity	chipseq	SYN_GENE_0147	SYN_GENE_0147	SYN_GENE_0147	PASS
entity	rnaseq	SYN_GENE_0148	SYN_GENE_0148	SYN_GENE_0148	PASS
entity	chipseq	SYN_GENE_0148	SYN_GENE_0148	SYN_GENE_0148	PASS
entity	rnaseq	SYN_GENE_0149	SYN_GENE_0149	SYN_GENE_0149	PASS
entity	chipseq	SYN_GENE_0149	SYN_GENE_0149	SYN_GENE_0149	PASS
entity	rnaseq	SYN_GENE_0150	SYN_GENE_0150	SYN_GENE_0150	PASS
entity	chipseq	SYN_GENE_0150	SYN_GENE_0150	SYN_GENE_0150	PASS
entity	rnaseq	SYN_GENE_0151	SYN_GENE_0151	SYN_GENE_0151	PASS
entity	chipseq	SYN_GENE_0151	SYN_GENE_0151	SYN_GENE_0151	PASS
entity	rnaseq	SYN_GENE_0152	SYN_GENE_0152	SYN_GENE_0152	PASS
entity	chipseq	SYN_GENE_0152	SYN_GENE_0152	SYN_GENE_0152	PASS
entity	rnaseq	SYN_GENE_0153	SYN_GENE_0153	SYN_GENE_0153	PASS
entity	chipseq	SYN_GENE_0153	SYN_GENE_0153	SYN_GENE_0153	PASS
entity	rnaseq	SYN_GENE_0154	SYN_GENE_0154	SYN_GENE_0154	PASS
entity	chipseq	SYN_GENE_0154	SYN_GENE_0154	SYN_GENE_0154	PASS
entity	rnaseq	SYN_GENE_0155	SYN_GENE_0155	SYN_GENE_0155	PASS
entity	chipseq	SYN_GENE_0155	SYN_GENE_0155	SYN_GENE_0155	PASS
entity	rnaseq	SYN_GENE_0156	SYN_GENE_0156	SYN_GENE_0156	PASS
entity	chipseq	SYN_GENE_0156	SYN_GENE_0156	SYN_GENE_0156	PASS
entity	rnaseq	SYN_GENE_0157	SYN_GENE_0157	SYN_GENE_0157	PASS
entity	chipseq	SYN_GENE_0157	SYN_GENE_0157	SYN_GENE_0157	PASS
entity	rnaseq	SYN_GENE_0158	SYN_GENE_0158	SYN_GENE_0158	PASS
entity	chipseq	SYN_GENE_0158	SYN_GENE_0158	SYN_GENE_0158	PASS
entity	rnaseq	SYN_GENE_0159	SYN_GENE_0159	SYN_GENE_0159	PASS
entity	chipseq	SYN_GENE_0159	SYN_GENE_0159	SYN_GENE_0159	PASS
entity	rnaseq	gene:SYN_GENE_0160	SYN_GENE_0160	SYN_GENE_0160	PASS
entity	chipseq	SYN_GENE_0160	SYN_GENE_0160	SYN_GENE_0160	PASS
entity	rnaseq	SYN_GENE_0161.1	SYN_GENE_0161	SYN_GENE_0161	PASS
entity	chipseq	SYN_GENE_0161	SYN_GENE_0161	SYN_GENE_0161	PASS
entity	rnaseq	RNA_ALIAS_0162	SYN_GENE_0162	SYN_GENE_0162	PASS
entity	chipseq	SYN_GENE_0162	SYN_GENE_0162	SYN_GENE_0162	PASS
entity	rnaseq	SYN_GENE_0163	SYN_GENE_0163	SYN_GENE_0163	PASS
entity	chipseq	SYN_GENE_0163	SYN_GENE_0163	SYN_GENE_0163	PASS
entity	rnaseq	SYN_GENE_0164	SYN_GENE_0164	SYN_GENE_0164	PASS
entity	chipseq	SYN_GENE_0164	SYN_GENE_0164	SYN_GENE_0164	PASS
entity	rnaseq	SYN_GENE_0165	SYN_GENE_0165	SYN_GENE_0165	PASS
entity	chipseq	SYN_GENE_0165	SYN_GENE_0165	SYN_GENE_0165	PASS
entity	rnaseq	SYN_GENE_0166	SYN_GENE_0166	SYN_GENE_0166	PASS
entity	chipseq	SYN_GENE_0166	SYN_GENE_0166	SYN_GENE_0166	PASS
entity	rnaseq	SYN_GENE_0167	SYN_GENE_0167	SYN_GENE_0167	PASS
entity	chipseq	SYN_GENE_0167	SYN_GENE_0167	SYN_GENE_0167	PASS
entity	rnaseq	SYN_GENE_0168	SYN_GENE_0168	SYN_GENE_0168	PASS
entity	chipseq	SYN_GENE_0168	SYN_GENE_0168	SYN_GENE_0168	PASS
entity	rnaseq	SYN_GENE_0169	SYN_GENE_0169	SYN_GENE_0169	PASS
entity	chipseq	SYN_GENE_0169	SYN_GENE_0169	SYN_GENE_0169	PASS
entity	rnaseq	SYN_GENE_0170	SYN_GENE_0170	SYN_GENE_0170	PASS
entity	chipseq	SYN_GENE_0170	SYN_GENE_0170	SYN_GENE_0170	PASS
entity	rnaseq	SYN_GENE_0171	SYN_GENE_0171	SYN_GENE_0171	PASS
entity	chipseq	SYN_GENE_0171	SYN_GENE_0171	SYN_GENE_0171	PASS
entity	rnaseq	SYN_GENE_0172	SYN_GENE_0172	SYN_GENE_0172	PASS
entity	chipseq	SYN_GENE_0172	SYN_GENE_0172	SYN_GENE_0172	PASS
entity	rnaseq	SYN_GENE_0173	SYN_GENE_0173	SYN_GENE_0173	PASS
entity	chipseq	SYN_GENE_0173	SYN_GENE_0173	SYN_GENE_0173	PASS
entity	rnaseq	SYN_GENE_0174	SYN_GENE_0174	SYN_GENE_0174	PASS
entity	chipseq	SYN_GENE_0174	SYN_GENE_0174	SYN_GENE_0174	PASS
entity	rnaseq	SYN_GENE_0175	SYN_GENE_0175	SYN_GENE_0175	PASS
entity	chipseq	SYN_GENE_0175	SYN_GENE_0175	SYN_GENE_0175	PASS
entity	rnaseq	SYN_GENE_0176	SYN_GENE_0176	SYN_GENE_0176	PASS
entity	chipseq	SYN_GENE_0176	SYN_GENE_0176	SYN_GENE_0176	PASS
entity	rnaseq	SYN_GENE_0177	SYN_GENE_0177	SYN_GENE_0177	PASS
entity	chipseq	SYN_GENE_0177	SYN_GENE_0177	SYN_GENE_0177	PASS
entity	rnaseq	SYN_GENE_0178	SYN_GENE_0178	SYN_GENE_0178	PASS
entity	chipseq	SYN_GENE_0178	SYN_GENE_0178	SYN_GENE_0178	PASS
entity	rnaseq	SYN_GENE_0179	SYN_GENE_0179	SYN_GENE_0179	PASS
entity	chipseq	SYN_GENE_0179	SYN_GENE_0179	SYN_GENE_0179	PASS
entity	rnaseq	SYN_GENE_0180	SYN_GENE_0180	SYN_GENE_0180	PASS
entity	chipseq	SYN_GENE_0180	SYN_GENE_0180	SYN_GENE_0180	PASS
entity	rnaseq	SYN_GENE_0181	SYN_GENE_0181	SYN_GENE_0181	PASS
entity	chipseq	SYN_GENE_0181	SYN_GENE_0181	SYN_GENE_0181	PASS
entity	rnaseq	SYN_GENE_0182	SYN_GENE_0182	SYN_GENE_0182	PASS
entity	chipseq	SYN_GENE_0182	SYN_GENE_0182	SYN_GENE_0182	PASS
entity	rnaseq	SYN_GENE_0183	SYN_GENE_0183	SYN_GENE_0183	PASS
entity	chipseq	SYN_GENE_0183	SYN_GENE_0183	SYN_GENE_0183	PASS
entity	rnaseq	SYN_GENE_0184	SYN_GENE_0184	SYN_GENE_0184	PASS
entity	chipseq	SYN_GENE_0184	SYN_GENE_0184	SYN_GENE_0184	PASS
entity	rnaseq	SYN_GENE_0185	SYN_GENE_0185	SYN_GENE_0185	PASS
entity	chipseq	SYN_GENE_0185	SYN_GENE_0185	SYN_GENE_0185	PASS
entity	rnaseq	SYN_GENE_0186	SYN_GENE_0186	SYN_GENE_0186	PASS
entity	chipseq	SYN_GENE_0186	SYN_GENE_0186	SYN_GENE_0186	PASS
entity	rnaseq	SYN_GENE_0187	SYN_GENE_0187	SYN_GENE_0187	PASS
entity	chipseq	SYN_GENE_0187	SYN_GENE_0187	SYN_GENE_0187	PASS
entity	rnaseq	SYN_GENE_0188	SYN_GENE_0188	SYN_GENE_0188	PASS
entity	chipseq	SYN_GENE_0188	SYN_GENE_0188	SYN_GENE_0188	PASS
entity	rnaseq	SYN_GENE_0189	SYN_GENE_0189	SYN_GENE_0189	PASS
entity	chipseq	SYN_GENE_0189	SYN_GENE_0189	SYN_GENE_0189	PASS
entity	rnaseq	SYN_GENE_0190	SYN_GENE_0190	SYN_GENE_0190	PASS
entity	chipseq	SYN_GENE_0190	SYN_GENE_0190	SYN_GENE_0190	PASS
entity	rnaseq	SYN_GENE_0191	SYN_GENE_0191	SYN_GENE_0191	PASS
entity	chipseq	SYN_GENE_0191	SYN_GENE_0191	SYN_GENE_0191	PASS
entity	rnaseq	SYN_GENE_0192	SYN_GENE_0192	SYN_GENE_0192	PASS
entity	chipseq	SYN_GENE_0192	SYN_GENE_0192	SYN_GENE_0192	PASS
entity	rnaseq	SYN_GENE_0193	SYN_GENE_0193	SYN_GENE_0193	PASS
entity	chipseq	SYN_GENE_0193	SYN_GENE_0193	SYN_GENE_0193	PASS
entity	rnaseq	SYN_GENE_0194	SYN_GENE_0194	SYN_GENE_0194	PASS
entity	chipseq	SYN_GENE_0194	SYN_GENE_0194	SYN_GENE_0194	PASS
entity	rnaseq	SYN_GENE_0195	SYN_GENE_0195	SYN_GENE_0195	PASS
entity	chipseq	SYN_GENE_0195	SYN_GENE_0195	SYN_GENE_0195	PASS
entity	rnaseq	SYN_GENE_0196	SYN_GENE_0196	SYN_GENE_0196	PASS
entity	chipseq	SYN_GENE_0196	SYN_GENE_0196	SYN_GENE_0196	PASS
entity	rnaseq	SYN_GENE_0197	SYN_GENE_0197	SYN_GENE_0197	PASS
entity	chipseq	SYN_GENE_0197	SYN_GENE_0197	SYN_GENE_0197	PASS
entity	rnaseq	SYN_GENE_0198	SYN_GENE_0198	SYN_GENE_0198	PASS
entity	chipseq	SYN_GENE_0198	SYN_GENE_0198	SYN_GENE_0198	PASS
entity	rnaseq	SYN_GENE_0199	SYN_GENE_0199	SYN_GENE_0199	PASS
entity	chipseq	SYN_GENE_0199	SYN_GENE_0199	SYN_GENE_0199	PASS
entity	rnaseq	gene:SYN_GENE_0200	SYN_GENE_0200	SYN_GENE_0200	PASS
entity	chipseq	SYN_GENE_0200	SYN_GENE_0200	SYN_GENE_0200	PASS
entity	rnaseq	SYN_GENE_0201.1	SYN_GENE_0201	SYN_GENE_0201	PASS
entity	chipseq	SYN_GENE_0201	SYN_GENE_0201	SYN_GENE_0201	PASS
entity	rnaseq	RNA_ALIAS_0202	SYN_GENE_0202	SYN_GENE_0202	PASS
entity	chipseq	SYN_GENE_0202	SYN_GENE_0202	SYN_GENE_0202	PASS
entity	rnaseq	SYN_GENE_0203	SYN_GENE_0203	SYN_GENE_0203	PASS
entity	chipseq	SYN_GENE_0203	SYN_GENE_0203	SYN_GENE_0203	PASS
entity	rnaseq	SYN_GENE_0204	SYN_GENE_0204	SYN_GENE_0204	PASS
entity	chipseq	SYN_GENE_0204	SYN_GENE_0204	SYN_GENE_0204	PASS
entity	rnaseq	SYN_GENE_0205	SYN_GENE_0205	SYN_GENE_0205	PASS
entity	chipseq	SYN_GENE_0205	SYN_GENE_0205	SYN_GENE_0205	PASS
entity	rnaseq	SYN_GENE_0206	SYN_GENE_0206	SYN_GENE_0206	PASS
entity	chipseq	SYN_GENE_0206	SYN_GENE_0206	SYN_GENE_0206	PASS
entity	rnaseq	SYN_GENE_0207	SYN_GENE_0207	SYN_GENE_0207	PASS
entity	chipseq	SYN_GENE_0207	SYN_GENE_0207	SYN_GENE_0207	PASS
entity	rnaseq	SYN_GENE_0208	SYN_GENE_0208	SYN_GENE_0208	PASS
entity	chipseq	SYN_GENE_0208	SYN_GENE_0208	SYN_GENE_0208	PASS
entity	rnaseq	SYN_GENE_0209	SYN_GENE_0209	SYN_GENE_0209	PASS
entity	chipseq	SYN_GENE_0209	SYN_GENE_0209	SYN_GENE_0209	PASS
entity	rnaseq	SYN_GENE_0210	SYN_GENE_0210	SYN_GENE_0210	PASS
entity	chipseq	SYN_GENE_0210	SYN_GENE_0210	SYN_GENE_0210	PASS
entity	rnaseq	SYN_GENE_0211	SYN_GENE_0211	SYN_GENE_0211	PASS
entity	chipseq	SYN_GENE_0211	SYN_GENE_0211	SYN_GENE_0211	PASS
entity	rnaseq	SYN_GENE_0212	SYN_GENE_0212	SYN_GENE_0212	PASS
entity	chipseq	SYN_GENE_0212	SYN_GENE_0212	SYN_GENE_0212	PASS
entity	rnaseq	SYN_GENE_0213	SYN_GENE_0213	SYN_GENE_0213	PASS
entity	chipseq	SYN_GENE_0213	SYN_GENE_0213	SYN_GENE_0213	PASS
entity	rnaseq	SYN_GENE_0214	SYN_GENE_0214	SYN_GENE_0214	PASS
entity	chipseq	SYN_GENE_0214	SYN_GENE_0214	SYN_GENE_0214	PASS
entity	rnaseq	SYN_GENE_0215	SYN_GENE_0215	SYN_GENE_0215	PASS
entity	chipseq	SYN_GENE_0215	SYN_GENE_0215	SYN_GENE_0215	PASS
entity	rnaseq	SYN_GENE_0216	SYN_GENE_0216	SYN_GENE_0216	PASS
entity	chipseq	SYN_GENE_0216	SYN_GENE_0216	SYN_GENE_0216	PASS
entity	rnaseq	SYN_GENE_0217	SYN_GENE_0217	SYN_GENE_0217	PASS
entity	chipseq	SYN_GENE_0217	SYN_GENE_0217	SYN_GENE_0217	PASS
entity	rnaseq	SYN_GENE_0218	SYN_GENE_0218	SYN_GENE_0218	PASS
entity	chipseq	SYN_GENE_0218	SYN_GENE_0218	SYN_GENE_0218	PASS
entity	rnaseq	SYN_GENE_0219	SYN_GENE_0219	SYN_GENE_0219	PASS
entity	chipseq	SYN_GENE_0219	SYN_GENE_0219	SYN_GENE_0219	PASS
entity	rnaseq	SYN_GENE_0220	SYN_GENE_0220	SYN_GENE_0220	PASS
entity	chipseq	SYN_GENE_0220	SYN_GENE_0220	SYN_GENE_0220	PASS
entity	rnaseq	SYN_GENE_0221	SYN_GENE_0221	SYN_GENE_0221	PASS
entity	chipseq	SYN_GENE_0221	SYN_GENE_0221	SYN_GENE_0221	PASS
entity	rnaseq	SYN_GENE_0222	SYN_GENE_0222	SYN_GENE_0222	PASS
entity	chipseq	SYN_GENE_0222	SYN_GENE_0222	SYN_GENE_0222	PASS
entity	rnaseq	SYN_GENE_0223	SYN_GENE_0223	SYN_GENE_0223	PASS
entity	chipseq	SYN_GENE_0223	SYN_GENE_0223	SYN_GENE_0223	PASS
entity	rnaseq	SYN_GENE_0224	SYN_GENE_0224	SYN_GENE_0224	PASS
entity	chipseq	SYN_GENE_0224	SYN_GENE_0224	SYN_GENE_0224	PASS
entity	rnaseq	SYN_GENE_0225	SYN_GENE_0225	SYN_GENE_0225	PASS
entity	chipseq	SYN_GENE_0225	SYN_GENE_0225	SYN_GENE_0225	PASS
entity	rnaseq	SYN_GENE_0226	SYN_GENE_0226	SYN_GENE_0226	PASS
entity	chipseq	SYN_GENE_0226	SYN_GENE_0226	SYN_GENE_0226	PASS
entity	rnaseq	SYN_GENE_0227	SYN_GENE_0227	SYN_GENE_0227	PASS
entity	chipseq	SYN_GENE_0227	SYN_GENE_0227	SYN_GENE_0227	PASS
entity	rnaseq	SYN_GENE_0228	SYN_GENE_0228	SYN_GENE_0228	PASS
entity	chipseq	SYN_GENE_0228	SYN_GENE_0228	SYN_GENE_0228	PASS
entity	rnaseq	SYN_GENE_0229	SYN_GENE_0229	SYN_GENE_0229	PASS
entity	chipseq	SYN_GENE_0229	SYN_GENE_0229	SYN_GENE_0229	PASS
entity	rnaseq	SYN_GENE_0230	SYN_GENE_0230	SYN_GENE_0230	PASS
entity	chipseq	SYN_GENE_0230	SYN_GENE_0230	SYN_GENE_0230	PASS
entity	rnaseq	SYN_GENE_0231	SYN_GENE_0231	SYN_GENE_0231	PASS
entity	chipseq	SYN_GENE_0231	SYN_GENE_0231	SYN_GENE_0231	PASS
entity	rnaseq	SYN_GENE_0232	SYN_GENE_0232	SYN_GENE_0232	PASS
entity	chipseq	SYN_GENE_0232	SYN_GENE_0232	SYN_GENE_0232	PASS
entity	rnaseq	SYN_GENE_0233	SYN_GENE_0233	SYN_GENE_0233	PASS
entity	chipseq	SYN_GENE_0233	SYN_GENE_0233	SYN_GENE_0233	PASS
entity	rnaseq	SYN_GENE_0234	SYN_GENE_0234	SYN_GENE_0234	PASS
entity	chipseq	SYN_GENE_0234	SYN_GENE_0234	SYN_GENE_0234	PASS
entity	rnaseq	SYN_GENE_0235	SYN_GENE_0235	SYN_GENE_0235	PASS
entity	chipseq	SYN_GENE_0235	SYN_GENE_0235	SYN_GENE_0235	PASS
entity	rnaseq	SYN_GENE_0236	SYN_GENE_0236	SYN_GENE_0236	PASS
entity	chipseq	SYN_GENE_0236	SYN_GENE_0236	SYN_GENE_0236	PASS
entity	rnaseq	SYN_GENE_0237	SYN_GENE_0237	SYN_GENE_0237	PASS
entity	chipseq	SYN_GENE_0237	SYN_GENE_0237	SYN_GENE_0237	PASS
entity	rnaseq	SYN_GENE_0238	SYN_GENE_0238	SYN_GENE_0238	PASS
entity	chipseq	SYN_GENE_0238	SYN_GENE_0238	SYN_GENE_0238	PASS
entity	rnaseq	SYN_GENE_0239	SYN_GENE_0239	SYN_GENE_0239	PASS
entity	chipseq	SYN_GENE_0239	SYN_GENE_0239	SYN_GENE_0239	PASS
entity	rnaseq	gene:SYN_GENE_0240	SYN_GENE_0240	SYN_GENE_0240	PASS
entity	chipseq	SYN_GENE_0240	SYN_GENE_0240	SYN_GENE_0240	PASS
entity	rnaseq	SYN_GENE_0241.1	SYN_GENE_0241	SYN_GENE_0241	PASS
entity	chipseq	SYN_GENE_0241	SYN_GENE_0241	SYN_GENE_0241	PASS
entity	rnaseq	RNA_ALIAS_0242	SYN_GENE_0242	SYN_GENE_0242	PASS
entity	chipseq	SYN_GENE_0242	SYN_GENE_0242	SYN_GENE_0242	PASS
entity	rnaseq	SYN_GENE_0243	SYN_GENE_0243	SYN_GENE_0243	PASS
entity	chipseq	SYN_GENE_0243	SYN_GENE_0243	SYN_GENE_0243	PASS
entity	rnaseq	SYN_GENE_0244	SYN_GENE_0244	SYN_GENE_0244	PASS
entity	chipseq	SYN_GENE_0244	SYN_GENE_0244	SYN_GENE_0244	PASS
entity	rnaseq	SYN_GENE_0245	SYN_GENE_0245	SYN_GENE_0245	PASS
entity	chipseq	SYN_GENE_0245	SYN_GENE_0245	SYN_GENE_0245	PASS
entity	rnaseq	SYN_GENE_0246	SYN_GENE_0246	SYN_GENE_0246	PASS
entity	chipseq	SYN_GENE_0246	SYN_GENE_0246	SYN_GENE_0246	PASS
entity	rnaseq	SYN_GENE_0247	SYN_GENE_0247	SYN_GENE_0247	PASS
entity	chipseq	SYN_GENE_0247	SYN_GENE_0247	SYN_GENE_0247	PASS
entity	rnaseq	SYN_GENE_0248	SYN_GENE_0248	SYN_GENE_0248	PASS
entity	chipseq	SYN_GENE_0248	SYN_GENE_0248	SYN_GENE_0248	PASS
entity	rnaseq	SYN_GENE_0249	SYN_GENE_0249	SYN_GENE_0249	PASS
entity	chipseq	SYN_GENE_0249	SYN_GENE_0249	SYN_GENE_0249	PASS
entity	rnaseq	SYN_GENE_0250	SYN_GENE_0250	SYN_GENE_0250	PASS
entity	chipseq	SYN_GENE_0250	SYN_GENE_0250	SYN_GENE_0250	PASS
entity	rnaseq	SYN_GENE_0251	SYN_GENE_0251	SYN_GENE_0251	PASS
entity	chipseq	SYN_GENE_0251	SYN_GENE_0251	SYN_GENE_0251	PASS
entity	rnaseq	SYN_GENE_0252	SYN_GENE_0252	SYN_GENE_0252	PASS
entity	chipseq	SYN_GENE_0252	SYN_GENE_0252	SYN_GENE_0252	PASS
entity	rnaseq	SYN_GENE_0253	SYN_GENE_0253	SYN_GENE_0253	PASS
entity	chipseq	SYN_GENE_0253	SYN_GENE_0253	SYN_GENE_0253	PASS
entity	rnaseq	SYN_GENE_0254	SYN_GENE_0254	SYN_GENE_0254	PASS
entity	chipseq	SYN_GENE_0254	SYN_GENE_0254	SYN_GENE_0254	PASS
entity	rnaseq	SYN_GENE_0255	SYN_GENE_0255	SYN_GENE_0255	PASS
entity	chipseq	SYN_GENE_0255	SYN_GENE_0255	SYN_GENE_0255	PASS
entity	rnaseq	SYN_GENE_0256	SYN_GENE_0256	SYN_GENE_0256	PASS
entity	chipseq	SYN_GENE_0256	SYN_GENE_0256	SYN_GENE_0256	PASS
entity	rnaseq	SYN_GENE_0257	SYN_GENE_0257	SYN_GENE_0257	PASS
entity	chipseq	SYN_GENE_0257	SYN_GENE_0257	SYN_GENE_0257	PASS
entity	rnaseq	SYN_GENE_0258	SYN_GENE_0258	SYN_GENE_0258	PASS
entity	chipseq	SYN_GENE_0258	SYN_GENE_0258	SYN_GENE_0258	PASS
entity	rnaseq	SYN_GENE_0259	SYN_GENE_0259	SYN_GENE_0259	PASS
entity	chipseq	SYN_GENE_0259	SYN_GENE_0259	SYN_GENE_0259	PASS
entity	rnaseq	SYN_GENE_0260	SYN_GENE_0260	SYN_GENE_0260	PASS
entity	chipseq	SYN_GENE_0260	SYN_GENE_0260	SYN_GENE_0260	PASS
entity	rnaseq	SYN_GENE_0261	SYN_GENE_0261	SYN_GENE_0261	PASS
entity	chipseq	SYN_GENE_0261	SYN_GENE_0261	SYN_GENE_0261	PASS
entity	rnaseq	SYN_GENE_0262	SYN_GENE_0262	SYN_GENE_0262	PASS
entity	chipseq	SYN_GENE_0262	SYN_GENE_0262	SYN_GENE_0262	PASS
entity	rnaseq	SYN_GENE_0263	SYN_GENE_0263	SYN_GENE_0263	PASS
entity	chipseq	SYN_GENE_0263	SYN_GENE_0263	SYN_GENE_0263	PASS
entity	rnaseq	SYN_GENE_0264	SYN_GENE_0264	SYN_GENE_0264	PASS
entity	chipseq	SYN_GENE_0264	SYN_GENE_0264	SYN_GENE_0264	PASS
entity	rnaseq	SYN_GENE_0265	SYN_GENE_0265	SYN_GENE_0265	PASS
entity	chipseq	SYN_GENE_0265	SYN_GENE_0265	SYN_GENE_0265	PASS
entity	rnaseq	SYN_GENE_0266	SYN_GENE_0266	SYN_GENE_0266	PASS
entity	chipseq	SYN_GENE_0266	SYN_GENE_0266	SYN_GENE_0266	PASS
entity	rnaseq	SYN_GENE_0267	SYN_GENE_0267	SYN_GENE_0267	PASS
entity	chipseq	SYN_GENE_0267	SYN_GENE_0267	SYN_GENE_0267	PASS
entity	rnaseq	SYN_GENE_0268	SYN_GENE_0268	SYN_GENE_0268	PASS
entity	chipseq	SYN_GENE_0268	SYN_GENE_0268	SYN_GENE_0268	PASS
entity	rnaseq	SYN_GENE_0269	SYN_GENE_0269	SYN_GENE_0269	PASS
entity	chipseq	SYN_GENE_0269	SYN_GENE_0269	SYN_GENE_0269	PASS
entity	rnaseq	SYN_GENE_0270	SYN_GENE_0270	SYN_GENE_0270	PASS
entity	chipseq	SYN_GENE_0270	SYN_GENE_0270	SYN_GENE_0270	PASS
entity	rnaseq	SYN_GENE_0271	SYN_GENE_0271	SYN_GENE_0271	PASS
entity	chipseq	SYN_GENE_0271	SYN_GENE_0271	SYN_GENE_0271	PASS
entity	rnaseq	SYN_GENE_0272	SYN_GENE_0272	SYN_GENE_0272	PASS
entity	chipseq	SYN_GENE_0272	SYN_GENE_0272	SYN_GENE_0272	PASS
entity	rnaseq	SYN_GENE_0273	SYN_GENE_0273	SYN_GENE_0273	PASS
entity	chipseq	SYN_GENE_0273	SYN_GENE_0273	SYN_GENE_0273	PASS
entity	rnaseq	SYN_GENE_0274	SYN_GENE_0274	SYN_GENE_0274	PASS
entity	chipseq	SYN_GENE_0274	SYN_GENE_0274	SYN_GENE_0274	PASS
entity	rnaseq	SYN_GENE_0275	SYN_GENE_0275	SYN_GENE_0275	PASS
entity	chipseq	SYN_GENE_0275	SYN_GENE_0275	SYN_GENE_0275	PASS
entity	rnaseq	SYN_GENE_0276	SYN_GENE_0276	SYN_GENE_0276	PASS
entity	chipseq	SYN_GENE_0276	SYN_GENE_0276	SYN_GENE_0276	PASS
entity	rnaseq	SYN_GENE_0277	SYN_GENE_0277	SYN_GENE_0277	PASS
entity	chipseq	SYN_GENE_0277	SYN_GENE_0277	SYN_GENE_0277	PASS
entity	rnaseq	SYN_GENE_0278	SYN_GENE_0278	SYN_GENE_0278	PASS
entity	chipseq	SYN_GENE_0278	SYN_GENE_0278	SYN_GENE_0278	PASS
entity	rnaseq	SYN_GENE_0279	SYN_GENE_0279	SYN_GENE_0279	PASS
entity	chipseq	SYN_GENE_0279	SYN_GENE_0279	SYN_GENE_0279	PASS
entity	rnaseq	gene:SYN_GENE_0280	SYN_GENE_0280	SYN_GENE_0280	PASS
entity	chipseq	SYN_GENE_0280	SYN_GENE_0280	SYN_GENE_0280	PASS
entity	rnaseq	SYN_GENE_0281.1	SYN_GENE_0281	SYN_GENE_0281	PASS
entity	chipseq	SYN_GENE_0281	SYN_GENE_0281	SYN_GENE_0281	PASS
entity	rnaseq	RNA_ALIAS_0282	SYN_GENE_0282	SYN_GENE_0282	PASS
entity	chipseq	SYN_GENE_0282	SYN_GENE_0282	SYN_GENE_0282	PASS
entity	rnaseq	SYN_GENE_0283	SYN_GENE_0283	SYN_GENE_0283	PASS
entity	chipseq	SYN_GENE_0283	SYN_GENE_0283	SYN_GENE_0283	PASS
entity	rnaseq	SYN_GENE_0284	SYN_GENE_0284	SYN_GENE_0284	PASS
entity	chipseq	SYN_GENE_0284	SYN_GENE_0284	SYN_GENE_0284	PASS
entity	rnaseq	SYN_GENE_0285	SYN_GENE_0285	SYN_GENE_0285	PASS
entity	chipseq	SYN_GENE_0285	SYN_GENE_0285	SYN_GENE_0285	PASS
entity	rnaseq	SYN_GENE_0286	SYN_GENE_0286	SYN_GENE_0286	PASS
entity	chipseq	SYN_GENE_0286	SYN_GENE_0286	SYN_GENE_0286	PASS
entity	rnaseq	SYN_GENE_0287	SYN_GENE_0287	SYN_GENE_0287	PASS
entity	chipseq	SYN_GENE_0287	SYN_GENE_0287	SYN_GENE_0287	PASS
entity	rnaseq	SYN_GENE_0288	SYN_GENE_0288	SYN_GENE_0288	PASS
entity	chipseq	SYN_GENE_0288	SYN_GENE_0288	SYN_GENE_0288	PASS
entity	rnaseq	SYN_GENE_0289	SYN_GENE_0289	SYN_GENE_0289	PASS
entity	chipseq	SYN_GENE_0289	SYN_GENE_0289	SYN_GENE_0289	PASS
entity	rnaseq	SYN_GENE_0290	SYN_GENE_0290	SYN_GENE_0290	PASS
entity	chipseq	SYN_GENE_0290	SYN_GENE_0290	SYN_GENE_0290	PASS
entity	rnaseq	SYN_GENE_0291	SYN_GENE_0291	SYN_GENE_0291	PASS
entity	chipseq	SYN_GENE_0291	SYN_GENE_0291	SYN_GENE_0291	PASS
entity	rnaseq	SYN_GENE_0292	SYN_GENE_0292	SYN_GENE_0292	PASS
entity	chipseq	SYN_GENE_0292	SYN_GENE_0292	SYN_GENE_0292	PASS
entity	rnaseq	SYN_GENE_0293	SYN_GENE_0293	SYN_GENE_0293	PASS
entity	chipseq	SYN_GENE_0293	SYN_GENE_0293	SYN_GENE_0293	PASS
entity	rnaseq	SYN_GENE_0294	SYN_GENE_0294	SYN_GENE_0294	PASS
entity	chipseq	SYN_GENE_0294	SYN_GENE_0294	SYN_GENE_0294	PASS
entity	rnaseq	SYN_GENE_0295	SYN_GENE_0295	SYN_GENE_0295	PASS
entity	chipseq	SYN_GENE_0295	SYN_GENE_0295	SYN_GENE_0295	PASS
entity	rnaseq	SYN_GENE_0296	SYN_GENE_0296	SYN_GENE_0296	PASS
entity	chipseq	SYN_GENE_0296	SYN_GENE_0296	SYN_GENE_0296	PASS
entity	rnaseq	SYN_GENE_0297	SYN_GENE_0297	SYN_GENE_0297	PASS
entity	chipseq	SYN_GENE_0297	SYN_GENE_0297	SYN_GENE_0297	PASS
entity	rnaseq	SYN_GENE_0298	SYN_GENE_0298	SYN_GENE_0298	PASS
entity	chipseq	SYN_GENE_0298	SYN_GENE_0298	SYN_GENE_0298	PASS
entity	rnaseq	SYN_GENE_0299	SYN_GENE_0299	SYN_GENE_0299	PASS
entity	chipseq	SYN_GENE_0299	SYN_GENE_0299	SYN_GENE_0299	PASS
entity	rnaseq	SYN_GENE_0300	SYN_GENE_0300	SYN_GENE_0300	PASS
entity	chipseq	SYN_GENE_0300	SYN_GENE_0300	SYN_GENE_0300	PASS
entity	rnaseq	SYN_GENE_0301	SYN_GENE_0301	SYN_GENE_0301	PASS
entity	chipseq	SYN_GENE_0301	SYN_GENE_0301	SYN_GENE_0301	PASS
entity	rnaseq	SYN_GENE_0302	SYN_GENE_0302	SYN_GENE_0302	PASS
entity	chipseq	SYN_GENE_0302	SYN_GENE_0302	SYN_GENE_0302	PASS
entity	rnaseq	SYN_GENE_0303	SYN_GENE_0303	SYN_GENE_0303	PASS
entity	chipseq	SYN_GENE_0303	SYN_GENE_0303	SYN_GENE_0303	PASS
entity	rnaseq	SYN_GENE_0304	SYN_GENE_0304	SYN_GENE_0304	PASS
entity	chipseq	SYN_GENE_0304	SYN_GENE_0304	SYN_GENE_0304	PASS
entity	rnaseq	SYN_GENE_0305	SYN_GENE_0305	SYN_GENE_0305	PASS
entity	chipseq	SYN_GENE_0305	SYN_GENE_0305	SYN_GENE_0305	PASS
entity	rnaseq	SYN_GENE_0306	SYN_GENE_0306	SYN_GENE_0306	PASS
entity	chipseq	SYN_GENE_0306	SYN_GENE_0306	SYN_GENE_0306	PASS
entity	rnaseq	SYN_GENE_0307	SYN_GENE_0307	SYN_GENE_0307	PASS
entity	chipseq	SYN_GENE_0307	SYN_GENE_0307	SYN_GENE_0307	PASS
entity	rnaseq	SYN_GENE_0308	SYN_GENE_0308	SYN_GENE_0308	PASS
entity	chipseq	SYN_GENE_0308	SYN_GENE_0308	SYN_GENE_0308	PASS
entity	rnaseq	SYN_GENE_0309	SYN_GENE_0309	SYN_GENE_0309	PASS
entity	chipseq	SYN_GENE_0309	SYN_GENE_0309	SYN_GENE_0309	PASS
entity	rnaseq	SYN_GENE_0310	SYN_GENE_0310	SYN_GENE_0310	PASS
entity	chipseq	SYN_GENE_0310	SYN_GENE_0310	SYN_GENE_0310	PASS
entity	rnaseq	SYN_GENE_0311	SYN_GENE_0311	SYN_GENE_0311	PASS
entity	chipseq	SYN_GENE_0311	SYN_GENE_0311	SYN_GENE_0311	PASS
entity	rnaseq	SYN_GENE_0312	SYN_GENE_0312	SYN_GENE_0312	PASS
entity	chipseq	SYN_GENE_0312	SYN_GENE_0312	SYN_GENE_0312	PASS
entity	rnaseq	SYN_GENE_0313	SYN_GENE_0313	SYN_GENE_0313	PASS
entity	chipseq	SYN_GENE_0313	SYN_GENE_0313	SYN_GENE_0313	PASS
entity	rnaseq	SYN_GENE_0314	SYN_GENE_0314	SYN_GENE_0314	PASS
entity	chipseq	SYN_GENE_0314	SYN_GENE_0314	SYN_GENE_0314	PASS
entity	rnaseq	SYN_GENE_0315	SYN_GENE_0315	SYN_GENE_0315	PASS
entity	chipseq	SYN_GENE_0315	SYN_GENE_0315	SYN_GENE_0315	PASS
entity	rnaseq	SYN_GENE_0316	SYN_GENE_0316	SYN_GENE_0316	PASS
entity	chipseq	SYN_GENE_0316	SYN_GENE_0316	SYN_GENE_0316	PASS
entity	rnaseq	SYN_GENE_0317	SYN_GENE_0317	SYN_GENE_0317	PASS
entity	chipseq	SYN_GENE_0317	SYN_GENE_0317	SYN_GENE_0317	PASS
entity	rnaseq	SYN_GENE_0318	SYN_GENE_0318	SYN_GENE_0318	PASS
entity	chipseq	SYN_GENE_0318	SYN_GENE_0318	SYN_GENE_0318	PASS
entity	rnaseq	SYN_GENE_0319	SYN_GENE_0319	SYN_GENE_0319	PASS
entity	chipseq	SYN_GENE_0319	SYN_GENE_0319	SYN_GENE_0319	PASS
entity	rnaseq	gene:SYN_GENE_0320	SYN_GENE_0320	SYN_GENE_0320	PASS
entity	chipseq	SYN_GENE_0320	SYN_GENE_0320	SYN_GENE_0320	PASS
entity	rnaseq	SYN_GENE_0321.1	SYN_GENE_0321	SYN_GENE_0321	PASS
entity	chipseq	SYN_GENE_0321	SYN_GENE_0321	SYN_GENE_0321	PASS
entity	rnaseq	RNA_ALIAS_0322	SYN_GENE_0322	SYN_GENE_0322	PASS
entity	chipseq	SYN_GENE_0322	SYN_GENE_0322	SYN_GENE_0322	PASS
entity	rnaseq	SYN_GENE_0323	SYN_GENE_0323	SYN_GENE_0323	PASS
entity	chipseq	SYN_GENE_0323	SYN_GENE_0323	SYN_GENE_0323	PASS
entity	rnaseq	SYN_GENE_0324	SYN_GENE_0324	SYN_GENE_0324	PASS
entity	chipseq	SYN_GENE_0324	SYN_GENE_0324	SYN_GENE_0324	PASS
entity	rnaseq	SYN_GENE_0325	SYN_GENE_0325	SYN_GENE_0325	PASS
entity	chipseq	SYN_GENE_0325	SYN_GENE_0325	SYN_GENE_0325	PASS
entity	rnaseq	SYN_GENE_0326	SYN_GENE_0326	SYN_GENE_0326	PASS
entity	chipseq	SYN_GENE_0326	SYN_GENE_0326	SYN_GENE_0326	PASS
entity	rnaseq	SYN_GENE_0327	SYN_GENE_0327	SYN_GENE_0327	PASS
entity	chipseq	SYN_GENE_0327	SYN_GENE_0327	SYN_GENE_0327	PASS
entity	rnaseq	SYN_GENE_0328	SYN_GENE_0328	SYN_GENE_0328	PASS
entity	chipseq	SYN_GENE_0328	SYN_GENE_0328	SYN_GENE_0328	PASS
entity	rnaseq	SYN_GENE_0329	SYN_GENE_0329	SYN_GENE_0329	PASS
entity	chipseq	SYN_GENE_0329	SYN_GENE_0329	SYN_GENE_0329	PASS
entity	rnaseq	SYN_GENE_0330	SYN_GENE_0330	SYN_GENE_0330	PASS
entity	chipseq	SYN_GENE_0330	SYN_GENE_0330	SYN_GENE_0330	PASS
entity	rnaseq	SYN_GENE_0331	SYN_GENE_0331	SYN_GENE_0331	PASS
entity	chipseq	SYN_GENE_0331	SYN_GENE_0331	SYN_GENE_0331	PASS
entity	rnaseq	SYN_GENE_0332	SYN_GENE_0332	SYN_GENE_0332	PASS
entity	chipseq	SYN_GENE_0332	SYN_GENE_0332	SYN_GENE_0332	PASS
entity	rnaseq	SYN_GENE_0333	SYN_GENE_0333	SYN_GENE_0333	PASS
entity	chipseq	SYN_GENE_0333	SYN_GENE_0333	SYN_GENE_0333	PASS
entity	rnaseq	SYN_GENE_0334	SYN_GENE_0334	SYN_GENE_0334	PASS
entity	chipseq	SYN_GENE_0334	SYN_GENE_0334	SYN_GENE_0334	PASS
entity	rnaseq	SYN_GENE_0335	SYN_GENE_0335	SYN_GENE_0335	PASS
entity	chipseq	SYN_GENE_0335	SYN_GENE_0335	SYN_GENE_0335	PASS
entity	rnaseq	SYN_GENE_0336	SYN_GENE_0336	SYN_GENE_0336	PASS
entity	chipseq	SYN_GENE_0336	SYN_GENE_0336	SYN_GENE_0336	PASS
entity	rnaseq	SYN_GENE_0337	SYN_GENE_0337	SYN_GENE_0337	PASS
entity	chipseq	SYN_GENE_0337	SYN_GENE_0337	SYN_GENE_0337	PASS
entity	rnaseq	SYN_GENE_0338	SYN_GENE_0338	SYN_GENE_0338	PASS
entity	chipseq	SYN_GENE_0338	SYN_GENE_0338	SYN_GENE_0338	PASS
entity	rnaseq	SYN_GENE_0339	SYN_GENE_0339	SYN_GENE_0339	PASS
entity	chipseq	SYN_GENE_0339	SYN_GENE_0339	SYN_GENE_0339	PASS
entity	rnaseq	SYN_GENE_0340	SYN_GENE_0340	SYN_GENE_0340	PASS
entity	chipseq	SYN_GENE_0340	SYN_GENE_0340	SYN_GENE_0340	PASS
entity	rnaseq	SYN_GENE_0341	SYN_GENE_0341	SYN_GENE_0341	PASS
entity	chipseq	SYN_GENE_0341	SYN_GENE_0341	SYN_GENE_0341	PASS
entity	rnaseq	SYN_GENE_0342	SYN_GENE_0342	SYN_GENE_0342	PASS
entity	chipseq	SYN_GENE_0342	SYN_GENE_0342	SYN_GENE_0342	PASS
entity	rnaseq	SYN_GENE_0343	SYN_GENE_0343	SYN_GENE_0343	PASS
entity	chipseq	SYN_GENE_0343	SYN_GENE_0343	SYN_GENE_0343	PASS
entity	rnaseq	SYN_GENE_0344	SYN_GENE_0344	SYN_GENE_0344	PASS
entity	chipseq	SYN_GENE_0344	SYN_GENE_0344	SYN_GENE_0344	PASS
entity	rnaseq	SYN_GENE_0345	SYN_GENE_0345	SYN_GENE_0345	PASS
entity	chipseq	SYN_GENE_0345	SYN_GENE_0345	SYN_GENE_0345	PASS
entity	rnaseq	SYN_GENE_0346	SYN_GENE_0346	SYN_GENE_0346	PASS
entity	chipseq	SYN_GENE_0346	SYN_GENE_0346	SYN_GENE_0346	PASS
entity	rnaseq	SYN_GENE_0347	SYN_GENE_0347	SYN_GENE_0347	PASS
entity	chipseq	SYN_GENE_0347	SYN_GENE_0347	SYN_GENE_0347	PASS
entity	rnaseq	SYN_GENE_0348	SYN_GENE_0348	SYN_GENE_0348	PASS
entity	chipseq	SYN_GENE_0348	SYN_GENE_0348	SYN_GENE_0348	PASS
entity	rnaseq	SYN_GENE_0349	SYN_GENE_0349	SYN_GENE_0349	PASS
entity	chipseq	SYN_GENE_0349	SYN_GENE_0349	SYN_GENE_0349	PASS
entity	rnaseq	SYN_GENE_0350	SYN_GENE_0350	SYN_GENE_0350	PASS
entity	chipseq	SYN_GENE_0350	SYN_GENE_0350	SYN_GENE_0350	PASS
entity	rnaseq	SYN_GENE_0351	SYN_GENE_0351	SYN_GENE_0351	PASS
entity	chipseq	SYN_GENE_0351	SYN_GENE_0351	SYN_GENE_0351	PASS
entity	rnaseq	SYN_GENE_0352	SYN_GENE_0352	SYN_GENE_0352	PASS
entity	chipseq	SYN_GENE_0352	SYN_GENE_0352	SYN_GENE_0352	PASS
entity	rnaseq	SYN_GENE_0353	SYN_GENE_0353	SYN_GENE_0353	PASS
entity	chipseq	SYN_GENE_0353	SYN_GENE_0353	SYN_GENE_0353	PASS
entity	rnaseq	SYN_GENE_0354	SYN_GENE_0354	SYN_GENE_0354	PASS
entity	chipseq	SYN_GENE_0354	SYN_GENE_0354	SYN_GENE_0354	PASS
entity	rnaseq	SYN_GENE_0355	SYN_GENE_0355	SYN_GENE_0355	PASS
entity	chipseq	SYN_GENE_0355	SYN_GENE_0355	SYN_GENE_0355	PASS
entity	rnaseq	SYN_GENE_0356	SYN_GENE_0356	SYN_GENE_0356	PASS
entity	chipseq	SYN_GENE_0356	SYN_GENE_0356	SYN_GENE_0356	PASS
entity	rnaseq	SYN_GENE_0357	SYN_GENE_0357	SYN_GENE_0357	PASS
entity	chipseq	SYN_GENE_0357	SYN_GENE_0357	SYN_GENE_0357	PASS
entity	rnaseq	SYN_GENE_0358	SYN_GENE_0358	SYN_GENE_0358	PASS
entity	chipseq	SYN_GENE_0358	SYN_GENE_0358	SYN_GENE_0358	PASS
entity	rnaseq	SYN_GENE_0359	SYN_GENE_0359	SYN_GENE_0359	PASS
entity	chipseq	SYN_GENE_0359	SYN_GENE_0359	SYN_GENE_0359	PASS
entity	rnaseq	gene:SYN_GENE_0360	SYN_GENE_0360	SYN_GENE_0360	PASS
entity	chipseq	SYN_GENE_0360	SYN_GENE_0360	SYN_GENE_0360	PASS
entity	rnaseq	SYN_GENE_0361.1	SYN_GENE_0361	SYN_GENE_0361	PASS
entity	chipseq	SYN_GENE_0361	SYN_GENE_0361	SYN_GENE_0361	PASS
entity	rnaseq	RNA_ALIAS_0362	SYN_GENE_0362	SYN_GENE_0362	PASS
entity	chipseq	SYN_GENE_0362	SYN_GENE_0362	SYN_GENE_0362	PASS
entity	rnaseq	SYN_GENE_0363	SYN_GENE_0363	SYN_GENE_0363	PASS
entity	chipseq	SYN_GENE_0363	SYN_GENE_0363	SYN_GENE_0363	PASS
entity	rnaseq	SYN_GENE_0364	SYN_GENE_0364	SYN_GENE_0364	PASS
entity	chipseq	SYN_GENE_0364	SYN_GENE_0364	SYN_GENE_0364	PASS
entity	rnaseq	SYN_GENE_0365	SYN_GENE_0365	SYN_GENE_0365	PASS
entity	chipseq	SYN_GENE_0365	SYN_GENE_0365	SYN_GENE_0365	PASS
entity	rnaseq	SYN_GENE_0366	SYN_GENE_0366	SYN_GENE_0366	PASS
entity	chipseq	SYN_GENE_0366	SYN_GENE_0366	SYN_GENE_0366	PASS
entity	rnaseq	SYN_GENE_0367	SYN_GENE_0367	SYN_GENE_0367	PASS
entity	chipseq	SYN_GENE_0367	SYN_GENE_0367	SYN_GENE_0367	PASS
entity	rnaseq	SYN_GENE_0368	SYN_GENE_0368	SYN_GENE_0368	PASS
entity	chipseq	SYN_GENE_0368	SYN_GENE_0368	SYN_GENE_0368	PASS
entity	rnaseq	SYN_GENE_0369	SYN_GENE_0369	SYN_GENE_0369	PASS
entity	chipseq	SYN_GENE_0369	SYN_GENE_0369	SYN_GENE_0369	PASS
entity	rnaseq	SYN_GENE_0370	SYN_GENE_0370	SYN_GENE_0370	PASS
entity	chipseq	SYN_GENE_0370	SYN_GENE_0370	SYN_GENE_0370	PASS
entity	rnaseq	SYN_GENE_0371	SYN_GENE_0371	SYN_GENE_0371	PASS
entity	chipseq	SYN_GENE_0371	SYN_GENE_0371	SYN_GENE_0371	PASS
entity	rnaseq	SYN_GENE_0372	SYN_GENE_0372	SYN_GENE_0372	PASS
entity	chipseq	SYN_GENE_0372	SYN_GENE_0372	SYN_GENE_0372	PASS
entity	rnaseq	SYN_GENE_0373	SYN_GENE_0373	SYN_GENE_0373	PASS
entity	chipseq	SYN_GENE_0373	SYN_GENE_0373	SYN_GENE_0373	PASS
entity	rnaseq	SYN_GENE_0374	SYN_GENE_0374	SYN_GENE_0374	PASS
entity	chipseq	SYN_GENE_0374	SYN_GENE_0374	SYN_GENE_0374	PASS
entity	rnaseq	SYN_GENE_0375	SYN_GENE_0375	SYN_GENE_0375	PASS
entity	chipseq	SYN_GENE_0375	SYN_GENE_0375	SYN_GENE_0375	PASS
entity	rnaseq	SYN_GENE_0376	SYN_GENE_0376	SYN_GENE_0376	PASS
entity	chipseq	SYN_GENE_0376	SYN_GENE_0376	SYN_GENE_0376	PASS
entity	rnaseq	SYN_GENE_0377	SYN_GENE_0377	SYN_GENE_0377	PASS
entity	chipseq	SYN_GENE_0377	SYN_GENE_0377	SYN_GENE_0377	PASS
entity	rnaseq	SYN_GENE_0378	SYN_GENE_0378	SYN_GENE_0378	PASS
entity	chipseq	SYN_GENE_0378	SYN_GENE_0378	SYN_GENE_0378	PASS
entity	rnaseq	SYN_GENE_0379	SYN_GENE_0379	SYN_GENE_0379	PASS
entity	chipseq	SYN_GENE_0379	SYN_GENE_0379	SYN_GENE_0379	PASS
entity	rnaseq	SYN_GENE_0380	SYN_GENE_0380	SYN_GENE_0380	PASS
entity	chipseq	SYN_GENE_0380	SYN_GENE_0380	SYN_GENE_0380	PASS
entity	rnaseq	SYN_GENE_0381	SYN_GENE_0381	SYN_GENE_0381	PASS
entity	chipseq	SYN_GENE_0381	SYN_GENE_0381	SYN_GENE_0381	PASS
entity	rnaseq	SYN_GENE_0382	SYN_GENE_0382	SYN_GENE_0382	PASS
entity	chipseq	SYN_GENE_0382	SYN_GENE_0382	SYN_GENE_0382	PASS
entity	rnaseq	SYN_GENE_0383	SYN_GENE_0383	SYN_GENE_0383	PASS
entity	chipseq	SYN_GENE_0383	SYN_GENE_0383	SYN_GENE_0383	PASS
entity	rnaseq	SYN_GENE_0384	SYN_GENE_0384	SYN_GENE_0384	PASS
entity	chipseq	SYN_GENE_0384	SYN_GENE_0384	SYN_GENE_0384	PASS
entity	rnaseq	SYN_GENE_0385	SYN_GENE_0385	SYN_GENE_0385	PASS
entity	chipseq	SYN_GENE_0385	SYN_GENE_0385	SYN_GENE_0385	PASS
entity	rnaseq	SYN_GENE_0386	SYN_GENE_0386	SYN_GENE_0386	PASS
entity	chipseq	SYN_GENE_0386	SYN_GENE_0386	SYN_GENE_0386	PASS
entity	rnaseq	SYN_GENE_0387	SYN_GENE_0387	SYN_GENE_0387	PASS
entity	chipseq	SYN_GENE_0387	SYN_GENE_0387	SYN_GENE_0387	PASS
entity	rnaseq	SYN_GENE_0388	SYN_GENE_0388	SYN_GENE_0388	PASS
entity	chipseq	SYN_GENE_0388	SYN_GENE_0388	SYN_GENE_0388	PASS
entity	rnaseq	SYN_GENE_0389	SYN_GENE_0389	SYN_GENE_0389	PASS
entity	chipseq	SYN_GENE_0389	SYN_GENE_0389	SYN_GENE_0389	PASS
entity	rnaseq	SYN_GENE_0390	SYN_GENE_0390	SYN_GENE_0390	PASS
entity	chipseq	SYN_GENE_0390	SYN_GENE_0390	SYN_GENE_0390	PASS
entity	rnaseq	SYN_GENE_0391	SYN_GENE_0391	SYN_GENE_0391	PASS
entity	chipseq	SYN_GENE_0391	SYN_GENE_0391	SYN_GENE_0391	PASS
entity	rnaseq	SYN_GENE_0392	SYN_GENE_0392	SYN_GENE_0392	PASS
entity	chipseq	SYN_GENE_0392	SYN_GENE_0392	SYN_GENE_0392	PASS
entity	rnaseq	SYN_GENE_0393	SYN_GENE_0393	SYN_GENE_0393	PASS
entity	chipseq	SYN_GENE_0393	SYN_GENE_0393	SYN_GENE_0393	PASS
entity	rnaseq	SYN_GENE_0394	SYN_GENE_0394	SYN_GENE_0394	PASS
entity	chipseq	SYN_GENE_0394	SYN_GENE_0394	SYN_GENE_0394	PASS
entity	rnaseq	SYN_GENE_0395	SYN_GENE_0395	SYN_GENE_0395	PASS
entity	chipseq	SYN_GENE_0395	SYN_GENE_0395	SYN_GENE_0395	PASS
entity	rnaseq	SYN_GENE_0396	SYN_GENE_0396	SYN_GENE_0396	PASS
entity	chipseq	SYN_GENE_0396	SYN_GENE_0396	SYN_GENE_0396	PASS
entity	rnaseq	SYN_GENE_0397	SYN_GENE_0397	SYN_GENE_0397	PASS
entity	chipseq	SYN_GENE_0397	SYN_GENE_0397	SYN_GENE_0397	PASS
entity	rnaseq	SYN_GENE_0398	SYN_GENE_0398	SYN_GENE_0398	PASS
entity	chipseq	SYN_GENE_0398	SYN_GENE_0398	SYN_GENE_0398	PASS
entity	rnaseq	SYN_GENE_0399	SYN_GENE_0399	SYN_GENE_0399	PASS
entity	chipseq	SYN_GENE_0399	SYN_GENE_0399	SYN_GENE_0399	PASS
entity	rnaseq	gene:SYN_GENE_0400	SYN_GENE_0400	SYN_GENE_0400	PASS
entity	chipseq	SYN_GENE_0400	SYN_GENE_0400	SYN_GENE_0400	PASS
entity	rnaseq	SYN_GENE_0401.1	SYN_GENE_0401	SYN_GENE_0401	PASS
entity	chipseq	SYN_GENE_0401	SYN_GENE_0401	SYN_GENE_0401	PASS
entity	rnaseq	RNA_ALIAS_0402	SYN_GENE_0402	SYN_GENE_0402	PASS
entity	chipseq	SYN_GENE_0402	SYN_GENE_0402	SYN_GENE_0402	PASS
entity	rnaseq	SYN_GENE_0403	SYN_GENE_0403	SYN_GENE_0403	PASS
entity	chipseq	SYN_GENE_0403	SYN_GENE_0403	SYN_GENE_0403	PASS
entity	rnaseq	SYN_GENE_0404	SYN_GENE_0404	SYN_GENE_0404	PASS
entity	chipseq	SYN_GENE_0404	SYN_GENE_0404	SYN_GENE_0404	PASS
entity	rnaseq	SYN_GENE_0405	SYN_GENE_0405	SYN_GENE_0405	PASS
entity	chipseq	SYN_GENE_0405	SYN_GENE_0405	SYN_GENE_0405	PASS
entity	rnaseq	SYN_GENE_0406	SYN_GENE_0406	SYN_GENE_0406	PASS
entity	chipseq	SYN_GENE_0406	SYN_GENE_0406	SYN_GENE_0406	PASS
entity	rnaseq	SYN_GENE_0407	SYN_GENE_0407	SYN_GENE_0407	PASS
entity	chipseq	SYN_GENE_0407	SYN_GENE_0407	SYN_GENE_0407	PASS
entity	rnaseq	SYN_GENE_0408	SYN_GENE_0408	SYN_GENE_0408	PASS
entity	chipseq	SYN_GENE_0408	SYN_GENE_0408	SYN_GENE_0408	PASS
entity	rnaseq	SYN_GENE_0409	SYN_GENE_0409	SYN_GENE_0409	PASS
entity	chipseq	SYN_GENE_0409	SYN_GENE_0409	SYN_GENE_0409	PASS
entity	rnaseq	SYN_GENE_0410	SYN_GENE_0410	SYN_GENE_0410	PASS
entity	chipseq	SYN_GENE_0410	SYN_GENE_0410	SYN_GENE_0410	PASS
entity	rnaseq	SYN_GENE_0411	SYN_GENE_0411	SYN_GENE_0411	PASS
entity	chipseq	SYN_GENE_0411	SYN_GENE_0411	SYN_GENE_0411	PASS
entity	rnaseq	SYN_GENE_0412	SYN_GENE_0412	SYN_GENE_0412	PASS
entity	chipseq	SYN_GENE_0412	SYN_GENE_0412	SYN_GENE_0412	PASS
entity	rnaseq	SYN_GENE_0413	SYN_GENE_0413	SYN_GENE_0413	PASS
entity	chipseq	SYN_GENE_0413	SYN_GENE_0413	SYN_GENE_0413	PASS
entity	rnaseq	SYN_GENE_0414	SYN_GENE_0414	SYN_GENE_0414	PASS
entity	chipseq	SYN_GENE_0414	SYN_GENE_0414	SYN_GENE_0414	PASS
entity	rnaseq	SYN_GENE_0415	SYN_GENE_0415	SYN_GENE_0415	PASS
entity	chipseq	SYN_GENE_0415	SYN_GENE_0415	SYN_GENE_0415	PASS
entity	rnaseq	SYN_GENE_0416	SYN_GENE_0416	SYN_GENE_0416	PASS
entity	chipseq	SYN_GENE_0416	SYN_GENE_0416	SYN_GENE_0416	PASS
entity	rnaseq	SYN_GENE_0417	SYN_GENE_0417	SYN_GENE_0417	PASS
entity	chipseq	SYN_GENE_0417	SYN_GENE_0417	SYN_GENE_0417	PASS
entity	rnaseq	SYN_GENE_0418	SYN_GENE_0418	SYN_GENE_0418	PASS
entity	chipseq	SYN_GENE_0418	SYN_GENE_0418	SYN_GENE_0418	PASS
entity	rnaseq	SYN_GENE_0419	SYN_GENE_0419	SYN_GENE_0419	PASS
entity	chipseq	SYN_GENE_0419	SYN_GENE_0419	SYN_GENE_0419	PASS
entity	rnaseq	SYN_GENE_0420	SYN_GENE_0420	SYN_GENE_0420	PASS
entity	chipseq	SYN_GENE_0420	SYN_GENE_0420	SYN_GENE_0420	PASS
entity	rnaseq	SYN_GENE_0421	SYN_GENE_0421	SYN_GENE_0421	PASS
entity	chipseq	SYN_GENE_0421	SYN_GENE_0421	SYN_GENE_0421	PASS
entity	rnaseq	SYN_GENE_0422	SYN_GENE_0422	SYN_GENE_0422	PASS
entity	chipseq	SYN_GENE_0422	SYN_GENE_0422	SYN_GENE_0422	PASS
entity	rnaseq	SYN_GENE_0423	SYN_GENE_0423	SYN_GENE_0423	PASS
entity	chipseq	SYN_GENE_0423	SYN_GENE_0423	SYN_GENE_0423	PASS
entity	rnaseq	SYN_GENE_0424	SYN_GENE_0424	SYN_GENE_0424	PASS
entity	chipseq	SYN_GENE_0424	SYN_GENE_0424	SYN_GENE_0424	PASS
entity	rnaseq	SYN_GENE_0425	SYN_GENE_0425	SYN_GENE_0425	PASS
entity	chipseq	SYN_GENE_0425	SYN_GENE_0425	SYN_GENE_0425	PASS
entity	rnaseq	SYN_GENE_0426	SYN_GENE_0426	SYN_GENE_0426	PASS
entity	chipseq	SYN_GENE_0426	SYN_GENE_0426	SYN_GENE_0426	PASS
entity	rnaseq	SYN_GENE_0427	SYN_GENE_0427	SYN_GENE_0427	PASS
entity	chipseq	SYN_GENE_0427	SYN_GENE_0427	SYN_GENE_0427	PASS
entity	rnaseq	SYN_GENE_0428	SYN_GENE_0428	SYN_GENE_0428	PASS
entity	chipseq	SYN_GENE_0428	SYN_GENE_0428	SYN_GENE_0428	PASS
entity	rnaseq	SYN_GENE_0429	SYN_GENE_0429	SYN_GENE_0429	PASS
entity	chipseq	SYN_GENE_0429	SYN_GENE_0429	SYN_GENE_0429	PASS
entity	rnaseq	SYN_GENE_0430	SYN_GENE_0430	SYN_GENE_0430	PASS
entity	chipseq	SYN_GENE_0430	SYN_GENE_0430	SYN_GENE_0430	PASS
entity	rnaseq	SYN_GENE_0431	SYN_GENE_0431	SYN_GENE_0431	PASS
entity	chipseq	SYN_GENE_0431	SYN_GENE_0431	SYN_GENE_0431	PASS
entity	rnaseq	SYN_GENE_0432	SYN_GENE_0432	SYN_GENE_0432	PASS
entity	chipseq	SYN_GENE_0432	SYN_GENE_0432	SYN_GENE_0432	PASS
entity	rnaseq	SYN_GENE_0433	SYN_GENE_0433	SYN_GENE_0433	PASS
entity	chipseq	SYN_GENE_0433	SYN_GENE_0433	SYN_GENE_0433	PASS
entity	rnaseq	SYN_GENE_0434	SYN_GENE_0434	SYN_GENE_0434	PASS
entity	chipseq	SYN_GENE_0434	SYN_GENE_0434	SYN_GENE_0434	PASS
entity	rnaseq	SYN_GENE_0435	SYN_GENE_0435	SYN_GENE_0435	PASS
entity	chipseq	SYN_GENE_0435	SYN_GENE_0435	SYN_GENE_0435	PASS
entity	rnaseq	SYN_GENE_0436	SYN_GENE_0436	SYN_GENE_0436	PASS
entity	chipseq	SYN_GENE_0436	SYN_GENE_0436	SYN_GENE_0436	PASS
entity	rnaseq	SYN_GENE_0437	SYN_GENE_0437	SYN_GENE_0437	PASS
entity	chipseq	SYN_GENE_0437	SYN_GENE_0437	SYN_GENE_0437	PASS
entity	rnaseq	SYN_GENE_0438	SYN_GENE_0438	SYN_GENE_0438	PASS
entity	chipseq	SYN_GENE_0438	SYN_GENE_0438	SYN_GENE_0438	PASS
entity	rnaseq	SYN_GENE_0439	SYN_GENE_0439	SYN_GENE_0439	PASS
entity	chipseq	SYN_GENE_0439	SYN_GENE_0439	SYN_GENE_0439	PASS
entity	rnaseq	gene:SYN_GENE_0440	SYN_GENE_0440	SYN_GENE_0440	PASS
entity	chipseq	SYN_GENE_0440	SYN_GENE_0440	SYN_GENE_0440	PASS
entity	rnaseq	SYN_GENE_0441.1	SYN_GENE_0441	SYN_GENE_0441	PASS
entity	chipseq	SYN_GENE_0441	SYN_GENE_0441	SYN_GENE_0441	PASS
entity	rnaseq	RNA_ALIAS_0442	SYN_GENE_0442	SYN_GENE_0442	PASS
entity	chipseq	SYN_GENE_0442	SYN_GENE_0442	SYN_GENE_0442	PASS
entity	rnaseq	SYN_GENE_0443	SYN_GENE_0443	SYN_GENE_0443	PASS
entity	chipseq	SYN_GENE_0443	SYN_GENE_0443	SYN_GENE_0443	PASS
entity	rnaseq	SYN_GENE_0444	SYN_GENE_0444	SYN_GENE_0444	PASS
entity	chipseq	SYN_GENE_0444	SYN_GENE_0444	SYN_GENE_0444	PASS
entity	rnaseq	SYN_GENE_0445	SYN_GENE_0445	SYN_GENE_0445	PASS
entity	chipseq	SYN_GENE_0445	SYN_GENE_0445	SYN_GENE_0445	PASS
entity	rnaseq	SYN_GENE_0446	SYN_GENE_0446	SYN_GENE_0446	PASS
entity	chipseq	SYN_GENE_0446	SYN_GENE_0446	SYN_GENE_0446	PASS
entity	rnaseq	SYN_GENE_0447	SYN_GENE_0447	SYN_GENE_0447	PASS
entity	chipseq	SYN_GENE_0447	SYN_GENE_0447	SYN_GENE_0447	PASS
entity	rnaseq	SYN_GENE_0448	SYN_GENE_0448	SYN_GENE_0448	PASS
entity	chipseq	SYN_GENE_0448	SYN_GENE_0448	SYN_GENE_0448	PASS
entity	rnaseq	SYN_GENE_0449	SYN_GENE_0449	SYN_GENE_0449	PASS
entity	chipseq	SYN_GENE_0449	SYN_GENE_0449	SYN_GENE_0449	PASS
entity	rnaseq	SYN_GENE_0450	SYN_GENE_0450	SYN_GENE_0450	PASS
entity	chipseq	SYN_GENE_0450	SYN_GENE_0450	SYN_GENE_0450	PASS
entity	rnaseq	SYN_GENE_0451	SYN_GENE_0451	SYN_GENE_0451	PASS
entity	chipseq	SYN_GENE_0451	SYN_GENE_0451	SYN_GENE_0451	PASS
entity	rnaseq	SYN_GENE_0452	SYN_GENE_0452	SYN_GENE_0452	PASS
entity	chipseq	SYN_GENE_0452	SYN_GENE_0452	SYN_GENE_0452	PASS
entity	rnaseq	SYN_GENE_0453	SYN_GENE_0453	SYN_GENE_0453	PASS
entity	chipseq	SYN_GENE_0453	SYN_GENE_0453	SYN_GENE_0453	PASS
entity	rnaseq	SYN_GENE_0454	SYN_GENE_0454	SYN_GENE_0454	PASS
entity	chipseq	SYN_GENE_0454	SYN_GENE_0454	SYN_GENE_0454	PASS
entity	rnaseq	SYN_GENE_0455	SYN_GENE_0455	SYN_GENE_0455	PASS
entity	chipseq	SYN_GENE_0455	SYN_GENE_0455	SYN_GENE_0455	PASS
entity	rnaseq	SYN_GENE_0456	SYN_GENE_0456	SYN_GENE_0456	PASS
entity	chipseq	SYN_GENE_0456	SYN_GENE_0456	SYN_GENE_0456	PASS
entity	rnaseq	SYN_GENE_0457	SYN_GENE_0457	SYN_GENE_0457	PASS
entity	chipseq	SYN_GENE_0457	SYN_GENE_0457	SYN_GENE_0457	PASS
entity	rnaseq	SYN_GENE_0458	SYN_GENE_0458	SYN_GENE_0458	PASS
entity	chipseq	SYN_GENE_0458	SYN_GENE_0458	SYN_GENE_0458	PASS
entity	rnaseq	SYN_GENE_0459	SYN_GENE_0459	SYN_GENE_0459	PASS
entity	chipseq	SYN_GENE_0459	SYN_GENE_0459	SYN_GENE_0459	PASS
entity	rnaseq	SYN_GENE_0460	SYN_GENE_0460	SYN_GENE_0460	PASS
entity	chipseq	SYN_GENE_0460	SYN_GENE_0460	SYN_GENE_0460	PASS
entity	rnaseq	SYN_GENE_0461	SYN_GENE_0461	SYN_GENE_0461	PASS
entity	chipseq	SYN_GENE_0461	SYN_GENE_0461	SYN_GENE_0461	PASS
entity	rnaseq	SYN_GENE_0462	SYN_GENE_0462	SYN_GENE_0462	PASS
entity	chipseq	SYN_GENE_0462	SYN_GENE_0462	SYN_GENE_0462	PASS
entity	rnaseq	SYN_GENE_0463	SYN_GENE_0463	SYN_GENE_0463	PASS
entity	chipseq	SYN_GENE_0463	SYN_GENE_0463	SYN_GENE_0463	PASS
entity	rnaseq	SYN_GENE_0464	SYN_GENE_0464	SYN_GENE_0464	PASS
entity	chipseq	SYN_GENE_0464	SYN_GENE_0464	SYN_GENE_0464	PASS
entity	rnaseq	SYN_GENE_0465	SYN_GENE_0465	SYN_GENE_0465	PASS
entity	chipseq	SYN_GENE_0465	SYN_GENE_0465	SYN_GENE_0465	PASS
entity	rnaseq	SYN_GENE_0466	SYN_GENE_0466	SYN_GENE_0466	PASS
entity	chipseq	SYN_GENE_0466	SYN_GENE_0466	SYN_GENE_0466	PASS
entity	rnaseq	SYN_GENE_0467	SYN_GENE_0467	SYN_GENE_0467	PASS
entity	chipseq	SYN_GENE_0467	SYN_GENE_0467	SYN_GENE_0467	PASS
entity	rnaseq	SYN_GENE_0468	SYN_GENE_0468	SYN_GENE_0468	PASS
entity	chipseq	SYN_GENE_0468	SYN_GENE_0468	SYN_GENE_0468	PASS
entity	rnaseq	SYN_GENE_0469	SYN_GENE_0469	SYN_GENE_0469	PASS
entity	chipseq	SYN_GENE_0469	SYN_GENE_0469	SYN_GENE_0469	PASS
entity	rnaseq	SYN_GENE_0470	SYN_GENE_0470	SYN_GENE_0470	PASS
entity	chipseq	SYN_GENE_0470	SYN_GENE_0470	SYN_GENE_0470	PASS
entity	rnaseq	SYN_GENE_0471	SYN_GENE_0471	SYN_GENE_0471	PASS
entity	chipseq	SYN_GENE_0471	SYN_GENE_0471	SYN_GENE_0471	PASS
entity	rnaseq	SYN_GENE_0472	SYN_GENE_0472	SYN_GENE_0472	PASS
entity	chipseq	SYN_GENE_0472	SYN_GENE_0472	SYN_GENE_0472	PASS
entity	rnaseq	SYN_GENE_0473	SYN_GENE_0473	SYN_GENE_0473	PASS
entity	chipseq	SYN_GENE_0473	SYN_GENE_0473	SYN_GENE_0473	PASS
entity	rnaseq	SYN_GENE_0474	SYN_GENE_0474	SYN_GENE_0474	PASS
entity	chipseq	SYN_GENE_0474	SYN_GENE_0474	SYN_GENE_0474	PASS
entity	rnaseq	SYN_GENE_0475	SYN_GENE_0475	SYN_GENE_0475	PASS
entity	chipseq	SYN_GENE_0475	SYN_GENE_0475	SYN_GENE_0475	PASS
entity	rnaseq	SYN_GENE_0476	SYN_GENE_0476	SYN_GENE_0476	PASS
entity	chipseq	SYN_GENE_0476	SYN_GENE_0476	SYN_GENE_0476	PASS
entity	rnaseq	SYN_GENE_0477	SYN_GENE_0477	SYN_GENE_0477	PASS
entity	chipseq	SYN_GENE_0477	SYN_GENE_0477	SYN_GENE_0477	PASS
entity	rnaseq	SYN_GENE_0478	SYN_GENE_0478	SYN_GENE_0478	PASS
entity	chipseq	SYN_GENE_0478	SYN_GENE_0478	SYN_GENE_0478	PASS
entity	rnaseq	SYN_GENE_0479	SYN_GENE_0479	SYN_GENE_0479	PASS
entity	chipseq	SYN_GENE_0479	SYN_GENE_0479	SYN_GENE_0479	PASS
entity	rnaseq	gene:SYN_GENE_0480	SYN_GENE_0480	SYN_GENE_0480	PASS
entity	chipseq	SYN_GENE_0480	SYN_GENE_0480	SYN_GENE_0480	PASS
entity	rnaseq	SYN_GENE_0481.1	SYN_GENE_0481	SYN_GENE_0481	PASS
entity	chipseq	SYN_GENE_0481	SYN_GENE_0481	SYN_GENE_0481	PASS
entity	rnaseq	RNA_ALIAS_0482	SYN_GENE_0482	SYN_GENE_0482	PASS
entity	chipseq	SYN_GENE_0482	SYN_GENE_0482	SYN_GENE_0482	PASS
entity	rnaseq	SYN_GENE_0483	SYN_GENE_0483	SYN_GENE_0483	PASS
entity	chipseq	SYN_GENE_0483	SYN_GENE_0483	SYN_GENE_0483	PASS
entity	rnaseq	SYN_GENE_0484	SYN_GENE_0484	SYN_GENE_0484	PASS
entity	chipseq	SYN_GENE_0484	SYN_GENE_0484	SYN_GENE_0484	PASS
entity	rnaseq	SYN_GENE_0485	SYN_GENE_0485	SYN_GENE_0485	PASS
entity	chipseq	SYN_GENE_0485	SYN_GENE_0485	SYN_GENE_0485	PASS
entity	rnaseq	SYN_GENE_0486	SYN_GENE_0486	SYN_GENE_0486	PASS
entity	chipseq	SYN_GENE_0486	SYN_GENE_0486	SYN_GENE_0486	PASS
entity	rnaseq	SYN_GENE_0487	SYN_GENE_0487	SYN_GENE_0487	PASS
entity	chipseq	SYN_GENE_0487	SYN_GENE_0487	SYN_GENE_0487	PASS
entity	rnaseq	SYN_GENE_0488	SYN_GENE_0488	SYN_GENE_0488	PASS
entity	chipseq	SYN_GENE_0488	SYN_GENE_0488	SYN_GENE_0488	PASS
entity	rnaseq	SYN_GENE_0489	SYN_GENE_0489	SYN_GENE_0489	PASS
entity	chipseq	SYN_GENE_0489	SYN_GENE_0489	SYN_GENE_0489	PASS
entity	rnaseq	SYN_GENE_0490	SYN_GENE_0490	SYN_GENE_0490	PASS
entity	chipseq	SYN_GENE_0490	SYN_GENE_0490	SYN_GENE_0490	PASS
entity	rnaseq	SYN_GENE_0491	SYN_GENE_0491	SYN_GENE_0491	PASS
entity	chipseq	SYN_GENE_0491	SYN_GENE_0491	SYN_GENE_0491	PASS
entity	rnaseq	SYN_GENE_0492	SYN_GENE_0492	SYN_GENE_0492	PASS
entity	chipseq	SYN_GENE_0492	SYN_GENE_0492	SYN_GENE_0492	PASS
entity	rnaseq	SYN_GENE_0493	SYN_GENE_0493	SYN_GENE_0493	PASS
entity	chipseq	SYN_GENE_0493	SYN_GENE_0493	SYN_GENE_0493	PASS
entity	rnaseq	SYN_GENE_0494	SYN_GENE_0494	SYN_GENE_0494	PASS
entity	chipseq	SYN_GENE_0494	SYN_GENE_0494	SYN_GENE_0494	PASS
entity	rnaseq	SYN_GENE_0495	SYN_GENE_0495	SYN_GENE_0495	PASS
entity	chipseq	SYN_GENE_0495	SYN_GENE_0495	SYN_GENE_0495	PASS
entity	rnaseq	SYN_GENE_0496	SYN_GENE_0496	SYN_GENE_0496	PASS
entity	chipseq	SYN_GENE_0496	SYN_GENE_0496	SYN_GENE_0496	PASS
entity	rnaseq	SYN_GENE_0497	SYN_GENE_0497	SYN_GENE_0497	PASS
entity	chipseq	SYN_GENE_0497	SYN_GENE_0497	SYN_GENE_0497	PASS
entity	rnaseq	SYN_GENE_0498	SYN_GENE_0498	SYN_GENE_0498	PASS
entity	chipseq	SYN_GENE_0498	SYN_GENE_0498	SYN_GENE_0498	PASS
entity	rnaseq	SYN_GENE_0499	SYN_GENE_0499	SYN_GENE_0499	PASS
entity	chipseq	SYN_GENE_0499	SYN_GENE_0499	SYN_GENE_0499	PASS
entity	rnaseq	SYN_GENE_0500	SYN_GENE_0500	SYN_GENE_0500	PASS
entity	chipseq	SYN_GENE_0500	SYN_GENE_0500	SYN_GENE_0500	PASS
entity	rnaseq	SYN_GENE_0501	SYN_GENE_0501	SYN_GENE_0501	PASS
entity	chipseq	SYN_GENE_0501	SYN_GENE_0501	SYN_GENE_0501	PASS
entity	rnaseq	SYN_GENE_0502	SYN_GENE_0502	SYN_GENE_0502	PASS
entity	chipseq	SYN_GENE_0502	SYN_GENE_0502	SYN_GENE_0502	PASS
entity	rnaseq	SYN_GENE_0503	SYN_GENE_0503	SYN_GENE_0503	PASS
entity	chipseq	SYN_GENE_0503	SYN_GENE_0503	SYN_GENE_0503	PASS
entity	rnaseq	SYN_GENE_0504	SYN_GENE_0504	SYN_GENE_0504	PASS
entity	chipseq	SYN_GENE_0504	SYN_GENE_0504	SYN_GENE_0504	PASS
entity	rnaseq	SYN_GENE_0505	SYN_GENE_0505	SYN_GENE_0505	PASS
entity	chipseq	SYN_GENE_0505	SYN_GENE_0505	SYN_GENE_0505	PASS
entity	rnaseq	SYN_GENE_0506	SYN_GENE_0506	SYN_GENE_0506	PASS
entity	chipseq	SYN_GENE_0506	SYN_GENE_0506	SYN_GENE_0506	PASS
entity	rnaseq	SYN_GENE_0507	SYN_GENE_0507	SYN_GENE_0507	PASS
entity	chipseq	SYN_GENE_0507	SYN_GENE_0507	SYN_GENE_0507	PASS
entity	rnaseq	SYN_GENE_0508	SYN_GENE_0508	SYN_GENE_0508	PASS
entity	chipseq	SYN_GENE_0508	SYN_GENE_0508	SYN_GENE_0508	PASS
entity	rnaseq	SYN_GENE_0509	SYN_GENE_0509	SYN_GENE_0509	PASS
entity	chipseq	SYN_GENE_0509	SYN_GENE_0509	SYN_GENE_0509	PASS
entity	rnaseq	SYN_GENE_0510	SYN_GENE_0510	SYN_GENE_0510	PASS
entity	chipseq	SYN_GENE_0510	SYN_GENE_0510	SYN_GENE_0510	PASS
entity	rnaseq	SYN_GENE_0511	SYN_GENE_0511	SYN_GENE_0511	PASS
entity	chipseq	SYN_GENE_0511	SYN_GENE_0511	SYN_GENE_0511	PASS
entity	rnaseq	SYN_GENE_0512	SYN_GENE_0512	SYN_GENE_0512	PASS
entity	chipseq	SYN_GENE_0512	SYN_GENE_0512	SYN_GENE_0512	PASS
entity	rnaseq	SYN_GENE_0513	SYN_GENE_0513	SYN_GENE_0513	PASS
entity	chipseq	SYN_GENE_0513	SYN_GENE_0513	SYN_GENE_0513	PASS
entity	rnaseq	SYN_GENE_0514	SYN_GENE_0514	SYN_GENE_0514	PASS
entity	chipseq	SYN_GENE_0514	SYN_GENE_0514	SYN_GENE_0514	PASS
entity	rnaseq	SYN_GENE_0515	SYN_GENE_0515	SYN_GENE_0515	PASS
entity	chipseq	SYN_GENE_0515	SYN_GENE_0515	SYN_GENE_0515	PASS
entity	rnaseq	SYN_GENE_0516	SYN_GENE_0516	SYN_GENE_0516	PASS
entity	chipseq	SYN_GENE_0516	SYN_GENE_0516	SYN_GENE_0516	PASS
entity	rnaseq	SYN_GENE_0517	SYN_GENE_0517	SYN_GENE_0517	PASS
entity	chipseq	SYN_GENE_0517	SYN_GENE_0517	SYN_GENE_0517	PASS
entity	rnaseq	SYN_GENE_0518	SYN_GENE_0518	SYN_GENE_0518	PASS
entity	chipseq	SYN_GENE_0518	SYN_GENE_0518	SYN_GENE_0518	PASS
entity	rnaseq	SYN_GENE_0519	SYN_GENE_0519	SYN_GENE_0519	PASS
entity	chipseq	SYN_GENE_0519	SYN_GENE_0519	SYN_GENE_0519	PASS
entity	rnaseq	gene:SYN_GENE_0520	SYN_GENE_0520	SYN_GENE_0520	PASS
entity	chipseq	SYN_GENE_0520	SYN_GENE_0520	SYN_GENE_0520	PASS
entity	rnaseq	SYN_GENE_0521.1	SYN_GENE_0521	SYN_GENE_0521	PASS
entity	chipseq	SYN_GENE_0521	SYN_GENE_0521	SYN_GENE_0521	PASS
entity	rnaseq	RNA_ALIAS_0522	SYN_GENE_0522	SYN_GENE_0522	PASS
entity	chipseq	SYN_GENE_0522	SYN_GENE_0522	SYN_GENE_0522	PASS
entity	rnaseq	SYN_GENE_0523	SYN_GENE_0523	SYN_GENE_0523	PASS
entity	chipseq	SYN_GENE_0523	SYN_GENE_0523	SYN_GENE_0523	PASS
entity	rnaseq	SYN_GENE_0524	SYN_GENE_0524	SYN_GENE_0524	PASS
entity	chipseq	SYN_GENE_0524	SYN_GENE_0524	SYN_GENE_0524	PASS
entity	rnaseq	SYN_GENE_0525	SYN_GENE_0525	SYN_GENE_0525	PASS
entity	chipseq	SYN_GENE_0525	SYN_GENE_0525	SYN_GENE_0525	PASS
entity	rnaseq	SYN_GENE_0526	SYN_GENE_0526	SYN_GENE_0526	PASS
entity	chipseq	SYN_GENE_0526	SYN_GENE_0526	SYN_GENE_0526	PASS
entity	rnaseq	SYN_GENE_0527	SYN_GENE_0527	SYN_GENE_0527	PASS
entity	chipseq	SYN_GENE_0527	SYN_GENE_0527	SYN_GENE_0527	PASS
entity	rnaseq	SYN_GENE_0528	SYN_GENE_0528	SYN_GENE_0528	PASS
entity	chipseq	SYN_GENE_0528	SYN_GENE_0528	SYN_GENE_0528	PASS
entity	rnaseq	SYN_GENE_0529	SYN_GENE_0529	SYN_GENE_0529	PASS
entity	chipseq	SYN_GENE_0529	SYN_GENE_0529	SYN_GENE_0529	PASS
entity	rnaseq	SYN_GENE_0530	SYN_GENE_0530	SYN_GENE_0530	PASS
entity	chipseq	SYN_GENE_0530	SYN_GENE_0530	SYN_GENE_0530	PASS
entity	rnaseq	SYN_GENE_0531	SYN_GENE_0531	SYN_GENE_0531	PASS
entity	chipseq	SYN_GENE_0531	SYN_GENE_0531	SYN_GENE_0531	PASS
entity	rnaseq	SYN_GENE_0532	SYN_GENE_0532	SYN_GENE_0532	PASS
entity	chipseq	SYN_GENE_0532	SYN_GENE_0532	SYN_GENE_0532	PASS
entity	rnaseq	SYN_GENE_0533	SYN_GENE_0533	SYN_GENE_0533	PASS
entity	chipseq	SYN_GENE_0533	SYN_GENE_0533	SYN_GENE_0533	PASS
entity	rnaseq	SYN_GENE_0534	SYN_GENE_0534	SYN_GENE_0534	PASS
entity	chipseq	SYN_GENE_0534	SYN_GENE_0534	SYN_GENE_0534	PASS
entity	rnaseq	SYN_GENE_0535	SYN_GENE_0535	SYN_GENE_0535	PASS
entity	chipseq	SYN_GENE_0535	SYN_GENE_0535	SYN_GENE_0535	PASS
entity	rnaseq	SYN_GENE_0536	SYN_GENE_0536	SYN_GENE_0536	PASS
entity	chipseq	SYN_GENE_0536	SYN_GENE_0536	SYN_GENE_0536	PASS
entity	rnaseq	SYN_GENE_0537	SYN_GENE_0537	SYN_GENE_0537	PASS
entity	chipseq	SYN_GENE_0537	SYN_GENE_0537	SYN_GENE_0537	PASS
entity	rnaseq	SYN_GENE_0538	SYN_GENE_0538	SYN_GENE_0538	PASS
entity	chipseq	SYN_GENE_0538	SYN_GENE_0538	SYN_GENE_0538	PASS
entity	rnaseq	SYN_GENE_0539	SYN_GENE_0539	SYN_GENE_0539	PASS
entity	chipseq	SYN_GENE_0539	SYN_GENE_0539	SYN_GENE_0539	PASS
entity	rnaseq	SYN_GENE_0540	SYN_GENE_0540	SYN_GENE_0540	PASS
entity	chipseq	SYN_GENE_0540	SYN_GENE_0540	SYN_GENE_0540	PASS
entity	rnaseq	SYN_GENE_0541	SYN_GENE_0541	SYN_GENE_0541	PASS
entity	chipseq	SYN_GENE_0541	SYN_GENE_0541	SYN_GENE_0541	PASS
entity	rnaseq	SYN_GENE_0542	SYN_GENE_0542	SYN_GENE_0542	PASS
entity	chipseq	SYN_GENE_0542	SYN_GENE_0542	SYN_GENE_0542	PASS
entity	rnaseq	SYN_GENE_0543	SYN_GENE_0543	SYN_GENE_0543	PASS
entity	chipseq	SYN_GENE_0543	SYN_GENE_0543	SYN_GENE_0543	PASS
entity	rnaseq	SYN_GENE_0544	SYN_GENE_0544	SYN_GENE_0544	PASS
entity	chipseq	SYN_GENE_0544	SYN_GENE_0544	SYN_GENE_0544	PASS
entity	rnaseq	SYN_GENE_0545	SYN_GENE_0545	SYN_GENE_0545	PASS
entity	chipseq	SYN_GENE_0545	SYN_GENE_0545	SYN_GENE_0545	PASS
entity	rnaseq	SYN_GENE_0546	SYN_GENE_0546	SYN_GENE_0546	PASS
entity	chipseq	SYN_GENE_0546	SYN_GENE_0546	SYN_GENE_0546	PASS
entity	rnaseq	SYN_GENE_0547	SYN_GENE_0547	SYN_GENE_0547	PASS
entity	chipseq	SYN_GENE_0547	SYN_GENE_0547	SYN_GENE_0547	PASS
entity	rnaseq	SYN_GENE_0548	SYN_GENE_0548	SYN_GENE_0548	PASS
entity	chipseq	SYN_GENE_0548	SYN_GENE_0548	SYN_GENE_0548	PASS
entity	rnaseq	SYN_GENE_0549	SYN_GENE_0549	SYN_GENE_0549	PASS
entity	chipseq	SYN_GENE_0549	SYN_GENE_0549	SYN_GENE_0549	PASS
entity	rnaseq	SYN_GENE_0550	SYN_GENE_0550	SYN_GENE_0550	PASS
entity	chipseq	SYN_GENE_0550	SYN_GENE_0550	SYN_GENE_0550	PASS
entity	rnaseq	SYN_GENE_0551	SYN_GENE_0551	SYN_GENE_0551	PASS
entity	chipseq	SYN_GENE_0551	SYN_GENE_0551	SYN_GENE_0551	PASS
entity	rnaseq	SYN_GENE_0552	SYN_GENE_0552	SYN_GENE_0552	PASS
entity	chipseq	SYN_GENE_0552	SYN_GENE_0552	SYN_GENE_0552	PASS
entity	rnaseq	SYN_GENE_0553	SYN_GENE_0553	SYN_GENE_0553	PASS
entity	chipseq	SYN_GENE_0553	SYN_GENE_0553	SYN_GENE_0553	PASS
entity	rnaseq	SYN_GENE_0554	SYN_GENE_0554	SYN_GENE_0554	PASS
entity	chipseq	SYN_GENE_0554	SYN_GENE_0554	SYN_GENE_0554	PASS
entity	rnaseq	SYN_GENE_0555	SYN_GENE_0555	SYN_GENE_0555	PASS
entity	chipseq	SYN_GENE_0555	SYN_GENE_0555	SYN_GENE_0555	PASS
entity	rnaseq	SYN_GENE_0556	SYN_GENE_0556	SYN_GENE_0556	PASS
entity	chipseq	SYN_GENE_0556	SYN_GENE_0556	SYN_GENE_0556	PASS
entity	rnaseq	SYN_GENE_0557	SYN_GENE_0557	SYN_GENE_0557	PASS
entity	chipseq	SYN_GENE_0557	SYN_GENE_0557	SYN_GENE_0557	PASS
entity	rnaseq	SYN_GENE_0558	SYN_GENE_0558	SYN_GENE_0558	PASS
entity	chipseq	SYN_GENE_0558	SYN_GENE_0558	SYN_GENE_0558	PASS
entity	rnaseq	SYN_GENE_0559	SYN_GENE_0559	SYN_GENE_0559	PASS
entity	chipseq	SYN_GENE_0559	SYN_GENE_0559	SYN_GENE_0559	PASS
entity	rnaseq	gene:SYN_GENE_0560	SYN_GENE_0560	SYN_GENE_0560	PASS
entity	chipseq	SYN_GENE_0560	SYN_GENE_0560	SYN_GENE_0560	PASS
entity	rnaseq	SYN_GENE_0561.1	SYN_GENE_0561	SYN_GENE_0561	PASS
entity	chipseq	SYN_GENE_0561	SYN_GENE_0561	SYN_GENE_0561	PASS
entity	rnaseq	RNA_ALIAS_0562	SYN_GENE_0562	SYN_GENE_0562	PASS
entity	chipseq	SYN_GENE_0562	SYN_GENE_0562	SYN_GENE_0562	PASS
entity	rnaseq	SYN_GENE_0563	SYN_GENE_0563	SYN_GENE_0563	PASS
entity	chipseq	SYN_GENE_0563	SYN_GENE_0563	SYN_GENE_0563	PASS
entity	rnaseq	SYN_GENE_0564	SYN_GENE_0564	SYN_GENE_0564	PASS
entity	chipseq	SYN_GENE_0564	SYN_GENE_0564	SYN_GENE_0564	PASS
entity	rnaseq	SYN_GENE_0565	SYN_GENE_0565	SYN_GENE_0565	PASS
entity	chipseq	SYN_GENE_0565	SYN_GENE_0565	SYN_GENE_0565	PASS
entity	rnaseq	SYN_GENE_0566	SYN_GENE_0566	SYN_GENE_0566	PASS
entity	chipseq	SYN_GENE_0566	SYN_GENE_0566	SYN_GENE_0566	PASS
entity	rnaseq	SYN_GENE_0567	SYN_GENE_0567	SYN_GENE_0567	PASS
entity	chipseq	SYN_GENE_0567	SYN_GENE_0567	SYN_GENE_0567	PASS
entity	rnaseq	SYN_GENE_0568	SYN_GENE_0568	SYN_GENE_0568	PASS
entity	chipseq	SYN_GENE_0568	SYN_GENE_0568	SYN_GENE_0568	PASS
entity	rnaseq	SYN_GENE_0569	SYN_GENE_0569	SYN_GENE_0569	PASS
entity	chipseq	SYN_GENE_0569	SYN_GENE_0569	SYN_GENE_0569	PASS
entity	rnaseq	SYN_GENE_0570	SYN_GENE_0570	SYN_GENE_0570	PASS
entity	chipseq	SYN_GENE_0570	SYN_GENE_0570	SYN_GENE_0570	PASS
entity	rnaseq	SYN_GENE_0571	SYN_GENE_0571	SYN_GENE_0571	PASS
entity	chipseq	SYN_GENE_0571	SYN_GENE_0571	SYN_GENE_0571	PASS
entity	rnaseq	SYN_GENE_0572	SYN_GENE_0572	SYN_GENE_0572	PASS
entity	chipseq	SYN_GENE_0572	SYN_GENE_0572	SYN_GENE_0572	PASS
entity	rnaseq	SYN_GENE_0573	SYN_GENE_0573	SYN_GENE_0573	PASS
entity	chipseq	SYN_GENE_0573	SYN_GENE_0573	SYN_GENE_0573	PASS
entity	rnaseq	SYN_GENE_0574	SYN_GENE_0574	SYN_GENE_0574	PASS
entity	chipseq	SYN_GENE_0574	SYN_GENE_0574	SYN_GENE_0574	PASS
entity	rnaseq	SYN_GENE_0575	SYN_GENE_0575	SYN_GENE_0575	PASS
entity	chipseq	SYN_GENE_0575	SYN_GENE_0575	SYN_GENE_0575	PASS
entity	rnaseq	SYN_GENE_0576	SYN_GENE_0576	SYN_GENE_0576	PASS
entity	chipseq	SYN_GENE_0576	SYN_GENE_0576	SYN_GENE_0576	PASS
entity	rnaseq	SYN_GENE_0577	SYN_GENE_0577	SYN_GENE_0577	PASS
entity	chipseq	SYN_GENE_0577	SYN_GENE_0577	SYN_GENE_0577	PASS
entity	rnaseq	SYN_GENE_0578	SYN_GENE_0578	SYN_GENE_0578	PASS
entity	chipseq	SYN_GENE_0578	SYN_GENE_0578	SYN_GENE_0578	PASS
entity	rnaseq	SYN_GENE_0579	SYN_GENE_0579	SYN_GENE_0579	PASS
entity	chipseq	SYN_GENE_0579	SYN_GENE_0579	SYN_GENE_0579	PASS
entity	rnaseq	SYN_GENE_0580	SYN_GENE_0580	SYN_GENE_0580	PASS
entity	chipseq	SYN_GENE_0580	SYN_GENE_0580	SYN_GENE_0580	PASS
entity	rnaseq	SYN_GENE_0581	SYN_GENE_0581	SYN_GENE_0581	PASS
entity	chipseq	SYN_GENE_0581	SYN_GENE_0581	SYN_GENE_0581	PASS
entity	rnaseq	SYN_GENE_0582	SYN_GENE_0582	SYN_GENE_0582	PASS
entity	chipseq	SYN_GENE_0582	SYN_GENE_0582	SYN_GENE_0582	PASS
entity	rnaseq	SYN_GENE_0583	SYN_GENE_0583	SYN_GENE_0583	PASS
entity	chipseq	SYN_GENE_0583	SYN_GENE_0583	SYN_GENE_0583	PASS
entity	rnaseq	SYN_GENE_0584	SYN_GENE_0584	SYN_GENE_0584	PASS
entity	chipseq	SYN_GENE_0584	SYN_GENE_0584	SYN_GENE_0584	PASS
entity	rnaseq	SYN_GENE_0585	SYN_GENE_0585	SYN_GENE_0585	PASS
entity	chipseq	SYN_GENE_0585	SYN_GENE_0585	SYN_GENE_0585	PASS
entity	rnaseq	SYN_GENE_0586	SYN_GENE_0586	SYN_GENE_0586	PASS
entity	chipseq	SYN_GENE_0586	SYN_GENE_0586	SYN_GENE_0586	PASS
entity	rnaseq	SYN_GENE_0587	SYN_GENE_0587	SYN_GENE_0587	PASS
entity	chipseq	SYN_GENE_0587	SYN_GENE_0587	SYN_GENE_0587	PASS
entity	rnaseq	SYN_GENE_0588	SYN_GENE_0588	SYN_GENE_0588	PASS
entity	chipseq	SYN_GENE_0588	SYN_GENE_0588	SYN_GENE_0588	PASS
entity	rnaseq	SYN_GENE_0589	SYN_GENE_0589	SYN_GENE_0589	PASS
entity	chipseq	SYN_GENE_0589	SYN_GENE_0589	SYN_GENE_0589	PASS
entity	rnaseq	SYN_GENE_0590	SYN_GENE_0590	SYN_GENE_0590	PASS
entity	chipseq	SYN_GENE_0590	SYN_GENE_0590	SYN_GENE_0590	PASS
entity	rnaseq	SYN_GENE_0591	SYN_GENE_0591	SYN_GENE_0591	PASS
entity	chipseq	SYN_GENE_0591	SYN_GENE_0591	SYN_GENE_0591	PASS
entity	rnaseq	SYN_GENE_0592	SYN_GENE_0592	SYN_GENE_0592	PASS
entity	chipseq	SYN_GENE_0592	SYN_GENE_0592	SYN_GENE_0592	PASS
entity	rnaseq	SYN_GENE_0593	SYN_GENE_0593	SYN_GENE_0593	PASS
entity	chipseq	SYN_GENE_0593	SYN_GENE_0593	SYN_GENE_0593	PASS
entity	rnaseq	SYN_GENE_0594	SYN_GENE_0594	SYN_GENE_0594	PASS
entity	chipseq	SYN_GENE_0594	SYN_GENE_0594	SYN_GENE_0594	PASS
entity	rnaseq	SYN_GENE_0595	SYN_GENE_0595	SYN_GENE_0595	PASS
entity	chipseq	SYN_GENE_0595	SYN_GENE_0595	SYN_GENE_0595	PASS
entity	rnaseq	SYN_GENE_0596	SYN_GENE_0596	SYN_GENE_0596	PASS
entity	chipseq	SYN_GENE_0596	SYN_GENE_0596	SYN_GENE_0596	PASS
entity	rnaseq	SYN_GENE_0597	SYN_GENE_0597	SYN_GENE_0597	PASS
entity	chipseq	SYN_GENE_0597	SYN_GENE_0597	SYN_GENE_0597	PASS
entity	rnaseq	SYN_GENE_0598	SYN_GENE_0598	SYN_GENE_0598	PASS
entity	chipseq	SYN_GENE_0598	SYN_GENE_0598	SYN_GENE_0598	PASS
entity	rnaseq	SYN_GENE_0599	SYN_GENE_0599	SYN_GENE_0599	PASS
entity	chipseq	SYN_GENE_0599	SYN_GENE_0599	SYN_GENE_0599	PASS
entity	rnaseq	gene:SYN_GENE_0600	SYN_GENE_0600	SYN_GENE_0600	PASS
entity	chipseq	SYN_GENE_0600	SYN_GENE_0600	SYN_GENE_0600	PASS
entity	rnaseq	SYN_GENE_0601.1	SYN_GENE_0601	SYN_GENE_0601	PASS
entity	rnaseq	RNA_ALIAS_0602	SYN_GENE_0602	SYN_GENE_0602	PASS
entity	rnaseq	SYN_GENE_0603	SYN_GENE_0603	SYN_GENE_0603	PASS
entity	rnaseq	SYN_GENE_0604	SYN_GENE_0604	SYN_GENE_0604	PASS
entity	rnaseq	SYN_GENE_0605	SYN_GENE_0605	SYN_GENE_0605	PASS
entity	rnaseq	SYN_GENE_0606	SYN_GENE_0606	SYN_GENE_0606	PASS
entity	rnaseq	SYN_GENE_0607	SYN_GENE_0607	SYN_GENE_0607	PASS
entity	rnaseq	SYN_GENE_0608	SYN_GENE_0608	SYN_GENE_0608	PASS
entity	rnaseq	SYN_GENE_0609	SYN_GENE_0609	SYN_GENE_0609	PASS
entity	rnaseq	SYN_GENE_0610	SYN_GENE_0610	SYN_GENE_0610	PASS
entity	rnaseq	SYN_GENE_0611	SYN_GENE_0611	SYN_GENE_0611	PASS
entity	rnaseq	SYN_GENE_0612	SYN_GENE_0612	SYN_GENE_0612	PASS
entity	rnaseq	SYN_GENE_0613	SYN_GENE_0613	SYN_GENE_0613	PASS
entity	rnaseq	SYN_GENE_0614	SYN_GENE_0614	SYN_GENE_0614	PASS
entity	rnaseq	SYN_GENE_0615	SYN_GENE_0615	SYN_GENE_0615	PASS
entity	rnaseq	SYN_GENE_0616	SYN_GENE_0616	SYN_GENE_0616	PASS
entity	rnaseq	SYN_GENE_0617	SYN_GENE_0617	SYN_GENE_0617	PASS
entity	rnaseq	SYN_GENE_0618	SYN_GENE_0618	SYN_GENE_0618	PASS
entity	rnaseq	SYN_GENE_0619	SYN_GENE_0619	SYN_GENE_0619	PASS
entity	rnaseq	SYN_GENE_0620	SYN_GENE_0620	SYN_GENE_0620	PASS
entity	rnaseq	SYN_GENE_0621	SYN_GENE_0621	SYN_GENE_0621	PASS
entity	rnaseq	SYN_GENE_0622	SYN_GENE_0622	SYN_GENE_0622	PASS
entity	rnaseq	SYN_GENE_0623	SYN_GENE_0623	SYN_GENE_0623	PASS
entity	rnaseq	SYN_GENE_0624	SYN_GENE_0624	SYN_GENE_0624	PASS
entity	rnaseq	SYN_GENE_0625	SYN_GENE_0625	SYN_GENE_0625	PASS
entity	rnaseq	SYN_GENE_0626	SYN_GENE_0626	SYN_GENE_0626	PASS
entity	rnaseq	SYN_GENE_0627	SYN_GENE_0627	SYN_GENE_0627	PASS
entity	rnaseq	SYN_GENE_0628	SYN_GENE_0628	SYN_GENE_0628	PASS
entity	rnaseq	SYN_GENE_0629	SYN_GENE_0629	SYN_GENE_0629	PASS
entity	rnaseq	SYN_GENE_0630	SYN_GENE_0630	SYN_GENE_0630	PASS
entity	rnaseq	SYN_GENE_0631	SYN_GENE_0631	SYN_GENE_0631	PASS
entity	rnaseq	SYN_GENE_0632	SYN_GENE_0632	SYN_GENE_0632	PASS
entity	rnaseq	SYN_GENE_0633	SYN_GENE_0633	SYN_GENE_0633	PASS
entity	rnaseq	SYN_GENE_0634	SYN_GENE_0634	SYN_GENE_0634	PASS
entity	rnaseq	SYN_GENE_0635	SYN_GENE_0635	SYN_GENE_0635	PASS
entity	rnaseq	SYN_GENE_0636	SYN_GENE_0636	SYN_GENE_0636	PASS
entity	rnaseq	SYN_GENE_0637	SYN_GENE_0637	SYN_GENE_0637	PASS
entity	rnaseq	SYN_GENE_0638	SYN_GENE_0638	SYN_GENE_0638	PASS
entity	rnaseq	SYN_GENE_0639	SYN_GENE_0639	SYN_GENE_0639	PASS
entity	rnaseq	gene:SYN_GENE_0640	SYN_GENE_0640	SYN_GENE_0640	PASS
entity	rnaseq	SYN_GENE_0641.1	SYN_GENE_0641	SYN_GENE_0641	PASS
entity	rnaseq	RNA_ALIAS_0642	SYN_GENE_0642	SYN_GENE_0642	PASS
entity	rnaseq	SYN_GENE_0643	SYN_GENE_0643	SYN_GENE_0643	PASS
entity	rnaseq	SYN_GENE_0644	SYN_GENE_0644	SYN_GENE_0644	PASS
entity	rnaseq	SYN_GENE_0645	SYN_GENE_0645	SYN_GENE_0645	PASS
entity	rnaseq	SYN_GENE_0646	SYN_GENE_0646	SYN_GENE_0646	PASS
entity	rnaseq	SYN_GENE_0647	SYN_GENE_0647	SYN_GENE_0647	PASS
entity	rnaseq	SYN_GENE_0648	SYN_GENE_0648	SYN_GENE_0648	PASS
entity	rnaseq	SYN_GENE_0649	SYN_GENE_0649	SYN_GENE_0649	PASS
entity	rnaseq	SYN_GENE_0650	SYN_GENE_0650	SYN_GENE_0650	PASS
entity	rnaseq	SYN_GENE_0651	SYN_GENE_0651	SYN_GENE_0651	PASS
entity	rnaseq	SYN_GENE_0652	SYN_GENE_0652	SYN_GENE_0652	PASS
entity	rnaseq	SYN_GENE_0653	SYN_GENE_0653	SYN_GENE_0653	PASS
entity	rnaseq	SYN_GENE_0654	SYN_GENE_0654	SYN_GENE_0654	PASS
entity	rnaseq	SYN_GENE_0655	SYN_GENE_0655	SYN_GENE_0655	PASS
entity	rnaseq	SYN_GENE_0656	SYN_GENE_0656	SYN_GENE_0656	PASS
entity	rnaseq	SYN_GENE_0657	SYN_GENE_0657	SYN_GENE_0657	PASS
entity	rnaseq	SYN_GENE_0658	SYN_GENE_0658	SYN_GENE_0658	PASS
entity	rnaseq	SYN_GENE_0659	SYN_GENE_0659	SYN_GENE_0659	PASS
entity	rnaseq	SYN_GENE_0660	SYN_GENE_0660	SYN_GENE_0660	PASS
entity	rnaseq	SYN_GENE_0661	SYN_GENE_0661	SYN_GENE_0661	PASS
entity	rnaseq	SYN_GENE_0662	SYN_GENE_0662	SYN_GENE_0662	PASS
entity	rnaseq	SYN_GENE_0663	SYN_GENE_0663	SYN_GENE_0663	PASS
entity	rnaseq	SYN_GENE_0664	SYN_GENE_0664	SYN_GENE_0664	PASS
entity	rnaseq	SYN_GENE_0665	SYN_GENE_0665	SYN_GENE_0665	PASS
entity	rnaseq	SYN_GENE_0666	SYN_GENE_0666	SYN_GENE_0666	PASS
entity	rnaseq	SYN_GENE_0667	SYN_GENE_0667	SYN_GENE_0667	PASS
entity	rnaseq	SYN_GENE_0668	SYN_GENE_0668	SYN_GENE_0668	PASS
entity	rnaseq	SYN_GENE_0669	SYN_GENE_0669	SYN_GENE_0669	PASS
entity	rnaseq	SYN_GENE_0670	SYN_GENE_0670	SYN_GENE_0670	PASS
entity	rnaseq	SYN_GENE_0671	SYN_GENE_0671	SYN_GENE_0671	PASS
entity	rnaseq	SYN_GENE_0672	SYN_GENE_0672	SYN_GENE_0672	PASS
entity	rnaseq	SYN_GENE_0673	SYN_GENE_0673	SYN_GENE_0673	PASS
entity	rnaseq	SYN_GENE_0674	SYN_GENE_0674	SYN_GENE_0674	PASS
entity	rnaseq	SYN_GENE_0675	SYN_GENE_0675	SYN_GENE_0675	PASS
entity	rnaseq	SYN_GENE_0676	SYN_GENE_0676	SYN_GENE_0676	PASS
entity	rnaseq	SYN_GENE_0677	SYN_GENE_0677	SYN_GENE_0677	PASS
entity	rnaseq	SYN_GENE_0678	SYN_GENE_0678	SYN_GENE_0678	PASS
entity	rnaseq	SYN_GENE_0679	SYN_GENE_0679	SYN_GENE_0679	PASS
entity	rnaseq	gene:SYN_GENE_0680	SYN_GENE_0680	SYN_GENE_0680	PASS
entity	rnaseq	SYN_GENE_0681.1	SYN_GENE_0681	SYN_GENE_0681	PASS
entity	rnaseq	RNA_ALIAS_0682	SYN_GENE_0682	SYN_GENE_0682	PASS
entity	rnaseq	SYN_GENE_0683	SYN_GENE_0683	SYN_GENE_0683	PASS
entity	rnaseq	SYN_GENE_0684	SYN_GENE_0684	SYN_GENE_0684	PASS
entity	rnaseq	SYN_GENE_0685	SYN_GENE_0685	SYN_GENE_0685	PASS
entity	rnaseq	SYN_GENE_0686	SYN_GENE_0686	SYN_GENE_0686	PASS
entity	rnaseq	SYN_GENE_0687	SYN_GENE_0687	SYN_GENE_0687	PASS
entity	rnaseq	SYN_GENE_0688	SYN_GENE_0688	SYN_GENE_0688	PASS
entity	rnaseq	SYN_GENE_0689	SYN_GENE_0689	SYN_GENE_0689	PASS
entity	rnaseq	SYN_GENE_0690	SYN_GENE_0690	SYN_GENE_0690	PASS
entity	rnaseq	SYN_GENE_0691	SYN_GENE_0691	SYN_GENE_0691	PASS
entity	rnaseq	SYN_GENE_0692	SYN_GENE_0692	SYN_GENE_0692	PASS
entity	rnaseq	SYN_GENE_0693	SYN_GENE_0693	SYN_GENE_0693	PASS
entity	rnaseq	SYN_GENE_0694	SYN_GENE_0694	SYN_GENE_0694	PASS
entity	rnaseq	SYN_GENE_0695	SYN_GENE_0695	SYN_GENE_0695	PASS
entity	rnaseq	SYN_GENE_0696	SYN_GENE_0696	SYN_GENE_0696	PASS
entity	rnaseq	SYN_GENE_0697	SYN_GENE_0697	SYN_GENE_0697	PASS
entity	rnaseq	SYN_GENE_0698	SYN_GENE_0698	SYN_GENE_0698	PASS
entity	rnaseq	SYN_GENE_0699	SYN_GENE_0699	SYN_GENE_0699	PASS
entity	rnaseq	SYN_GENE_0700	SYN_GENE_0700	SYN_GENE_0700	PASS
entity	chipseq	SYN_GENE_0701	SYN_GENE_0701	SYN_GENE_0701	PASS
entity	chipseq	SYN_GENE_0702	SYN_GENE_0702	SYN_GENE_0702	PASS
entity	chipseq	SYN_GENE_0703	SYN_GENE_0703	SYN_GENE_0703	PASS
entity	chipseq	SYN_GENE_0704	SYN_GENE_0704	SYN_GENE_0704	PASS
entity	chipseq	SYN_GENE_0705	SYN_GENE_0705	SYN_GENE_0705	PASS
entity	chipseq	SYN_GENE_0706	SYN_GENE_0706	SYN_GENE_0706	PASS
entity	chipseq	SYN_GENE_0707	SYN_GENE_0707	SYN_GENE_0707	PASS
entity	chipseq	SYN_GENE_0708	SYN_GENE_0708	SYN_GENE_0708	PASS
entity	chipseq	SYN_GENE_0709	SYN_GENE_0709	SYN_GENE_0709	PASS
entity	chipseq	SYN_GENE_0710	SYN_GENE_0710	SYN_GENE_0710	PASS
entity	chipseq	SYN_GENE_0711	SYN_GENE_0711	SYN_GENE_0711	PASS
entity	chipseq	SYN_GENE_0712	SYN_GENE_0712	SYN_GENE_0712	PASS
entity	chipseq	SYN_GENE_0713	SYN_GENE_0713	SYN_GENE_0713	PASS
entity	chipseq	SYN_GENE_0714	SYN_GENE_0714	SYN_GENE_0714	PASS
entity	chipseq	SYN_GENE_0715	SYN_GENE_0715	SYN_GENE_0715	PASS
entity	chipseq	SYN_GENE_0716	SYN_GENE_0716	SYN_GENE_0716	PASS
entity	chipseq	SYN_GENE_0717	SYN_GENE_0717	SYN_GENE_0717	PASS
entity	chipseq	SYN_GENE_0718	SYN_GENE_0718	SYN_GENE_0718	PASS
entity	chipseq	SYN_GENE_0719	SYN_GENE_0719	SYN_GENE_0719	PASS
entity	chipseq	SYN_GENE_0720	SYN_GENE_0720	SYN_GENE_0720	PASS
entity	chipseq	SYN_GENE_0721	SYN_GENE_0721	SYN_GENE_0721	PASS
entity	chipseq	SYN_GENE_0722	SYN_GENE_0722	SYN_GENE_0722	PASS
entity	chipseq	SYN_GENE_0723	SYN_GENE_0723	SYN_GENE_0723	PASS
entity	chipseq	SYN_GENE_0724	SYN_GENE_0724	SYN_GENE_0724	PASS
entity	chipseq	SYN_GENE_0725	SYN_GENE_0725	SYN_GENE_0725	PASS
entity	chipseq	SYN_GENE_0726	SYN_GENE_0726	SYN_GENE_0726	PASS
entity	chipseq	SYN_GENE_0727	SYN_GENE_0727	SYN_GENE_0727	PASS
entity	chipseq	SYN_GENE_0728	SYN_GENE_0728	SYN_GENE_0728	PASS
entity	chipseq	SYN_GENE_0729	SYN_GENE_0729	SYN_GENE_0729	PASS
entity	chipseq	SYN_GENE_0730	SYN_GENE_0730	SYN_GENE_0730	PASS
entity	chipseq	SYN_GENE_0731	SYN_GENE_0731	SYN_GENE_0731	PASS
entity	chipseq	SYN_GENE_0732	SYN_GENE_0732	SYN_GENE_0732	PASS
entity	chipseq	SYN_GENE_0733	SYN_GENE_0733	SYN_GENE_0733	PASS
entity	chipseq	SYN_GENE_0734	SYN_GENE_0734	SYN_GENE_0734	PASS
entity	chipseq	SYN_GENE_0735	SYN_GENE_0735	SYN_GENE_0735	PASS
entity	chipseq	SYN_GENE_0736	SYN_GENE_0736	SYN_GENE_0736	PASS
entity	chipseq	SYN_GENE_0737	SYN_GENE_0737	SYN_GENE_0737	PASS
entity	chipseq	SYN_GENE_0738	SYN_GENE_0738	SYN_GENE_0738	PASS
entity	chipseq	SYN_GENE_0739	SYN_GENE_0739	SYN_GENE_0739	PASS
entity	chipseq	SYN_GENE_0740	SYN_GENE_0740	SYN_GENE_0740	PASS
entity	chipseq	SYN_GENE_0741	SYN_GENE_0741	SYN_GENE_0741	PASS
entity	chipseq	SYN_GENE_0742	SYN_GENE_0742	SYN_GENE_0742	PASS
entity	chipseq	SYN_GENE_0743	SYN_GENE_0743	SYN_GENE_0743	PASS
entity	chipseq	SYN_GENE_0744	SYN_GENE_0744	SYN_GENE_0744	PASS
entity	chipseq	SYN_GENE_0745	SYN_GENE_0745	SYN_GENE_0745	PASS
entity	chipseq	SYN_GENE_0746	SYN_GENE_0746	SYN_GENE_0746	PASS
entity	chipseq	SYN_GENE_0747	SYN_GENE_0747	SYN_GENE_0747	PASS
entity	chipseq	SYN_GENE_0748	SYN_GENE_0748	SYN_GENE_0748	PASS
entity	chipseq	SYN_GENE_0749	SYN_GENE_0749	SYN_GENE_0749	PASS
entity	chipseq	SYN_GENE_0750	SYN_GENE_0750	SYN_GENE_0750	PASS
entity	chipseq	SYN_GENE_0751	SYN_GENE_0751	SYN_GENE_0751	PASS
entity	chipseq	SYN_GENE_0752	SYN_GENE_0752	SYN_GENE_0752	PASS
entity	chipseq	SYN_GENE_0753	SYN_GENE_0753	SYN_GENE_0753	PASS
entity	chipseq	SYN_GENE_0754	SYN_GENE_0754	SYN_GENE_0754	PASS
entity	chipseq	SYN_GENE_0755	SYN_GENE_0755	SYN_GENE_0755	PASS
entity	chipseq	SYN_GENE_0756	SYN_GENE_0756	SYN_GENE_0756	PASS
entity	chipseq	SYN_GENE_0757	SYN_GENE_0757	SYN_GENE_0757	PASS
entity	chipseq	SYN_GENE_0758	SYN_GENE_0758	SYN_GENE_0758	PASS
entity	chipseq	SYN_GENE_0759	SYN_GENE_0759	SYN_GENE_0759	PASS
entity	chipseq	SYN_GENE_0760	SYN_GENE_0760	SYN_GENE_0760	PASS
entity	chipseq	SYN_GENE_0761	SYN_GENE_0761	SYN_GENE_0761	PASS
entity	chipseq	SYN_GENE_0762	SYN_GENE_0762	SYN_GENE_0762	PASS
entity	chipseq	SYN_GENE_0763	SYN_GENE_0763	SYN_GENE_0763	PASS
entity	chipseq	SYN_GENE_0764	SYN_GENE_0764	SYN_GENE_0764	PASS
entity	chipseq	SYN_GENE_0765	SYN_GENE_0765	SYN_GENE_0765	PASS
entity	chipseq	SYN_GENE_0766	SYN_GENE_0766	SYN_GENE_0766	PASS
entity	chipseq	SYN_GENE_0767	SYN_GENE_0767	SYN_GENE_0767	PASS
entity	chipseq	SYN_GENE_0768	SYN_GENE_0768	SYN_GENE_0768	PASS
entity	chipseq	SYN_GENE_0769	SYN_GENE_0769	SYN_GENE_0769	PASS
entity	chipseq	SYN_GENE_0770	SYN_GENE_0770	SYN_GENE_0770	PASS
entity	chipseq	SYN_GENE_0771	SYN_GENE_0771	SYN_GENE_0771	PASS
entity	chipseq	SYN_GENE_0772	SYN_GENE_0772	SYN_GENE_0772	PASS
entity	chipseq	SYN_GENE_0773	SYN_GENE_0773	SYN_GENE_0773	PASS
entity	chipseq	SYN_GENE_0774	SYN_GENE_0774	SYN_GENE_0774	PASS
entity	chipseq	SYN_GENE_0775	SYN_GENE_0775	SYN_GENE_0775	PASS
entity	chipseq	SYN_GENE_0776	SYN_GENE_0776	SYN_GENE_0776	PASS
entity	chipseq	SYN_GENE_0777	SYN_GENE_0777	SYN_GENE_0777	PASS
entity	chipseq	SYN_GENE_0778	SYN_GENE_0778	SYN_GENE_0778	PASS
entity	chipseq	SYN_GENE_0779	SYN_GENE_0779	SYN_GENE_0779	PASS
entity	chipseq	SYN_GENE_0780	SYN_GENE_0780	SYN_GENE_0780	PASS
entity	chipseq	SYN_GENE_0781	SYN_GENE_0781	SYN_GENE_0781	PASS
entity	chipseq	SYN_GENE_0782	SYN_GENE_0782	SYN_GENE_0782	PASS
entity	chipseq	SYN_GENE_0783	SYN_GENE_0783	SYN_GENE_0783	PASS
entity	chipseq	SYN_GENE_0784	SYN_GENE_0784	SYN_GENE_0784	PASS
entity	chipseq	SYN_GENE_0785	SYN_GENE_0785	SYN_GENE_0785	PASS
entity	chipseq	SYN_GENE_0786	SYN_GENE_0786	SYN_GENE_0786	PASS
entity	chipseq	SYN_GENE_0787	SYN_GENE_0787	SYN_GENE_0787	PASS
entity	chipseq	SYN_GENE_0788	SYN_GENE_0788	SYN_GENE_0788	PASS
entity	chipseq	SYN_GENE_0789	SYN_GENE_0789	SYN_GENE_0789	PASS
entity	chipseq	SYN_GENE_0790	SYN_GENE_0790	SYN_GENE_0790	PASS
entity	chipseq	SYN_GENE_0791	SYN_GENE_0791	SYN_GENE_0791	PASS
entity	chipseq	SYN_GENE_0792	SYN_GENE_0792	SYN_GENE_0792	PASS
entity	chipseq	SYN_GENE_0793	SYN_GENE_0793	SYN_GENE_0793	PASS
entity	chipseq	SYN_GENE_0794	SYN_GENE_0794	SYN_GENE_0794	PASS
entity	chipseq	SYN_GENE_0795	SYN_GENE_0795	SYN_GENE_0795	PASS
entity	chipseq	SYN_GENE_0796	SYN_GENE_0796	SYN_GENE_0796	PASS
entity	chipseq	SYN_GENE_0797	SYN_GENE_0797	SYN_GENE_0797	PASS
entity	chipseq	SYN_GENE_0798	SYN_GENE_0798	SYN_GENE_0798	PASS
entity	chipseq	SYN_GENE_0799	SYN_GENE_0799	SYN_GENE_0799	PASS
entity	chipseq	SYN_GENE_0800	SYN_GENE_0800	SYN_GENE_0800	PASS
entity	rnaseq	SYN_GENE_0801.1	SYN_GENE_0801	SYN_GENE_0801	PASS
entity	rnaseq	RNA_ALIAS_0802	SYN_GENE_0802	SYN_GENE_0802	PASS
entity	rnaseq	SYN_GENE_0803	SYN_GENE_0803	SYN_GENE_0803	PASS
entity	rnaseq	SYN_GENE_0804	SYN_GENE_0804	SYN_GENE_0804	PASS
entity	rnaseq	SYN_GENE_0805	SYN_GENE_0805	SYN_GENE_0805	PASS
entity	rnaseq	SYN_GENE_0806	SYN_GENE_0806	SYN_GENE_0806	PASS
entity	rnaseq	SYN_GENE_0807	SYN_GENE_0807	SYN_GENE_0807	PASS
entity	rnaseq	SYN_GENE_0808	SYN_GENE_0808	SYN_GENE_0808	PASS
entity	rnaseq	SYN_GENE_0809	SYN_GENE_0809	SYN_GENE_0809	PASS
entity	rnaseq	SYN_GENE_0810	SYN_GENE_0810	SYN_GENE_0810	PASS
entity	rnaseq	SYN_GENE_0811	SYN_GENE_0811	SYN_GENE_0811	PASS
entity	rnaseq	SYN_GENE_0812	SYN_GENE_0812	SYN_GENE_0812	PASS
entity	rnaseq	SYN_GENE_0813	SYN_GENE_0813	SYN_GENE_0813	PASS
entity	rnaseq	SYN_GENE_0814	SYN_GENE_0814	SYN_GENE_0814	PASS
entity	rnaseq	SYN_GENE_0815	SYN_GENE_0815	SYN_GENE_0815	PASS
entity	rnaseq	SYN_GENE_0816	SYN_GENE_0816	SYN_GENE_0816	PASS
entity	rnaseq	SYN_GENE_0817	SYN_GENE_0817	SYN_GENE_0817	PASS
entity	rnaseq	SYN_GENE_0818	SYN_GENE_0818	SYN_GENE_0818	PASS
entity	rnaseq	SYN_GENE_0819	SYN_GENE_0819	SYN_GENE_0819	PASS
entity	rnaseq	SYN_GENE_0820	SYN_GENE_0820	SYN_GENE_0820	PASS
entity	rnaseq	SYN_GENE_0821	SYN_GENE_0821	SYN_GENE_0821	PASS
entity	rnaseq	SYN_GENE_0822	SYN_GENE_0822	SYN_GENE_0822	PASS
entity	rnaseq	SYN_GENE_0823	SYN_GENE_0823	SYN_GENE_0823	PASS
entity	rnaseq	SYN_GENE_0824	SYN_GENE_0824	SYN_GENE_0824	PASS
entity	rnaseq	SYN_GENE_0825	SYN_GENE_0825	SYN_GENE_0825	PASS
entity	rnaseq	SYN_GENE_0826	SYN_GENE_0826	SYN_GENE_0826	PASS
entity	rnaseq	SYN_GENE_0827	SYN_GENE_0827	SYN_GENE_0827	PASS
entity	rnaseq	SYN_GENE_0828	SYN_GENE_0828	SYN_GENE_0828	PASS
entity	rnaseq	SYN_GENE_0829	SYN_GENE_0829	SYN_GENE_0829	PASS
entity	rnaseq	SYN_GENE_0830	SYN_GENE_0830	SYN_GENE_0830	PASS
entity	rnaseq	SYN_GENE_0831	SYN_GENE_0831	SYN_GENE_0831	PASS
entity	rnaseq	SYN_GENE_0832	SYN_GENE_0832	SYN_GENE_0832	PASS
entity	rnaseq	SYN_GENE_0833	SYN_GENE_0833	SYN_GENE_0833	PASS
entity	rnaseq	SYN_GENE_0834	SYN_GENE_0834	SYN_GENE_0834	PASS
entity	rnaseq	SYN_GENE_0835	SYN_GENE_0835	SYN_GENE_0835	PASS
entity	rnaseq	SYN_GENE_0836	SYN_GENE_0836	SYN_GENE_0836	PASS
entity	rnaseq	SYN_GENE_0837	SYN_GENE_0837	SYN_GENE_0837	PASS
entity	rnaseq	SYN_GENE_0838	SYN_GENE_0838	SYN_GENE_0838	PASS
entity	rnaseq	SYN_GENE_0839	SYN_GENE_0839	SYN_GENE_0839	PASS
entity	rnaseq	gene:SYN_GENE_0840	SYN_GENE_0840	SYN_GENE_0840	PASS
entity	rnaseq	SYN_GENE_0841.1	SYN_GENE_0841	SYN_GENE_0841	PASS
entity	rnaseq	RNA_ALIAS_0842	SYN_GENE_0842	SYN_GENE_0842	PASS
entity	rnaseq	SYN_GENE_0843	SYN_GENE_0843	SYN_GENE_0843	PASS
entity	rnaseq	SYN_GENE_0844	SYN_GENE_0844	SYN_GENE_0844	PASS
entity	rnaseq	SYN_GENE_0845	SYN_GENE_0845	SYN_GENE_0845	PASS
entity	rnaseq	SYN_GENE_0846	SYN_GENE_0846	SYN_GENE_0846	PASS
entity	rnaseq	SYN_GENE_0847	SYN_GENE_0847	SYN_GENE_0847	PASS
entity	rnaseq	SYN_GENE_0848	SYN_GENE_0848	SYN_GENE_0848	PASS
entity	rnaseq	SYN_GENE_0849	SYN_GENE_0849	SYN_GENE_0849	PASS
entity	rnaseq	SYN_GENE_0850	SYN_GENE_0850	SYN_GENE_0850	PASS
entity	rnaseq	SYN_GENE_0851	SYN_GENE_0851	SYN_GENE_0851	PASS
entity	rnaseq	SYN_GENE_0852	SYN_GENE_0852	SYN_GENE_0852	PASS
entity	rnaseq	SYN_GENE_0853	SYN_GENE_0853	SYN_GENE_0853	PASS
entity	rnaseq	SYN_GENE_0854	SYN_GENE_0854	SYN_GENE_0854	PASS
entity	rnaseq	SYN_GENE_0855	SYN_GENE_0855	SYN_GENE_0855	PASS
entity	rnaseq	SYN_GENE_0856	SYN_GENE_0856	SYN_GENE_0856	PASS
entity	rnaseq	SYN_GENE_0857	SYN_GENE_0857	SYN_GENE_0857	PASS
entity	rnaseq	SYN_GENE_0858	SYN_GENE_0858	SYN_GENE_0858	PASS
entity	rnaseq	SYN_GENE_0859	SYN_GENE_0859	SYN_GENE_0859	PASS
entity	rnaseq	SYN_GENE_0860	SYN_GENE_0860	SYN_GENE_0860	PASS
entity	rnaseq	SYN_GENE_0861	SYN_GENE_0861	SYN_GENE_0861	PASS
entity	rnaseq	SYN_GENE_0862	SYN_GENE_0862	SYN_GENE_0862	PASS
entity	rnaseq	SYN_GENE_0863	SYN_GENE_0863	SYN_GENE_0863	PASS
entity	rnaseq	SYN_GENE_0864	SYN_GENE_0864	SYN_GENE_0864	PASS
entity	rnaseq	SYN_GENE_0865	SYN_GENE_0865	SYN_GENE_0865	PASS
entity	rnaseq	SYN_GENE_0866	SYN_GENE_0866	SYN_GENE_0866	PASS
entity	rnaseq	SYN_GENE_0867	SYN_GENE_0867	SYN_GENE_0867	PASS
entity	rnaseq	SYN_GENE_0868	SYN_GENE_0868	SYN_GENE_0868	PASS
entity	rnaseq	SYN_GENE_0869	SYN_GENE_0869	SYN_GENE_0869	PASS
entity	rnaseq	SYN_GENE_0870	SYN_GENE_0870	SYN_GENE_0870	PASS
entity	rnaseq	SYN_GENE_0871	SYN_GENE_0871	SYN_GENE_0871	PASS
entity	rnaseq	SYN_GENE_0872	SYN_GENE_0872	SYN_GENE_0872	PASS
entity	rnaseq	SYN_GENE_0873	SYN_GENE_0873	SYN_GENE_0873	PASS
entity	rnaseq	SYN_GENE_0874	SYN_GENE_0874	SYN_GENE_0874	PASS
entity	rnaseq	SYN_GENE_0875	SYN_GENE_0875	SYN_GENE_0875	PASS
entity	rnaseq	SYN_GENE_0876	SYN_GENE_0876	SYN_GENE_0876	PASS
entity	rnaseq	SYN_GENE_0877	SYN_GENE_0877	SYN_GENE_0877	PASS
entity	rnaseq	SYN_GENE_0878	SYN_GENE_0878	SYN_GENE_0878	PASS
entity	rnaseq	SYN_GENE_0879	SYN_GENE_0879	SYN_GENE_0879	PASS
entity	rnaseq	gene:SYN_GENE_0880	SYN_GENE_0880	SYN_GENE_0880	PASS
entity	rnaseq	SYN_GENE_0881.1	SYN_GENE_0881	SYN_GENE_0881	PASS
entity	rnaseq	RNA_ALIAS_0882	SYN_GENE_0882	SYN_GENE_0882	PASS
entity	rnaseq	SYN_GENE_0883	SYN_GENE_0883	SYN_GENE_0883	PASS
entity	rnaseq	SYN_GENE_0884	SYN_GENE_0884	SYN_GENE_0884	PASS
entity	rnaseq	SYN_GENE_0885	SYN_GENE_0885	SYN_GENE_0885	PASS
entity	rnaseq	SYN_GENE_0886	SYN_GENE_0886	SYN_GENE_0886	PASS
entity	rnaseq	SYN_GENE_0887	SYN_GENE_0887	SYN_GENE_0887	PASS
entity	rnaseq	SYN_GENE_0888	SYN_GENE_0888	SYN_GENE_0888	PASS
entity	rnaseq	SYN_GENE_0889	SYN_GENE_0889	SYN_GENE_0889	PASS
entity	rnaseq	SYN_GENE_0890	SYN_GENE_0890	SYN_GENE_0890	PASS
entity	rnaseq	SYN_GENE_0891	SYN_GENE_0891	SYN_GENE_0891	PASS
entity	rnaseq	SYN_GENE_0892	SYN_GENE_0892	SYN_GENE_0892	PASS
entity	rnaseq	SYN_GENE_0893	SYN_GENE_0893	SYN_GENE_0893	PASS
entity	rnaseq	SYN_GENE_0894	SYN_GENE_0894	SYN_GENE_0894	PASS
entity	rnaseq	SYN_GENE_0895	SYN_GENE_0895	SYN_GENE_0895	PASS
entity	rnaseq	SYN_GENE_0896	SYN_GENE_0896	SYN_GENE_0896	PASS
entity	rnaseq	SYN_GENE_0897	SYN_GENE_0897	SYN_GENE_0897	PASS
entity	rnaseq	SYN_GENE_0898	SYN_GENE_0898	SYN_GENE_0898	PASS
entity	rnaseq	SYN_GENE_0899	SYN_GENE_0899	SYN_GENE_0899	PASS
entity	rnaseq	SYN_GENE_0900	SYN_GENE_0900	SYN_GENE_0900	PASS
entity	rnaseq	SYN_GENE_0901	SYN_GENE_0901	SYN_GENE_0901	PASS
entity	chipseq	SYN_GENE_0901	SYN_GENE_0901	SYN_GENE_0901	PASS
entity	rnaseq	SYN_GENE_0902	SYN_GENE_0902	SYN_GENE_0902	PASS
entity	chipseq	SYN_GENE_0902	SYN_GENE_0902	SYN_GENE_0902	PASS
entity	rnaseq	SYN_GENE_0903	SYN_GENE_0903	SYN_GENE_0903	PASS
entity	chipseq	SYN_GENE_0903	SYN_GENE_0903	SYN_GENE_0903	PASS
entity	rnaseq	SYN_GENE_0904	SYN_GENE_0904	SYN_GENE_0904	PASS
entity	chipseq	SYN_GENE_0904	SYN_GENE_0904	SYN_GENE_0904	PASS
entity	rnaseq	SYN_GENE_0905	SYN_GENE_0905	SYN_GENE_0905	PASS
entity	chipseq	SYN_GENE_0905	SYN_GENE_0905	SYN_GENE_0905	PASS
entity	rnaseq	SYN_GENE_0906	SYN_GENE_0906	SYN_GENE_0906	PASS
entity	chipseq	SYN_GENE_0906	SYN_GENE_0906	SYN_GENE_0906	PASS
entity	rnaseq	SYN_GENE_0907	SYN_GENE_0907	SYN_GENE_0907	PASS
entity	chipseq	SYN_GENE_0907	SYN_GENE_0907	SYN_GENE_0907	PASS
entity	rnaseq	SYN_GENE_0908	SYN_GENE_0908	SYN_GENE_0908	PASS
entity	chipseq	SYN_GENE_0908	SYN_GENE_0908	SYN_GENE_0908	PASS
entity	rnaseq	SYN_GENE_0909	SYN_GENE_0909	SYN_GENE_0909	PASS
entity	chipseq	SYN_GENE_0909	SYN_GENE_0909	SYN_GENE_0909	PASS
entity	rnaseq	SYN_GENE_0910	SYN_GENE_0910	SYN_GENE_0910	PASS
entity	chipseq	SYN_GENE_0910	SYN_GENE_0910	SYN_GENE_0910	PASS
entity	rnaseq	SYN_GENE_0911	SYN_GENE_0911	SYN_GENE_0911	PASS
entity	chipseq	SYN_GENE_0911	SYN_GENE_0911	SYN_GENE_0911	PASS
entity	rnaseq	SYN_GENE_0912	SYN_GENE_0912	SYN_GENE_0912	PASS
entity	chipseq	SYN_GENE_0912	SYN_GENE_0912	SYN_GENE_0912	PASS
entity	rnaseq	SYN_GENE_0913	SYN_GENE_0913	SYN_GENE_0913	PASS
entity	chipseq	SYN_GENE_0913	SYN_GENE_0913	SYN_GENE_0913	PASS
entity	rnaseq	SYN_GENE_0914	SYN_GENE_0914	SYN_GENE_0914	PASS
entity	chipseq	SYN_GENE_0914	SYN_GENE_0914	SYN_GENE_0914	PASS
entity	rnaseq	SYN_GENE_0915	SYN_GENE_0915	SYN_GENE_0915	PASS
entity	chipseq	SYN_GENE_0915	SYN_GENE_0915	SYN_GENE_0915	PASS
entity	rnaseq	SYN_GENE_0916	SYN_GENE_0916	SYN_GENE_0916	PASS
entity	chipseq	SYN_GENE_0916	SYN_GENE_0916	SYN_GENE_0916	PASS
entity	rnaseq	SYN_GENE_0917	SYN_GENE_0917	SYN_GENE_0917	PASS
entity	chipseq	SYN_GENE_0917	SYN_GENE_0917	SYN_GENE_0917	PASS
entity	rnaseq	SYN_GENE_0918	SYN_GENE_0918	SYN_GENE_0918	PASS
entity	chipseq	SYN_GENE_0918	SYN_GENE_0918	SYN_GENE_0918	PASS
entity	rnaseq	SYN_GENE_0919	SYN_GENE_0919	SYN_GENE_0919	PASS
entity	chipseq	SYN_GENE_0919	SYN_GENE_0919	SYN_GENE_0919	PASS
entity	rnaseq	gene:SYN_GENE_0920	SYN_GENE_0920	SYN_GENE_0920	PASS
entity	chipseq	SYN_GENE_0920	SYN_GENE_0920	SYN_GENE_0920	PASS
entity	rnaseq	SYN_GENE_0921.1	SYN_GENE_0921	SYN_GENE_0921	PASS
entity	chipseq	SYN_GENE_0921	SYN_GENE_0921	SYN_GENE_0921	PASS
entity	rnaseq	RNA_ALIAS_0922	SYN_GENE_0922	SYN_GENE_0922	PASS
entity	chipseq	SYN_GENE_0922	SYN_GENE_0922	SYN_GENE_0922	PASS
entity	rnaseq	SYN_GENE_0923	SYN_GENE_0923	SYN_GENE_0923	PASS
entity	chipseq	SYN_GENE_0923	SYN_GENE_0923	SYN_GENE_0923	PASS
entity	rnaseq	SYN_GENE_0924	SYN_GENE_0924	SYN_GENE_0924	PASS
entity	chipseq	SYN_GENE_0924	SYN_GENE_0924	SYN_GENE_0924	PASS
entity	rnaseq	SYN_GENE_0925	SYN_GENE_0925	SYN_GENE_0925	PASS
entity	chipseq	SYN_GENE_0925	SYN_GENE_0925	SYN_GENE_0925	PASS
entity	rnaseq	SYN_GENE_0926	SYN_GENE_0926	SYN_GENE_0926	PASS
entity	chipseq	SYN_GENE_0926	SYN_GENE_0926	SYN_GENE_0926	PASS
entity	rnaseq	SYN_GENE_0927	SYN_GENE_0927	SYN_GENE_0927	PASS
entity	chipseq	SYN_GENE_0927	SYN_GENE_0927	SYN_GENE_0927	PASS
entity	rnaseq	SYN_GENE_0928	SYN_GENE_0928	SYN_GENE_0928	PASS
entity	chipseq	SYN_GENE_0928	SYN_GENE_0928	SYN_GENE_0928	PASS
entity	rnaseq	SYN_GENE_0929	SYN_GENE_0929	SYN_GENE_0929	PASS
entity	chipseq	SYN_GENE_0929	SYN_GENE_0929	SYN_GENE_0929	PASS
entity	rnaseq	SYN_GENE_0930	SYN_GENE_0930	SYN_GENE_0930	PASS
entity	chipseq	SYN_GENE_0930	SYN_GENE_0930	SYN_GENE_0930	PASS
entity	rnaseq	SYN_GENE_0931	SYN_GENE_0931	SYN_GENE_0931	PASS
entity	chipseq	SYN_GENE_0931	SYN_GENE_0931	SYN_GENE_0931	PASS
entity	rnaseq	SYN_GENE_0932	SYN_GENE_0932	SYN_GENE_0932	PASS
entity	chipseq	SYN_GENE_0932	SYN_GENE_0932	SYN_GENE_0932	PASS
entity	rnaseq	SYN_GENE_0933	SYN_GENE_0933	SYN_GENE_0933	PASS
entity	chipseq	SYN_GENE_0933	SYN_GENE_0933	SYN_GENE_0933	PASS
entity	rnaseq	SYN_GENE_0934	SYN_GENE_0934	SYN_GENE_0934	PASS
entity	chipseq	SYN_GENE_0934	SYN_GENE_0934	SYN_GENE_0934	PASS
entity	rnaseq	SYN_GENE_0935	SYN_GENE_0935	SYN_GENE_0935	PASS
entity	chipseq	SYN_GENE_0935	SYN_GENE_0935	SYN_GENE_0935	PASS
entity	rnaseq	SYN_GENE_0936	SYN_GENE_0936	SYN_GENE_0936	PASS
entity	chipseq	SYN_GENE_0936	SYN_GENE_0936	SYN_GENE_0936	PASS
entity	rnaseq	SYN_GENE_0937	SYN_GENE_0937	SYN_GENE_0937	PASS
entity	chipseq	SYN_GENE_0937	SYN_GENE_0937	SYN_GENE_0937	PASS
entity	rnaseq	SYN_GENE_0938	SYN_GENE_0938	SYN_GENE_0938	PASS
entity	chipseq	SYN_GENE_0938	SYN_GENE_0938	SYN_GENE_0938	PASS
entity	rnaseq	SYN_GENE_0939	SYN_GENE_0939	SYN_GENE_0939	PASS
entity	chipseq	SYN_GENE_0939	SYN_GENE_0939	SYN_GENE_0939	PASS
entity	rnaseq	SYN_GENE_0940	SYN_GENE_0940	SYN_GENE_0940	PASS
entity	chipseq	SYN_GENE_0940	SYN_GENE_0940	SYN_GENE_0940	PASS
entity	rnaseq	SYN_GENE_0941	SYN_GENE_0941	SYN_GENE_0941	PASS
entity	chipseq	SYN_GENE_0941	SYN_GENE_0941	SYN_GENE_0941	PASS
entity	rnaseq	SYN_GENE_0942	SYN_GENE_0942	SYN_GENE_0942	PASS
entity	chipseq	SYN_GENE_0942	SYN_GENE_0942	SYN_GENE_0942	PASS
entity	rnaseq	SYN_GENE_0943	SYN_GENE_0943	SYN_GENE_0943	PASS
entity	chipseq	SYN_GENE_0943	SYN_GENE_0943	SYN_GENE_0943	PASS
entity	rnaseq	SYN_GENE_0944	SYN_GENE_0944	SYN_GENE_0944	PASS
entity	chipseq	SYN_GENE_0944	SYN_GENE_0944	SYN_GENE_0944	PASS
entity	rnaseq	SYN_GENE_0945	SYN_GENE_0945	SYN_GENE_0945	PASS
entity	chipseq	SYN_GENE_0945	SYN_GENE_0945	SYN_GENE_0945	PASS
entity	rnaseq	SYN_GENE_0946	SYN_GENE_0946	SYN_GENE_0946	PASS
entity	chipseq	SYN_GENE_0946	SYN_GENE_0946	SYN_GENE_0946	PASS
entity	rnaseq	SYN_GENE_0947	SYN_GENE_0947	SYN_GENE_0947	PASS
entity	chipseq	SYN_GENE_0947	SYN_GENE_0947	SYN_GENE_0947	PASS
entity	rnaseq	SYN_GENE_0948	SYN_GENE_0948	SYN_GENE_0948	PASS
entity	chipseq	SYN_GENE_0948	SYN_GENE_0948	SYN_GENE_0948	PASS
entity	rnaseq	SYN_GENE_0949	SYN_GENE_0949	SYN_GENE_0949	PASS
entity	chipseq	SYN_GENE_0949	SYN_GENE_0949	SYN_GENE_0949	PASS
entity	rnaseq	SYN_GENE_0950	SYN_GENE_0950	SYN_GENE_0950	PASS
entity	chipseq	SYN_GENE_0950	SYN_GENE_0950	SYN_GENE_0950	PASS
entity	rnaseq	SYN_GENE_0951	SYN_GENE_0951	SYN_GENE_0951	PASS
entity	chipseq	SYN_GENE_0951	SYN_GENE_0951	SYN_GENE_0951	PASS
entity	rnaseq	SYN_GENE_0952	SYN_GENE_0952	SYN_GENE_0952	PASS
entity	chipseq	SYN_GENE_0952	SYN_GENE_0952	SYN_GENE_0952	PASS
entity	rnaseq	SYN_GENE_0953	SYN_GENE_0953	SYN_GENE_0953	PASS
entity	chipseq	SYN_GENE_0953	SYN_GENE_0953	SYN_GENE_0953	PASS
entity	rnaseq	SYN_GENE_0954	SYN_GENE_0954	SYN_GENE_0954	PASS
entity	chipseq	SYN_GENE_0954	SYN_GENE_0954	SYN_GENE_0954	PASS
entity	rnaseq	SYN_GENE_0955	SYN_GENE_0955	SYN_GENE_0955	PASS
entity	chipseq	SYN_GENE_0955	SYN_GENE_0955	SYN_GENE_0955	PASS
entity	rnaseq	SYN_GENE_0956	SYN_GENE_0956	SYN_GENE_0956	PASS
entity	chipseq	SYN_GENE_0956	SYN_GENE_0956	SYN_GENE_0956	PASS
entity	rnaseq	SYN_GENE_0957	SYN_GENE_0957	SYN_GENE_0957	PASS
entity	chipseq	SYN_GENE_0957	SYN_GENE_0957	SYN_GENE_0957	PASS
entity	rnaseq	SYN_GENE_0958	SYN_GENE_0958	SYN_GENE_0958	PASS
entity	chipseq	SYN_GENE_0958	SYN_GENE_0958	SYN_GENE_0958	PASS
entity	rnaseq	SYN_GENE_0959	SYN_GENE_0959	SYN_GENE_0959	PASS
entity	chipseq	SYN_GENE_0959	SYN_GENE_0959	SYN_GENE_0959	PASS
entity	rnaseq	gene:SYN_GENE_0960	SYN_GENE_0960	SYN_GENE_0960	PASS
entity	chipseq	SYN_GENE_0960	SYN_GENE_0960	SYN_GENE_0960	PASS
entity	rnaseq	SYN_GENE_0961.1	SYN_GENE_0961	SYN_GENE_0961	PASS
entity	chipseq	SYN_GENE_0961	SYN_GENE_0961	SYN_GENE_0961	PASS
entity	rnaseq	RNA_ALIAS_0962	SYN_GENE_0962	SYN_GENE_0962	PASS
entity	chipseq	SYN_GENE_0962	SYN_GENE_0962	SYN_GENE_0962	PASS
entity	rnaseq	SYN_GENE_0963	SYN_GENE_0963	SYN_GENE_0963	PASS
entity	chipseq	SYN_GENE_0963	SYN_GENE_0963	SYN_GENE_0963	PASS
entity	rnaseq	SYN_GENE_0964	SYN_GENE_0964	SYN_GENE_0964	PASS
entity	chipseq	SYN_GENE_0964	SYN_GENE_0964	SYN_GENE_0964	PASS
entity	rnaseq	SYN_GENE_0965	SYN_GENE_0965	SYN_GENE_0965	PASS
entity	chipseq	SYN_GENE_0965	SYN_GENE_0965	SYN_GENE_0965	PASS
entity	rnaseq	SYN_GENE_0966	SYN_GENE_0966	SYN_GENE_0966	PASS
entity	chipseq	SYN_GENE_0966	SYN_GENE_0966	SYN_GENE_0966	PASS
entity	rnaseq	SYN_GENE_0967	SYN_GENE_0967	SYN_GENE_0967	PASS
entity	chipseq	SYN_GENE_0967	SYN_GENE_0967	SYN_GENE_0967	PASS
entity	rnaseq	SYN_GENE_0968	SYN_GENE_0968	SYN_GENE_0968	PASS
entity	chipseq	SYN_GENE_0968	SYN_GENE_0968	SYN_GENE_0968	PASS
entity	rnaseq	SYN_GENE_0969	SYN_GENE_0969	SYN_GENE_0969	PASS
entity	chipseq	SYN_GENE_0969	SYN_GENE_0969	SYN_GENE_0969	PASS
entity	rnaseq	SYN_GENE_0970	SYN_GENE_0970	SYN_GENE_0970	PASS
entity	chipseq	SYN_GENE_0970	SYN_GENE_0970	SYN_GENE_0970	PASS
entity	rnaseq	SYN_GENE_0971	SYN_GENE_0971	SYN_GENE_0971	PASS
entity	chipseq	SYN_GENE_0971	SYN_GENE_0971	SYN_GENE_0971	PASS
entity	rnaseq	SYN_GENE_0972	SYN_GENE_0972	SYN_GENE_0972	PASS
entity	chipseq	SYN_GENE_0972	SYN_GENE_0972	SYN_GENE_0972	PASS
entity	rnaseq	SYN_GENE_0973	SYN_GENE_0973	SYN_GENE_0973	PASS
entity	chipseq	SYN_GENE_0973	SYN_GENE_0973	SYN_GENE_0973	PASS
entity	rnaseq	SYN_GENE_0974	SYN_GENE_0974	SYN_GENE_0974	PASS
entity	chipseq	SYN_GENE_0974	SYN_GENE_0974	SYN_GENE_0974	PASS
entity	rnaseq	SYN_GENE_0975	SYN_GENE_0975	SYN_GENE_0975	PASS
entity	chipseq	SYN_GENE_0975	SYN_GENE_0975	SYN_GENE_0975	PASS
entity	rnaseq	SYN_GENE_0976	SYN_GENE_0976	SYN_GENE_0976	PASS
entity	chipseq	SYN_GENE_0976	SYN_GENE_0976	SYN_GENE_0976	PASS
entity	rnaseq	SYN_GENE_0977	SYN_GENE_0977	SYN_GENE_0977	PASS
entity	chipseq	SYN_GENE_0977	SYN_GENE_0977	SYN_GENE_0977	PASS
entity	rnaseq	SYN_GENE_0978	SYN_GENE_0978	SYN_GENE_0978	PASS
entity	chipseq	SYN_GENE_0978	SYN_GENE_0978	SYN_GENE_0978	PASS
entity	rnaseq	SYN_GENE_0979	SYN_GENE_0979	SYN_GENE_0979	PASS
entity	chipseq	SYN_GENE_0979	SYN_GENE_0979	SYN_GENE_0979	PASS
entity	rnaseq	SYN_GENE_0980	SYN_GENE_0980	SYN_GENE_0980	PASS
entity	chipseq	SYN_GENE_0980	SYN_GENE_0980	SYN_GENE_0980	PASS
entity	rnaseq	SYN_GENE_0981	SYN_GENE_0981	SYN_GENE_0981	PASS
entity	chipseq	SYN_GENE_0981	SYN_GENE_0981	SYN_GENE_0981	PASS
entity	rnaseq	SYN_GENE_0982	SYN_GENE_0982	SYN_GENE_0982	PASS
entity	chipseq	SYN_GENE_0982	SYN_GENE_0982	SYN_GENE_0982	PASS
entity	rnaseq	SYN_GENE_0983	SYN_GENE_0983	SYN_GENE_0983	PASS
entity	chipseq	SYN_GENE_0983	SYN_GENE_0983	SYN_GENE_0983	PASS
entity	rnaseq	SYN_GENE_0984	SYN_GENE_0984	SYN_GENE_0984	PASS
entity	chipseq	SYN_GENE_0984	SYN_GENE_0984	SYN_GENE_0984	PASS
entity	rnaseq	SYN_GENE_0985	SYN_GENE_0985	SYN_GENE_0985	PASS
entity	chipseq	SYN_GENE_0985	SYN_GENE_0985	SYN_GENE_0985	PASS
entity	rnaseq	SYN_GENE_0986	SYN_GENE_0986	SYN_GENE_0986	PASS
entity	chipseq	SYN_GENE_0986	SYN_GENE_0986	SYN_GENE_0986	PASS
entity	rnaseq	SYN_GENE_0987	SYN_GENE_0987	SYN_GENE_0987	PASS
entity	chipseq	SYN_GENE_0987	SYN_GENE_0987	SYN_GENE_0987	PASS
entity	rnaseq	SYN_GENE_0988	SYN_GENE_0988	SYN_GENE_0988	PASS
entity	chipseq	SYN_GENE_0988	SYN_GENE_0988	SYN_GENE_0988	PASS
entity	rnaseq	SYN_GENE_0989	SYN_GENE_0989	SYN_GENE_0989	PASS
entity	chipseq	SYN_GENE_0989	SYN_GENE_0989	SYN_GENE_0989	PASS
entity	rnaseq	SYN_GENE_0990	SYN_GENE_0990	SYN_GENE_0990	PASS
entity	chipseq	SYN_GENE_0990	SYN_GENE_0990	SYN_GENE_0990	PASS
entity	rnaseq	SYN_GENE_0991	SYN_GENE_0991	SYN_GENE_0991	PASS
entity	chipseq	SYN_GENE_0991	SYN_GENE_0991	SYN_GENE_0991	PASS
entity	rnaseq	SYN_GENE_0992	SYN_GENE_0992	SYN_GENE_0992	PASS
entity	chipseq	SYN_GENE_0992	SYN_GENE_0992	SYN_GENE_0992	PASS
entity	rnaseq	SYN_GENE_0993	SYN_GENE_0993	SYN_GENE_0993	PASS
entity	chipseq	SYN_GENE_0993	SYN_GENE_0993	SYN_GENE_0993	PASS
entity	rnaseq	SYN_GENE_0994	SYN_GENE_0994	SYN_GENE_0994	PASS
entity	chipseq	SYN_GENE_0994	SYN_GENE_0994	SYN_GENE_0994	PASS
entity	rnaseq	SYN_GENE_0995	SYN_GENE_0995	SYN_GENE_0995	PASS
entity	chipseq	SYN_GENE_0995	SYN_GENE_0995	SYN_GENE_0995	PASS
entity	rnaseq	SYN_GENE_0996	SYN_GENE_0996	SYN_GENE_0996	PASS
entity	chipseq	SYN_GENE_0996	SYN_GENE_0996	SYN_GENE_0996	PASS
entity	rnaseq	SYN_GENE_0997	SYN_GENE_0997	SYN_GENE_0997	PASS
entity	chipseq	SYN_GENE_0997	SYN_GENE_0997	SYN_GENE_0997	PASS
entity	rnaseq	SYN_GENE_0998	SYN_GENE_0998	SYN_GENE_0998	PASS
entity	chipseq	SYN_GENE_0998	SYN_GENE_0998	SYN_GENE_0998	PASS
entity	rnaseq	SYN_GENE_0999	SYN_GENE_0999	SYN_GENE_0999	PASS
entity	chipseq	SYN_GENE_0999	SYN_GENE_0999	SYN_GENE_0999	PASS
entity	rnaseq	gene:SYN_GENE_1000	SYN_GENE_1000	SYN_GENE_1000	PASS
entity	chipseq	SYN_GENE_1000	SYN_GENE_1000	SYN_GENE_1000	PASS
mark	chipseq	H3K27ac	H3K27ac	H3K27ac	PASS
mark	chipseq	H3K27me3	H3K27me3	H3K27me3	PASS
mark	chipseq	H3K4me3	H3K4me3	H3K4me3	PASS
mark	chipseq	H3K9me3	H3K9me3	H3K9me3	PASS
mark	chipseq	HP1	SmHP1	SmHP1	PASS
mark	chipseq	SYNTHETIC_UNKNOWN_MARK	SYNTHETIC_UNKNOWN_MARK	SYNTHETIC_UNKNOWN_MARK	PASS
mark	chipseq	h3k27ac	H3K27ac	H3K27ac	PASS
mark	chipseq	h3k4me3	H3K4me3	H3K4me3	PASS
mark	chipseq	h3k9me3	H3K9me3	H3K9me3	PASS
contrast	cross_assay	treated_vs_control;treatment_effect	condition__treated_vs_control	condition__treated_vs_control	PASS
