analysis_id	metric	helixforge	independent	absolute_difference	relative_difference	tolerance	status
fisher|DEG|any_peak|H3K27ac|adult	expected_overlap	5.6	5.6	0.0	0.0	abs=1e-10;rel=1e-8	PASS
fisher|DEG|any_peak|H3K27ac|adult	fold_enrichment	1.0714286	1.0714286	0.0	0.0	abs=1e-10;rel=1e-8	PASS
fisher|DEG|any_peak|H3K27ac|adult	odds_ratio	1.1174946	1.1174946	0.0	0.0	abs=1e-10;rel=1e-8	PASS
fisher|DEG|any_peak|H3K27ac|adult	pvalue	0.5516466	0.5516466	0.0	0.0	abs=1e-10;rel=1e-8	PASS
fisher|DEG|any_peak|H3K27ac|adult	padj	0.72896158	0.72896158	0.0	0.0	abs=1e-10;rel=1e-8	PASS
fisher|DEG|any_peak|H3K27ac|all_observed_stages	expected_overlap	138.6	138.6	0.0	0.0	abs=1e-10;rel=1e-8	PASS
fisher|DEG|any_peak|H3K27ac|all_observed_stages	fold_enrichment	1.0822511	1.0822511	0.0	0.0	abs=1e-10;rel=1e-8	PASS
fisher|DEG|any_peak|H3K27ac|all_observed_stages	odds_ratio	1.4233078	1.4233078	0.0	0.0	abs=1e-10;rel=1e-8	PASS
fisher|DEG|any_peak|H3K27ac|all_observed_stages	pvalue	0.028195279	0.028195279	0.0	0.0	abs=1e-10;rel=1e-8	PASS
fisher|DEG|any_peak|H3K27ac|all_observed_stages	padj	0.095422183	0.095422183	0.0	0.0	abs=1e-10;rel=1e-8	PASS
fisher|DEG|any_peak|H3K27ac|control	expected_overlap	133.0	133.0	0.0	0.0	abs=1e-10;rel=1e-8	PASS
fisher|DEG|any_peak|H3K27ac|control	fold_enrichment	1.0827068	1.0827068	0.0	0.0	abs=1e-10;rel=1e-8	PASS
fisher|DEG|any_peak|H3K27ac|control	odds_ratio	1.4211421	1.4211421	0.0	0.0	abs=1e-10;rel=1e-8	PASS
fisher|DEG|any_peak|H3K27ac|control	pvalue	0.030947735	0.030947735	0.0	0.0	abs=1e-10;rel=1e-8	PASS
fisher|DEG|any_peak|H3K27ac|control	padj	0.095422183	0.095422183	0.0	0.0	abs=1e-10;rel=1e-8	PASS
fisher|DEG|any_peak|H3K27ac|treated	expected_overlap	133.0	133.0	0.0	0.0	abs=1e-10;rel=1e-8	PASS
fisher|DEG|any_peak|H3K27ac|treated	fold_enrichment	1.0827068	1.0827068	0.0	0.0	abs=1e-10;rel=1e-8	PASS
fisher|DEG|any_peak|H3K27ac|treated	odds_ratio	1.4211421	1.4211421	0.0	0.0	abs=1e-10;rel=1e-8	PASS
fisher|DEG|any_peak|H3K27ac|treated	pvalue	0.030947735	0.030947735	0.0	0.0	abs=1e-10;rel=1e-8	PASS
fisher|DEG|any_peak|H3K27ac|treated	padj	0.095422183	0.095422183	0.0	0.0	abs=1e-10;rel=1e-8	PASS
fisher|DEG|any_peak|H3K27me3|adult	expected_overlap	5.6	5.6	0.0	0.0	abs=1e-10;rel=1e-8	PASS
fisher|DEG|any_peak|H3K27me3|adult	fold_enrichment	1.0714286	1.0714286	0.0	0.0	abs=1e-10;rel=1e-8	PASS
fisher|DEG|any_peak|H3K27me3|adult	odds_ratio	1.1174946	1.1174946	0.0	0.0	abs=1e-10;rel=1e-8	PASS
fisher|DEG|any_peak|H3K27me3|adult	pvalue	0.5516466	0.5516466	0.0	0.0	abs=1e-10;rel=1e-8	PASS
fisher|DEG|any_peak|H3K27me3|adult	padj	0.72896158	0.72896158	0.0	0.0	abs=1e-10;rel=1e-8	PASS
fisher|DEG|any_peak|H3K27me3|all_observed_stages	expected_overlap	138.6	138.6	0.0	0.0	abs=1e-10;rel=1e-8	PASS
fisher|DEG|any_peak|H3K27me3|all_observed_stages	fold_enrichment	1.0822511	1.0822511	0.0	0.0	abs=1e-10;rel=1e-8	PASS
fisher|DEG|any_peak|H3K27me3|all_observed_stages	odds_ratio	1.4233078	1.4233078	0.0	0.0	abs=1e-10;rel=1e-8	PASS
fisher|DEG|any_peak|H3K27me3|all_observed_stages	pvalue	0.028195279	0.028195279	0.0	0.0	abs=1e-10;rel=1e-8	PASS
fisher|DEG|any_peak|H3K27me3|all_observed_stages	padj	0.095422183	0.095422183	0.0	0.0	abs=1e-10;rel=1e-8	PASS
fisher|DEG|any_peak|H3K27me3|control	expected_overlap	133.0	133.0	0.0	0.0	abs=1e-10;rel=1e-8	PASS
fisher|DEG|any_peak|H3K27me3|control	fold_enrichment	1.0827068	1.0827068	0.0	0.0	abs=1e-10;rel=1e-8	PASS
fisher|DEG|any_peak|H3K27me3|control	odds_ratio	1.4211421	1.4211421	0.0	0.0	abs=1e-10;rel=1e-8	PASS
fisher|DEG|any_peak|H3K27me3|control	pvalue	0.030947735	0.030947735	0.0	0.0	abs=1e-10;rel=1e-8	PASS
fisher|DEG|any_peak|H3K27me3|control	padj	0.095422183	0.095422183	0.0	0.0	abs=1e-10;rel=1e-8	PASS
fisher|DEG|any_peak|H3K27me3|treated	expected_overlap	133.0	133.0	0.0	0.0	abs=1e-10;rel=1e-8	PASS
fisher|DEG|any_peak|H3K27me3|treated	fold_enrichment	1.0827068	1.0827068	0.0	0.0	abs=1e-10;rel=1e-8	PASS
fisher|DEG|any_peak|H3K27me3|treated	odds_ratio	1.4211421	1.4211421	0.0	0.0	abs=1e-10;rel=1e-8	PASS
fisher|DEG|any_peak|H3K27me3|treated	pvalue	0.030947735	0.030947735	0.0	0.0	abs=1e-10;rel=1e-8	PASS
fisher|DEG|any_peak|H3K27me3|treated	padj	0.095422183	0.095422183	0.0	0.0	abs=1e-10;rel=1e-8	PASS
fisher|DEG|any_peak|H3K4me3|all_observed_stages	expected_overlap	138.6	138.6	0.0	0.0	abs=1e-10;rel=1e-8	PASS
fisher|DEG|any_peak|H3K4me3|all_observed_stages	fold_enrichment	1.0822511	1.0822511	0.0	0.0	abs=1e-10;rel=1e-8	PASS
fisher|DEG|any_peak|H3K4me3|all_observed_stages	odds_ratio	1.4233078	1.4233078	0.0	0.0	abs=1e-10;rel=1e-8	PASS
fisher|DEG|any_peak|H3K4me3|all_observed_stages	pvalue	0.028195279	0.028195279	0.0	0.0	abs=1e-10;rel=1e-8	PASS
fisher|DEG|any_peak|H3K4me3|all_observed_stages	padj	0.095422183	0.095422183	0.0	0.0	abs=1e-10;rel=1e-8	PASS
fisher|DEG|any_peak|H3K4me3|control	expected_overlap	138.6	138.6	0.0	0.0	abs=1e-10;rel=1e-8	PASS
fisher|DEG|any_peak|H3K4me3|control	fold_enrichment	1.0822511	1.0822511	0.0	0.0	abs=1e-10;rel=1e-8	PASS
fisher|DEG|any_peak|H3K4me3|control	odds_ratio	1.4233078	1.4233078	0.0	0.0	abs=1e-10;rel=1e-8	PASS
fisher|DEG|any_peak|H3K4me3|control	pvalue	0.028195279	0.028195279	0.0	0.0	abs=1e-10;rel=1e-8	PASS
fisher|DEG|any_peak|H3K4me3|control	padj	0.095422183	0.095422183	0.0	0.0	abs=1e-10;rel=1e-8	PASS
fisher|DEG|any_peak|H3K4me3|treated	expected_overlap	138.6	138.6	0.0	0.0	abs=1e-10;rel=1e-8	PASS
fisher|DEG|any_peak|H3K4me3|treated	fold_enrichment	1.0822511	1.0822511	0.0	0.0	abs=1e-10;rel=1e-8	PASS
fisher|DEG|any_peak|H3K4me3|treated	odds_ratio	1.4233078	1.4233078	0.0	0.0	abs=1e-10;rel=1e-8	PASS
fisher|DEG|any_peak|H3K4me3|treated	pvalue	0.028195279	0.028195279	0.0	0.0	abs=1e-10;rel=1e-8	PASS
fisher|DEG|any_peak|H3K4me3|treated	padj	0.095422183	0.095422183	0.0	0.0	abs=1e-10;rel=1e-8	PASS
fisher|DEG|any_peak|H3K9me3|all_observed_stages	expected_overlap	138.6	138.6	0.0	0.0	abs=1e-10;rel=1e-8	PASS
fisher|DEG|any_peak|H3K9me3|all_observed_stages	fold_enrichment	1.0822511	1.0822511	0.0	0.0	abs=1e-10;rel=1e-8	PASS
fisher|DEG|any_peak|H3K9me3|all_observed_stages	odds_ratio	1.4233078	1.4233078	0.0	0.0	abs=1e-10;rel=1e-8	PASS
fisher|DEG|any_peak|H3K9me3|all_observed_stages	pvalue	0.028195279	0.028195279	0.0	0.0	abs=1e-10;rel=1e-8	PASS
fisher|DEG|any_peak|H3K9me3|all_observed_stages	padj	0.095422183	0.095422183	0.0	0.0	abs=1e-10;rel=1e-8	PASS
fisher|DEG|any_peak|H3K9me3|control	expected_overlap	138.6	138.6	0.0	0.0	abs=1e-10;rel=1e-8	PASS
fisher|DEG|any_peak|H3K9me3|control	fold_enrichment	1.0822511	1.0822511	0.0	0.0	abs=1e-10;rel=1e-8	PASS
fisher|DEG|any_peak|H3K9me3|control	odds_ratio	1.4233078	1.4233078	0.0	0.0	abs=1e-10;rel=1e-8	PASS
fisher|DEG|any_peak|H3K9me3|control	pvalue	0.028195279	0.028195279	0.0	0.0	abs=1e-10;rel=1e-8	PASS
fisher|DEG|any_peak|H3K9me3|control	padj	0.095422183	0.095422183	0.0	0.0	abs=1e-10;rel=1e-8	PASS
fisher|DEG|any_peak|H3K9me3|treated	expected_overlap	138.6	138.6	0.0	0.0	abs=1e-10;rel=1e-8	PASS
fisher|DEG|any_peak|H3K9me3|treated	fold_enrichment	1.0822511	1.0822511	0.0	0.0	abs=1e-10;rel=1e-8	PASS
fisher|DEG|any_peak|H3K9me3|treated	odds_ratio	1.4233078	1.4233078	0.0	0.0	abs=1e-10;rel=1e-8	PASS
fisher|DEG|any_peak|H3K9me3|treated	pvalue	0.028195279	0.028195279	0.0	0.0	abs=1e-10;rel=1e-8	PASS
fisher|DEG|any_peak|H3K9me3|treated	padj	0.095422183	0.095422183	0.0	0.0	abs=1e-10;rel=1e-8	PASS
fisher|DEG|any_peak|SYNTHETIC_UNKNOWN_MARK|all_observed_stages	expected_overlap	2.8	2.8	0.0	0.0	abs=1e-10;rel=1e-8	PASS
fisher|DEG|any_peak|SYNTHETIC_UNKNOWN_MARK|all_observed_stages	fold_enrichment	0.0	0.0	0.0	0.0	abs=1e-10;rel=1e-8	PASS
fisher|DEG|any_peak|SYNTHETIC_UNKNOWN_MARK|all_observed_stages	odds_ratio	0.047029899	0.047029899	0.0	0.0	abs=1e-10;rel=1e-8	PASS
fisher|DEG|any_peak|SYNTHETIC_UNKNOWN_MARK|all_observed_stages	pvalue	1.0	1.0	0.0	0.0	abs=1e-10;rel=1e-8	PASS
fisher|DEG|any_peak|SYNTHETIC_UNKNOWN_MARK|all_observed_stages	padj	1.0	1.0	0.0	0.0	abs=1e-10;rel=1e-8	PASS
fisher|DEG|any_peak|SYNTHETIC_UNKNOWN_MARK|control	expected_overlap	2.8	2.8	0.0	0.0	abs=1e-10;rel=1e-8	PASS
fisher|DEG|any_peak|SYNTHETIC_UNKNOWN_MARK|control	fold_enrichment	0.0	0.0	0.0	0.0	abs=1e-10;rel=1e-8	PASS
fisher|DEG|any_peak|SYNTHETIC_UNKNOWN_MARK|control	odds_ratio	0.047029899	0.047029899	0.0	0.0	abs=1e-10;rel=1e-8	PASS
fisher|DEG|any_peak|SYNTHETIC_UNKNOWN_MARK|control	pvalue	1.0	1.0	0.0	0.0	abs=1e-10;rel=1e-8	PASS
fisher|DEG|any_peak|SYNTHETIC_UNKNOWN_MARK|control	padj	1.0	1.0	0.0	0.0	abs=1e-10;rel=1e-8	PASS
fisher|DEG|any_peak|SYNTHETIC_UNKNOWN_MARK|treated	expected_overlap	2.8	2.8	0.0	0.0	abs=1e-10;rel=1e-8	PASS
fisher|DEG|any_peak|SYNTHETIC_UNKNOWN_MARK|treated	fold_enrichment	0.0	0.0	0.0	0.0	abs=1e-10;rel=1e-8	PASS
fisher|DEG|any_peak|SYNTHETIC_UNKNOWN_MARK|treated	odds_ratio	0.047029899	0.047029899	0.0	0.0	abs=1e-10;rel=1e-8	PASS
fisher|DEG|any_peak|SYNTHETIC_UNKNOWN_MARK|treated	pvalue	1.0	1.0	0.0	0.0	abs=1e-10;rel=1e-8	PASS
fisher|DEG|any_peak|SYNTHETIC_UNKNOWN_MARK|treated	padj	1.0	1.0	0.0	0.0	abs=1e-10;rel=1e-8	PASS
fisher|DEG|any_peak|SmHP1|all_observed_stages	expected_overlap	2.8	2.8	0.0	0.0	abs=1e-10;rel=1e-8	PASS
fisher|DEG|any_peak|SmHP1|all_observed_stages	fold_enrichment	0.0	0.0	0.0	0.0	abs=1e-10;rel=1e-8	PASS
fisher|DEG|any_peak|SmHP1|all_observed_stages	odds_ratio	0.047029899	0.047029899	0.0	0.0	abs=1e-10;rel=1e-8	PASS
fisher|DEG|any_peak|SmHP1|all_observed_stages	pvalue	1.0	1.0	0.0	0.0	abs=1e-10;rel=1e-8	PASS
fisher|DEG|any_peak|SmHP1|all_observed_stages	padj	1.0	1.0	0.0	0.0	abs=1e-10;rel=1e-8	PASS
fisher|DEG|any_peak|SmHP1|control	expected_overlap	2.8	2.8	0.0	0.0	abs=1e-10;rel=1e-8	PASS
fisher|DEG|any_peak|SmHP1|control	fold_enrichment	0.0	0.0	0.0	0.0	abs=1e-10;rel=1e-8	PASS
fisher|DEG|any_peak|SmHP1|control	odds_ratio	0.047029899	0.047029899	0.0	0.0	abs=1e-10;rel=1e-8	PASS
fisher|DEG|any_peak|SmHP1|control	pvalue	1.0	1.0	0.0	0.0	abs=1e-10;rel=1e-8	PASS
fisher|DEG|any_peak|SmHP1|control	padj	1.0	1.0	0.0	0.0	abs=1e-10;rel=1e-8	PASS
fisher|DEG|any_peak|SmHP1|treated	expected_overlap	2.8	2.8	0.0	0.0	abs=1e-10;rel=1e-8	PASS
fisher|DEG|any_peak|SmHP1|treated	fold_enrichment	0.0	0.0	0.0	0.0	abs=1e-10;rel=1e-8	PASS
fisher|DEG|any_peak|SmHP1|treated	odds_ratio	0.047029899	0.047029899	0.0	0.0	abs=1e-10;rel=1e-8	PASS
fisher|DEG|any_peak|SmHP1|treated	pvalue	1.0	1.0	0.0	0.0	abs=1e-10;rel=1e-8	PASS
fisher|DEG|any_peak|SmHP1|treated	padj	1.0	1.0	0.0	0.0	abs=1e-10;rel=1e-8	PASS
fisher|DEG|promoter_peak|H3K27ac|adult	expected_overlap	5.6	5.6	0.0	0.0	abs=1e-10;rel=1e-8	PASS
fisher|DEG|promoter_peak|H3K27ac|adult	fold_enrichment	1.0714286	1.0714286	0.0	0.0	abs=1e-10;rel=1e-8	PASS
fisher|DEG|promoter_peak|H3K27ac|adult	odds_ratio	1.1174946	1.1174946	0.0	0.0	abs=1e-10;rel=1e-8	PASS
fisher|DEG|promoter_peak|H3K27ac|adult	pvalue	0.5516466	0.5516466	0.0	0.0	abs=1e-10;rel=1e-8	PASS
fisher|DEG|promoter_peak|H3K27ac|adult	padj	0.72896158	0.72896158	0.0	0.0	abs=1e-10;rel=1e-8	PASS
fisher|DEG|promoter_peak|H3K27ac|all_observed_stages	expected_overlap	83.3	83.3	0.0	0.0	abs=1e-10;rel=1e-8	PASS
fisher|DEG|promoter_peak|H3K27ac|all_observed_stages	fold_enrichment	1.0804322	1.0804322	0.0	0.0	abs=1e-10;rel=1e-8	PASS
fisher|DEG|promoter_peak|H3K27ac|all_observed_stages	odds_ratio	1.3643027	1.3643027	0.0	0.0	abs=1e-10;rel=1e-8	PASS
fisher|DEG|promoter_peak|H3K27ac|all_observed_stages	pvalue	0.09165743	0.09165743	0.0	0.0	abs=1e-10;rel=1e-8	PASS
fisher|DEG|promoter_peak|H3K27ac|all_observed_stages	padj	0.15396858	0.15396858	0.0	0.0	abs=1e-10;rel=1e-8	PASS
fisher|DEG|promoter_peak|H3K27ac|control	expected_overlap	77.7	77.7	0.0	0.0	abs=1e-10;rel=1e-8	PASS
fisher|DEG|promoter_peak|H3K27ac|control	fold_enrichment	1.0810811	1.0810811	0.0	0.0	abs=1e-10;rel=1e-8	PASS
fisher|DEG|promoter_peak|H3K27ac|control	odds_ratio	1.3631645	1.3631645	0.0	0.0	abs=1e-10;rel=1e-8	PASS
fisher|DEG|promoter_peak|H3K27ac|control	pvalue	0.099871513	0.099871513	0.0	0.0	abs=1e-10;rel=1e-8	PASS
fisher|DEG|promoter_peak|H3K27ac|control	padj	0.15396858	0.15396858	0.0	0.0	abs=1e-10;rel=1e-8	PASS
fisher|DEG|promoter_peak|H3K27ac|treated	expected_overlap	77.7	77.7	0.0	0.0	abs=1e-10;rel=1e-8	PASS
fisher|DEG|promoter_peak|H3K27ac|treated	fold_enrichment	1.0810811	1.0810811	0.0	0.0	abs=1e-10;rel=1e-8	PASS
fisher|DEG|promoter_peak|H3K27ac|treated	odds_ratio	1.3631645	1.3631645	0.0	0.0	abs=1e-10;rel=1e-8	PASS
fisher|DEG|promoter_peak|H3K27ac|treated	pvalue	0.099871513	0.099871513	0.0	0.0	abs=1e-10;rel=1e-8	PASS
fisher|DEG|promoter_peak|H3K27ac|treated	padj	0.15396858	0.15396858	0.0	0.0	abs=1e-10;rel=1e-8	PASS
fisher|DEG|promoter_peak|H3K27me3|adult	expected_overlap	5.6	5.6	0.0	0.0	abs=1e-10;rel=1e-8	PASS
fisher|DEG|promoter_peak|H3K27me3|adult	fold_enrichment	1.0714286	1.0714286	0.0	0.0	abs=1e-10;rel=1e-8	PASS
fisher|DEG|promoter_peak|H3K27me3|adult	odds_ratio	1.1174946	1.1174946	0.0	0.0	abs=1e-10;rel=1e-8	PASS
fisher|DEG|promoter_peak|H3K27me3|adult	pvalue	0.5516466	0.5516466	0.0	0.0	abs=1e-10;rel=1e-8	PASS
fisher|DEG|promoter_peak|H3K27me3|adult	padj	0.72896158	0.72896158	0.0	0.0	abs=1e-10;rel=1e-8	PASS
fisher|DEG|promoter_peak|H3K27me3|all_observed_stages	expected_overlap	83.3	83.3	0.0	0.0	abs=1e-10;rel=1e-8	PASS
fisher|DEG|promoter_peak|H3K27me3|all_observed_stages	fold_enrichment	1.0804322	1.0804322	0.0	0.0	abs=1e-10;rel=1e-8	PASS
fisher|DEG|promoter_peak|H3K27me3|all_observed_stages	odds_ratio	1.3643027	1.3643027	0.0	0.0	abs=1e-10;rel=1e-8	PASS
fisher|DEG|promoter_peak|H3K27me3|all_observed_stages	pvalue	0.09165743	0.09165743	0.0	0.0	abs=1e-10;rel=1e-8	PASS
fisher|DEG|promoter_peak|H3K27me3|all_observed_stages	padj	0.15396858	0.15396858	0.0	0.0	abs=1e-10;rel=1e-8	PASS
fisher|DEG|promoter_peak|H3K27me3|control	expected_overlap	77.7	77.7	0.0	0.0	abs=1e-10;rel=1e-8	PASS
fisher|DEG|promoter_peak|H3K27me3|control	fold_enrichment	1.0810811	1.0810811	0.0	0.0	abs=1e-10;rel=1e-8	PASS
fisher|DEG|promoter_peak|H3K27me3|control	odds_ratio	1.3631645	1.3631645	0.0	0.0	abs=1e-10;rel=1e-8	PASS
fisher|DEG|promoter_peak|H3K27me3|control	pvalue	0.099871513	0.099871513	0.0	0.0	abs=1e-10;rel=1e-8	PASS
fisher|DEG|promoter_peak|H3K27me3|control	padj	0.15396858	0.15396858	0.0	0.0	abs=1e-10;rel=1e-8	PASS
fisher|DEG|promoter_peak|H3K27me3|treated	expected_overlap	77.7	77.7	0.0	0.0	abs=1e-10;rel=1e-8	PASS
fisher|DEG|promoter_peak|H3K27me3|treated	fold_enrichment	1.0810811	1.0810811	0.0	0.0	abs=1e-10;rel=1e-8	PASS
fisher|DEG|promoter_peak|H3K27me3|treated	odds_ratio	1.3631645	1.3631645	0.0	0.0	abs=1e-10;rel=1e-8	PASS
fisher|DEG|promoter_peak|H3K27me3|treated	pvalue	0.099871513	0.099871513	0.0	0.0	abs=1e-10;rel=1e-8	PASS
fisher|DEG|promoter_peak|H3K27me3|treated	padj	0.15396858	0.15396858	0.0	0.0	abs=1e-10;rel=1e-8	PASS
fisher|DEG|promoter_peak|H3K4me3|all_observed_stages	expected_overlap	83.3	83.3	0.0	0.0	abs=1e-10;rel=1e-8	PASS
fisher|DEG|promoter_peak|H3K4me3|all_observed_stages	fold_enrichment	1.0804322	1.0804322	0.0	0.0	abs=1e-10;rel=1e-8	PASS
fisher|DEG|promoter_peak|H3K4me3|all_observed_stages	odds_ratio	1.3643027	1.3643027	0.0	0.0	abs=1e-10;rel=1e-8	PASS
fisher|DEG|promoter_peak|H3K4me3|all_observed_stages	pvalue	0.09165743	0.09165743	0.0	0.0	abs=1e-10;rel=1e-8	PASS
fisher|DEG|promoter_peak|H3K4me3|all_observed_stages	padj	0.15396858	0.15396858	0.0	0.0	abs=1e-10;rel=1e-8	PASS
fisher|DEG|promoter_peak|H3K4me3|control	expected_overlap	83.3	83.3	0.0	0.0	abs=1e-10;rel=1e-8	PASS
fisher|DEG|promoter_peak|H3K4me3|control	fold_enrichment	1.0804322	1.0804322	0.0	0.0	abs=1e-10;rel=1e-8	PASS
fisher|DEG|promoter_peak|H3K4me3|control	odds_ratio	1.3643027	1.3643027	0.0	0.0	abs=1e-10;rel=1e-8	PASS
fisher|DEG|promoter_peak|H3K4me3|control	pvalue	0.09165743	0.09165743	0.0	0.0	abs=1e-10;rel=1e-8	PASS
fisher|DEG|promoter_peak|H3K4me3|control	padj	0.15396858	0.15396858	0.0	0.0	abs=1e-10;rel=1e-8	PASS
fisher|DEG|promoter_peak|H3K4me3|treated	expected_overlap	83.3	83.3	0.0	0.0	abs=1e-10;rel=1e-8	PASS
fisher|DEG|promoter_peak|H3K4me3|treated	fold_enrichment	1.0804322	1.0804322	0.0	0.0	abs=1e-10;rel=1e-8	PASS
fisher|DEG|promoter_peak|H3K4me3|treated	odds_ratio	1.3643027	1.3643027	0.0	0.0	abs=1e-10;rel=1e-8	PASS
fisher|DEG|promoter_peak|H3K4me3|treated	pvalue	0.09165743	0.09165743	0.0	0.0	abs=1e-10;rel=1e-8	PASS
fisher|DEG|promoter_peak|H3K4me3|treated	padj	0.15396858	0.15396858	0.0	0.0	abs=1e-10;rel=1e-8	PASS
fisher|DEG|promoter_peak|H3K9me3|all_observed_stages	expected_overlap	83.3	83.3	0.0	0.0	abs=1e-10;rel=1e-8	PASS
fisher|DEG|promoter_peak|H3K9me3|all_observed_stages	fold_enrichment	1.0804322	1.0804322	0.0	0.0	abs=1e-10;rel=1e-8	PASS
fisher|DEG|promoter_peak|H3K9me3|all_observed_stages	odds_ratio	1.3643027	1.3643027	0.0	0.0	abs=1e-10;rel=1e-8	PASS
fisher|DEG|promoter_peak|H3K9me3|all_observed_stages	pvalue	0.09165743	0.09165743	0.0	0.0	abs=1e-10;rel=1e-8	PASS
fisher|DEG|promoter_peak|H3K9me3|all_observed_stages	padj	0.15396858	0.15396858	0.0	0.0	abs=1e-10;rel=1e-8	PASS
fisher|DEG|promoter_peak|H3K9me3|control	expected_overlap	83.3	83.3	0.0	0.0	abs=1e-10;rel=1e-8	PASS
fisher|DEG|promoter_peak|H3K9me3|control	fold_enrichment	1.0804322	1.0804322	0.0	0.0	abs=1e-10;rel=1e-8	PASS
fisher|DEG|promoter_peak|H3K9me3|control	odds_ratio	1.3643027	1.3643027	0.0	0.0	abs=1e-10;rel=1e-8	PASS
fisher|DEG|promoter_peak|H3K9me3|control	pvalue	0.09165743	0.09165743	0.0	0.0	abs=1e-10;rel=1e-8	PASS
fisher|DEG|promoter_peak|H3K9me3|control	padj	0.15396858	0.15396858	0.0	0.0	abs=1e-10;rel=1e-8	PASS
fisher|DEG|promoter_peak|H3K9me3|treated	expected_overlap	83.3	83.3	0.0	0.0	abs=1e-10;rel=1e-8	PASS
fisher|DEG|promoter_peak|H3K9me3|treated	fold_enrichment	1.0804322	1.0804322	0.0	0.0	abs=1e-10;rel=1e-8	PASS
fisher|DEG|promoter_peak|H3K9me3|treated	odds_ratio	1.3643027	1.3643027	0.0	0.0	abs=1e-10;rel=1e-8	PASS
fisher|DEG|promoter_peak|H3K9me3|treated	pvalue	0.09165743	0.09165743	0.0	0.0	abs=1e-10;rel=1e-8	PASS
fisher|DEG|promoter_peak|H3K9me3|treated	padj	0.15396858	0.15396858	0.0	0.0	abs=1e-10;rel=1e-8	PASS
fisher|DEG|promoter_peak|SmHP1|all_observed_stages	expected_overlap	2.8	2.8	0.0	0.0	abs=1e-10;rel=1e-8	PASS
fisher|DEG|promoter_peak|SmHP1|all_observed_stages	fold_enrichment	0.0	0.0	0.0	0.0	abs=1e-10;rel=1e-8	PASS
fisher|DEG|promoter_peak|SmHP1|all_observed_stages	odds_ratio	0.047029899	0.047029899	0.0	0.0	abs=1e-10;rel=1e-8	PASS
fisher|DEG|promoter_peak|SmHP1|all_observed_stages	pvalue	1.0	1.0	0.0	0.0	abs=1e-10;rel=1e-8	PASS
fisher|DEG|promoter_peak|SmHP1|all_observed_stages	padj	1.0	1.0	0.0	0.0	abs=1e-10;rel=1e-8	PASS
fisher|DEG|promoter_peak|SmHP1|control	expected_overlap	2.8	2.8	0.0	0.0	abs=1e-10;rel=1e-8	PASS
fisher|DEG|promoter_peak|SmHP1|control	fold_enrichment	0.0	0.0	0.0	0.0	abs=1e-10;rel=1e-8	PASS
fisher|DEG|promoter_peak|SmHP1|control	odds_ratio	0.047029899	0.047029899	0.0	0.0	abs=1e-10;rel=1e-8	PASS
fisher|DEG|promoter_peak|SmHP1|control	pvalue	1.0	1.0	0.0	0.0	abs=1e-10;rel=1e-8	PASS
fisher|DEG|promoter_peak|SmHP1|control	padj	1.0	1.0	0.0	0.0	abs=1e-10;rel=1e-8	PASS
fisher|DEG|promoter_peak|SmHP1|treated	expected_overlap	2.8	2.8	0.0	0.0	abs=1e-10;rel=1e-8	PASS
fisher|DEG|promoter_peak|SmHP1|treated	fold_enrichment	0.0	0.0	0.0	0.0	abs=1e-10;rel=1e-8	PASS
fisher|DEG|promoter_peak|SmHP1|treated	odds_ratio	0.047029899	0.047029899	0.0	0.0	abs=1e-10;rel=1e-8	PASS
fisher|DEG|promoter_peak|SmHP1|treated	pvalue	1.0	1.0	0.0	0.0	abs=1e-10;rel=1e-8	PASS
fisher|DEG|promoter_peak|SmHP1|treated	padj	1.0	1.0	0.0	0.0	abs=1e-10;rel=1e-8	PASS
correlation|SYN_GENE_0001|H3K4me3|promoter_peaks|pearson	correlation	1	1.0000000000000002	2.220446049250313e-16		abs=1e-8;NA exact	PASS
correlation|SYN_GENE_0001|H3K4me3|promoter_peaks|spearman	correlation	1	1.0	0.0		abs=1e-8;NA exact	PASS
correlation|SYN_GENE_0001|H3K4me3|total_associated_peaks|pearson	correlation	1	1.0000000000000002	2.220446049250313e-16		abs=1e-8;NA exact	PASS
correlation|SYN_GENE_0001|H3K4me3|total_associated_peaks|spearman	correlation	1	1.0	0.0		abs=1e-8;NA exact	PASS
correlation|SYN_GENE_0002|H3K27me3|promoter_peaks|pearson	correlation			0.0		abs=1e-8;NA exact	PASS
correlation|SYN_GENE_0002|H3K27me3|promoter_peaks|spearman	correlation			0.0		abs=1e-8;NA exact	PASS
correlation|SYN_GENE_0002|H3K27me3|total_associated_peaks|pearson	correlation			0.0		abs=1e-8;NA exact	PASS
correlation|SYN_GENE_0002|H3K27me3|total_associated_peaks|spearman	correlation			0.0		abs=1e-8;NA exact	PASS
correlation|SYN_GENE_0003|H3K9me3|promoter_peaks|pearson	correlation			0.0		abs=1e-8;NA exact	PASS
correlation|SYN_GENE_0003|H3K9me3|promoter_peaks|spearman	correlation			0.0		abs=1e-8;NA exact	PASS
correlation|SYN_GENE_0003|H3K9me3|total_associated_peaks|pearson	correlation			0.0		abs=1e-8;NA exact	PASS
correlation|SYN_GENE_0003|H3K9me3|total_associated_peaks|spearman	correlation			0.0		abs=1e-8;NA exact	PASS
correlation|SYN_GENE_0004|H3K27ac|promoter_peaks|pearson	correlation			0.0		abs=1e-8;NA exact	PASS
correlation|SYN_GENE_0004|H3K27ac|promoter_peaks|spearman	correlation			0.0		abs=1e-8;NA exact	PASS
correlation|SYN_GENE_0004|H3K27ac|total_associated_peaks|pearson	correlation	1	1.0	0.0		abs=1e-8;NA exact	PASS
correlation|SYN_GENE_0004|H3K27ac|total_associated_peaks|spearman	correlation	1	1.0	0.0		abs=1e-8;NA exact	PASS
correlation|SYN_GENE_0005|H3K4me3|promoter_peaks|pearson	correlation			0.0		abs=1e-8;NA exact	PASS
correlation|SYN_GENE_0005|H3K4me3|promoter_peaks|spearman	correlation			0.0		abs=1e-8;NA exact	PASS
correlation|SYN_GENE_0005|H3K4me3|total_associated_peaks|pearson	correlation			0.0		abs=1e-8;NA exact	PASS
correlation|SYN_GENE_0005|H3K4me3|total_associated_peaks|spearman	correlation			0.0		abs=1e-8;NA exact	PASS
correlation|SYN_GENE_0006|H3K27me3|promoter_peaks|pearson	correlation	-1	-1.0	0.0		abs=1e-8;NA exact	PASS
correlation|SYN_GENE_0006|H3K27me3|promoter_peaks|spearman	correlation	-1	-1.0	0.0		abs=1e-8;NA exact	PASS
correlation|SYN_GENE_0006|H3K27me3|total_associated_peaks|pearson	correlation	-1	-1.0	0.0		abs=1e-8;NA exact	PASS
correlation|SYN_GENE_0006|H3K27me3|total_associated_peaks|spearman	correlation	-1	-1.0	0.0		abs=1e-8;NA exact	PASS
correlation|SYN_GENE_0007|H3K9me3|promoter_peaks|pearson	correlation			0.0		abs=1e-8;NA exact	PASS
correlation|SYN_GENE_0007|H3K9me3|promoter_peaks|spearman	correlation			0.0		abs=1e-8;NA exact	PASS
correlation|SYN_GENE_0007|H3K9me3|total_associated_peaks|pearson	correlation			0.0		abs=1e-8;NA exact	PASS
correlation|SYN_GENE_0007|H3K9me3|total_associated_peaks|spearman	correlation			0.0		abs=1e-8;NA exact	PASS
correlation|SYN_GENE_0008|H3K27ac|promoter_peaks|pearson	correlation			0.0		abs=1e-8;NA exact	PASS
correlation|SYN_GENE_0008|H3K27ac|promoter_peaks|spearman	correlation			0.0		abs=1e-8;NA exact	PASS
correlation|SYN_GENE_0008|H3K27ac|total_associated_peaks|pearson	correlation			0.0		abs=1e-8;NA exact	PASS
correlation|SYN_GENE_0008|H3K27ac|total_associated_peaks|spearman	correlation			0.0		abs=1e-8;NA exact	PASS
correlation|SYN_GENE_0009|H3K4me3|promoter_peaks|pearson	correlation			0.0		abs=1e-8;NA exact	PASS
correlation|SYN_GENE_0009|H3K4me3|promoter_peaks|spearman	correlation			0.0		abs=1e-8;NA exact	PASS
correlation|SYN_GENE_0009|H3K4me3|total_associated_peaks|pearson	correlation	1	1.0	0.0		abs=1e-8;NA exact	PASS
correlation|SYN_GENE_0009|H3K4me3|total_associated_peaks|spearman	correlation	1	1.0	0.0		abs=1e-8;NA exact	PASS
correlation|SYN_GENE_0010|H3K27me3|promoter_peaks|pearson	correlation			0.0		abs=1e-8;NA exact	PASS
correlation|SYN_GENE_0010|H3K27me3|promoter_peaks|spearman	correlation			0.0		abs=1e-8;NA exact	PASS
correlation|SYN_GENE_0010|H3K27me3|total_associated_peaks|pearson	correlation			0.0		abs=1e-8;NA exact	PASS
correlation|SYN_GENE_0010|H3K27me3|total_associated_peaks|spearman	correlation			0.0		abs=1e-8;NA exact	PASS
correlation|SYN_GENE_0011|H3K9me3|promoter_peaks|pearson	correlation	-1	-1.0	0.0		abs=1e-8;NA exact	PASS
correlation|SYN_GENE_0011|H3K9me3|promoter_peaks|spearman	correlation	-1	-1.0	0.0		abs=1e-8;NA exact	PASS
correlation|SYN_GENE_0011|H3K9me3|total_associated_peaks|pearson	correlation	-1	-1.0	0.0		abs=1e-8;NA exact	PASS
correlation|SYN_GENE_0011|H3K9me3|total_associated_peaks|spearman	correlation	-1	-1.0	0.0		abs=1e-8;NA exact	PASS
correlation|SYN_GENE_0012|H3K27ac|promoter_peaks|pearson	correlation			0.0		abs=1e-8;NA exact	PASS
correlation|SYN_GENE_0012|H3K27ac|promoter_peaks|spearman	correlation			0.0		abs=1e-8;NA exact	PASS
correlation|SYN_GENE_0012|H3K27ac|total_associated_peaks|pearson	correlation			0.0		abs=1e-8;NA exact	PASS
correlation|SYN_GENE_0012|H3K27ac|total_associated_peaks|spearman	correlation			0.0		abs=1e-8;NA exact	PASS
correlation|SYN_GENE_0013|H3K4me3|promoter_peaks|pearson	correlation			0.0		abs=1e-8;NA exact	PASS
correlation|SYN_GENE_0013|H3K4me3|promoter_peaks|spearman	correlation			0.0		abs=1e-8;NA exact	PASS
correlation|SYN_GENE_0013|H3K4me3|total_associated_peaks|pearson	correlation			0.0		abs=1e-8;NA exact	PASS
correlation|SYN_GENE_0013|H3K4me3|total_associated_peaks|spearman	correlation			0.0		abs=1e-8;NA exact	PASS
correlation|SYN_GENE_0014|H3K27me3|promoter_peaks|pearson	correlation			0.0		abs=1e-8;NA exact	PASS
correlation|SYN_GENE_0014|H3K27me3|promoter_peaks|spearman	correlation			0.0		abs=1e-8;NA exact	PASS
correlation|SYN_GENE_0014|H3K27me3|total_associated_peaks|pearson	correlation	-1	-1.0000000000000002	2.220446049250313e-16		abs=1e-8;NA exact	PASS
correlation|SYN_GENE_0014|H3K27me3|total_associated_peaks|spearman	correlation	-1	-1.0	0.0		abs=1e-8;NA exact	PASS
correlation|SYN_GENE_0015|H3K9me3|promoter_peaks|pearson	correlation			0.0		abs=1e-8;NA exact	PASS
correlation|SYN_GENE_0015|H3K9me3|promoter_peaks|spearman	correlation			0.0		abs=1e-8;NA exact	PASS
correlation|SYN_GENE_0015|H3K9me3|total_associated_peaks|pearson	correlation			0.0		abs=1e-8;NA exact	PASS
correlation|SYN_GENE_0015|H3K9me3|total_associated_peaks|spearman	correlation			0.0		abs=1e-8;NA exact	PASS
correlation|SYN_GENE_0016|H3K27ac|promoter_peaks|pearson	correlation	1	1.0	0.0		abs=1e-8;NA exact	PASS
correlation|SYN_GENE_0016|H3K27ac|promoter_peaks|spearman	correlation	1	1.0	0.0		abs=1e-8;NA exact	PASS
correlation|SYN_GENE_0016|H3K27ac|total_associated_peaks|pearson	correlation	1	1.0	0.0		abs=1e-8;NA exact	PASS
correlation|SYN_GENE_0016|H3K27ac|total_associated_peaks|spearman	correlation	1	1.0	0.0		abs=1e-8;NA exact	PASS
correlation|SYN_GENE_0017|H3K4me3|promoter_peaks|pearson	correlation			0.0		abs=1e-8;NA exact	PASS
correlation|SYN_GENE_0017|H3K4me3|promoter_peaks|spearman	correlation			0.0		abs=1e-8;NA exact	PASS
correlation|SYN_GENE_0017|H3K4me3|total_associated_peaks|pearson	correlation			0.0		abs=1e-8;NA exact	PASS
correlation|SYN_GENE_0017|H3K4me3|total_associated_peaks|spearman	correlation			0.0		abs=1e-8;NA exact	PASS
correlation|SYN_GENE_0018|H3K27me3|promoter_peaks|pearson	correlation			0.0		abs=1e-8;NA exact	PASS
correlation|SYN_GENE_0018|H3K27me3|promoter_peaks|spearman	correlation			0.0		abs=1e-8;NA exact	PASS
correlation|SYN_GENE_0018|H3K27me3|total_associated_peaks|pearson	correlation			0.0		abs=1e-8;NA exact	PASS
correlation|SYN_GENE_0018|H3K27me3|total_associated_peaks|spearman	correlation			0.0		abs=1e-8;NA exact	PASS
correlation|SYN_GENE_0019|H3K9me3|promoter_peaks|pearson	correlation			0.0		abs=1e-8;NA exact	PASS
correlation|SYN_GENE_0019|H3K9me3|promoter_peaks|spearman	correlation			0.0		abs=1e-8;NA exact	PASS
correlation|SYN_GENE_0019|H3K9me3|total_associated_peaks|pearson	correlation	-1	-1.0	0.0		abs=1e-8;NA exact	PASS
correlation|SYN_GENE_0019|H3K9me3|total_associated_peaks|spearman	correlation	-1	-1.0	0.0		abs=1e-8;NA exact	PASS
correlation|SYN_GENE_0020|H3K27ac|promoter_peaks|pearson	correlation			0.0		abs=1e-8;NA exact	PASS
correlation|SYN_GENE_0020|H3K27ac|promoter_peaks|spearman	correlation			0.0		abs=1e-8;NA exact	PASS
correlation|SYN_GENE_0020|H3K27ac|total_associated_peaks|pearson	correlation			0.0		abs=1e-8;NA exact	PASS
correlation|SYN_GENE_0020|H3K27ac|total_associated_peaks|spearman	correlation			0.0		abs=1e-8;NA exact	PASS
correlation|SYN_GENE_0021|H3K4me3|promoter_peaks|pearson	correlation	1	1.0	0.0		abs=1e-8;NA exact	PASS
correlation|SYN_GENE_0021|H3K4me3|promoter_peaks|spearman	correlation	1	1.0	0.0		abs=1e-8;NA exact	PASS
correlation|SYN_GENE_0021|H3K4me3|total_associated_peaks|pearson	correlation	1	1.0	0.0		abs=1e-8;NA exact	PASS
correlation|SYN_GENE_0021|H3K4me3|total_associated_peaks|spearman	correlation	1	1.0	0.0		abs=1e-8;NA exact	PASS
correlation|SYN_GENE_0022|H3K27me3|promoter_peaks|pearson	correlation			0.0		abs=1e-8;NA exact	PASS
correlation|SYN_GENE_0022|H3K27me3|promoter_peaks|spearman	correlation			0.0		abs=1e-8;NA exact	PASS
correlation|SYN_GENE_0022|H3K27me3|total_associated_peaks|pearson	correlation			0.0		abs=1e-8;NA exact	PASS
correlation|SYN_GENE_0022|H3K27me3|total_associated_peaks|spearman	correlation			0.0		abs=1e-8;NA exact	PASS
correlation|SYN_GENE_0023|H3K9me3|promoter_peaks|pearson	correlation			0.0		abs=1e-8;NA exact	PASS
correlation|SYN_GENE_0023|H3K9me3|promoter_peaks|spearman	correlation			0.0		abs=1e-8;NA exact	PASS
correlation|SYN_GENE_0023|H3K9me3|total_associated_peaks|pearson	correlation			0.0		abs=1e-8;NA exact	PASS
correlation|SYN_GENE_0023|H3K9me3|total_associated_peaks|spearman	correlation			0.0		abs=1e-8;NA exact	PASS
correlation|SYN_GENE_0024|H3K27ac|promoter_peaks|pearson	correlation			0.0		abs=1e-8;NA exact	PASS
correlation|SYN_GENE_0024|H3K27ac|promoter_peaks|spearman	correlation			0.0		abs=1e-8;NA exact	PASS
correlation|SYN_GENE_0024|H3K27ac|total_associated_peaks|pearson	correlation	1	1.0	0.0		abs=1e-8;NA exact	PASS
correlation|SYN_GENE_0024|H3K27ac|total_associated_peaks|spearman	correlation	1	1.0	0.0		abs=1e-8;NA exact	PASS
correlation|SYN_GENE_0025|H3K4me3|promoter_peaks|pearson	correlation			0.0		abs=1e-8;NA exact	PASS
correlation|SYN_GENE_0025|H3K4me3|promoter_peaks|spearman	correlation			0.0		abs=1e-8;NA exact	PASS
correlation|SYN_GENE_0025|H3K4me3|total_associated_peaks|pearson	correlation			0.0		abs=1e-8;NA exact	PASS
correlation|SYN_GENE_0025|H3K4me3|total_associated_peaks|spearman	correlation			0.0		abs=1e-8;NA exact	PASS
correlation|SYN_GENE_0026|H3K27me3|promoter_peaks|pearson	correlation	-1	-1.0	0.0		abs=1e-8;NA exact	PASS
correlation|SYN_GENE_0026|H3K27me3|promoter_peaks|spearman	correlation	-1	-1.0	0.0		abs=1e-8;NA exact	PASS
correlation|SYN_GENE_0026|H3K27me3|total_associated_peaks|pearson	correlation	-1	-1.0	0.0		abs=1e-8;NA exact	PASS
correlation|SYN_GENE_0026|H3K27me3|total_associated_peaks|spearman	correlation	-1	-1.0	0.0		abs=1e-8;NA exact	PASS
correlation|SYN_GENE_0027|H3K9me3|promoter_peaks|pearson	correlation			0.0		abs=1e-8;NA exact	PASS
correlation|SYN_GENE_0027|H3K9me3|promoter_peaks|spearman	correlation			0.0		abs=1e-8;NA exact	PASS
correlation|SYN_GENE_0027|H3K9me3|total_associated_peaks|pearson	correlation			0.0		abs=1e-8;NA exact	PASS
correlation|SYN_GENE_0027|H3K9me3|total_associated_peaks|spearman	correlation			0.0		abs=1e-8;NA exact	PASS
correlation|SYN_GENE_0028|H3K27ac|promoter_peaks|pearson	correlation			0.0		abs=1e-8;NA exact	PASS
correlation|SYN_GENE_0028|H3K27ac|promoter_peaks|spearman	correlation			0.0		abs=1e-8;NA exact	PASS
correlation|SYN_GENE_0028|H3K27ac|total_associated_peaks|pearson	correlation			0.0		abs=1e-8;NA exact	PASS
correlation|SYN_GENE_0028|H3K27ac|total_associated_peaks|spearman	correlation			0.0		abs=1e-8;NA exact	PASS
correlation|SYN_GENE_0029|H3K4me3|promoter_peaks|pearson	correlation			0.0		abs=1e-8;NA exact	PASS
correlation|SYN_GENE_0029|H3K4me3|promoter_peaks|spearman	correlation			0.0		abs=1e-8;NA exact	PASS
correlation|SYN_GENE_0029|H3K4me3|total_associated_peaks|pearson	correlation	1	1.0	0.0		abs=1e-8;NA exact	PASS
correlation|SYN_GENE_0029|H3K4me3|total_associated_peaks|spearman	correlation	1	1.0	0.0		abs=1e-8;NA exact	PASS
correlation|SYN_GENE_0030|H3K27me3|promoter_peaks|pearson	correlation			0.0		abs=1e-8;NA exact	PASS
correlation|SYN_GENE_0030|H3K27me3|promoter_peaks|spearman	correlation			0.0		abs=1e-8;NA exact	PASS
correlation|SYN_GENE_0030|H3K27me3|total_associated_peaks|pearson	correlation			0.0		abs=1e-8;NA exact	PASS
correlation|SYN_GENE_0030|H3K27me3|total_associated_peaks|spearman	correlation			0.0		abs=1e-8;NA exact	PASS
correlation|SYN_GENE_0031|H3K9me3|promoter_peaks|pearson	correlation	-1	-0.9999999999999998	2.220446049250313e-16		abs=1e-8;NA exact	PASS
correlation|SYN_GENE_0031|H3K9me3|promoter_peaks|spearman	correlation	-1	-1.0	0.0		abs=1e-8;NA exact	PASS
correlation|SYN_GENE_0031|H3K9me3|total_associated_peaks|pearson	correlation	-1	-0.9999999999999998	2.220446049250313e-16		abs=1e-8;NA exact	PASS
correlation|SYN_GENE_0031|H3K9me3|total_associated_peaks|spearman	correlation	-1	-1.0	0.0		abs=1e-8;NA exact	PASS
correlation|SYN_GENE_0032|H3K27ac|promoter_peaks|pearson	correlation			0.0		abs=1e-8;NA exact	PASS
correlation|SYN_GENE_0032|H3K27ac|promoter_peaks|spearman	correlation			0.0		abs=1e-8;NA exact	PASS
correlation|SYN_GENE_0032|H3K27ac|total_associated_peaks|pearson	correlation			0.0		abs=1e-8;NA exact	PASS
correlation|SYN_GENE_0032|H3K27ac|total_associated_peaks|spearman	correlation			0.0		abs=1e-8;NA exact	PASS
correlation|SYN_GENE_0033|H3K4me3|promoter_peaks|pearson	correlation			0.0		abs=1e-8;NA exact	PASS
correlation|SYN_GENE_0033|H3K4me3|promoter_peaks|spearman	correlation			0.0		abs=1e-8;NA exact	PASS
correlation|SYN_GENE_0033|H3K4me3|total_associated_peaks|pearson	correlation			0.0		abs=1e-8;NA exact	PASS
correlation|SYN_GENE_0033|H3K4me3|total_associated_peaks|spearman	correlation			0.0		abs=1e-8;NA exact	PASS
correlation|SYN_GENE_0034|H3K27me3|promoter_peaks|pearson	correlation			0.0		abs=1e-8;NA exact	PASS
correlation|SYN_GENE_0034|H3K27me3|promoter_peaks|spearman	correlation			0.0		abs=1e-8;NA exact	PASS
correlation|SYN_GENE_0034|H3K27me3|total_associated_peaks|pearson	correlation	-1	-1.0	0.0		abs=1e-8;NA exact	PASS
correlation|SYN_GENE_0034|H3K27me3|total_associated_peaks|spearman	correlation	-1	-1.0	0.0		abs=1e-8;NA exact	PASS
correlation|SYN_GENE_0035|H3K9me3|promoter_peaks|pearson	correlation			0.0		abs=1e-8;NA exact	PASS
correlation|SYN_GENE_0035|H3K9me3|promoter_peaks|spearman	correlation			0.0		abs=1e-8;NA exact	PASS
correlation|SYN_GENE_0035|H3K9me3|total_associated_peaks|pearson	correlation			0.0		abs=1e-8;NA exact	PASS
correlation|SYN_GENE_0035|H3K9me3|total_associated_peaks|spearman	correlation			0.0		abs=1e-8;NA exact	PASS
correlation|SYN_GENE_0036|H3K27ac|promoter_peaks|pearson	correlation	1	1.0	0.0		abs=1e-8;NA exact	PASS
correlation|SYN_GENE_0036|H3K27ac|promoter_peaks|spearman	correlation	1	1.0	0.0		abs=1e-8;NA exact	PASS
correlation|SYN_GENE_0036|H3K27ac|total_associated_peaks|pearson	correlation	1	1.0	0.0		abs=1e-8;NA exact	PASS
correlation|SYN_GENE_0036|H3K27ac|total_associated_peaks|spearman	correlation	1	1.0	0.0		abs=1e-8;NA exact	PASS
correlation|SYN_GENE_0037|H3K4me3|promoter_peaks|pearson	correlation			0.0		abs=1e-8;NA exact	PASS
correlation|SYN_GENE_0037|H3K4me3|promoter_peaks|spearman	correlation			0.0		abs=1e-8;NA exact	PASS
correlation|SYN_GENE_0037|H3K4me3|total_associated_peaks|pearson	correlation			0.0		abs=1e-8;NA exact	PASS
correlation|SYN_GENE_0037|H3K4me3|total_associated_peaks|spearman	correlation			0.0		abs=1e-8;NA exact	PASS
correlation|SYN_GENE_0038|H3K27me3|promoter_peaks|pearson	correlation			0.0		abs=1e-8;NA exact	PASS
correlation|SYN_GENE_0038|H3K27me3|promoter_peaks|spearman	correlation			0.0		abs=1e-8;NA exact	PASS
correlation|SYN_GENE_0038|H3K27me3|total_associated_peaks|pearson	correlation			0.0		abs=1e-8;NA exact	PASS
correlation|SYN_GENE_0038|H3K27me3|total_associated_peaks|spearman	correlation			0.0		abs=1e-8;NA exact	PASS
correlation|SYN_GENE_0039|H3K9me3|promoter_peaks|pearson	correlation			0.0		abs=1e-8;NA exact	PASS
correlation|SYN_GENE_0039|H3K9me3|promoter_peaks|spearman	correlation			0.0		abs=1e-8;NA exact	PASS
correlation|SYN_GENE_0039|H3K9me3|total_associated_peaks|pearson	correlation	-1	-1.0	0.0		abs=1e-8;NA exact	PASS
correlation|SYN_GENE_0039|H3K9me3|total_associated_peaks|spearman	correlation	-1	-1.0	0.0		abs=1e-8;NA exact	PASS
correlation|SYN_GENE_0040|H3K27ac|promoter_peaks|pearson	correlation			0.0		abs=1e-8;NA exact	PASS
correlation|SYN_GENE_0040|H3K27ac|promoter_peaks|spearman	correlation			0.0		abs=1e-8;NA exact	PASS
correlation|SYN_GENE_0040|H3K27ac|total_associated_peaks|pearson	correlation			0.0		abs=1e-8;NA exact	PASS
correlation|SYN_GENE_0040|H3K27ac|total_associated_peaks|spearman	correlation			0.0		abs=1e-8;NA exact	PASS
correlation|SYN_GENE_0041|H3K4me3|promoter_peaks|pearson	correlation	1	1.0	0.0		abs=1e-8;NA exact	PASS
correlation|SYN_GENE_0041|H3K4me3|promoter_peaks|spearman	correlation	1	1.0	0.0		abs=1e-8;NA exact	PASS
correlation|SYN_GENE_0041|H3K4me3|total_associated_peaks|pearson	correlation	1	1.0	0.0		abs=1e-8;NA exact	PASS
correlation|SYN_GENE_0041|H3K4me3|total_associated_peaks|spearman	correlation	1	1.0	0.0		abs=1e-8;NA exact	PASS
correlation|SYN_GENE_0042|H3K27me3|promoter_peaks|pearson	correlation			0.0		abs=1e-8;NA exact	PASS
correlation|SYN_GENE_0042|H3K27me3|promoter_peaks|spearman	correlation			0.0		abs=1e-8;NA exact	PASS
correlation|SYN_GENE_0042|H3K27me3|total_associated_peaks|pearson	correlation			0.0		abs=1e-8;NA exact	PASS
correlation|SYN_GENE_0042|H3K27me3|total_associated_peaks|spearman	correlation			0.0		abs=1e-8;NA exact	PASS
correlation|SYN_GENE_0043|H3K9me3|promoter_peaks|pearson	correlation			0.0		abs=1e-8;NA exact	PASS
correlation|SYN_GENE_0043|H3K9me3|promoter_peaks|spearman	correlation			0.0		abs=1e-8;NA exact	PASS
correlation|SYN_GENE_0043|H3K9me3|total_associated_peaks|pearson	correlation			0.0		abs=1e-8;NA exact	PASS
correlation|SYN_GENE_0043|H3K9me3|total_associated_peaks|spearman	correlation			0.0		abs=1e-8;NA exact	PASS
correlation|SYN_GENE_0044|H3K27ac|promoter_peaks|pearson	correlation			0.0		abs=1e-8;NA exact	PASS
correlation|SYN_GENE_0044|H3K27ac|promoter_peaks|spearman	correlation			0.0		abs=1e-8;NA exact	PASS
correlation|SYN_GENE_0044|H3K27ac|total_associated_peaks|pearson	correlation	1	1.0	0.0		abs=1e-8;NA exact	PASS
correlation|SYN_GENE_0044|H3K27ac|total_associated_peaks|spearman	correlation	1	1.0	0.0		abs=1e-8;NA exact	PASS
correlation|SYN_GENE_0045|H3K4me3|promoter_peaks|pearson	correlation			0.0		abs=1e-8;NA exact	PASS
correlation|SYN_GENE_0045|H3K4me3|promoter_peaks|spearman	correlation			0.0		abs=1e-8;NA exact	PASS
correlation|SYN_GENE_0045|H3K4me3|total_associated_peaks|pearson	correlation			0.0		abs=1e-8;NA exact	PASS
correlation|SYN_GENE_0045|H3K4me3|total_associated_peaks|spearman	correlation			0.0		abs=1e-8;NA exact	PASS
correlation|SYN_GENE_0046|H3K27me3|promoter_peaks|pearson	correlation	-1	-1.0	0.0		abs=1e-8;NA exact	PASS
correlation|SYN_GENE_0046|H3K27me3|promoter_peaks|spearman	correlation	-1	-1.0	0.0		abs=1e-8;NA exact	PASS
correlation|SYN_GENE_0046|H3K27me3|total_associated_peaks|pearson	correlation	-1	-1.0	0.0		abs=1e-8;NA exact	PASS
correlation|SYN_GENE_0046|H3K27me3|total_associated_peaks|spearman	correlation	-1	-1.0	0.0		abs=1e-8;NA exact	PASS
correlation|SYN_GENE_0047|H3K9me3|promoter_peaks|pearson	correlation			0.0		abs=1e-8;NA exact	PASS
correlation|SYN_GENE_0047|H3K9me3|promoter_peaks|spearman	correlation			0.0		abs=1e-8;NA exact	PASS
correlation|SYN_GENE_0047|H3K9me3|total_associated_peaks|pearson	correlation			0.0		abs=1e-8;NA exact	PASS
correlation|SYN_GENE_0047|H3K9me3|total_associated_peaks|spearman	correlation			0.0		abs=1e-8;NA exact	PASS
correlation|SYN_GENE_0048|H3K27ac|promoter_peaks|pearson	correlation			0.0		abs=1e-8;NA exact	PASS
correlation|SYN_GENE_0048|H3K27ac|promoter_peaks|spearman	correlation			0.0		abs=1e-8;NA exact	PASS
correlation|SYN_GENE_0048|H3K27ac|total_associated_peaks|pearson	correlation			0.0		abs=1e-8;NA exact	PASS
correlation|SYN_GENE_0048|H3K27ac|total_associated_peaks|spearman	correlation			0.0		abs=1e-8;NA exact	PASS
correlation|SYN_GENE_0049|H3K4me3|promoter_peaks|pearson	correlation			0.0		abs=1e-8;NA exact	PASS
correlation|SYN_GENE_0049|H3K4me3|promoter_peaks|spearman	correlation			0.0		abs=1e-8;NA exact	PASS
correlation|SYN_GENE_0049|H3K4me3|total_associated_peaks|pearson	correlation	1	1.0	0.0		abs=1e-8;NA exact	PASS
correlation|SYN_GENE_0049|H3K4me3|total_associated_peaks|spearman	correlation	1	1.0	0.0		abs=1e-8;NA exact	PASS
correlation|SYN_GENE_0050|H3K27me3|promoter_peaks|pearson	correlation			0.0		abs=1e-8;NA exact	PASS
correlation|SYN_GENE_0050|H3K27me3|promoter_peaks|spearman	correlation			0.0		abs=1e-8;NA exact	PASS
correlation|SYN_GENE_0050|H3K27me3|total_associated_peaks|pearson	correlation			0.0		abs=1e-8;NA exact	PASS
correlation|SYN_GENE_0050|H3K27me3|total_associated_peaks|spearman	correlation			0.0		abs=1e-8;NA exact	PASS
correlation|SYN_GENE_0051|H3K9me3|promoter_peaks|pearson	correlation	-1	-1.0	0.0		abs=1e-8;NA exact	PASS
correlation|SYN_GENE_0051|H3K9me3|promoter_peaks|spearman	correlation	-1	-1.0	0.0		abs=1e-8;NA exact	PASS
correlation|SYN_GENE_0051|H3K9me3|total_associated_peaks|pearson	correlation	-1	-1.0	0.0		abs=1e-8;NA exact	PASS
correlation|SYN_GENE_0051|H3K9me3|total_associated_peaks|spearman	correlation	-1	-1.0	0.0		abs=1e-8;NA exact	PASS
correlation|SYN_GENE_0052|H3K27ac|promoter_peaks|pearson	correlation			0.0		abs=1e-8;NA exact	PASS
correlation|SYN_GENE_0052|H3K27ac|promoter_peaks|spearman	correlation			0.0		abs=1e-8;NA exact	PASS
correlation|SYN_GENE_0052|H3K27ac|total_associated_peaks|pearson	correlation			0.0		abs=1e-8;NA exact	PASS
correlation|SYN_GENE_0052|H3K27ac|total_associated_peaks|spearman	correlation			0.0		abs=1e-8;NA exact	PASS
correlation|SYN_GENE_0053|H3K4me3|promoter_peaks|pearson	correlation			0.0		abs=1e-8;NA exact	PASS
correlation|SYN_GENE_0053|H3K4me3|promoter_peaks|spearman	correlation			0.0		abs=1e-8;NA exact	PASS
correlation|SYN_GENE_0053|H3K4me3|total_associated_peaks|pearson	correlation			0.0		abs=1e-8;NA exact	PASS
correlation|SYN_GENE_0053|H3K4me3|total_associated_peaks|spearman	correlation			0.0		abs=1e-8;NA exact	PASS
correlation|SYN_GENE_0054|H3K27me3|promoter_peaks|pearson	correlation			0.0		abs=1e-8;NA exact	PASS
correlation|SYN_GENE_0054|H3K27me3|promoter_peaks|spearman	correlation			0.0		abs=1e-8;NA exact	PASS
correlation|SYN_GENE_0054|H3K27me3|total_associated_peaks|pearson	correlation	-1	-1.0000000000000002	2.220446049250313e-16		abs=1e-8;NA exact	PASS
correlation|SYN_GENE_0054|H3K27me3|total_associated_peaks|spearman	correlation	-1	-1.0	0.0		abs=1e-8;NA exact	PASS
correlation|SYN_GENE_0055|H3K9me3|promoter_peaks|pearson	correlation			0.0		abs=1e-8;NA exact	PASS
correlation|SYN_GENE_0055|H3K9me3|promoter_peaks|spearman	correlation			0.0		abs=1e-8;NA exact	PASS
correlation|SYN_GENE_0055|H3K9me3|total_associated_peaks|pearson	correlation			0.0		abs=1e-8;NA exact	PASS
correlation|SYN_GENE_0055|H3K9me3|total_associated_peaks|spearman	correlation			0.0		abs=1e-8;NA exact	PASS
correlation|SYN_GENE_0056|H3K27ac|promoter_peaks|pearson	correlation	1	1.0	0.0		abs=1e-8;NA exact	PASS
correlation|SYN_GENE_0056|H3K27ac|promoter_peaks|spearman	correlation	1	1.0	0.0		abs=1e-8;NA exact	PASS
correlation|SYN_GENE_0056|H3K27ac|total_associated_peaks|pearson	correlation	1	1.0	0.0		abs=1e-8;NA exact	PASS
correlation|SYN_GENE_0056|H3K27ac|total_associated_peaks|spearman	correlation	1	1.0	0.0		abs=1e-8;NA exact	PASS
correlation|SYN_GENE_0057|H3K4me3|promoter_peaks|pearson	correlation			0.0		abs=1e-8;NA exact	PASS
correlation|SYN_GENE_0057|H3K4me3|promoter_peaks|spearman	correlation			0.0		abs=1e-8;NA exact	PASS
correlation|SYN_GENE_0057|H3K4me3|total_associated_peaks|pearson	correlation			0.0		abs=1e-8;NA exact	PASS
correlation|SYN_GENE_0057|H3K4me3|total_associated_peaks|spearman	correlation			0.0		abs=1e-8;NA exact	PASS
correlation|SYN_GENE_0058|H3K27me3|promoter_peaks|pearson	correlation			0.0		abs=1e-8;NA exact	PASS
correlation|SYN_GENE_0058|H3K27me3|promoter_peaks|spearman	correlation			0.0		abs=1e-8;NA exact	PASS
correlation|SYN_GENE_0058|H3K27me3|total_associated_peaks|pearson	correlation			0.0		abs=1e-8;NA exact	PASS
correlation|SYN_GENE_0058|H3K27me3|total_associated_peaks|spearman	correlation			0.0		abs=1e-8;NA exact	PASS
correlation|SYN_GENE_0059|H3K9me3|promoter_peaks|pearson	correlation			0.0		abs=1e-8;NA exact	PASS
correlation|SYN_GENE_0059|H3K9me3|promoter_peaks|spearman	correlation			0.0		abs=1e-8;NA exact	PASS
correlation|SYN_GENE_0059|H3K9me3|total_associated_peaks|pearson	correlation	-1	-1.0	0.0		abs=1e-8;NA exact	PASS
correlation|SYN_GENE_0059|H3K9me3|total_associated_peaks|spearman	correlation	-1	-1.0	0.0		abs=1e-8;NA exact	PASS
correlation|SYN_GENE_0060|H3K27ac|promoter_peaks|pearson	correlation			0.0		abs=1e-8;NA exact	PASS
correlation|SYN_GENE_0060|H3K27ac|promoter_peaks|spearman	correlation			0.0		abs=1e-8;NA exact	PASS
correlation|SYN_GENE_0060|H3K27ac|total_associated_peaks|pearson	correlation			0.0		abs=1e-8;NA exact	PASS
correlation|SYN_GENE_0060|H3K27ac|total_associated_peaks|spearman	correlation			0.0		abs=1e-8;NA exact	PASS
correlation|SYN_GENE_0061|H3K4me3|promoter_peaks|pearson	correlation	1	1.0	0.0		abs=1e-8;NA exact	PASS
correlation|SYN_GENE_0061|H3K4me3|promoter_peaks|spearman	correlation	1	1.0	0.0		abs=1e-8;NA exact	PASS
correlation|SYN_GENE_0061|H3K4me3|total_associated_peaks|pearson	correlation	1	1.0	0.0		abs=1e-8;NA exact	PASS
correlation|SYN_GENE_0061|H3K4me3|total_associated_peaks|spearman	correlation	1	1.0	0.0		abs=1e-8;NA exact	PASS
correlation|SYN_GENE_0062|H3K27me3|promoter_peaks|pearson	correlation			0.0		abs=1e-8;NA exact	PASS
correlation|SYN_GENE_0062|H3K27me3|promoter_peaks|spearman	correlation			0.0		abs=1e-8;NA exact	PASS
correlation|SYN_GENE_0062|H3K27me3|total_associated_peaks|pearson	correlation			0.0		abs=1e-8;NA exact	PASS
correlation|SYN_GENE_0062|H3K27me3|total_associated_peaks|spearman	correlation			0.0		abs=1e-8;NA exact	PASS
correlation|SYN_GENE_0063|H3K9me3|promoter_peaks|pearson	correlation			0.0		abs=1e-8;NA exact	PASS
correlation|SYN_GENE_0063|H3K9me3|promoter_peaks|spearman	correlation			0.0		abs=1e-8;NA exact	PASS
correlation|SYN_GENE_0063|H3K9me3|total_associated_peaks|pearson	correlation			0.0		abs=1e-8;NA exact	PASS
correlation|SYN_GENE_0063|H3K9me3|total_associated_peaks|spearman	correlation			0.0		abs=1e-8;NA exact	PASS
correlation|SYN_GENE_0064|H3K27ac|promoter_peaks|pearson	correlation			0.0		abs=1e-8;NA exact	PASS
correlation|SYN_GENE_0064|H3K27ac|promoter_peaks|spearman	correlation			0.0		abs=1e-8;NA exact	PASS
correlation|SYN_GENE_0064|H3K27ac|total_associated_peaks|pearson	correlation	1	1.0	0.0		abs=1e-8;NA exact	PASS
correlation|SYN_GENE_0064|H3K27ac|total_associated_peaks|spearman	correlation	1	1.0	0.0		abs=1e-8;NA exact	PASS
correlation|SYN_GENE_0065|H3K4me3|promoter_peaks|pearson	correlation			0.0		abs=1e-8;NA exact	PASS
correlation|SYN_GENE_0065|H3K4me3|promoter_peaks|spearman	correlation			0.0		abs=1e-8;NA exact	PASS
correlation|SYN_GENE_0065|H3K4me3|total_associated_peaks|pearson	correlation			0.0		abs=1e-8;NA exact	PASS
correlation|SYN_GENE_0065|H3K4me3|total_associated_peaks|spearman	correlation			0.0		abs=1e-8;NA exact	PASS
correlation|SYN_GENE_0066|H3K27me3|promoter_peaks|pearson	correlation	-1	-1.0	0.0		abs=1e-8;NA exact	PASS
correlation|SYN_GENE_0066|H3K27me3|promoter_peaks|spearman	correlation	-1	-1.0	0.0		abs=1e-8;NA exact	PASS
correlation|SYN_GENE_0066|H3K27me3|total_associated_peaks|pearson	correlation	-1	-1.0	0.0		abs=1e-8;NA exact	PASS
correlation|SYN_GENE_0066|H3K27me3|total_associated_peaks|spearman	correlation	-1	-1.0	0.0		abs=1e-8;NA exact	PASS
correlation|SYN_GENE_0067|H3K9me3|promoter_peaks|pearson	correlation			0.0		abs=1e-8;NA exact	PASS
correlation|SYN_GENE_0067|H3K9me3|promoter_peaks|spearman	correlation			0.0		abs=1e-8;NA exact	PASS
correlation|SYN_GENE_0067|H3K9me3|total_associated_peaks|pearson	correlation			0.0		abs=1e-8;NA exact	PASS
correlation|SYN_GENE_0067|H3K9me3|total_associated_peaks|spearman	correlation			0.0		abs=1e-8;NA exact	PASS
correlation|SYN_GENE_0068|H3K27ac|promoter_peaks|pearson	correlation			0.0		abs=1e-8;NA exact	PASS
correlation|SYN_GENE_0068|H3K27ac|promoter_peaks|spearman	correlation			0.0		abs=1e-8;NA exact	PASS
correlation|SYN_GENE_0068|H3K27ac|total_associated_peaks|pearson	correlation			0.0		abs=1e-8;NA exact	PASS
correlation|SYN_GENE_0068|H3K27ac|total_associated_peaks|spearman	correlation			0.0		abs=1e-8;NA exact	PASS
correlation|SYN_GENE_0069|H3K4me3|promoter_peaks|pearson	correlation			0.0		abs=1e-8;NA exact	PASS
correlation|SYN_GENE_0069|H3K4me3|promoter_peaks|spearman	correlation			0.0		abs=1e-8;NA exact	PASS
correlation|SYN_GENE_0069|H3K4me3|total_associated_peaks|pearson	correlation	1	1.0	0.0		abs=1e-8;NA exact	PASS
correlation|SYN_GENE_0069|H3K4me3|total_associated_peaks|spearman	correlation	1	1.0	0.0		abs=1e-8;NA exact	PASS
correlation|SYN_GENE_0070|H3K27me3|promoter_peaks|pearson	correlation			0.0		abs=1e-8;NA exact	PASS
correlation|SYN_GENE_0070|H3K27me3|promoter_peaks|spearman	correlation			0.0		abs=1e-8;NA exact	PASS
correlation|SYN_GENE_0070|H3K27me3|total_associated_peaks|pearson	correlation			0.0		abs=1e-8;NA exact	PASS
correlation|SYN_GENE_0070|H3K27me3|total_associated_peaks|spearman	correlation			0.0		abs=1e-8;NA exact	PASS
correlation|SYN_GENE_0071|H3K9me3|promoter_peaks|pearson	correlation	-1	-1.0	0.0		abs=1e-8;NA exact	PASS
correlation|SYN_GENE_0071|H3K9me3|promoter_peaks|spearman	correlation	-1	-1.0	0.0		abs=1e-8;NA exact	PASS
correlation|SYN_GENE_0071|H3K9me3|total_associated_peaks|pearson	correlation	-1	-1.0	0.0		abs=1e-8;NA exact	PASS
correlation|SYN_GENE_0071|H3K9me3|total_associated_peaks|spearman	correlation	-1	-1.0	0.0		abs=1e-8;NA exact	PASS
correlation|SYN_GENE_0072|H3K27ac|promoter_peaks|pearson	correlation			0.0		abs=1e-8;NA exact	PASS
correlation|SYN_GENE_0072|H3K27ac|promoter_peaks|spearman	correlation			0.0		abs=1e-8;NA exact	PASS
correlation|SYN_GENE_0072|H3K27ac|total_associated_peaks|pearson	correlation			0.0		abs=1e-8;NA exact	PASS
correlation|SYN_GENE_0072|H3K27ac|total_associated_peaks|spearman	correlation			0.0		abs=1e-8;NA exact	PASS
correlation|SYN_GENE_0073|H3K4me3|promoter_peaks|pearson	correlation			0.0		abs=1e-8;NA exact	PASS
correlation|SYN_GENE_0073|H3K4me3|promoter_peaks|spearman	correlation			0.0		abs=1e-8;NA exact	PASS
correlation|SYN_GENE_0073|H3K4me3|total_associated_peaks|pearson	correlation			0.0		abs=1e-8;NA exact	PASS
correlation|SYN_GENE_0073|H3K4me3|total_associated_peaks|spearman	correlation			0.0		abs=1e-8;NA exact	PASS
correlation|SYN_GENE_0074|H3K27me3|promoter_peaks|pearson	correlation			0.0		abs=1e-8;NA exact	PASS
correlation|SYN_GENE_0074|H3K27me3|promoter_peaks|spearman	correlation			0.0		abs=1e-8;NA exact	PASS
correlation|SYN_GENE_0074|H3K27me3|total_associated_peaks|pearson	correlation	-1	-1.0	0.0		abs=1e-8;NA exact	PASS
correlation|SYN_GENE_0074|H3K27me3|total_associated_peaks|spearman	correlation	-1	-1.0	0.0		abs=1e-8;NA exact	PASS
correlation|SYN_GENE_0075|H3K9me3|promoter_peaks|pearson	correlation			0.0		abs=1e-8;NA exact	PASS
correlation|SYN_GENE_0075|H3K9me3|promoter_peaks|spearman	correlation			0.0		abs=1e-8;NA exact	PASS
correlation|SYN_GENE_0075|H3K9me3|total_associated_peaks|pearson	correlation			0.0		abs=1e-8;NA exact	PASS
correlation|SYN_GENE_0075|H3K9me3|total_associated_peaks|spearman	correlation			0.0		abs=1e-8;NA exact	PASS
correlation|SYN_GENE_0076|H3K27ac|promoter_peaks|pearson	correlation	1	1.0	0.0		abs=1e-8;NA exact	PASS
correlation|SYN_GENE_0076|H3K27ac|promoter_peaks|spearman	correlation	1	1.0	0.0		abs=1e-8;NA exact	PASS
correlation|SYN_GENE_0076|H3K27ac|total_associated_peaks|pearson	correlation	1	1.0	0.0		abs=1e-8;NA exact	PASS
correlation|SYN_GENE_0076|H3K27ac|total_associated_peaks|spearman	correlation	1	1.0	0.0		abs=1e-8;NA exact	PASS
correlation|SYN_GENE_0077|H3K4me3|promoter_peaks|pearson	correlation			0.0		abs=1e-8;NA exact	PASS
correlation|SYN_GENE_0077|H3K4me3|promoter_peaks|spearman	correlation			0.0		abs=1e-8;NA exact	PASS
correlation|SYN_GENE_0077|H3K4me3|total_associated_peaks|pearson	correlation			0.0		abs=1e-8;NA exact	PASS
correlation|SYN_GENE_0077|H3K4me3|total_associated_peaks|spearman	correlation			0.0		abs=1e-8;NA exact	PASS
correlation|SYN_GENE_0078|H3K27me3|promoter_peaks|pearson	correlation			0.0		abs=1e-8;NA exact	PASS
correlation|SYN_GENE_0078|H3K27me3|promoter_peaks|spearman	correlation			0.0		abs=1e-8;NA exact	PASS
correlation|SYN_GENE_0078|H3K27me3|total_associated_peaks|pearson	correlation			0.0		abs=1e-8;NA exact	PASS
correlation|SYN_GENE_0078|H3K27me3|total_associated_peaks|spearman	correlation			0.0		abs=1e-8;NA exact	PASS
correlation|SYN_GENE_0079|H3K9me3|promoter_peaks|pearson	correlation			0.0		abs=1e-8;NA exact	PASS
correlation|SYN_GENE_0079|H3K9me3|promoter_peaks|spearman	correlation			0.0		abs=1e-8;NA exact	PASS
correlation|SYN_GENE_0079|H3K9me3|total_associated_peaks|pearson	correlation	-1	-1.0	0.0		abs=1e-8;NA exact	PASS
correlation|SYN_GENE_0079|H3K9me3|total_associated_peaks|spearman	correlation	-1	-1.0	0.0		abs=1e-8;NA exact	PASS
correlation|SYN_GENE_0080|H3K27ac|promoter_peaks|pearson	correlation			0.0		abs=1e-8;NA exact	PASS
correlation|SYN_GENE_0080|H3K27ac|promoter_peaks|spearman	correlation			0.0		abs=1e-8;NA exact	PASS
correlation|SYN_GENE_0080|H3K27ac|total_associated_peaks|pearson	correlation			0.0		abs=1e-8;NA exact	PASS
correlation|SYN_GENE_0080|H3K27ac|total_associated_peaks|spearman	correlation			0.0		abs=1e-8;NA exact	PASS
correlation|SYN_GENE_0081|H3K4me3|promoter_peaks|pearson	correlation	1	1.0	0.0		abs=1e-8;NA exact	PASS
correlation|SYN_GENE_0081|H3K4me3|promoter_peaks|spearman	correlation	1	1.0	0.0		abs=1e-8;NA exact	PASS
correlation|SYN_GENE_0081|H3K4me3|total_associated_peaks|pearson	correlation	1	1.0	0.0		abs=1e-8;NA exact	PASS
correlation|SYN_GENE_0081|H3K4me3|total_associated_peaks|spearman	correlation	1	1.0	0.0		abs=1e-8;NA exact	PASS
correlation|SYN_GENE_0082|H3K27me3|promoter_peaks|pearson	correlation			0.0		abs=1e-8;NA exact	PASS
correlation|SYN_GENE_0082|H3K27me3|promoter_peaks|spearman	correlation			0.0		abs=1e-8;NA exact	PASS
correlation|SYN_GENE_0082|H3K27me3|total_associated_peaks|pearson	correlation			0.0		abs=1e-8;NA exact	PASS
correlation|SYN_GENE_0082|H3K27me3|total_associated_peaks|spearman	correlation			0.0		abs=1e-8;NA exact	PASS
correlation|SYN_GENE_0083|H3K9me3|promoter_peaks|pearson	correlation			0.0		abs=1e-8;NA exact	PASS
correlation|SYN_GENE_0083|H3K9me3|promoter_peaks|spearman	correlation			0.0		abs=1e-8;NA exact	PASS
correlation|SYN_GENE_0083|H3K9me3|total_associated_peaks|pearson	correlation			0.0		abs=1e-8;NA exact	PASS
correlation|SYN_GENE_0083|H3K9me3|total_associated_peaks|spearman	correlation			0.0		abs=1e-8;NA exact	PASS
correlation|SYN_GENE_0084|H3K27ac|promoter_peaks|pearson	correlation			0.0		abs=1e-8;NA exact	PASS
correlation|SYN_GENE_0084|H3K27ac|promoter_peaks|spearman	correlation			0.0		abs=1e-8;NA exact	PASS
correlation|SYN_GENE_0084|H3K27ac|total_associated_peaks|pearson	correlation	1	1.0	0.0		abs=1e-8;NA exact	PASS
correlation|SYN_GENE_0084|H3K27ac|total_associated_peaks|spearman	correlation	1	1.0	0.0		abs=1e-8;NA exact	PASS
correlation|SYN_GENE_0085|H3K4me3|promoter_peaks|pearson	correlation			0.0		abs=1e-8;NA exact	PASS
correlation|SYN_GENE_0085|H3K4me3|promoter_peaks|spearman	correlation			0.0		abs=1e-8;NA exact	PASS
correlation|SYN_GENE_0085|H3K4me3|total_associated_peaks|pearson	correlation			0.0		abs=1e-8;NA exact	PASS
correlation|SYN_GENE_0085|H3K4me3|total_associated_peaks|spearman	correlation			0.0		abs=1e-8;NA exact	PASS
correlation|SYN_GENE_0086|H3K27me3|promoter_peaks|pearson	correlation	-1	-1.0000000000000002	2.220446049250313e-16		abs=1e-8;NA exact	PASS
correlation|SYN_GENE_0086|H3K27me3|promoter_peaks|spearman	correlation	-1	-1.0	0.0		abs=1e-8;NA exact	PASS
correlation|SYN_GENE_0086|H3K27me3|total_associated_peaks|pearson	correlation	-1	-1.0000000000000002	2.220446049250313e-16		abs=1e-8;NA exact	PASS
correlation|SYN_GENE_0086|H3K27me3|total_associated_peaks|spearman	correlation	-1	-1.0	0.0		abs=1e-8;NA exact	PASS
correlation|SYN_GENE_0087|H3K9me3|promoter_peaks|pearson	correlation			0.0		abs=1e-8;NA exact	PASS
correlation|SYN_GENE_0087|H3K9me3|promoter_peaks|spearman	correlation			0.0		abs=1e-8;NA exact	PASS
correlation|SYN_GENE_0087|H3K9me3|total_associated_peaks|pearson	correlation			0.0		abs=1e-8;NA exact	PASS
correlation|SYN_GENE_0087|H3K9me3|total_associated_peaks|spearman	correlation			0.0		abs=1e-8;NA exact	PASS
correlation|SYN_GENE_0088|H3K27ac|promoter_peaks|pearson	correlation			0.0		abs=1e-8;NA exact	PASS
correlation|SYN_GENE_0088|H3K27ac|promoter_peaks|spearman	correlation			0.0		abs=1e-8;NA exact	PASS
correlation|SYN_GENE_0088|H3K27ac|total_associated_peaks|pearson	correlation			0.0		abs=1e-8;NA exact	PASS
correlation|SYN_GENE_0088|H3K27ac|total_associated_peaks|spearman	correlation			0.0		abs=1e-8;NA exact	PASS
correlation|SYN_GENE_0089|H3K4me3|promoter_peaks|pearson	correlation			0.0		abs=1e-8;NA exact	PASS
correlation|SYN_GENE_0089|H3K4me3|promoter_peaks|spearman	correlation			0.0		abs=1e-8;NA exact	PASS
correlation|SYN_GENE_0089|H3K4me3|total_associated_peaks|pearson	correlation	1	1.0	0.0		abs=1e-8;NA exact	PASS
correlation|SYN_GENE_0089|H3K4me3|total_associated_peaks|spearman	correlation	1	1.0	0.0		abs=1e-8;NA exact	PASS
correlation|SYN_GENE_0090|H3K27me3|promoter_peaks|pearson	correlation			0.0		abs=1e-8;NA exact	PASS
correlation|SYN_GENE_0090|H3K27me3|promoter_peaks|spearman	correlation			0.0		abs=1e-8;NA exact	PASS
correlation|SYN_GENE_0090|H3K27me3|total_associated_peaks|pearson	correlation			0.0		abs=1e-8;NA exact	PASS
correlation|SYN_GENE_0090|H3K27me3|total_associated_peaks|spearman	correlation			0.0		abs=1e-8;NA exact	PASS
correlation|SYN_GENE_0091|H3K9me3|promoter_peaks|pearson	correlation	-1	-1.0	0.0		abs=1e-8;NA exact	PASS
correlation|SYN_GENE_0091|H3K9me3|promoter_peaks|spearman	correlation	-1	-1.0	0.0		abs=1e-8;NA exact	PASS
correlation|SYN_GENE_0091|H3K9me3|total_associated_peaks|pearson	correlation	-1	-1.0	0.0		abs=1e-8;NA exact	PASS
correlation|SYN_GENE_0091|H3K9me3|total_associated_peaks|spearman	correlation	-1	-1.0	0.0		abs=1e-8;NA exact	PASS
correlation|SYN_GENE_0092|H3K27ac|promoter_peaks|pearson	correlation			0.0		abs=1e-8;NA exact	PASS
correlation|SYN_GENE_0092|H3K27ac|promoter_peaks|spearman	correlation			0.0		abs=1e-8;NA exact	PASS
correlation|SYN_GENE_0092|H3K27ac|total_associated_peaks|pearson	correlation			0.0		abs=1e-8;NA exact	PASS
correlation|SYN_GENE_0092|H3K27ac|total_associated_peaks|spearman	correlation			0.0		abs=1e-8;NA exact	PASS
correlation|SYN_GENE_0093|H3K4me3|promoter_peaks|pearson	correlation			0.0		abs=1e-8;NA exact	PASS
correlation|SYN_GENE_0093|H3K4me3|promoter_peaks|spearman	correlation			0.0		abs=1e-8;NA exact	PASS
correlation|SYN_GENE_0093|H3K4me3|total_associated_peaks|pearson	correlation			0.0		abs=1e-8;NA exact	PASS
correlation|SYN_GENE_0093|H3K4me3|total_associated_peaks|spearman	correlation			0.0		abs=1e-8;NA exact	PASS
correlation|SYN_GENE_0094|H3K27me3|promoter_peaks|pearson	correlation			0.0		abs=1e-8;NA exact	PASS
correlation|SYN_GENE_0094|H3K27me3|promoter_peaks|spearman	correlation			0.0		abs=1e-8;NA exact	PASS
correlation|SYN_GENE_0094|H3K27me3|total_associated_peaks|pearson	correlation	-1	-1.0000000000000002	2.220446049250313e-16		abs=1e-8;NA exact	PASS
correlation|SYN_GENE_0094|H3K27me3|total_associated_peaks|spearman	correlation	-1	-1.0	0.0		abs=1e-8;NA exact	PASS
correlation|SYN_GENE_0095|H3K9me3|promoter_peaks|pearson	correlation			0.0		abs=1e-8;NA exact	PASS
correlation|SYN_GENE_0095|H3K9me3|promoter_peaks|spearman	correlation			0.0		abs=1e-8;NA exact	PASS
correlation|SYN_GENE_0095|H3K9me3|total_associated_peaks|pearson	correlation			0.0		abs=1e-8;NA exact	PASS
correlation|SYN_GENE_0095|H3K9me3|total_associated_peaks|spearman	correlation			0.0		abs=1e-8;NA exact	PASS
correlation|SYN_GENE_0096|H3K27ac|promoter_peaks|pearson	correlation	1	1.0000000000000002	2.220446049250313e-16		abs=1e-8;NA exact	PASS
correlation|SYN_GENE_0096|H3K27ac|promoter_peaks|spearman	correlation	1	1.0	0.0		abs=1e-8;NA exact	PASS
correlation|SYN_GENE_0096|H3K27ac|total_associated_peaks|pearson	correlation	1	1.0000000000000002	2.220446049250313e-16		abs=1e-8;NA exact	PASS
correlation|SYN_GENE_0096|H3K27ac|total_associated_peaks|spearman	correlation	1	1.0	0.0		abs=1e-8;NA exact	PASS
correlation|SYN_GENE_0097|H3K4me3|promoter_peaks|pearson	correlation			0.0		abs=1e-8;NA exact	PASS
correlation|SYN_GENE_0097|H3K4me3|promoter_peaks|spearman	correlation			0.0		abs=1e-8;NA exact	PASS
correlation|SYN_GENE_0097|H3K4me3|total_associated_peaks|pearson	correlation			0.0		abs=1e-8;NA exact	PASS
correlation|SYN_GENE_0097|H3K4me3|total_associated_peaks|spearman	correlation			0.0		abs=1e-8;NA exact	PASS
correlation|SYN_GENE_0098|H3K27me3|promoter_peaks|pearson	correlation			0.0		abs=1e-8;NA exact	PASS
correlation|SYN_GENE_0098|H3K27me3|promoter_peaks|spearman	correlation			0.0		abs=1e-8;NA exact	PASS
correlation|SYN_GENE_0098|H3K27me3|total_associated_peaks|pearson	correlation			0.0		abs=1e-8;NA exact	PASS
correlation|SYN_GENE_0098|H3K27me3|total_associated_peaks|spearman	correlation			0.0		abs=1e-8;NA exact	PASS
correlation|SYN_GENE_0099|H3K9me3|promoter_peaks|pearson	correlation			0.0		abs=1e-8;NA exact	PASS
correlation|SYN_GENE_0099|H3K9me3|promoter_peaks|spearman	correlation			0.0		abs=1e-8;NA exact	PASS
correlation|SYN_GENE_0099|H3K9me3|total_associated_peaks|pearson	correlation	-1	-1.0	0.0		abs=1e-8;NA exact	PASS
correlation|SYN_GENE_0099|H3K9me3|total_associated_peaks|spearman	correlation	-1	-1.0	0.0		abs=1e-8;NA exact	PASS
correlation|SYN_GENE_0100|H3K27ac|promoter_peaks|pearson	correlation			0.0		abs=1e-8;NA exact	PASS
correlation|SYN_GENE_0100|H3K27ac|promoter_peaks|spearman	correlation			0.0		abs=1e-8;NA exact	PASS
correlation|SYN_GENE_0100|H3K27ac|total_associated_peaks|pearson	correlation			0.0		abs=1e-8;NA exact	PASS
correlation|SYN_GENE_0100|H3K27ac|total_associated_peaks|spearman	correlation			0.0		abs=1e-8;NA exact	PASS
correlation|SYN_GENE_0101|H3K4me3|promoter_peaks|pearson	correlation	1	1.0	0.0		abs=1e-8;NA exact	PASS
correlation|SYN_GENE_0101|H3K4me3|promoter_peaks|spearman	correlation	1	1.0	0.0		abs=1e-8;NA exact	PASS
correlation|SYN_GENE_0101|H3K4me3|total_associated_peaks|pearson	correlation	1	1.0	0.0		abs=1e-8;NA exact	PASS
correlation|SYN_GENE_0101|H3K4me3|total_associated_peaks|spearman	correlation	1	1.0	0.0		abs=1e-8;NA exact	PASS
correlation|SYN_GENE_0102|H3K27me3|promoter_peaks|pearson	correlation			0.0		abs=1e-8;NA exact	PASS
correlation|SYN_GENE_0102|H3K27me3|promoter_peaks|spearman	correlation			0.0		abs=1e-8;NA exact	PASS
correlation|SYN_GENE_0102|H3K27me3|total_associated_peaks|pearson	correlation			0.0		abs=1e-8;NA exact	PASS
correlation|SYN_GENE_0102|H3K27me3|total_associated_peaks|spearman	correlation			0.0		abs=1e-8;NA exact	PASS
correlation|SYN_GENE_0103|H3K9me3|promoter_peaks|pearson	correlation			0.0		abs=1e-8;NA exact	PASS
correlation|SYN_GENE_0103|H3K9me3|promoter_peaks|spearman	correlation			0.0		abs=1e-8;NA exact	PASS
correlation|SYN_GENE_0103|H3K9me3|total_associated_peaks|pearson	correlation			0.0		abs=1e-8;NA exact	PASS
correlation|SYN_GENE_0103|H3K9me3|total_associated_peaks|spearman	correlation			0.0		abs=1e-8;NA exact	PASS
correlation|SYN_GENE_0104|H3K27ac|promoter_peaks|pearson	correlation			0.0		abs=1e-8;NA exact	PASS
correlation|SYN_GENE_0104|H3K27ac|promoter_peaks|spearman	correlation			0.0		abs=1e-8;NA exact	PASS
correlation|SYN_GENE_0104|H3K27ac|total_associated_peaks|pearson	correlation	1	1.0	0.0		abs=1e-8;NA exact	PASS
correlation|SYN_GENE_0104|H3K27ac|total_associated_peaks|spearman	correlation	1	1.0	0.0		abs=1e-8;NA exact	PASS
correlation|SYN_GENE_0105|H3K4me3|promoter_peaks|pearson	correlation			0.0		abs=1e-8;NA exact	PASS
correlation|SYN_GENE_0105|H3K4me3|promoter_peaks|spearman	correlation			0.0		abs=1e-8;NA exact	PASS
correlation|SYN_GENE_0105|H3K4me3|total_associated_peaks|pearson	correlation			0.0		abs=1e-8;NA exact	PASS
correlation|SYN_GENE_0105|H3K4me3|total_associated_peaks|spearman	correlation			0.0		abs=1e-8;NA exact	PASS
correlation|SYN_GENE_0106|H3K27me3|promoter_peaks|pearson	correlation	-1	-1.0	0.0		abs=1e-8;NA exact	PASS
correlation|SYN_GENE_0106|H3K27me3|promoter_peaks|spearman	correlation	-1	-1.0	0.0		abs=1e-8;NA exact	PASS
correlation|SYN_GENE_0106|H3K27me3|total_associated_peaks|pearson	correlation	-1	-1.0	0.0		abs=1e-8;NA exact	PASS
correlation|SYN_GENE_0106|H3K27me3|total_associated_peaks|spearman	correlation	-1	-1.0	0.0		abs=1e-8;NA exact	PASS
correlation|SYN_GENE_0107|H3K9me3|promoter_peaks|pearson	correlation			0.0		abs=1e-8;NA exact	PASS
correlation|SYN_GENE_0107|H3K9me3|promoter_peaks|spearman	correlation			0.0		abs=1e-8;NA exact	PASS
correlation|SYN_GENE_0107|H3K9me3|total_associated_peaks|pearson	correlation			0.0		abs=1e-8;NA exact	PASS
correlation|SYN_GENE_0107|H3K9me3|total_associated_peaks|spearman	correlation			0.0		abs=1e-8;NA exact	PASS
correlation|SYN_GENE_0108|H3K27ac|promoter_peaks|pearson	correlation			0.0		abs=1e-8;NA exact	PASS
correlation|SYN_GENE_0108|H3K27ac|promoter_peaks|spearman	correlation			0.0		abs=1e-8;NA exact	PASS
correlation|SYN_GENE_0108|H3K27ac|total_associated_peaks|pearson	correlation			0.0		abs=1e-8;NA exact	PASS
correlation|SYN_GENE_0108|H3K27ac|total_associated_peaks|spearman	correlation			0.0		abs=1e-8;NA exact	PASS
correlation|SYN_GENE_0109|H3K4me3|promoter_peaks|pearson	correlation			0.0		abs=1e-8;NA exact	PASS
correlation|SYN_GENE_0109|H3K4me3|promoter_peaks|spearman	correlation			0.0		abs=1e-8;NA exact	PASS
correlation|SYN_GENE_0109|H3K4me3|total_associated_peaks|pearson	correlation	1	1.0	0.0		abs=1e-8;NA exact	PASS
correlation|SYN_GENE_0109|H3K4me3|total_associated_peaks|spearman	correlation	1	1.0	0.0		abs=1e-8;NA exact	PASS
correlation|SYN_GENE_0110|H3K27me3|promoter_peaks|pearson	correlation			0.0		abs=1e-8;NA exact	PASS
correlation|SYN_GENE_0110|H3K27me3|promoter_peaks|spearman	correlation			0.0		abs=1e-8;NA exact	PASS
correlation|SYN_GENE_0110|H3K27me3|total_associated_peaks|pearson	correlation			0.0		abs=1e-8;NA exact	PASS
correlation|SYN_GENE_0110|H3K27me3|total_associated_peaks|spearman	correlation			0.0		abs=1e-8;NA exact	PASS
correlation|SYN_GENE_0111|H3K9me3|promoter_peaks|pearson	correlation	-1	-1.0	0.0		abs=1e-8;NA exact	PASS
correlation|SYN_GENE_0111|H3K9me3|promoter_peaks|spearman	correlation	-1	-1.0	0.0		abs=1e-8;NA exact	PASS
correlation|SYN_GENE_0111|H3K9me3|total_associated_peaks|pearson	correlation	-1	-1.0	0.0		abs=1e-8;NA exact	PASS
correlation|SYN_GENE_0111|H3K9me3|total_associated_peaks|spearman	correlation	-1	-1.0	0.0		abs=1e-8;NA exact	PASS
correlation|SYN_GENE_0112|H3K27ac|promoter_peaks|pearson	correlation			0.0		abs=1e-8;NA exact	PASS
correlation|SYN_GENE_0112|H3K27ac|promoter_peaks|spearman	correlation			0.0		abs=1e-8;NA exact	PASS
correlation|SYN_GENE_0112|H3K27ac|total_associated_peaks|pearson	correlation			0.0		abs=1e-8;NA exact	PASS
correlation|SYN_GENE_0112|H3K27ac|total_associated_peaks|spearman	correlation			0.0		abs=1e-8;NA exact	PASS
correlation|SYN_GENE_0113|H3K4me3|promoter_peaks|pearson	correlation			0.0		abs=1e-8;NA exact	PASS
correlation|SYN_GENE_0113|H3K4me3|promoter_peaks|spearman	correlation			0.0		abs=1e-8;NA exact	PASS
correlation|SYN_GENE_0113|H3K4me3|total_associated_peaks|pearson	correlation			0.0		abs=1e-8;NA exact	PASS
correlation|SYN_GENE_0113|H3K4me3|total_associated_peaks|spearman	correlation			0.0		abs=1e-8;NA exact	PASS
correlation|SYN_GENE_0114|H3K27me3|promoter_peaks|pearson	correlation			0.0		abs=1e-8;NA exact	PASS
correlation|SYN_GENE_0114|H3K27me3|promoter_peaks|spearman	correlation			0.0		abs=1e-8;NA exact	PASS
correlation|SYN_GENE_0114|H3K27me3|total_associated_peaks|pearson	correlation	-1	-1.0	0.0		abs=1e-8;NA exact	PASS
correlation|SYN_GENE_0114|H3K27me3|total_associated_peaks|spearman	correlation	-1	-1.0	0.0		abs=1e-8;NA exact	PASS
correlation|SYN_GENE_0115|H3K9me3|promoter_peaks|pearson	correlation			0.0		abs=1e-8;NA exact	PASS
correlation|SYN_GENE_0115|H3K9me3|promoter_peaks|spearman	correlation			0.0		abs=1e-8;NA exact	PASS
correlation|SYN_GENE_0115|H3K9me3|total_associated_peaks|pearson	correlation			0.0		abs=1e-8;NA exact	PASS
correlation|SYN_GENE_0115|H3K9me3|total_associated_peaks|spearman	correlation			0.0		abs=1e-8;NA exact	PASS
correlation|SYN_GENE_0116|H3K27ac|promoter_peaks|pearson	correlation	1	1.0	0.0		abs=1e-8;NA exact	PASS
correlation|SYN_GENE_0116|H3K27ac|promoter_peaks|spearman	correlation	1	1.0	0.0		abs=1e-8;NA exact	PASS
correlation|SYN_GENE_0116|H3K27ac|total_associated_peaks|pearson	correlation	1	1.0	0.0		abs=1e-8;NA exact	PASS
correlation|SYN_GENE_0116|H3K27ac|total_associated_peaks|spearman	correlation	1	1.0	0.0		abs=1e-8;NA exact	PASS
correlation|SYN_GENE_0117|H3K4me3|promoter_peaks|pearson	correlation			0.0		abs=1e-8;NA exact	PASS
correlation|SYN_GENE_0117|H3K4me3|promoter_peaks|spearman	correlation			0.0		abs=1e-8;NA exact	PASS
correlation|SYN_GENE_0117|H3K4me3|total_associated_peaks|pearson	correlation			0.0		abs=1e-8;NA exact	PASS
correlation|SYN_GENE_0117|H3K4me3|total_associated_peaks|spearman	correlation			0.0		abs=1e-8;NA exact	PASS
correlation|SYN_GENE_0118|H3K27me3|promoter_peaks|pearson	correlation			0.0		abs=1e-8;NA exact	PASS
correlation|SYN_GENE_0118|H3K27me3|promoter_peaks|spearman	correlation			0.0		abs=1e-8;NA exact	PASS
correlation|SYN_GENE_0118|H3K27me3|total_associated_peaks|pearson	correlation			0.0		abs=1e-8;NA exact	PASS
correlation|SYN_GENE_0118|H3K27me3|total_associated_peaks|spearman	correlation			0.0		abs=1e-8;NA exact	PASS
correlation|SYN_GENE_0119|H3K9me3|promoter_peaks|pearson	correlation			0.0		abs=1e-8;NA exact	PASS
correlation|SYN_GENE_0119|H3K9me3|promoter_peaks|spearman	correlation			0.0		abs=1e-8;NA exact	PASS
correlation|SYN_GENE_0119|H3K9me3|total_associated_peaks|pearson	correlation	-1	-1.0	0.0		abs=1e-8;NA exact	PASS
correlation|SYN_GENE_0119|H3K9me3|total_associated_peaks|spearman	correlation	-1	-1.0	0.0		abs=1e-8;NA exact	PASS
correlation|SYN_GENE_0120|H3K27ac|promoter_peaks|pearson	correlation			0.0		abs=1e-8;NA exact	PASS
correlation|SYN_GENE_0120|H3K27ac|promoter_peaks|spearman	correlation			0.0		abs=1e-8;NA exact	PASS
correlation|SYN_GENE_0120|H3K27ac|total_associated_peaks|pearson	correlation			0.0		abs=1e-8;NA exact	PASS
correlation|SYN_GENE_0120|H3K27ac|total_associated_peaks|spearman	correlation			0.0		abs=1e-8;NA exact	PASS
correlation|SYN_GENE_0121|H3K4me3|promoter_peaks|pearson	correlation	1	1.0	0.0		abs=1e-8;NA exact	PASS
correlation|SYN_GENE_0121|H3K4me3|promoter_peaks|spearman	correlation	1	1.0	0.0		abs=1e-8;NA exact	PASS
correlation|SYN_GENE_0121|H3K4me3|total_associated_peaks|pearson	correlation	1	1.0	0.0		abs=1e-8;NA exact	PASS
correlation|SYN_GENE_0121|H3K4me3|total_associated_peaks|spearman	correlation	1	1.0	0.0		abs=1e-8;NA exact	PASS
correlation|SYN_GENE_0122|H3K27me3|promoter_peaks|pearson	correlation			0.0		abs=1e-8;NA exact	PASS
correlation|SYN_GENE_0122|H3K27me3|promoter_peaks|spearman	correlation			0.0		abs=1e-8;NA exact	PASS
correlation|SYN_GENE_0122|H3K27me3|total_associated_peaks|pearson	correlation			0.0		abs=1e-8;NA exact	PASS
correlation|SYN_GENE_0122|H3K27me3|total_associated_peaks|spearman	correlation			0.0		abs=1e-8;NA exact	PASS
correlation|SYN_GENE_0123|H3K9me3|promoter_peaks|pearson	correlation			0.0		abs=1e-8;NA exact	PASS
correlation|SYN_GENE_0123|H3K9me3|promoter_peaks|spearman	correlation			0.0		abs=1e-8;NA exact	PASS
correlation|SYN_GENE_0123|H3K9me3|total_associated_peaks|pearson	correlation			0.0		abs=1e-8;NA exact	PASS
correlation|SYN_GENE_0123|H3K9me3|total_associated_peaks|spearman	correlation			0.0		abs=1e-8;NA exact	PASS
correlation|SYN_GENE_0124|H3K27ac|promoter_peaks|pearson	correlation			0.0		abs=1e-8;NA exact	PASS
correlation|SYN_GENE_0124|H3K27ac|promoter_peaks|spearman	correlation			0.0		abs=1e-8;NA exact	PASS
correlation|SYN_GENE_0124|H3K27ac|total_associated_peaks|pearson	correlation	1	0.9999999999999998	2.220446049250313e-16		abs=1e-8;NA exact	PASS
correlation|SYN_GENE_0124|H3K27ac|total_associated_peaks|spearman	correlation	1	1.0	0.0		abs=1e-8;NA exact	PASS
correlation|SYN_GENE_0125|H3K4me3|promoter_peaks|pearson	correlation			0.0		abs=1e-8;NA exact	PASS
correlation|SYN_GENE_0125|H3K4me3|promoter_peaks|spearman	correlation			0.0		abs=1e-8;NA exact	PASS
correlation|SYN_GENE_0125|H3K4me3|total_associated_peaks|pearson	correlation			0.0		abs=1e-8;NA exact	PASS
correlation|SYN_GENE_0125|H3K4me3|total_associated_peaks|spearman	correlation			0.0		abs=1e-8;NA exact	PASS
correlation|SYN_GENE_0126|H3K27me3|promoter_peaks|pearson	correlation	-1	-1.0	0.0		abs=1e-8;NA exact	PASS
correlation|SYN_GENE_0126|H3K27me3|promoter_peaks|spearman	correlation	-1	-1.0	0.0		abs=1e-8;NA exact	PASS
correlation|SYN_GENE_0126|H3K27me3|total_associated_peaks|pearson	correlation	-1	-1.0	0.0		abs=1e-8;NA exact	PASS
correlation|SYN_GENE_0126|H3K27me3|total_associated_peaks|spearman	correlation	-1	-1.0	0.0		abs=1e-8;NA exact	PASS
correlation|SYN_GENE_0127|H3K9me3|promoter_peaks|pearson	correlation			0.0		abs=1e-8;NA exact	PASS
correlation|SYN_GENE_0127|H3K9me3|promoter_peaks|spearman	correlation			0.0		abs=1e-8;NA exact	PASS
correlation|SYN_GENE_0127|H3K9me3|total_associated_peaks|pearson	correlation			0.0		abs=1e-8;NA exact	PASS
correlation|SYN_GENE_0127|H3K9me3|total_associated_peaks|spearman	correlation			0.0		abs=1e-8;NA exact	PASS
correlation|SYN_GENE_0128|H3K27ac|promoter_peaks|pearson	correlation			0.0		abs=1e-8;NA exact	PASS
correlation|SYN_GENE_0128|H3K27ac|promoter_peaks|spearman	correlation			0.0		abs=1e-8;NA exact	PASS
correlation|SYN_GENE_0128|H3K27ac|total_associated_peaks|pearson	correlation			0.0		abs=1e-8;NA exact	PASS
correlation|SYN_GENE_0128|H3K27ac|total_associated_peaks|spearman	correlation			0.0		abs=1e-8;NA exact	PASS
correlation|SYN_GENE_0129|H3K4me3|promoter_peaks|pearson	correlation			0.0		abs=1e-8;NA exact	PASS
correlation|SYN_GENE_0129|H3K4me3|promoter_peaks|spearman	correlation			0.0		abs=1e-8;NA exact	PASS
correlation|SYN_GENE_0129|H3K4me3|total_associated_peaks|pearson	correlation	1	1.0	0.0		abs=1e-8;NA exact	PASS
correlation|SYN_GENE_0129|H3K4me3|total_associated_peaks|spearman	correlation	1	1.0	0.0		abs=1e-8;NA exact	PASS
correlation|SYN_GENE_0130|H3K27me3|promoter_peaks|pearson	correlation			0.0		abs=1e-8;NA exact	PASS
correlation|SYN_GENE_0130|H3K27me3|promoter_peaks|spearman	correlation			0.0		abs=1e-8;NA exact	PASS
correlation|SYN_GENE_0130|H3K27me3|total_associated_peaks|pearson	correlation			0.0		abs=1e-8;NA exact	PASS
correlation|SYN_GENE_0130|H3K27me3|total_associated_peaks|spearman	correlation			0.0		abs=1e-8;NA exact	PASS
correlation|SYN_GENE_0131|H3K9me3|promoter_peaks|pearson	correlation	-1	-1.0	0.0		abs=1e-8;NA exact	PASS
correlation|SYN_GENE_0131|H3K9me3|promoter_peaks|spearman	correlation	-1	-1.0	0.0		abs=1e-8;NA exact	PASS
correlation|SYN_GENE_0131|H3K9me3|total_associated_peaks|pearson	correlation	-1	-1.0	0.0		abs=1e-8;NA exact	PASS
correlation|SYN_GENE_0131|H3K9me3|total_associated_peaks|spearman	correlation	-1	-1.0	0.0		abs=1e-8;NA exact	PASS
correlation|SYN_GENE_0132|H3K27ac|promoter_peaks|pearson	correlation			0.0		abs=1e-8;NA exact	PASS
correlation|SYN_GENE_0132|H3K27ac|promoter_peaks|spearman	correlation			0.0		abs=1e-8;NA exact	PASS
correlation|SYN_GENE_0132|H3K27ac|total_associated_peaks|pearson	correlation			0.0		abs=1e-8;NA exact	PASS
correlation|SYN_GENE_0132|H3K27ac|total_associated_peaks|spearman	correlation			0.0		abs=1e-8;NA exact	PASS
correlation|SYN_GENE_0133|H3K4me3|promoter_peaks|pearson	correlation			0.0		abs=1e-8;NA exact	PASS
correlation|SYN_GENE_0133|H3K4me3|promoter_peaks|spearman	correlation			0.0		abs=1e-8;NA exact	PASS
correlation|SYN_GENE_0133|H3K4me3|total_associated_peaks|pearson	correlation			0.0		abs=1e-8;NA exact	PASS
correlation|SYN_GENE_0133|H3K4me3|total_associated_peaks|spearman	correlation			0.0		abs=1e-8;NA exact	PASS
correlation|SYN_GENE_0134|H3K27me3|promoter_peaks|pearson	correlation			0.0		abs=1e-8;NA exact	PASS
correlation|SYN_GENE_0134|H3K27me3|promoter_peaks|spearman	correlation			0.0		abs=1e-8;NA exact	PASS
correlation|SYN_GENE_0134|H3K27me3|total_associated_peaks|pearson	correlation	-1	-1.0	0.0		abs=1e-8;NA exact	PASS
correlation|SYN_GENE_0134|H3K27me3|total_associated_peaks|spearman	correlation	-1	-1.0	0.0		abs=1e-8;NA exact	PASS
correlation|SYN_GENE_0135|H3K9me3|promoter_peaks|pearson	correlation			0.0		abs=1e-8;NA exact	PASS
correlation|SYN_GENE_0135|H3K9me3|promoter_peaks|spearman	correlation			0.0		abs=1e-8;NA exact	PASS
correlation|SYN_GENE_0135|H3K9me3|total_associated_peaks|pearson	correlation			0.0		abs=1e-8;NA exact	PASS
correlation|SYN_GENE_0135|H3K9me3|total_associated_peaks|spearman	correlation			0.0		abs=1e-8;NA exact	PASS
correlation|SYN_GENE_0136|H3K27ac|promoter_peaks|pearson	correlation	1	1.0	0.0		abs=1e-8;NA exact	PASS
correlation|SYN_GENE_0136|H3K27ac|promoter_peaks|spearman	correlation	1	1.0	0.0		abs=1e-8;NA exact	PASS
correlation|SYN_GENE_0136|H3K27ac|total_associated_peaks|pearson	correlation	1	1.0	0.0		abs=1e-8;NA exact	PASS
correlation|SYN_GENE_0136|H3K27ac|total_associated_peaks|spearman	correlation	1	1.0	0.0		abs=1e-8;NA exact	PASS
correlation|SYN_GENE_0137|H3K4me3|promoter_peaks|pearson	correlation			0.0		abs=1e-8;NA exact	PASS
correlation|SYN_GENE_0137|H3K4me3|promoter_peaks|spearman	correlation			0.0		abs=1e-8;NA exact	PASS
correlation|SYN_GENE_0137|H3K4me3|total_associated_peaks|pearson	correlation			0.0		abs=1e-8;NA exact	PASS
correlation|SYN_GENE_0137|H3K4me3|total_associated_peaks|spearman	correlation			0.0		abs=1e-8;NA exact	PASS
correlation|SYN_GENE_0138|H3K27me3|promoter_peaks|pearson	correlation			0.0		abs=1e-8;NA exact	PASS
correlation|SYN_GENE_0138|H3K27me3|promoter_peaks|spearman	correlation			0.0		abs=1e-8;NA exact	PASS
correlation|SYN_GENE_0138|H3K27me3|total_associated_peaks|pearson	correlation			0.0		abs=1e-8;NA exact	PASS
correlation|SYN_GENE_0138|H3K27me3|total_associated_peaks|spearman	correlation			0.0		abs=1e-8;NA exact	PASS
correlation|SYN_GENE_0139|H3K9me3|promoter_peaks|pearson	correlation			0.0		abs=1e-8;NA exact	PASS
correlation|SYN_GENE_0139|H3K9me3|promoter_peaks|spearman	correlation			0.0		abs=1e-8;NA exact	PASS
correlation|SYN_GENE_0139|H3K9me3|total_associated_peaks|pearson	correlation	-1	-1.0	0.0		abs=1e-8;NA exact	PASS
correlation|SYN_GENE_0139|H3K9me3|total_associated_peaks|spearman	correlation	-1	-1.0	0.0		abs=1e-8;NA exact	PASS
correlation|SYN_GENE_0140|H3K27ac|promoter_peaks|pearson	correlation			0.0		abs=1e-8;NA exact	PASS
correlation|SYN_GENE_0140|H3K27ac|promoter_peaks|spearman	correlation			0.0		abs=1e-8;NA exact	PASS
correlation|SYN_GENE_0140|H3K27ac|total_associated_peaks|pearson	correlation			0.0		abs=1e-8;NA exact	PASS
correlation|SYN_GENE_0140|H3K27ac|total_associated_peaks|spearman	correlation			0.0		abs=1e-8;NA exact	PASS
correlation|SYN_GENE_0141|H3K4me3|promoter_peaks|pearson	correlation	1	1.0	0.0		abs=1e-8;NA exact	PASS
correlation|SYN_GENE_0141|H3K4me3|promoter_peaks|spearman	correlation	1	1.0	0.0		abs=1e-8;NA exact	PASS
correlation|SYN_GENE_0141|H3K4me3|total_associated_peaks|pearson	correlation	1	1.0	0.0		abs=1e-8;NA exact	PASS
correlation|SYN_GENE_0141|H3K4me3|total_associated_peaks|spearman	correlation	1	1.0	0.0		abs=1e-8;NA exact	PASS
correlation|SYN_GENE_0142|H3K27me3|promoter_peaks|pearson	correlation			0.0		abs=1e-8;NA exact	PASS
correlation|SYN_GENE_0142|H3K27me3|promoter_peaks|spearman	correlation			0.0		abs=1e-8;NA exact	PASS
correlation|SYN_GENE_0142|H3K27me3|total_associated_peaks|pearson	correlation			0.0		abs=1e-8;NA exact	PASS
correlation|SYN_GENE_0142|H3K27me3|total_associated_peaks|spearman	correlation			0.0		abs=1e-8;NA exact	PASS
correlation|SYN_GENE_0143|H3K9me3|promoter_peaks|pearson	correlation			0.0		abs=1e-8;NA exact	PASS
correlation|SYN_GENE_0143|H3K9me3|promoter_peaks|spearman	correlation			0.0		abs=1e-8;NA exact	PASS
correlation|SYN_GENE_0143|H3K9me3|total_associated_peaks|pearson	correlation			0.0		abs=1e-8;NA exact	PASS
correlation|SYN_GENE_0143|H3K9me3|total_associated_peaks|spearman	correlation			0.0		abs=1e-8;NA exact	PASS
correlation|SYN_GENE_0144|H3K27ac|promoter_peaks|pearson	correlation			0.0		abs=1e-8;NA exact	PASS
correlation|SYN_GENE_0144|H3K27ac|promoter_peaks|spearman	correlation			0.0		abs=1e-8;NA exact	PASS
correlation|SYN_GENE_0144|H3K27ac|total_associated_peaks|pearson	correlation	1	1.0	0.0		abs=1e-8;NA exact	PASS
correlation|SYN_GENE_0144|H3K27ac|total_associated_peaks|spearman	correlation	1	1.0	0.0		abs=1e-8;NA exact	PASS
correlation|SYN_GENE_0145|H3K4me3|promoter_peaks|pearson	correlation			0.0		abs=1e-8;NA exact	PASS
correlation|SYN_GENE_0145|H3K4me3|promoter_peaks|spearman	correlation			0.0		abs=1e-8;NA exact	PASS
correlation|SYN_GENE_0145|H3K4me3|total_associated_peaks|pearson	correlation			0.0		abs=1e-8;NA exact	PASS
correlation|SYN_GENE_0145|H3K4me3|total_associated_peaks|spearman	correlation			0.0		abs=1e-8;NA exact	PASS
correlation|SYN_GENE_0146|H3K27me3|promoter_peaks|pearson	correlation	-1	-1.0	0.0		abs=1e-8;NA exact	PASS
correlation|SYN_GENE_0146|H3K27me3|promoter_peaks|spearman	correlation	-1	-1.0	0.0		abs=1e-8;NA exact	PASS
correlation|SYN_GENE_0146|H3K27me3|total_associated_peaks|pearson	correlation	-1	-1.0	0.0		abs=1e-8;NA exact	PASS
correlation|SYN_GENE_0146|H3K27me3|total_associated_peaks|spearman	correlation	-1	-1.0	0.0		abs=1e-8;NA exact	PASS
correlation|SYN_GENE_0147|H3K9me3|promoter_peaks|pearson	correlation			0.0		abs=1e-8;NA exact	PASS
correlation|SYN_GENE_0147|H3K9me3|promoter_peaks|spearman	correlation			0.0		abs=1e-8;NA exact	PASS
correlation|SYN_GENE_0147|H3K9me3|total_associated_peaks|pearson	correlation			0.0		abs=1e-8;NA exact	PASS
correlation|SYN_GENE_0147|H3K9me3|total_associated_peaks|spearman	correlation			0.0		abs=1e-8;NA exact	PASS
correlation|SYN_GENE_0148|H3K27ac|promoter_peaks|pearson	correlation			0.0		abs=1e-8;NA exact	PASS
correlation|SYN_GENE_0148|H3K27ac|promoter_peaks|spearman	correlation			0.0		abs=1e-8;NA exact	PASS
correlation|SYN_GENE_0148|H3K27ac|total_associated_peaks|pearson	correlation			0.0		abs=1e-8;NA exact	PASS
correlation|SYN_GENE_0148|H3K27ac|total_associated_peaks|spearman	correlation			0.0		abs=1e-8;NA exact	PASS
correlation|SYN_GENE_0149|H3K4me3|promoter_peaks|pearson	correlation			0.0		abs=1e-8;NA exact	PASS
correlation|SYN_GENE_0149|H3K4me3|promoter_peaks|spearman	correlation			0.0		abs=1e-8;NA exact	PASS
correlation|SYN_GENE_0149|H3K4me3|total_associated_peaks|pearson	correlation	1	1.0	0.0		abs=1e-8;NA exact	PASS
correlation|SYN_GENE_0149|H3K4me3|total_associated_peaks|spearman	correlation	1	1.0	0.0		abs=1e-8;NA exact	PASS
correlation|SYN_GENE_0150|H3K27me3|promoter_peaks|pearson	correlation			0.0		abs=1e-8;NA exact	PASS
correlation|SYN_GENE_0150|H3K27me3|promoter_peaks|spearman	correlation			0.0		abs=1e-8;NA exact	PASS
correlation|SYN_GENE_0150|H3K27me3|total_associated_peaks|pearson	correlation			0.0		abs=1e-8;NA exact	PASS
correlation|SYN_GENE_0150|H3K27me3|total_associated_peaks|spearman	correlation			0.0		abs=1e-8;NA exact	PASS
correlation|SYN_GENE_0151|H3K9me3|promoter_peaks|pearson	correlation	-1	-1.0	0.0		abs=1e-8;NA exact	PASS
correlation|SYN_GENE_0151|H3K9me3|promoter_peaks|spearman	correlation	-1	-1.0	0.0		abs=1e-8;NA exact	PASS
correlation|SYN_GENE_0151|H3K9me3|total_associated_peaks|pearson	correlation	-1	-1.0	0.0		abs=1e-8;NA exact	PASS
correlation|SYN_GENE_0151|H3K9me3|total_associated_peaks|spearman	correlation	-1	-1.0	0.0		abs=1e-8;NA exact	PASS
correlation|SYN_GENE_0152|H3K27ac|promoter_peaks|pearson	correlation			0.0		abs=1e-8;NA exact	PASS
correlation|SYN_GENE_0152|H3K27ac|promoter_peaks|spearman	correlation			0.0		abs=1e-8;NA exact	PASS
correlation|SYN_GENE_0152|H3K27ac|total_associated_peaks|pearson	correlation			0.0		abs=1e-8;NA exact	PASS
correlation|SYN_GENE_0152|H3K27ac|total_associated_peaks|spearman	correlation			0.0		abs=1e-8;NA exact	PASS
correlation|SYN_GENE_0153|H3K4me3|promoter_peaks|pearson	correlation			0.0		abs=1e-8;NA exact	PASS
correlation|SYN_GENE_0153|H3K4me3|promoter_peaks|spearman	correlation			0.0		abs=1e-8;NA exact	PASS
correlation|SYN_GENE_0153|H3K4me3|total_associated_peaks|pearson	correlation			0.0		abs=1e-8;NA exact	PASS
correlation|SYN_GENE_0153|H3K4me3|total_associated_peaks|spearman	correlation			0.0		abs=1e-8;NA exact	PASS
correlation|SYN_GENE_0154|H3K27me3|promoter_peaks|pearson	correlation			0.0		abs=1e-8;NA exact	PASS
correlation|SYN_GENE_0154|H3K27me3|promoter_peaks|spearman	correlation			0.0		abs=1e-8;NA exact	PASS
correlation|SYN_GENE_0154|H3K27me3|total_associated_peaks|pearson	correlation	-1	-1.0	0.0		abs=1e-8;NA exact	PASS
correlation|SYN_GENE_0154|H3K27me3|total_associated_peaks|spearman	correlation	-1	-1.0	0.0		abs=1e-8;NA exact	PASS
correlation|SYN_GENE_0155|H3K9me3|promoter_peaks|pearson	correlation			0.0		abs=1e-8;NA exact	PASS
correlation|SYN_GENE_0155|H3K9me3|promoter_peaks|spearman	correlation			0.0		abs=1e-8;NA exact	PASS
correlation|SYN_GENE_0155|H3K9me3|total_associated_peaks|pearson	correlation			0.0		abs=1e-8;NA exact	PASS
correlation|SYN_GENE_0155|H3K9me3|total_associated_peaks|spearman	correlation			0.0		abs=1e-8;NA exact	PASS
correlation|SYN_GENE_0156|H3K27ac|promoter_peaks|pearson	correlation	1	1.0	0.0		abs=1e-8;NA exact	PASS
correlation|SYN_GENE_0156|H3K27ac|promoter_peaks|spearman	correlation	1	1.0	0.0		abs=1e-8;NA exact	PASS
correlation|SYN_GENE_0156|H3K27ac|total_associated_peaks|pearson	correlation	1	1.0	0.0		abs=1e-8;NA exact	PASS
correlation|SYN_GENE_0156|H3K27ac|total_associated_peaks|spearman	correlation	1	1.0	0.0		abs=1e-8;NA exact	PASS
correlation|SYN_GENE_0157|H3K4me3|promoter_peaks|pearson	correlation			0.0		abs=1e-8;NA exact	PASS
correlation|SYN_GENE_0157|H3K4me3|promoter_peaks|spearman	correlation			0.0		abs=1e-8;NA exact	PASS
correlation|SYN_GENE_0157|H3K4me3|total_associated_peaks|pearson	correlation			0.0		abs=1e-8;NA exact	PASS
correlation|SYN_GENE_0157|H3K4me3|total_associated_peaks|spearman	correlation			0.0		abs=1e-8;NA exact	PASS
correlation|SYN_GENE_0158|H3K27me3|promoter_peaks|pearson	correlation			0.0		abs=1e-8;NA exact	PASS
correlation|SYN_GENE_0158|H3K27me3|promoter_peaks|spearman	correlation			0.0		abs=1e-8;NA exact	PASS
correlation|SYN_GENE_0158|H3K27me3|total_associated_peaks|pearson	correlation			0.0		abs=1e-8;NA exact	PASS
correlation|SYN_GENE_0158|H3K27me3|total_associated_peaks|spearman	correlation			0.0		abs=1e-8;NA exact	PASS
correlation|SYN_GENE_0159|H3K9me3|promoter_peaks|pearson	correlation			0.0		abs=1e-8;NA exact	PASS
correlation|SYN_GENE_0159|H3K9me3|promoter_peaks|spearman	correlation			0.0		abs=1e-8;NA exact	PASS
correlation|SYN_GENE_0159|H3K9me3|total_associated_peaks|pearson	correlation	-1	-1.0	0.0		abs=1e-8;NA exact	PASS
correlation|SYN_GENE_0159|H3K9me3|total_associated_peaks|spearman	correlation	-1	-1.0	0.0		abs=1e-8;NA exact	PASS
correlation|SYN_GENE_0160|H3K27ac|promoter_peaks|pearson	correlation			0.0		abs=1e-8;NA exact	PASS
correlation|SYN_GENE_0160|H3K27ac|promoter_peaks|spearman	correlation			0.0		abs=1e-8;NA exact	PASS
correlation|SYN_GENE_0160|H3K27ac|total_associated_peaks|pearson	correlation			0.0		abs=1e-8;NA exact	PASS
correlation|SYN_GENE_0160|H3K27ac|total_associated_peaks|spearman	correlation			0.0		abs=1e-8;NA exact	PASS
correlation|SYN_GENE_0161|H3K4me3|promoter_peaks|pearson	correlation	1	1.0	0.0		abs=1e-8;NA exact	PASS
correlation|SYN_GENE_0161|H3K4me3|promoter_peaks|spearman	correlation	1	1.0	0.0		abs=1e-8;NA exact	PASS
correlation|SYN_GENE_0161|H3K4me3|total_associated_peaks|pearson	correlation	1	1.0	0.0		abs=1e-8;NA exact	PASS
correlation|SYN_GENE_0161|H3K4me3|total_associated_peaks|spearman	correlation	1	1.0	0.0		abs=1e-8;NA exact	PASS
correlation|SYN_GENE_0162|H3K27me3|promoter_peaks|pearson	correlation			0.0		abs=1e-8;NA exact	PASS
correlation|SYN_GENE_0162|H3K27me3|promoter_peaks|spearman	correlation			0.0		abs=1e-8;NA exact	PASS
correlation|SYN_GENE_0162|H3K27me3|total_associated_peaks|pearson	correlation			0.0		abs=1e-8;NA exact	PASS
correlation|SYN_GENE_0162|H3K27me3|total_associated_peaks|spearman	correlation			0.0		abs=1e-8;NA exact	PASS
correlation|SYN_GENE_0163|H3K9me3|promoter_peaks|pearson	correlation			0.0		abs=1e-8;NA exact	PASS
correlation|SYN_GENE_0163|H3K9me3|promoter_peaks|spearman	correlation			0.0		abs=1e-8;NA exact	PASS
correlation|SYN_GENE_0163|H3K9me3|total_associated_peaks|pearson	correlation			0.0		abs=1e-8;NA exact	PASS
correlation|SYN_GENE_0163|H3K9me3|total_associated_peaks|spearman	correlation			0.0		abs=1e-8;NA exact	PASS
correlation|SYN_GENE_0164|H3K27ac|promoter_peaks|pearson	correlation			0.0		abs=1e-8;NA exact	PASS
correlation|SYN_GENE_0164|H3K27ac|promoter_peaks|spearman	correlation			0.0		abs=1e-8;NA exact	PASS
correlation|SYN_GENE_0164|H3K27ac|total_associated_peaks|pearson	correlation	1	1.0	0.0		abs=1e-8;NA exact	PASS
correlation|SYN_GENE_0164|H3K27ac|total_associated_peaks|spearman	correlation	1	1.0	0.0		abs=1e-8;NA exact	PASS
correlation|SYN_GENE_0165|H3K4me3|promoter_peaks|pearson	correlation			0.0		abs=1e-8;NA exact	PASS
correlation|SYN_GENE_0165|H3K4me3|promoter_peaks|spearman	correlation			0.0		abs=1e-8;NA exact	PASS
correlation|SYN_GENE_0165|H3K4me3|total_associated_peaks|pearson	correlation			0.0		abs=1e-8;NA exact	PASS
correlation|SYN_GENE_0165|H3K4me3|total_associated_peaks|spearman	correlation			0.0		abs=1e-8;NA exact	PASS
correlation|SYN_GENE_0166|H3K27me3|promoter_peaks|pearson	correlation	-1	-1.0	0.0		abs=1e-8;NA exact	PASS
correlation|SYN_GENE_0166|H3K27me3|promoter_peaks|spearman	correlation	-1	-1.0	0.0		abs=1e-8;NA exact	PASS
correlation|SYN_GENE_0166|H3K27me3|total_associated_peaks|pearson	correlation	-1	-1.0	0.0		abs=1e-8;NA exact	PASS
correlation|SYN_GENE_0166|H3K27me3|total_associated_peaks|spearman	correlation	-1	-1.0	0.0		abs=1e-8;NA exact	PASS
correlation|SYN_GENE_0167|H3K9me3|promoter_peaks|pearson	correlation			0.0		abs=1e-8;NA exact	PASS
correlation|SYN_GENE_0167|H3K9me3|promoter_peaks|spearman	correlation			0.0		abs=1e-8;NA exact	PASS
correlation|SYN_GENE_0167|H3K9me3|total_associated_peaks|pearson	correlation			0.0		abs=1e-8;NA exact	PASS
correlation|SYN_GENE_0167|H3K9me3|total_associated_peaks|spearman	correlation			0.0		abs=1e-8;NA exact	PASS
correlation|SYN_GENE_0168|H3K27ac|promoter_peaks|pearson	correlation			0.0		abs=1e-8;NA exact	PASS
correlation|SYN_GENE_0168|H3K27ac|promoter_peaks|spearman	correlation			0.0		abs=1e-8;NA exact	PASS
correlation|SYN_GENE_0168|H3K27ac|total_associated_peaks|pearson	correlation			0.0		abs=1e-8;NA exact	PASS
correlation|SYN_GENE_0168|H3K27ac|total_associated_peaks|spearman	correlation			0.0		abs=1e-8;NA exact	PASS
correlation|SYN_GENE_0169|H3K4me3|promoter_peaks|pearson	correlation			0.0		abs=1e-8;NA exact	PASS
correlation|SYN_GENE_0169|H3K4me3|promoter_peaks|spearman	correlation			0.0		abs=1e-8;NA exact	PASS
correlation|SYN_GENE_0169|H3K4me3|total_associated_peaks|pearson	correlation	1	1.0	0.0		abs=1e-8;NA exact	PASS
correlation|SYN_GENE_0169|H3K4me3|total_associated_peaks|spearman	correlation	1	1.0	0.0		abs=1e-8;NA exact	PASS
correlation|SYN_GENE_0170|H3K27me3|promoter_peaks|pearson	correlation			0.0		abs=1e-8;NA exact	PASS
correlation|SYN_GENE_0170|H3K27me3|promoter_peaks|spearman	correlation			0.0		abs=1e-8;NA exact	PASS
correlation|SYN_GENE_0170|H3K27me3|total_associated_peaks|pearson	correlation			0.0		abs=1e-8;NA exact	PASS
correlation|SYN_GENE_0170|H3K27me3|total_associated_peaks|spearman	correlation			0.0		abs=1e-8;NA exact	PASS
correlation|SYN_GENE_0171|H3K9me3|promoter_peaks|pearson	correlation	-1	-1.0	0.0		abs=1e-8;NA exact	PASS
correlation|SYN_GENE_0171|H3K9me3|promoter_peaks|spearman	correlation	-1	-1.0	0.0		abs=1e-8;NA exact	PASS
correlation|SYN_GENE_0171|H3K9me3|total_associated_peaks|pearson	correlation	-1	-1.0	0.0		abs=1e-8;NA exact	PASS
correlation|SYN_GENE_0171|H3K9me3|total_associated_peaks|spearman	correlation	-1	-1.0	0.0		abs=1e-8;NA exact	PASS
correlation|SYN_GENE_0172|H3K27ac|promoter_peaks|pearson	correlation			0.0		abs=1e-8;NA exact	PASS
correlation|SYN_GENE_0172|H3K27ac|promoter_peaks|spearman	correlation			0.0		abs=1e-8;NA exact	PASS
correlation|SYN_GENE_0172|H3K27ac|total_associated_peaks|pearson	correlation			0.0		abs=1e-8;NA exact	PASS
correlation|SYN_GENE_0172|H3K27ac|total_associated_peaks|spearman	correlation			0.0		abs=1e-8;NA exact	PASS
correlation|SYN_GENE_0173|H3K4me3|promoter_peaks|pearson	correlation			0.0		abs=1e-8;NA exact	PASS
correlation|SYN_GENE_0173|H3K4me3|promoter_peaks|spearman	correlation			0.0		abs=1e-8;NA exact	PASS
correlation|SYN_GENE_0173|H3K4me3|total_associated_peaks|pearson	correlation			0.0		abs=1e-8;NA exact	PASS
correlation|SYN_GENE_0173|H3K4me3|total_associated_peaks|spearman	correlation			0.0		abs=1e-8;NA exact	PASS
correlation|SYN_GENE_0174|H3K27me3|promoter_peaks|pearson	correlation			0.0		abs=1e-8;NA exact	PASS
correlation|SYN_GENE_0174|H3K27me3|promoter_peaks|spearman	correlation			0.0		abs=1e-8;NA exact	PASS
correlation|SYN_GENE_0174|H3K27me3|total_associated_peaks|pearson	correlation	-1	-1.0	0.0		abs=1e-8;NA exact	PASS
correlation|SYN_GENE_0174|H3K27me3|total_associated_peaks|spearman	correlation	-1	-1.0	0.0		abs=1e-8;NA exact	PASS
correlation|SYN_GENE_0175|H3K9me3|promoter_peaks|pearson	correlation			0.0		abs=1e-8;NA exact	PASS
correlation|SYN_GENE_0175|H3K9me3|promoter_peaks|spearman	correlation			0.0		abs=1e-8;NA exact	PASS
correlation|SYN_GENE_0175|H3K9me3|total_associated_peaks|pearson	correlation			0.0		abs=1e-8;NA exact	PASS
correlation|SYN_GENE_0175|H3K9me3|total_associated_peaks|spearman	correlation			0.0		abs=1e-8;NA exact	PASS
correlation|SYN_GENE_0176|H3K27ac|promoter_peaks|pearson	correlation	1	1.0	0.0		abs=1e-8;NA exact	PASS
correlation|SYN_GENE_0176|H3K27ac|promoter_peaks|spearman	correlation	1	1.0	0.0		abs=1e-8;NA exact	PASS
correlation|SYN_GENE_0176|H3K27ac|total_associated_peaks|pearson	correlation	1	1.0	0.0		abs=1e-8;NA exact	PASS
correlation|SYN_GENE_0176|H3K27ac|total_associated_peaks|spearman	correlation	1	1.0	0.0		abs=1e-8;NA exact	PASS
correlation|SYN_GENE_0177|H3K4me3|promoter_peaks|pearson	correlation			0.0		abs=1e-8;NA exact	PASS
correlation|SYN_GENE_0177|H3K4me3|promoter_peaks|spearman	correlation			0.0		abs=1e-8;NA exact	PASS
correlation|SYN_GENE_0177|H3K4me3|total_associated_peaks|pearson	correlation			0.0		abs=1e-8;NA exact	PASS
correlation|SYN_GENE_0177|H3K4me3|total_associated_peaks|spearman	correlation			0.0		abs=1e-8;NA exact	PASS
correlation|SYN_GENE_0178|H3K27me3|promoter_peaks|pearson	correlation			0.0		abs=1e-8;NA exact	PASS
correlation|SYN_GENE_0178|H3K27me3|promoter_peaks|spearman	correlation			0.0		abs=1e-8;NA exact	PASS
correlation|SYN_GENE_0178|H3K27me3|total_associated_peaks|pearson	correlation			0.0		abs=1e-8;NA exact	PASS
correlation|SYN_GENE_0178|H3K27me3|total_associated_peaks|spearman	correlation			0.0		abs=1e-8;NA exact	PASS
correlation|SYN_GENE_0179|H3K9me3|promoter_peaks|pearson	correlation			0.0		abs=1e-8;NA exact	PASS
correlation|SYN_GENE_0179|H3K9me3|promoter_peaks|spearman	correlation			0.0		abs=1e-8;NA exact	PASS
correlation|SYN_GENE_0179|H3K9me3|total_associated_peaks|pearson	correlation	-1	-1.0000000000000002	2.220446049250313e-16		abs=1e-8;NA exact	PASS
correlation|SYN_GENE_0179|H3K9me3|total_associated_peaks|spearman	correlation	-1	-1.0	0.0		abs=1e-8;NA exact	PASS
correlation|SYN_GENE_0180|H3K27ac|promoter_peaks|pearson	correlation			0.0		abs=1e-8;NA exact	PASS
correlation|SYN_GENE_0180|H3K27ac|promoter_peaks|spearman	correlation			0.0		abs=1e-8;NA exact	PASS
correlation|SYN_GENE_0180|H3K27ac|total_associated_peaks|pearson	correlation			0.0		abs=1e-8;NA exact	PASS
correlation|SYN_GENE_0180|H3K27ac|total_associated_peaks|spearman	correlation			0.0		abs=1e-8;NA exact	PASS
correlation|SYN_GENE_0181|H3K4me3|promoter_peaks|pearson	correlation	1	1.0000000000000002	2.220446049250313e-16		abs=1e-8;NA exact	PASS
correlation|SYN_GENE_0181|H3K4me3|promoter_peaks|spearman	correlation	1	1.0	0.0		abs=1e-8;NA exact	PASS
correlation|SYN_GENE_0181|H3K4me3|total_associated_peaks|pearson	correlation	1	1.0000000000000002	2.220446049250313e-16		abs=1e-8;NA exact	PASS
correlation|SYN_GENE_0181|H3K4me3|total_associated_peaks|spearman	correlation	1	1.0	0.0		abs=1e-8;NA exact	PASS
correlation|SYN_GENE_0182|H3K27me3|promoter_peaks|pearson	correlation			0.0		abs=1e-8;NA exact	PASS
correlation|SYN_GENE_0182|H3K27me3|promoter_peaks|spearman	correlation			0.0		abs=1e-8;NA exact	PASS
correlation|SYN_GENE_0182|H3K27me3|total_associated_peaks|pearson	correlation			0.0		abs=1e-8;NA exact	PASS
correlation|SYN_GENE_0182|H3K27me3|total_associated_peaks|spearman	correlation			0.0		abs=1e-8;NA exact	PASS
correlation|SYN_GENE_0183|H3K9me3|promoter_peaks|pearson	correlation			0.0		abs=1e-8;NA exact	PASS
correlation|SYN_GENE_0183|H3K9me3|promoter_peaks|spearman	correlation			0.0		abs=1e-8;NA exact	PASS
correlation|SYN_GENE_0183|H3K9me3|total_associated_peaks|pearson	correlation			0.0		abs=1e-8;NA exact	PASS
correlation|SYN_GENE_0183|H3K9me3|total_associated_peaks|spearman	correlation			0.0		abs=1e-8;NA exact	PASS
correlation|SYN_GENE_0184|H3K27ac|promoter_peaks|pearson	correlation			0.0		abs=1e-8;NA exact	PASS
correlation|SYN_GENE_0184|H3K27ac|promoter_peaks|spearman	correlation			0.0		abs=1e-8;NA exact	PASS
correlation|SYN_GENE_0184|H3K27ac|total_associated_peaks|pearson	correlation	1	1.0	0.0		abs=1e-8;NA exact	PASS
correlation|SYN_GENE_0184|H3K27ac|total_associated_peaks|spearman	correlation	1	1.0	0.0		abs=1e-8;NA exact	PASS
correlation|SYN_GENE_0185|H3K4me3|promoter_peaks|pearson	correlation			0.0		abs=1e-8;NA exact	PASS
correlation|SYN_GENE_0185|H3K4me3|promoter_peaks|spearman	correlation			0.0		abs=1e-8;NA exact	PASS
correlation|SYN_GENE_0185|H3K4me3|total_associated_peaks|pearson	correlation			0.0		abs=1e-8;NA exact	PASS
correlation|SYN_GENE_0185|H3K4me3|total_associated_peaks|spearman	correlation			0.0		abs=1e-8;NA exact	PASS
correlation|SYN_GENE_0186|H3K27me3|promoter_peaks|pearson	correlation	-1	-1.0	0.0		abs=1e-8;NA exact	PASS
correlation|SYN_GENE_0186|H3K27me3|promoter_peaks|spearman	correlation	-1	-1.0	0.0		abs=1e-8;NA exact	PASS
correlation|SYN_GENE_0186|H3K27me3|total_associated_peaks|pearson	correlation	-1	-1.0	0.0		abs=1e-8;NA exact	PASS
correlation|SYN_GENE_0186|H3K27me3|total_associated_peaks|spearman	correlation	-1	-1.0	0.0		abs=1e-8;NA exact	PASS
correlation|SYN_GENE_0187|H3K9me3|promoter_peaks|pearson	correlation			0.0		abs=1e-8;NA exact	PASS
correlation|SYN_GENE_0187|H3K9me3|promoter_peaks|spearman	correlation			0.0		abs=1e-8;NA exact	PASS
correlation|SYN_GENE_0187|H3K9me3|total_associated_peaks|pearson	correlation			0.0		abs=1e-8;NA exact	PASS
correlation|SYN_GENE_0187|H3K9me3|total_associated_peaks|spearman	correlation			0.0		abs=1e-8;NA exact	PASS
correlation|SYN_GENE_0188|H3K27ac|promoter_peaks|pearson	correlation			0.0		abs=1e-8;NA exact	PASS
correlation|SYN_GENE_0188|H3K27ac|promoter_peaks|spearman	correlation			0.0		abs=1e-8;NA exact	PASS
correlation|SYN_GENE_0188|H3K27ac|total_associated_peaks|pearson	correlation			0.0		abs=1e-8;NA exact	PASS
correlation|SYN_GENE_0188|H3K27ac|total_associated_peaks|spearman	correlation			0.0		abs=1e-8;NA exact	PASS
correlation|SYN_GENE_0189|H3K4me3|promoter_peaks|pearson	correlation			0.0		abs=1e-8;NA exact	PASS
correlation|SYN_GENE_0189|H3K4me3|promoter_peaks|spearman	correlation			0.0		abs=1e-8;NA exact	PASS
correlation|SYN_GENE_0189|H3K4me3|total_associated_peaks|pearson	correlation	1	1.0000000000000002	2.220446049250313e-16		abs=1e-8;NA exact	PASS
correlation|SYN_GENE_0189|H3K4me3|total_associated_peaks|spearman	correlation	1	1.0	0.0		abs=1e-8;NA exact	PASS
correlation|SYN_GENE_0190|H3K27me3|promoter_peaks|pearson	correlation			0.0		abs=1e-8;NA exact	PASS
correlation|SYN_GENE_0190|H3K27me3|promoter_peaks|spearman	correlation			0.0		abs=1e-8;NA exact	PASS
correlation|SYN_GENE_0190|H3K27me3|total_associated_peaks|pearson	correlation			0.0		abs=1e-8;NA exact	PASS
correlation|SYN_GENE_0190|H3K27me3|total_associated_peaks|spearman	correlation			0.0		abs=1e-8;NA exact	PASS
correlation|SYN_GENE_0191|H3K9me3|promoter_peaks|pearson	correlation	-1	-1.0	0.0		abs=1e-8;NA exact	PASS
correlation|SYN_GENE_0191|H3K9me3|promoter_peaks|spearman	correlation	-1	-1.0	0.0		abs=1e-8;NA exact	PASS
correlation|SYN_GENE_0191|H3K9me3|total_associated_peaks|pearson	correlation	-1	-1.0	0.0		abs=1e-8;NA exact	PASS
correlation|SYN_GENE_0191|H3K9me3|total_associated_peaks|spearman	correlation	-1	-1.0	0.0		abs=1e-8;NA exact	PASS
correlation|SYN_GENE_0192|H3K27ac|promoter_peaks|pearson	correlation			0.0		abs=1e-8;NA exact	PASS
correlation|SYN_GENE_0192|H3K27ac|promoter_peaks|spearman	correlation			0.0		abs=1e-8;NA exact	PASS
correlation|SYN_GENE_0192|H3K27ac|total_associated_peaks|pearson	correlation			0.0		abs=1e-8;NA exact	PASS
correlation|SYN_GENE_0192|H3K27ac|total_associated_peaks|spearman	correlation			0.0		abs=1e-8;NA exact	PASS
correlation|SYN_GENE_0193|H3K4me3|promoter_peaks|pearson	correlation			0.0		abs=1e-8;NA exact	PASS
correlation|SYN_GENE_0193|H3K4me3|promoter_peaks|spearman	correlation			0.0		abs=1e-8;NA exact	PASS
correlation|SYN_GENE_0193|H3K4me3|total_associated_peaks|pearson	correlation			0.0		abs=1e-8;NA exact	PASS
correlation|SYN_GENE_0193|H3K4me3|total_associated_peaks|spearman	correlation			0.0		abs=1e-8;NA exact	PASS
correlation|SYN_GENE_0194|H3K27me3|promoter_peaks|pearson	correlation			0.0		abs=1e-8;NA exact	PASS
correlation|SYN_GENE_0194|H3K27me3|promoter_peaks|spearman	correlation			0.0		abs=1e-8;NA exact	PASS
correlation|SYN_GENE_0194|H3K27me3|total_associated_peaks|pearson	correlation	-1	-1.0	0.0		abs=1e-8;NA exact	PASS
correlation|SYN_GENE_0194|H3K27me3|total_associated_peaks|spearman	correlation	-1	-1.0	0.0		abs=1e-8;NA exact	PASS
correlation|SYN_GENE_0195|H3K9me3|promoter_peaks|pearson	correlation			0.0		abs=1e-8;NA exact	PASS
correlation|SYN_GENE_0195|H3K9me3|promoter_peaks|spearman	correlation			0.0		abs=1e-8;NA exact	PASS
correlation|SYN_GENE_0195|H3K9me3|total_associated_peaks|pearson	correlation			0.0		abs=1e-8;NA exact	PASS
correlation|SYN_GENE_0195|H3K9me3|total_associated_peaks|spearman	correlation			0.0		abs=1e-8;NA exact	PASS
correlation|SYN_GENE_0196|H3K27ac|promoter_peaks|pearson	correlation	1	1.0	0.0		abs=1e-8;NA exact	PASS
correlation|SYN_GENE_0196|H3K27ac|promoter_peaks|spearman	correlation	1	1.0	0.0		abs=1e-8;NA exact	PASS
correlation|SYN_GENE_0196|H3K27ac|total_associated_peaks|pearson	correlation	1	1.0	0.0		abs=1e-8;NA exact	PASS
correlation|SYN_GENE_0196|H3K27ac|total_associated_peaks|spearman	correlation	1	1.0	0.0		abs=1e-8;NA exact	PASS
correlation|SYN_GENE_0197|H3K4me3|promoter_peaks|pearson	correlation			0.0		abs=1e-8;NA exact	PASS
correlation|SYN_GENE_0197|H3K4me3|promoter_peaks|spearman	correlation			0.0		abs=1e-8;NA exact	PASS
correlation|SYN_GENE_0197|H3K4me3|total_associated_peaks|pearson	correlation			0.0		abs=1e-8;NA exact	PASS
correlation|SYN_GENE_0197|H3K4me3|total_associated_peaks|spearman	correlation			0.0		abs=1e-8;NA exact	PASS
correlation|SYN_GENE_0198|H3K27me3|promoter_peaks|pearson	correlation			0.0		abs=1e-8;NA exact	PASS
correlation|SYN_GENE_0198|H3K27me3|promoter_peaks|spearman	correlation			0.0		abs=1e-8;NA exact	PASS
correlation|SYN_GENE_0198|H3K27me3|total_associated_peaks|pearson	correlation			0.0		abs=1e-8;NA exact	PASS
correlation|SYN_GENE_0198|H3K27me3|total_associated_peaks|spearman	correlation			0.0		abs=1e-8;NA exact	PASS
correlation|SYN_GENE_0199|H3K9me3|promoter_peaks|pearson	correlation			0.0		abs=1e-8;NA exact	PASS
correlation|SYN_GENE_0199|H3K9me3|promoter_peaks|spearman	correlation			0.0		abs=1e-8;NA exact	PASS
correlation|SYN_GENE_0199|H3K9me3|total_associated_peaks|pearson	correlation	-1	-1.0	0.0		abs=1e-8;NA exact	PASS
correlation|SYN_GENE_0199|H3K9me3|total_associated_peaks|spearman	correlation	-1	-1.0	0.0		abs=1e-8;NA exact	PASS
correlation|SYN_GENE_0200|H3K27ac|promoter_peaks|pearson	correlation			0.0		abs=1e-8;NA exact	PASS
correlation|SYN_GENE_0200|H3K27ac|promoter_peaks|spearman	correlation			0.0		abs=1e-8;NA exact	PASS
correlation|SYN_GENE_0200|H3K27ac|total_associated_peaks|pearson	correlation			0.0		abs=1e-8;NA exact	PASS
correlation|SYN_GENE_0200|H3K27ac|total_associated_peaks|spearman	correlation			0.0		abs=1e-8;NA exact	PASS
correlation|SYN_GENE_0201|H3K4me3|promoter_peaks|pearson	correlation	1	0.9999999999999999	1.1102230246251565e-16		abs=1e-8;NA exact	PASS
correlation|SYN_GENE_0201|H3K4me3|promoter_peaks|spearman	correlation	1	1.0	0.0		abs=1e-8;NA exact	PASS
correlation|SYN_GENE_0201|H3K4me3|total_associated_peaks|pearson	correlation	1	0.9999999999999999	1.1102230246251565e-16		abs=1e-8;NA exact	PASS
correlation|SYN_GENE_0201|H3K4me3|total_associated_peaks|spearman	correlation	1	1.0	0.0		abs=1e-8;NA exact	PASS
correlation|SYN_GENE_0202|H3K27me3|promoter_peaks|pearson	correlation			0.0		abs=1e-8;NA exact	PASS
correlation|SYN_GENE_0202|H3K27me3|promoter_peaks|spearman	correlation			0.0		abs=1e-8;NA exact	PASS
correlation|SYN_GENE_0202|H3K27me3|total_associated_peaks|pearson	correlation			0.0		abs=1e-8;NA exact	PASS
correlation|SYN_GENE_0202|H3K27me3|total_associated_peaks|spearman	correlation			0.0		abs=1e-8;NA exact	PASS
correlation|SYN_GENE_0203|H3K9me3|promoter_peaks|pearson	correlation			0.0		abs=1e-8;NA exact	PASS
correlation|SYN_GENE_0203|H3K9me3|promoter_peaks|spearman	correlation			0.0		abs=1e-8;NA exact	PASS
correlation|SYN_GENE_0203|H3K9me3|total_associated_peaks|pearson	correlation			0.0		abs=1e-8;NA exact	PASS
correlation|SYN_GENE_0203|H3K9me3|total_associated_peaks|spearman	correlation			0.0		abs=1e-8;NA exact	PASS
correlation|SYN_GENE_0204|H3K27ac|promoter_peaks|pearson	correlation			0.0		abs=1e-8;NA exact	PASS
correlation|SYN_GENE_0204|H3K27ac|promoter_peaks|spearman	correlation			0.0		abs=1e-8;NA exact	PASS
correlation|SYN_GENE_0204|H3K27ac|total_associated_peaks|pearson	correlation	1	1.0	0.0		abs=1e-8;NA exact	PASS
correlation|SYN_GENE_0204|H3K27ac|total_associated_peaks|spearman	correlation	1	1.0	0.0		abs=1e-8;NA exact	PASS
correlation|SYN_GENE_0205|H3K4me3|promoter_peaks|pearson	correlation			0.0		abs=1e-8;NA exact	PASS
correlation|SYN_GENE_0205|H3K4me3|promoter_peaks|spearman	correlation			0.0		abs=1e-8;NA exact	PASS
correlation|SYN_GENE_0205|H3K4me3|total_associated_peaks|pearson	correlation			0.0		abs=1e-8;NA exact	PASS
correlation|SYN_GENE_0205|H3K4me3|total_associated_peaks|spearman	correlation			0.0		abs=1e-8;NA exact	PASS
correlation|SYN_GENE_0206|H3K27me3|promoter_peaks|pearson	correlation	-1	-1.0	0.0		abs=1e-8;NA exact	PASS
correlation|SYN_GENE_0206|H3K27me3|promoter_peaks|spearman	correlation	-1	-1.0	0.0		abs=1e-8;NA exact	PASS
correlation|SYN_GENE_0206|H3K27me3|total_associated_peaks|pearson	correlation	-1	-1.0	0.0		abs=1e-8;NA exact	PASS
correlation|SYN_GENE_0206|H3K27me3|total_associated_peaks|spearman	correlation	-1	-1.0	0.0		abs=1e-8;NA exact	PASS
correlation|SYN_GENE_0207|H3K9me3|promoter_peaks|pearson	correlation			0.0		abs=1e-8;NA exact	PASS
correlation|SYN_GENE_0207|H3K9me3|promoter_peaks|spearman	correlation			0.0		abs=1e-8;NA exact	PASS
correlation|SYN_GENE_0207|H3K9me3|total_associated_peaks|pearson	correlation			0.0		abs=1e-8;NA exact	PASS
correlation|SYN_GENE_0207|H3K9me3|total_associated_peaks|spearman	correlation			0.0		abs=1e-8;NA exact	PASS
correlation|SYN_GENE_0208|H3K27ac|promoter_peaks|pearson	correlation			0.0		abs=1e-8;NA exact	PASS
correlation|SYN_GENE_0208|H3K27ac|promoter_peaks|spearman	correlation			0.0		abs=1e-8;NA exact	PASS
correlation|SYN_GENE_0208|H3K27ac|total_associated_peaks|pearson	correlation			0.0		abs=1e-8;NA exact	PASS
correlation|SYN_GENE_0208|H3K27ac|total_associated_peaks|spearman	correlation			0.0		abs=1e-8;NA exact	PASS
correlation|SYN_GENE_0209|H3K4me3|promoter_peaks|pearson	correlation			0.0		abs=1e-8;NA exact	PASS
correlation|SYN_GENE_0209|H3K4me3|promoter_peaks|spearman	correlation			0.0		abs=1e-8;NA exact	PASS
correlation|SYN_GENE_0209|H3K4me3|total_associated_peaks|pearson	correlation	1	0.9999999999999998	2.220446049250313e-16		abs=1e-8;NA exact	PASS
correlation|SYN_GENE_0209|H3K4me3|total_associated_peaks|spearman	correlation	1	1.0	0.0		abs=1e-8;NA exact	PASS
correlation|SYN_GENE_0210|H3K27me3|promoter_peaks|pearson	correlation			0.0		abs=1e-8;NA exact	PASS
correlation|SYN_GENE_0210|H3K27me3|promoter_peaks|spearman	correlation			0.0		abs=1e-8;NA exact	PASS
correlation|SYN_GENE_0210|H3K27me3|total_associated_peaks|pearson	correlation			0.0		abs=1e-8;NA exact	PASS
correlation|SYN_GENE_0210|H3K27me3|total_associated_peaks|spearman	correlation			0.0		abs=1e-8;NA exact	PASS
correlation|SYN_GENE_0211|H3K9me3|promoter_peaks|pearson	correlation	-1	-1.0	0.0		abs=1e-8;NA exact	PASS
correlation|SYN_GENE_0211|H3K9me3|promoter_peaks|spearman	correlation	-1	-1.0	0.0		abs=1e-8;NA exact	PASS
correlation|SYN_GENE_0211|H3K9me3|total_associated_peaks|pearson	correlation	-1	-1.0	0.0		abs=1e-8;NA exact	PASS
correlation|SYN_GENE_0211|H3K9me3|total_associated_peaks|spearman	correlation	-1	-1.0	0.0		abs=1e-8;NA exact	PASS
correlation|SYN_GENE_0212|H3K27ac|promoter_peaks|pearson	correlation			0.0		abs=1e-8;NA exact	PASS
correlation|SYN_GENE_0212|H3K27ac|promoter_peaks|spearman	correlation			0.0		abs=1e-8;NA exact	PASS
correlation|SYN_GENE_0212|H3K27ac|total_associated_peaks|pearson	correlation			0.0		abs=1e-8;NA exact	PASS
correlation|SYN_GENE_0212|H3K27ac|total_associated_peaks|spearman	correlation			0.0		abs=1e-8;NA exact	PASS
correlation|SYN_GENE_0213|H3K4me3|promoter_peaks|pearson	correlation			0.0		abs=1e-8;NA exact	PASS
correlation|SYN_GENE_0213|H3K4me3|promoter_peaks|spearman	correlation			0.0		abs=1e-8;NA exact	PASS
correlation|SYN_GENE_0213|H3K4me3|total_associated_peaks|pearson	correlation			0.0		abs=1e-8;NA exact	PASS
correlation|SYN_GENE_0213|H3K4me3|total_associated_peaks|spearman	correlation			0.0		abs=1e-8;NA exact	PASS
correlation|SYN_GENE_0214|H3K27me3|promoter_peaks|pearson	correlation			0.0		abs=1e-8;NA exact	PASS
correlation|SYN_GENE_0214|H3K27me3|promoter_peaks|spearman	correlation			0.0		abs=1e-8;NA exact	PASS
correlation|SYN_GENE_0214|H3K27me3|total_associated_peaks|pearson	correlation	-1	-1.0	0.0		abs=1e-8;NA exact	PASS
correlation|SYN_GENE_0214|H3K27me3|total_associated_peaks|spearman	correlation	-1	-1.0	0.0		abs=1e-8;NA exact	PASS
correlation|SYN_GENE_0215|H3K9me3|promoter_peaks|pearson	correlation			0.0		abs=1e-8;NA exact	PASS
correlation|SYN_GENE_0215|H3K9me3|promoter_peaks|spearman	correlation			0.0		abs=1e-8;NA exact	PASS
correlation|SYN_GENE_0215|H3K9me3|total_associated_peaks|pearson	correlation			0.0		abs=1e-8;NA exact	PASS
correlation|SYN_GENE_0215|H3K9me3|total_associated_peaks|spearman	correlation			0.0		abs=1e-8;NA exact	PASS
correlation|SYN_GENE_0216|H3K27ac|promoter_peaks|pearson	correlation	1	1.0	0.0		abs=1e-8;NA exact	PASS
correlation|SYN_GENE_0216|H3K27ac|promoter_peaks|spearman	correlation	1	1.0	0.0		abs=1e-8;NA exact	PASS
correlation|SYN_GENE_0216|H3K27ac|total_associated_peaks|pearson	correlation	1	1.0	0.0		abs=1e-8;NA exact	PASS
correlation|SYN_GENE_0216|H3K27ac|total_associated_peaks|spearman	correlation	1	1.0	0.0		abs=1e-8;NA exact	PASS
correlation|SYN_GENE_0217|H3K4me3|promoter_peaks|pearson	correlation			0.0		abs=1e-8;NA exact	PASS
correlation|SYN_GENE_0217|H3K4me3|promoter_peaks|spearman	correlation			0.0		abs=1e-8;NA exact	PASS
correlation|SYN_GENE_0217|H3K4me3|total_associated_peaks|pearson	correlation			0.0		abs=1e-8;NA exact	PASS
correlation|SYN_GENE_0217|H3K4me3|total_associated_peaks|spearman	correlation			0.0		abs=1e-8;NA exact	PASS
correlation|SYN_GENE_0218|H3K27me3|promoter_peaks|pearson	correlation			0.0		abs=1e-8;NA exact	PASS
correlation|SYN_GENE_0218|H3K27me3|promoter_peaks|spearman	correlation			0.0		abs=1e-8;NA exact	PASS
correlation|SYN_GENE_0218|H3K27me3|total_associated_peaks|pearson	correlation			0.0		abs=1e-8;NA exact	PASS
correlation|SYN_GENE_0218|H3K27me3|total_associated_peaks|spearman	correlation			0.0		abs=1e-8;NA exact	PASS
correlation|SYN_GENE_0219|H3K9me3|promoter_peaks|pearson	correlation			0.0		abs=1e-8;NA exact	PASS
correlation|SYN_GENE_0219|H3K9me3|promoter_peaks|spearman	correlation			0.0		abs=1e-8;NA exact	PASS
correlation|SYN_GENE_0219|H3K9me3|total_associated_peaks|pearson	correlation	-1	-0.9999999999999998	2.220446049250313e-16		abs=1e-8;NA exact	PASS
correlation|SYN_GENE_0219|H3K9me3|total_associated_peaks|spearman	correlation	-1	-1.0	0.0		abs=1e-8;NA exact	PASS
correlation|SYN_GENE_0220|H3K27ac|promoter_peaks|pearson	correlation			0.0		abs=1e-8;NA exact	PASS
correlation|SYN_GENE_0220|H3K27ac|promoter_peaks|spearman	correlation			0.0		abs=1e-8;NA exact	PASS
correlation|SYN_GENE_0220|H3K27ac|total_associated_peaks|pearson	correlation			0.0		abs=1e-8;NA exact	PASS
correlation|SYN_GENE_0220|H3K27ac|total_associated_peaks|spearman	correlation			0.0		abs=1e-8;NA exact	PASS
correlation|SYN_GENE_0221|H3K4me3|promoter_peaks|pearson	correlation	1	1.0	0.0		abs=1e-8;NA exact	PASS
correlation|SYN_GENE_0221|H3K4me3|promoter_peaks|spearman	correlation	1	1.0	0.0		abs=1e-8;NA exact	PASS
correlation|SYN_GENE_0221|H3K4me3|total_associated_peaks|pearson	correlation	1	1.0	0.0		abs=1e-8;NA exact	PASS
correlation|SYN_GENE_0221|H3K4me3|total_associated_peaks|spearman	correlation	1	1.0	0.0		abs=1e-8;NA exact	PASS
correlation|SYN_GENE_0222|H3K27me3|promoter_peaks|pearson	correlation			0.0		abs=1e-8;NA exact	PASS
correlation|SYN_GENE_0222|H3K27me3|promoter_peaks|spearman	correlation			0.0		abs=1e-8;NA exact	PASS
correlation|SYN_GENE_0222|H3K27me3|total_associated_peaks|pearson	correlation			0.0		abs=1e-8;NA exact	PASS
correlation|SYN_GENE_0222|H3K27me3|total_associated_peaks|spearman	correlation			0.0		abs=1e-8;NA exact	PASS
correlation|SYN_GENE_0223|H3K9me3|promoter_peaks|pearson	correlation			0.0		abs=1e-8;NA exact	PASS
correlation|SYN_GENE_0223|H3K9me3|promoter_peaks|spearman	correlation			0.0		abs=1e-8;NA exact	PASS
correlation|SYN_GENE_0223|H3K9me3|total_associated_peaks|pearson	correlation			0.0		abs=1e-8;NA exact	PASS
correlation|SYN_GENE_0223|H3K9me3|total_associated_peaks|spearman	correlation			0.0		abs=1e-8;NA exact	PASS
correlation|SYN_GENE_0224|H3K27ac|promoter_peaks|pearson	correlation			0.0		abs=1e-8;NA exact	PASS
correlation|SYN_GENE_0224|H3K27ac|promoter_peaks|spearman	correlation			0.0		abs=1e-8;NA exact	PASS
correlation|SYN_GENE_0224|H3K27ac|total_associated_peaks|pearson	correlation	1	1.0	0.0		abs=1e-8;NA exact	PASS
correlation|SYN_GENE_0224|H3K27ac|total_associated_peaks|spearman	correlation	1	1.0	0.0		abs=1e-8;NA exact	PASS
correlation|SYN_GENE_0225|H3K4me3|promoter_peaks|pearson	correlation			0.0		abs=1e-8;NA exact	PASS
correlation|SYN_GENE_0225|H3K4me3|promoter_peaks|spearman	correlation			0.0		abs=1e-8;NA exact	PASS
correlation|SYN_GENE_0225|H3K4me3|total_associated_peaks|pearson	correlation			0.0		abs=1e-8;NA exact	PASS
correlation|SYN_GENE_0225|H3K4me3|total_associated_peaks|spearman	correlation			0.0		abs=1e-8;NA exact	PASS
correlation|SYN_GENE_0226|H3K27me3|promoter_peaks|pearson	correlation	-1	-1.0	0.0		abs=1e-8;NA exact	PASS
correlation|SYN_GENE_0226|H3K27me3|promoter_peaks|spearman	correlation	-1	-1.0	0.0		abs=1e-8;NA exact	PASS
correlation|SYN_GENE_0226|H3K27me3|total_associated_peaks|pearson	correlation	-1	-1.0	0.0		abs=1e-8;NA exact	PASS
correlation|SYN_GENE_0226|H3K27me3|total_associated_peaks|spearman	correlation	-1	-1.0	0.0		abs=1e-8;NA exact	PASS
correlation|SYN_GENE_0227|H3K9me3|promoter_peaks|pearson	correlation			0.0		abs=1e-8;NA exact	PASS
correlation|SYN_GENE_0227|H3K9me3|promoter_peaks|spearman	correlation			0.0		abs=1e-8;NA exact	PASS
correlation|SYN_GENE_0227|H3K9me3|total_associated_peaks|pearson	correlation			0.0		abs=1e-8;NA exact	PASS
correlation|SYN_GENE_0227|H3K9me3|total_associated_peaks|spearman	correlation			0.0		abs=1e-8;NA exact	PASS
correlation|SYN_GENE_0228|H3K27ac|promoter_peaks|pearson	correlation			0.0		abs=1e-8;NA exact	PASS
correlation|SYN_GENE_0228|H3K27ac|promoter_peaks|spearman	correlation			0.0		abs=1e-8;NA exact	PASS
correlation|SYN_GENE_0228|H3K27ac|total_associated_peaks|pearson	correlation			0.0		abs=1e-8;NA exact	PASS
correlation|SYN_GENE_0228|H3K27ac|total_associated_peaks|spearman	correlation			0.0		abs=1e-8;NA exact	PASS
correlation|SYN_GENE_0229|H3K4me3|promoter_peaks|pearson	correlation			0.0		abs=1e-8;NA exact	PASS
correlation|SYN_GENE_0229|H3K4me3|promoter_peaks|spearman	correlation			0.0		abs=1e-8;NA exact	PASS
correlation|SYN_GENE_0229|H3K4me3|total_associated_peaks|pearson	correlation	1	1.0	0.0		abs=1e-8;NA exact	PASS
correlation|SYN_GENE_0229|H3K4me3|total_associated_peaks|spearman	correlation	1	1.0	0.0		abs=1e-8;NA exact	PASS
correlation|SYN_GENE_0230|H3K27me3|promoter_peaks|pearson	correlation			0.0		abs=1e-8;NA exact	PASS
correlation|SYN_GENE_0230|H3K27me3|promoter_peaks|spearman	correlation			0.0		abs=1e-8;NA exact	PASS
correlation|SYN_GENE_0230|H3K27me3|total_associated_peaks|pearson	correlation			0.0		abs=1e-8;NA exact	PASS
correlation|SYN_GENE_0230|H3K27me3|total_associated_peaks|spearman	correlation			0.0		abs=1e-8;NA exact	PASS
correlation|SYN_GENE_0231|H3K9me3|promoter_peaks|pearson	correlation	-1	-1.0	0.0		abs=1e-8;NA exact	PASS
correlation|SYN_GENE_0231|H3K9me3|promoter_peaks|spearman	correlation	-1	-1.0	0.0		abs=1e-8;NA exact	PASS
correlation|SYN_GENE_0231|H3K9me3|total_associated_peaks|pearson	correlation	-1	-1.0	0.0		abs=1e-8;NA exact	PASS
correlation|SYN_GENE_0231|H3K9me3|total_associated_peaks|spearman	correlation	-1	-1.0	0.0		abs=1e-8;NA exact	PASS
correlation|SYN_GENE_0232|H3K27ac|promoter_peaks|pearson	correlation			0.0		abs=1e-8;NA exact	PASS
correlation|SYN_GENE_0232|H3K27ac|promoter_peaks|spearman	correlation			0.0		abs=1e-8;NA exact	PASS
correlation|SYN_GENE_0232|H3K27ac|total_associated_peaks|pearson	correlation			0.0		abs=1e-8;NA exact	PASS
correlation|SYN_GENE_0232|H3K27ac|total_associated_peaks|spearman	correlation			0.0		abs=1e-8;NA exact	PASS
correlation|SYN_GENE_0233|H3K4me3|promoter_peaks|pearson	correlation			0.0		abs=1e-8;NA exact	PASS
correlation|SYN_GENE_0233|H3K4me3|promoter_peaks|spearman	correlation			0.0		abs=1e-8;NA exact	PASS
correlation|SYN_GENE_0233|H3K4me3|total_associated_peaks|pearson	correlation			0.0		abs=1e-8;NA exact	PASS
correlation|SYN_GENE_0233|H3K4me3|total_associated_peaks|spearman	correlation			0.0		abs=1e-8;NA exact	PASS
correlation|SYN_GENE_0234|H3K27me3|promoter_peaks|pearson	correlation			0.0		abs=1e-8;NA exact	PASS
correlation|SYN_GENE_0234|H3K27me3|promoter_peaks|spearman	correlation			0.0		abs=1e-8;NA exact	PASS
correlation|SYN_GENE_0234|H3K27me3|total_associated_peaks|pearson	correlation	-1	-1.0	0.0		abs=1e-8;NA exact	PASS
correlation|SYN_GENE_0234|H3K27me3|total_associated_peaks|spearman	correlation	-1	-1.0	0.0		abs=1e-8;NA exact	PASS
correlation|SYN_GENE_0235|H3K9me3|promoter_peaks|pearson	correlation			0.0		abs=1e-8;NA exact	PASS
correlation|SYN_GENE_0235|H3K9me3|promoter_peaks|spearman	correlation			0.0		abs=1e-8;NA exact	PASS
correlation|SYN_GENE_0235|H3K9me3|total_associated_peaks|pearson	correlation			0.0		abs=1e-8;NA exact	PASS
correlation|SYN_GENE_0235|H3K9me3|total_associated_peaks|spearman	correlation			0.0		abs=1e-8;NA exact	PASS
correlation|SYN_GENE_0236|H3K27ac|promoter_peaks|pearson	correlation	1	1.0	0.0		abs=1e-8;NA exact	PASS
correlation|SYN_GENE_0236|H3K27ac|promoter_peaks|spearman	correlation	1	1.0	0.0		abs=1e-8;NA exact	PASS
correlation|SYN_GENE_0236|H3K27ac|total_associated_peaks|pearson	correlation	1	1.0	0.0		abs=1e-8;NA exact	PASS
correlation|SYN_GENE_0236|H3K27ac|total_associated_peaks|spearman	correlation	1	1.0	0.0		abs=1e-8;NA exact	PASS
correlation|SYN_GENE_0237|H3K4me3|promoter_peaks|pearson	correlation			0.0		abs=1e-8;NA exact	PASS
correlation|SYN_GENE_0237|H3K4me3|promoter_peaks|spearman	correlation			0.0		abs=1e-8;NA exact	PASS
correlation|SYN_GENE_0237|H3K4me3|total_associated_peaks|pearson	correlation			0.0		abs=1e-8;NA exact	PASS
correlation|SYN_GENE_0237|H3K4me3|total_associated_peaks|spearman	correlation			0.0		abs=1e-8;NA exact	PASS
correlation|SYN_GENE_0238|H3K27me3|promoter_peaks|pearson	correlation			0.0		abs=1e-8;NA exact	PASS
correlation|SYN_GENE_0238|H3K27me3|promoter_peaks|spearman	correlation			0.0		abs=1e-8;NA exact	PASS
correlation|SYN_GENE_0238|H3K27me3|total_associated_peaks|pearson	correlation			0.0		abs=1e-8;NA exact	PASS
correlation|SYN_GENE_0238|H3K27me3|total_associated_peaks|spearman	correlation			0.0		abs=1e-8;NA exact	PASS
correlation|SYN_GENE_0239|H3K9me3|promoter_peaks|pearson	correlation			0.0		abs=1e-8;NA exact	PASS
correlation|SYN_GENE_0239|H3K9me3|promoter_peaks|spearman	correlation			0.0		abs=1e-8;NA exact	PASS
correlation|SYN_GENE_0239|H3K9me3|total_associated_peaks|pearson	correlation	-1	-1.0	0.0		abs=1e-8;NA exact	PASS
correlation|SYN_GENE_0239|H3K9me3|total_associated_peaks|spearman	correlation	-1	-1.0	0.0		abs=1e-8;NA exact	PASS
correlation|SYN_GENE_0240|H3K27ac|promoter_peaks|pearson	correlation			0.0		abs=1e-8;NA exact	PASS
correlation|SYN_GENE_0240|H3K27ac|promoter_peaks|spearman	correlation			0.0		abs=1e-8;NA exact	PASS
correlation|SYN_GENE_0240|H3K27ac|total_associated_peaks|pearson	correlation			0.0		abs=1e-8;NA exact	PASS
correlation|SYN_GENE_0240|H3K27ac|total_associated_peaks|spearman	correlation			0.0		abs=1e-8;NA exact	PASS
correlation|SYN_GENE_0241|H3K4me3|promoter_peaks|pearson	correlation	1	1.0	0.0		abs=1e-8;NA exact	PASS
correlation|SYN_GENE_0241|H3K4me3|promoter_peaks|spearman	correlation	1	1.0	0.0		abs=1e-8;NA exact	PASS
correlation|SYN_GENE_0241|H3K4me3|total_associated_peaks|pearson	correlation	1	1.0	0.0		abs=1e-8;NA exact	PASS
correlation|SYN_GENE_0241|H3K4me3|total_associated_peaks|spearman	correlation	1	1.0	0.0		abs=1e-8;NA exact	PASS
correlation|SYN_GENE_0242|H3K27me3|promoter_peaks|pearson	correlation			0.0		abs=1e-8;NA exact	PASS
correlation|SYN_GENE_0242|H3K27me3|promoter_peaks|spearman	correlation			0.0		abs=1e-8;NA exact	PASS
correlation|SYN_GENE_0242|H3K27me3|total_associated_peaks|pearson	correlation			0.0		abs=1e-8;NA exact	PASS
correlation|SYN_GENE_0242|H3K27me3|total_associated_peaks|spearman	correlation			0.0		abs=1e-8;NA exact	PASS
correlation|SYN_GENE_0243|H3K9me3|promoter_peaks|pearson	correlation			0.0		abs=1e-8;NA exact	PASS
correlation|SYN_GENE_0243|H3K9me3|promoter_peaks|spearman	correlation			0.0		abs=1e-8;NA exact	PASS
correlation|SYN_GENE_0243|H3K9me3|total_associated_peaks|pearson	correlation			0.0		abs=1e-8;NA exact	PASS
correlation|SYN_GENE_0243|H3K9me3|total_associated_peaks|spearman	correlation			0.0		abs=1e-8;NA exact	PASS
correlation|SYN_GENE_0244|H3K27ac|promoter_peaks|pearson	correlation			0.0		abs=1e-8;NA exact	PASS
correlation|SYN_GENE_0244|H3K27ac|promoter_peaks|spearman	correlation			0.0		abs=1e-8;NA exact	PASS
correlation|SYN_GENE_0244|H3K27ac|total_associated_peaks|pearson	correlation	1	1.0	0.0		abs=1e-8;NA exact	PASS
correlation|SYN_GENE_0244|H3K27ac|total_associated_peaks|spearman	correlation	1	1.0	0.0		abs=1e-8;NA exact	PASS
correlation|SYN_GENE_0245|H3K4me3|promoter_peaks|pearson	correlation			0.0		abs=1e-8;NA exact	PASS
correlation|SYN_GENE_0245|H3K4me3|promoter_peaks|spearman	correlation			0.0		abs=1e-8;NA exact	PASS
correlation|SYN_GENE_0245|H3K4me3|total_associated_peaks|pearson	correlation			0.0		abs=1e-8;NA exact	PASS
correlation|SYN_GENE_0245|H3K4me3|total_associated_peaks|spearman	correlation			0.0		abs=1e-8;NA exact	PASS
correlation|SYN_GENE_0246|H3K27me3|promoter_peaks|pearson	correlation	-1	-1.0	0.0		abs=1e-8;NA exact	PASS
correlation|SYN_GENE_0246|H3K27me3|promoter_peaks|spearman	correlation	-1	-1.0	0.0		abs=1e-8;NA exact	PASS
correlation|SYN_GENE_0246|H3K27me3|total_associated_peaks|pearson	correlation	-1	-1.0	0.0		abs=1e-8;NA exact	PASS
correlation|SYN_GENE_0246|H3K27me3|total_associated_peaks|spearman	correlation	-1	-1.0	0.0		abs=1e-8;NA exact	PASS
correlation|SYN_GENE_0247|H3K9me3|promoter_peaks|pearson	correlation			0.0		abs=1e-8;NA exact	PASS
correlation|SYN_GENE_0247|H3K9me3|promoter_peaks|spearman	correlation			0.0		abs=1e-8;NA exact	PASS
correlation|SYN_GENE_0247|H3K9me3|total_associated_peaks|pearson	correlation			0.0		abs=1e-8;NA exact	PASS
correlation|SYN_GENE_0247|H3K9me3|total_associated_peaks|spearman	correlation			0.0		abs=1e-8;NA exact	PASS
correlation|SYN_GENE_0248|H3K27ac|promoter_peaks|pearson	correlation			0.0		abs=1e-8;NA exact	PASS
correlation|SYN_GENE_0248|H3K27ac|promoter_peaks|spearman	correlation			0.0		abs=1e-8;NA exact	PASS
correlation|SYN_GENE_0248|H3K27ac|total_associated_peaks|pearson	correlation			0.0		abs=1e-8;NA exact	PASS
correlation|SYN_GENE_0248|H3K27ac|total_associated_peaks|spearman	correlation			0.0		abs=1e-8;NA exact	PASS
correlation|SYN_GENE_0249|H3K4me3|promoter_peaks|pearson	correlation			0.0		abs=1e-8;NA exact	PASS
correlation|SYN_GENE_0249|H3K4me3|promoter_peaks|spearman	correlation			0.0		abs=1e-8;NA exact	PASS
correlation|SYN_GENE_0249|H3K4me3|total_associated_peaks|pearson	correlation	1	0.9999999999999998	2.220446049250313e-16		abs=1e-8;NA exact	PASS
correlation|SYN_GENE_0249|H3K4me3|total_associated_peaks|spearman	correlation	1	1.0	0.0		abs=1e-8;NA exact	PASS
correlation|SYN_GENE_0250|H3K27me3|promoter_peaks|pearson	correlation			0.0		abs=1e-8;NA exact	PASS
correlation|SYN_GENE_0250|H3K27me3|promoter_peaks|spearman	correlation			0.0		abs=1e-8;NA exact	PASS
correlation|SYN_GENE_0250|H3K27me3|total_associated_peaks|pearson	correlation			0.0		abs=1e-8;NA exact	PASS
correlation|SYN_GENE_0250|H3K27me3|total_associated_peaks|spearman	correlation			0.0		abs=1e-8;NA exact	PASS
correlation|SYN_GENE_0251|H3K9me3|promoter_peaks|pearson	correlation	-1	-1.0	0.0		abs=1e-8;NA exact	PASS
correlation|SYN_GENE_0251|H3K9me3|promoter_peaks|spearman	correlation	-1	-1.0	0.0		abs=1e-8;NA exact	PASS
correlation|SYN_GENE_0251|H3K9me3|total_associated_peaks|pearson	correlation	-1	-1.0	0.0		abs=1e-8;NA exact	PASS
correlation|SYN_GENE_0251|H3K9me3|total_associated_peaks|spearman	correlation	-1	-1.0	0.0		abs=1e-8;NA exact	PASS
correlation|SYN_GENE_0252|H3K27ac|promoter_peaks|pearson	correlation			0.0		abs=1e-8;NA exact	PASS
correlation|SYN_GENE_0252|H3K27ac|promoter_peaks|spearman	correlation			0.0		abs=1e-8;NA exact	PASS
correlation|SYN_GENE_0252|H3K27ac|total_associated_peaks|pearson	correlation			0.0		abs=1e-8;NA exact	PASS
correlation|SYN_GENE_0252|H3K27ac|total_associated_peaks|spearman	correlation			0.0		abs=1e-8;NA exact	PASS
correlation|SYN_GENE_0253|H3K4me3|promoter_peaks|pearson	correlation			0.0		abs=1e-8;NA exact	PASS
correlation|SYN_GENE_0253|H3K4me3|promoter_peaks|spearman	correlation			0.0		abs=1e-8;NA exact	PASS
correlation|SYN_GENE_0253|H3K4me3|total_associated_peaks|pearson	correlation			0.0		abs=1e-8;NA exact	PASS
correlation|SYN_GENE_0253|H3K4me3|total_associated_peaks|spearman	correlation			0.0		abs=1e-8;NA exact	PASS
correlation|SYN_GENE_0254|H3K27me3|promoter_peaks|pearson	correlation			0.0		abs=1e-8;NA exact	PASS
correlation|SYN_GENE_0254|H3K27me3|promoter_peaks|spearman	correlation			0.0		abs=1e-8;NA exact	PASS
correlation|SYN_GENE_0254|H3K27me3|total_associated_peaks|pearson	correlation	-1	-1.0	0.0		abs=1e-8;NA exact	PASS
correlation|SYN_GENE_0254|H3K27me3|total_associated_peaks|spearman	correlation	-1	-1.0	0.0		abs=1e-8;NA exact	PASS
correlation|SYN_GENE_0255|H3K9me3|promoter_peaks|pearson	correlation			0.0		abs=1e-8;NA exact	PASS
correlation|SYN_GENE_0255|H3K9me3|promoter_peaks|spearman	correlation			0.0		abs=1e-8;NA exact	PASS
correlation|SYN_GENE_0255|H3K9me3|total_associated_peaks|pearson	correlation			0.0		abs=1e-8;NA exact	PASS
correlation|SYN_GENE_0255|H3K9me3|total_associated_peaks|spearman	correlation			0.0		abs=1e-8;NA exact	PASS
correlation|SYN_GENE_0256|H3K27ac|promoter_peaks|pearson	correlation	1	1.0	0.0		abs=1e-8;NA exact	PASS
correlation|SYN_GENE_0256|H3K27ac|promoter_peaks|spearman	correlation	1	1.0	0.0		abs=1e-8;NA exact	PASS
correlation|SYN_GENE_0256|H3K27ac|total_associated_peaks|pearson	correlation	1	1.0	0.0		abs=1e-8;NA exact	PASS
correlation|SYN_GENE_0256|H3K27ac|total_associated_peaks|spearman	correlation	1	1.0	0.0		abs=1e-8;NA exact	PASS
correlation|SYN_GENE_0257|H3K4me3|promoter_peaks|pearson	correlation			0.0		abs=1e-8;NA exact	PASS
correlation|SYN_GENE_0257|H3K4me3|promoter_peaks|spearman	correlation			0.0		abs=1e-8;NA exact	PASS
correlation|SYN_GENE_0257|H3K4me3|total_associated_peaks|pearson	correlation			0.0		abs=1e-8;NA exact	PASS
correlation|SYN_GENE_0257|H3K4me3|total_associated_peaks|spearman	correlation			0.0		abs=1e-8;NA exact	PASS
correlation|SYN_GENE_0258|H3K27me3|promoter_peaks|pearson	correlation			0.0		abs=1e-8;NA exact	PASS
correlation|SYN_GENE_0258|H3K27me3|promoter_peaks|spearman	correlation			0.0		abs=1e-8;NA exact	PASS
correlation|SYN_GENE_0258|H3K27me3|total_associated_peaks|pearson	correlation			0.0		abs=1e-8;NA exact	PASS
correlation|SYN_GENE_0258|H3K27me3|total_associated_peaks|spearman	correlation			0.0		abs=1e-8;NA exact	PASS
correlation|SYN_GENE_0259|H3K9me3|promoter_peaks|pearson	correlation			0.0		abs=1e-8;NA exact	PASS
correlation|SYN_GENE_0259|H3K9me3|promoter_peaks|spearman	correlation			0.0		abs=1e-8;NA exact	PASS
correlation|SYN_GENE_0259|H3K9me3|total_associated_peaks|pearson	correlation	-1	-1.0	0.0		abs=1e-8;NA exact	PASS
correlation|SYN_GENE_0259|H3K9me3|total_associated_peaks|spearman	correlation	-1	-1.0	0.0		abs=1e-8;NA exact	PASS
correlation|SYN_GENE_0260|H3K27ac|promoter_peaks|pearson	correlation			0.0		abs=1e-8;NA exact	PASS
correlation|SYN_GENE_0260|H3K27ac|promoter_peaks|spearman	correlation			0.0		abs=1e-8;NA exact	PASS
correlation|SYN_GENE_0260|H3K27ac|total_associated_peaks|pearson	correlation			0.0		abs=1e-8;NA exact	PASS
correlation|SYN_GENE_0260|H3K27ac|total_associated_peaks|spearman	correlation			0.0		abs=1e-8;NA exact	PASS
correlation|SYN_GENE_0261|H3K4me3|promoter_peaks|pearson	correlation	1	1.0	0.0		abs=1e-8;NA exact	PASS
correlation|SYN_GENE_0261|H3K4me3|promoter_peaks|spearman	correlation	1	1.0	0.0		abs=1e-8;NA exact	PASS
correlation|SYN_GENE_0261|H3K4me3|total_associated_peaks|pearson	correlation	1	1.0	0.0		abs=1e-8;NA exact	PASS
correlation|SYN_GENE_0261|H3K4me3|total_associated_peaks|spearman	correlation	1	1.0	0.0		abs=1e-8;NA exact	PASS
correlation|SYN_GENE_0262|H3K27me3|promoter_peaks|pearson	correlation			0.0		abs=1e-8;NA exact	PASS
correlation|SYN_GENE_0262|H3K27me3|promoter_peaks|spearman	correlation			0.0		abs=1e-8;NA exact	PASS
correlation|SYN_GENE_0262|H3K27me3|total_associated_peaks|pearson	correlation			0.0		abs=1e-8;NA exact	PASS
correlation|SYN_GENE_0262|H3K27me3|total_associated_peaks|spearman	correlation			0.0		abs=1e-8;NA exact	PASS
correlation|SYN_GENE_0263|H3K9me3|promoter_peaks|pearson	correlation			0.0		abs=1e-8;NA exact	PASS
correlation|SYN_GENE_0263|H3K9me3|promoter_peaks|spearman	correlation			0.0		abs=1e-8;NA exact	PASS
correlation|SYN_GENE_0263|H3K9me3|total_associated_peaks|pearson	correlation			0.0		abs=1e-8;NA exact	PASS
correlation|SYN_GENE_0263|H3K9me3|total_associated_peaks|spearman	correlation			0.0		abs=1e-8;NA exact	PASS
correlation|SYN_GENE_0264|H3K27ac|promoter_peaks|pearson	correlation			0.0		abs=1e-8;NA exact	PASS
correlation|SYN_GENE_0264|H3K27ac|promoter_peaks|spearman	correlation			0.0		abs=1e-8;NA exact	PASS
correlation|SYN_GENE_0264|H3K27ac|total_associated_peaks|pearson	correlation	1	1.0	0.0		abs=1e-8;NA exact	PASS
correlation|SYN_GENE_0264|H3K27ac|total_associated_peaks|spearman	correlation	1	1.0	0.0		abs=1e-8;NA exact	PASS
correlation|SYN_GENE_0265|H3K4me3|promoter_peaks|pearson	correlation			0.0		abs=1e-8;NA exact	PASS
correlation|SYN_GENE_0265|H3K4me3|promoter_peaks|spearman	correlation			0.0		abs=1e-8;NA exact	PASS
correlation|SYN_GENE_0265|H3K4me3|total_associated_peaks|pearson	correlation			0.0		abs=1e-8;NA exact	PASS
correlation|SYN_GENE_0265|H3K4me3|total_associated_peaks|spearman	correlation			0.0		abs=1e-8;NA exact	PASS
correlation|SYN_GENE_0266|H3K27me3|promoter_peaks|pearson	correlation	-1	-1.0	0.0		abs=1e-8;NA exact	PASS
correlation|SYN_GENE_0266|H3K27me3|promoter_peaks|spearman	correlation	-1	-1.0	0.0		abs=1e-8;NA exact	PASS
correlation|SYN_GENE_0266|H3K27me3|total_associated_peaks|pearson	correlation	-1	-1.0	0.0		abs=1e-8;NA exact	PASS
correlation|SYN_GENE_0266|H3K27me3|total_associated_peaks|spearman	correlation	-1	-1.0	0.0		abs=1e-8;NA exact	PASS
correlation|SYN_GENE_0267|H3K9me3|promoter_peaks|pearson	correlation			0.0		abs=1e-8;NA exact	PASS
correlation|SYN_GENE_0267|H3K9me3|promoter_peaks|spearman	correlation			0.0		abs=1e-8;NA exact	PASS
correlation|SYN_GENE_0267|H3K9me3|total_associated_peaks|pearson	correlation			0.0		abs=1e-8;NA exact	PASS
correlation|SYN_GENE_0267|H3K9me3|total_associated_peaks|spearman	correlation			0.0		abs=1e-8;NA exact	PASS
correlation|SYN_GENE_0268|H3K27ac|promoter_peaks|pearson	correlation			0.0		abs=1e-8;NA exact	PASS
correlation|SYN_GENE_0268|H3K27ac|promoter_peaks|spearman	correlation			0.0		abs=1e-8;NA exact	PASS
correlation|SYN_GENE_0268|H3K27ac|total_associated_peaks|pearson	correlation			0.0		abs=1e-8;NA exact	PASS
correlation|SYN_GENE_0268|H3K27ac|total_associated_peaks|spearman	correlation			0.0		abs=1e-8;NA exact	PASS
correlation|SYN_GENE_0269|H3K4me3|promoter_peaks|pearson	correlation			0.0		abs=1e-8;NA exact	PASS
correlation|SYN_GENE_0269|H3K4me3|promoter_peaks|spearman	correlation			0.0		abs=1e-8;NA exact	PASS
correlation|SYN_GENE_0269|H3K4me3|total_associated_peaks|pearson	correlation	1	1.0	0.0		abs=1e-8;NA exact	PASS
correlation|SYN_GENE_0269|H3K4me3|total_associated_peaks|spearman	correlation	1	1.0	0.0		abs=1e-8;NA exact	PASS
correlation|SYN_GENE_0270|H3K27me3|promoter_peaks|pearson	correlation			0.0		abs=1e-8;NA exact	PASS
correlation|SYN_GENE_0270|H3K27me3|promoter_peaks|spearman	correlation			0.0		abs=1e-8;NA exact	PASS
correlation|SYN_GENE_0270|H3K27me3|total_associated_peaks|pearson	correlation			0.0		abs=1e-8;NA exact	PASS
correlation|SYN_GENE_0270|H3K27me3|total_associated_peaks|spearman	correlation			0.0		abs=1e-8;NA exact	PASS
correlation|SYN_GENE_0271|H3K9me3|promoter_peaks|pearson	correlation	-1	-1.0	0.0		abs=1e-8;NA exact	PASS
correlation|SYN_GENE_0271|H3K9me3|promoter_peaks|spearman	correlation	-1	-1.0	0.0		abs=1e-8;NA exact	PASS
correlation|SYN_GENE_0271|H3K9me3|total_associated_peaks|pearson	correlation	-1	-1.0	0.0		abs=1e-8;NA exact	PASS
correlation|SYN_GENE_0271|H3K9me3|total_associated_peaks|spearman	correlation	-1	-1.0	0.0		abs=1e-8;NA exact	PASS
correlation|SYN_GENE_0272|H3K27ac|promoter_peaks|pearson	correlation			0.0		abs=1e-8;NA exact	PASS
correlation|SYN_GENE_0272|H3K27ac|promoter_peaks|spearman	correlation			0.0		abs=1e-8;NA exact	PASS
correlation|SYN_GENE_0272|H3K27ac|total_associated_peaks|pearson	correlation			0.0		abs=1e-8;NA exact	PASS
correlation|SYN_GENE_0272|H3K27ac|total_associated_peaks|spearman	correlation			0.0		abs=1e-8;NA exact	PASS
correlation|SYN_GENE_0273|H3K4me3|promoter_peaks|pearson	correlation			0.0		abs=1e-8;NA exact	PASS
correlation|SYN_GENE_0273|H3K4me3|promoter_peaks|spearman	correlation			0.0		abs=1e-8;NA exact	PASS
correlation|SYN_GENE_0273|H3K4me3|total_associated_peaks|pearson	correlation			0.0		abs=1e-8;NA exact	PASS
correlation|SYN_GENE_0273|H3K4me3|total_associated_peaks|spearman	correlation			0.0		abs=1e-8;NA exact	PASS
correlation|SYN_GENE_0274|H3K27me3|promoter_peaks|pearson	correlation			0.0		abs=1e-8;NA exact	PASS
correlation|SYN_GENE_0274|H3K27me3|promoter_peaks|spearman	correlation			0.0		abs=1e-8;NA exact	PASS
correlation|SYN_GENE_0274|H3K27me3|total_associated_peaks|pearson	correlation	-1	-1.0000000000000002	2.220446049250313e-16		abs=1e-8;NA exact	PASS
correlation|SYN_GENE_0274|H3K27me3|total_associated_peaks|spearman	correlation	-1	-1.0	0.0		abs=1e-8;NA exact	PASS
correlation|SYN_GENE_0275|H3K9me3|promoter_peaks|pearson	correlation			0.0		abs=1e-8;NA exact	PASS
correlation|SYN_GENE_0275|H3K9me3|promoter_peaks|spearman	correlation			0.0		abs=1e-8;NA exact	PASS
correlation|SYN_GENE_0275|H3K9me3|total_associated_peaks|pearson	correlation			0.0		abs=1e-8;NA exact	PASS
correlation|SYN_GENE_0275|H3K9me3|total_associated_peaks|spearman	correlation			0.0		abs=1e-8;NA exact	PASS
correlation|SYN_GENE_0276|H3K27ac|promoter_peaks|pearson	correlation	1	1.0	0.0		abs=1e-8;NA exact	PASS
correlation|SYN_GENE_0276|H3K27ac|promoter_peaks|spearman	correlation	1	1.0	0.0		abs=1e-8;NA exact	PASS
correlation|SYN_GENE_0276|H3K27ac|total_associated_peaks|pearson	correlation	1	1.0	0.0		abs=1e-8;NA exact	PASS
correlation|SYN_GENE_0276|H3K27ac|total_associated_peaks|spearman	correlation	1	1.0	0.0		abs=1e-8;NA exact	PASS
correlation|SYN_GENE_0277|H3K4me3|promoter_peaks|pearson	correlation			0.0		abs=1e-8;NA exact	PASS
correlation|SYN_GENE_0277|H3K4me3|promoter_peaks|spearman	correlation			0.0		abs=1e-8;NA exact	PASS
correlation|SYN_GENE_0277|H3K4me3|total_associated_peaks|pearson	correlation			0.0		abs=1e-8;NA exact	PASS
correlation|SYN_GENE_0277|H3K4me3|total_associated_peaks|spearman	correlation			0.0		abs=1e-8;NA exact	PASS
correlation|SYN_GENE_0278|H3K27me3|promoter_peaks|pearson	correlation			0.0		abs=1e-8;NA exact	PASS
correlation|SYN_GENE_0278|H3K27me3|promoter_peaks|spearman	correlation			0.0		abs=1e-8;NA exact	PASS
correlation|SYN_GENE_0278|H3K27me3|total_associated_peaks|pearson	correlation			0.0		abs=1e-8;NA exact	PASS
correlation|SYN_GENE_0278|H3K27me3|total_associated_peaks|spearman	correlation			0.0		abs=1e-8;NA exact	PASS
correlation|SYN_GENE_0279|H3K9me3|promoter_peaks|pearson	correlation			0.0		abs=1e-8;NA exact	PASS
correlation|SYN_GENE_0279|H3K9me3|promoter_peaks|spearman	correlation			0.0		abs=1e-8;NA exact	PASS
correlation|SYN_GENE_0279|H3K9me3|total_associated_peaks|pearson	correlation	-1	-1.0000000000000002	2.220446049250313e-16		abs=1e-8;NA exact	PASS
correlation|SYN_GENE_0279|H3K9me3|total_associated_peaks|spearman	correlation	-1	-1.0	0.0		abs=1e-8;NA exact	PASS
correlation|SYN_GENE_0280|H3K27ac|promoter_peaks|pearson	correlation			0.0		abs=1e-8;NA exact	PASS
correlation|SYN_GENE_0280|H3K27ac|promoter_peaks|spearman	correlation			0.0		abs=1e-8;NA exact	PASS
correlation|SYN_GENE_0280|H3K27ac|total_associated_peaks|pearson	correlation			0.0		abs=1e-8;NA exact	PASS
correlation|SYN_GENE_0280|H3K27ac|total_associated_peaks|spearman	correlation			0.0		abs=1e-8;NA exact	PASS
correlation|SYN_GENE_0281|H3K4me3|promoter_peaks|pearson	correlation	1	1.0	0.0		abs=1e-8;NA exact	PASS
correlation|SYN_GENE_0281|H3K4me3|promoter_peaks|spearman	correlation	1	1.0	0.0		abs=1e-8;NA exact	PASS
correlation|SYN_GENE_0281|H3K4me3|total_associated_peaks|pearson	correlation	1	1.0	0.0		abs=1e-8;NA exact	PASS
correlation|SYN_GENE_0281|H3K4me3|total_associated_peaks|spearman	correlation	1	1.0	0.0		abs=1e-8;NA exact	PASS
correlation|SYN_GENE_0282|H3K27me3|promoter_peaks|pearson	correlation			0.0		abs=1e-8;NA exact	PASS
correlation|SYN_GENE_0282|H3K27me3|promoter_peaks|spearman	correlation			0.0		abs=1e-8;NA exact	PASS
correlation|SYN_GENE_0282|H3K27me3|total_associated_peaks|pearson	correlation			0.0		abs=1e-8;NA exact	PASS
correlation|SYN_GENE_0282|H3K27me3|total_associated_peaks|spearman	correlation			0.0		abs=1e-8;NA exact	PASS
correlation|SYN_GENE_0283|H3K9me3|promoter_peaks|pearson	correlation			0.0		abs=1e-8;NA exact	PASS
correlation|SYN_GENE_0283|H3K9me3|promoter_peaks|spearman	correlation			0.0		abs=1e-8;NA exact	PASS
correlation|SYN_GENE_0283|H3K9me3|total_associated_peaks|pearson	correlation			0.0		abs=1e-8;NA exact	PASS
correlation|SYN_GENE_0283|H3K9me3|total_associated_peaks|spearman	correlation			0.0		abs=1e-8;NA exact	PASS
correlation|SYN_GENE_0284|H3K27ac|promoter_peaks|pearson	correlation			0.0		abs=1e-8;NA exact	PASS
correlation|SYN_GENE_0284|H3K27ac|promoter_peaks|spearman	correlation			0.0		abs=1e-8;NA exact	PASS
correlation|SYN_GENE_0284|H3K27ac|total_associated_peaks|pearson	correlation	1	1.0	0.0		abs=1e-8;NA exact	PASS
correlation|SYN_GENE_0284|H3K27ac|total_associated_peaks|spearman	correlation	1	1.0	0.0		abs=1e-8;NA exact	PASS
correlation|SYN_GENE_0285|H3K4me3|promoter_peaks|pearson	correlation			0.0		abs=1e-8;NA exact	PASS
correlation|SYN_GENE_0285|H3K4me3|promoter_peaks|spearman	correlation			0.0		abs=1e-8;NA exact	PASS
correlation|SYN_GENE_0285|H3K4me3|total_associated_peaks|pearson	correlation			0.0		abs=1e-8;NA exact	PASS
correlation|SYN_GENE_0285|H3K4me3|total_associated_peaks|spearman	correlation			0.0		abs=1e-8;NA exact	PASS
correlation|SYN_GENE_0286|H3K27me3|promoter_peaks|pearson	correlation	-1	-1.0	0.0		abs=1e-8;NA exact	PASS
correlation|SYN_GENE_0286|H3K27me3|promoter_peaks|spearman	correlation	-1	-1.0	0.0		abs=1e-8;NA exact	PASS
correlation|SYN_GENE_0286|H3K27me3|total_associated_peaks|pearson	correlation	-1	-1.0	0.0		abs=1e-8;NA exact	PASS
correlation|SYN_GENE_0286|H3K27me3|total_associated_peaks|spearman	correlation	-1	-1.0	0.0		abs=1e-8;NA exact	PASS
correlation|SYN_GENE_0287|H3K9me3|promoter_peaks|pearson	correlation			0.0		abs=1e-8;NA exact	PASS
correlation|SYN_GENE_0287|H3K9me3|promoter_peaks|spearman	correlation			0.0		abs=1e-8;NA exact	PASS
correlation|SYN_GENE_0287|H3K9me3|total_associated_peaks|pearson	correlation			0.0		abs=1e-8;NA exact	PASS
correlation|SYN_GENE_0287|H3K9me3|total_associated_peaks|spearman	correlation			0.0		abs=1e-8;NA exact	PASS
correlation|SYN_GENE_0288|H3K27ac|promoter_peaks|pearson	correlation			0.0		abs=1e-8;NA exact	PASS
correlation|SYN_GENE_0288|H3K27ac|promoter_peaks|spearman	correlation			0.0		abs=1e-8;NA exact	PASS
correlation|SYN_GENE_0288|H3K27ac|total_associated_peaks|pearson	correlation			0.0		abs=1e-8;NA exact	PASS
correlation|SYN_GENE_0288|H3K27ac|total_associated_peaks|spearman	correlation			0.0		abs=1e-8;NA exact	PASS
correlation|SYN_GENE_0289|H3K4me3|promoter_peaks|pearson	correlation			0.0		abs=1e-8;NA exact	PASS
correlation|SYN_GENE_0289|H3K4me3|promoter_peaks|spearman	correlation			0.0		abs=1e-8;NA exact	PASS
correlation|SYN_GENE_0289|H3K4me3|total_associated_peaks|pearson	correlation	1	1.0	0.0		abs=1e-8;NA exact	PASS
correlation|SYN_GENE_0289|H3K4me3|total_associated_peaks|spearman	correlation	1	1.0	0.0		abs=1e-8;NA exact	PASS
correlation|SYN_GENE_0290|H3K27me3|promoter_peaks|pearson	correlation			0.0		abs=1e-8;NA exact	PASS
correlation|SYN_GENE_0290|H3K27me3|promoter_peaks|spearman	correlation			0.0		abs=1e-8;NA exact	PASS
correlation|SYN_GENE_0290|H3K27me3|total_associated_peaks|pearson	correlation			0.0		abs=1e-8;NA exact	PASS
correlation|SYN_GENE_0290|H3K27me3|total_associated_peaks|spearman	correlation			0.0		abs=1e-8;NA exact	PASS
correlation|SYN_GENE_0291|H3K9me3|promoter_peaks|pearson	correlation	-1	-1.0	0.0		abs=1e-8;NA exact	PASS
correlation|SYN_GENE_0291|H3K9me3|promoter_peaks|spearman	correlation	-1	-1.0	0.0		abs=1e-8;NA exact	PASS
correlation|SYN_GENE_0291|H3K9me3|total_associated_peaks|pearson	correlation	-1	-1.0	0.0		abs=1e-8;NA exact	PASS
correlation|SYN_GENE_0291|H3K9me3|total_associated_peaks|spearman	correlation	-1	-1.0	0.0		abs=1e-8;NA exact	PASS
correlation|SYN_GENE_0292|H3K27ac|promoter_peaks|pearson	correlation			0.0		abs=1e-8;NA exact	PASS
correlation|SYN_GENE_0292|H3K27ac|promoter_peaks|spearman	correlation			0.0		abs=1e-8;NA exact	PASS
correlation|SYN_GENE_0292|H3K27ac|total_associated_peaks|pearson	correlation			0.0		abs=1e-8;NA exact	PASS
correlation|SYN_GENE_0292|H3K27ac|total_associated_peaks|spearman	correlation			0.0		abs=1e-8;NA exact	PASS
correlation|SYN_GENE_0293|H3K4me3|promoter_peaks|pearson	correlation			0.0		abs=1e-8;NA exact	PASS
correlation|SYN_GENE_0293|H3K4me3|promoter_peaks|spearman	correlation			0.0		abs=1e-8;NA exact	PASS
correlation|SYN_GENE_0293|H3K4me3|total_associated_peaks|pearson	correlation			0.0		abs=1e-8;NA exact	PASS
correlation|SYN_GENE_0293|H3K4me3|total_associated_peaks|spearman	correlation			0.0		abs=1e-8;NA exact	PASS
correlation|SYN_GENE_0294|H3K27me3|promoter_peaks|pearson	correlation			0.0		abs=1e-8;NA exact	PASS
correlation|SYN_GENE_0294|H3K27me3|promoter_peaks|spearman	correlation			0.0		abs=1e-8;NA exact	PASS
correlation|SYN_GENE_0294|H3K27me3|total_associated_peaks|pearson	correlation	-1	-0.9999999999999999	1.1102230246251565e-16		abs=1e-8;NA exact	PASS
correlation|SYN_GENE_0294|H3K27me3|total_associated_peaks|spearman	correlation	-1	-1.0	0.0		abs=1e-8;NA exact	PASS
correlation|SYN_GENE_0295|H3K9me3|promoter_peaks|pearson	correlation			0.0		abs=1e-8;NA exact	PASS
correlation|SYN_GENE_0295|H3K9me3|promoter_peaks|spearman	correlation			0.0		abs=1e-8;NA exact	PASS
correlation|SYN_GENE_0295|H3K9me3|total_associated_peaks|pearson	correlation			0.0		abs=1e-8;NA exact	PASS
correlation|SYN_GENE_0295|H3K9me3|total_associated_peaks|spearman	correlation			0.0		abs=1e-8;NA exact	PASS
correlation|SYN_GENE_0296|H3K27ac|promoter_peaks|pearson	correlation	1	1.0	0.0		abs=1e-8;NA exact	PASS
correlation|SYN_GENE_0296|H3K27ac|promoter_peaks|spearman	correlation	1	1.0	0.0		abs=1e-8;NA exact	PASS
correlation|SYN_GENE_0296|H3K27ac|total_associated_peaks|pearson	correlation	1	1.0	0.0		abs=1e-8;NA exact	PASS
correlation|SYN_GENE_0296|H3K27ac|total_associated_peaks|spearman	correlation	1	1.0	0.0		abs=1e-8;NA exact	PASS
correlation|SYN_GENE_0297|H3K4me3|promoter_peaks|pearson	correlation			0.0		abs=1e-8;NA exact	PASS
correlation|SYN_GENE_0297|H3K4me3|promoter_peaks|spearman	correlation			0.0		abs=1e-8;NA exact	PASS
correlation|SYN_GENE_0297|H3K4me3|total_associated_peaks|pearson	correlation			0.0		abs=1e-8;NA exact	PASS
correlation|SYN_GENE_0297|H3K4me3|total_associated_peaks|spearman	correlation			0.0		abs=1e-8;NA exact	PASS
correlation|SYN_GENE_0298|H3K27me3|promoter_peaks|pearson	correlation			0.0		abs=1e-8;NA exact	PASS
correlation|SYN_GENE_0298|H3K27me3|promoter_peaks|spearman	correlation			0.0		abs=1e-8;NA exact	PASS
correlation|SYN_GENE_0298|H3K27me3|total_associated_peaks|pearson	correlation			0.0		abs=1e-8;NA exact	PASS
correlation|SYN_GENE_0298|H3K27me3|total_associated_peaks|spearman	correlation			0.0		abs=1e-8;NA exact	PASS
correlation|SYN_GENE_0299|H3K9me3|promoter_peaks|pearson	correlation			0.0		abs=1e-8;NA exact	PASS
correlation|SYN_GENE_0299|H3K9me3|promoter_peaks|spearman	correlation			0.0		abs=1e-8;NA exact	PASS
correlation|SYN_GENE_0299|H3K9me3|total_associated_peaks|pearson	correlation	-1	-1.0	0.0		abs=1e-8;NA exact	PASS
correlation|SYN_GENE_0299|H3K9me3|total_associated_peaks|spearman	correlation	-1	-1.0	0.0		abs=1e-8;NA exact	PASS
correlation|SYN_GENE_0300|H3K27ac|promoter_peaks|pearson	correlation			0.0		abs=1e-8;NA exact	PASS
correlation|SYN_GENE_0300|H3K27ac|promoter_peaks|spearman	correlation			0.0		abs=1e-8;NA exact	PASS
correlation|SYN_GENE_0300|H3K27ac|total_associated_peaks|pearson	correlation			0.0		abs=1e-8;NA exact	PASS
correlation|SYN_GENE_0300|H3K27ac|total_associated_peaks|spearman	correlation			0.0		abs=1e-8;NA exact	PASS
correlation|SYN_GENE_0301|H3K4me3|promoter_peaks|pearson	correlation	1	1.0	0.0		abs=1e-8;NA exact	PASS
correlation|SYN_GENE_0301|H3K4me3|promoter_peaks|spearman	correlation	1	1.0	0.0		abs=1e-8;NA exact	PASS
correlation|SYN_GENE_0301|H3K4me3|total_associated_peaks|pearson	correlation	1	1.0	0.0		abs=1e-8;NA exact	PASS
correlation|SYN_GENE_0301|H3K4me3|total_associated_peaks|spearman	correlation	1	1.0	0.0		abs=1e-8;NA exact	PASS
correlation|SYN_GENE_0302|H3K27me3|promoter_peaks|pearson	correlation			0.0		abs=1e-8;NA exact	PASS
correlation|SYN_GENE_0302|H3K27me3|promoter_peaks|spearman	correlation			0.0		abs=1e-8;NA exact	PASS
correlation|SYN_GENE_0302|H3K27me3|total_associated_peaks|pearson	correlation			0.0		abs=1e-8;NA exact	PASS
correlation|SYN_GENE_0302|H3K27me3|total_associated_peaks|spearman	correlation			0.0		abs=1e-8;NA exact	PASS
correlation|SYN_GENE_0303|H3K9me3|promoter_peaks|pearson	correlation			0.0		abs=1e-8;NA exact	PASS
correlation|SYN_GENE_0303|H3K9me3|promoter_peaks|spearman	correlation			0.0		abs=1e-8;NA exact	PASS
correlation|SYN_GENE_0303|H3K9me3|total_associated_peaks|pearson	correlation			0.0		abs=1e-8;NA exact	PASS
correlation|SYN_GENE_0303|H3K9me3|total_associated_peaks|spearman	correlation			0.0		abs=1e-8;NA exact	PASS
correlation|SYN_GENE_0304|H3K27ac|promoter_peaks|pearson	correlation			0.0		abs=1e-8;NA exact	PASS
correlation|SYN_GENE_0304|H3K27ac|promoter_peaks|spearman	correlation			0.0		abs=1e-8;NA exact	PASS
correlation|SYN_GENE_0304|H3K27ac|total_associated_peaks|pearson	correlation	1	1.0	0.0		abs=1e-8;NA exact	PASS
correlation|SYN_GENE_0304|H3K27ac|total_associated_peaks|spearman	correlation	1	1.0	0.0		abs=1e-8;NA exact	PASS
correlation|SYN_GENE_0305|H3K4me3|promoter_peaks|pearson	correlation			0.0		abs=1e-8;NA exact	PASS
correlation|SYN_GENE_0305|H3K4me3|promoter_peaks|spearman	correlation			0.0		abs=1e-8;NA exact	PASS
correlation|SYN_GENE_0305|H3K4me3|total_associated_peaks|pearson	correlation			0.0		abs=1e-8;NA exact	PASS
correlation|SYN_GENE_0305|H3K4me3|total_associated_peaks|spearman	correlation			0.0		abs=1e-8;NA exact	PASS
correlation|SYN_GENE_0306|H3K27me3|promoter_peaks|pearson	correlation	-1	-1.0	0.0		abs=1e-8;NA exact	PASS
correlation|SYN_GENE_0306|H3K27me3|promoter_peaks|spearman	correlation	-1	-1.0	0.0		abs=1e-8;NA exact	PASS
correlation|SYN_GENE_0306|H3K27me3|total_associated_peaks|pearson	correlation	-1	-1.0	0.0		abs=1e-8;NA exact	PASS
correlation|SYN_GENE_0306|H3K27me3|total_associated_peaks|spearman	correlation	-1	-1.0	0.0		abs=1e-8;NA exact	PASS
correlation|SYN_GENE_0307|H3K9me3|promoter_peaks|pearson	correlation			0.0		abs=1e-8;NA exact	PASS
correlation|SYN_GENE_0307|H3K9me3|promoter_peaks|spearman	correlation			0.0		abs=1e-8;NA exact	PASS
correlation|SYN_GENE_0307|H3K9me3|total_associated_peaks|pearson	correlation			0.0		abs=1e-8;NA exact	PASS
correlation|SYN_GENE_0307|H3K9me3|total_associated_peaks|spearman	correlation			0.0		abs=1e-8;NA exact	PASS
correlation|SYN_GENE_0308|H3K27ac|promoter_peaks|pearson	correlation			0.0		abs=1e-8;NA exact	PASS
correlation|SYN_GENE_0308|H3K27ac|promoter_peaks|spearman	correlation			0.0		abs=1e-8;NA exact	PASS
correlation|SYN_GENE_0308|H3K27ac|total_associated_peaks|pearson	correlation			0.0		abs=1e-8;NA exact	PASS
correlation|SYN_GENE_0308|H3K27ac|total_associated_peaks|spearman	correlation			0.0		abs=1e-8;NA exact	PASS
correlation|SYN_GENE_0309|H3K4me3|promoter_peaks|pearson	correlation			0.0		abs=1e-8;NA exact	PASS
correlation|SYN_GENE_0309|H3K4me3|promoter_peaks|spearman	correlation			0.0		abs=1e-8;NA exact	PASS
correlation|SYN_GENE_0309|H3K4me3|total_associated_peaks|pearson	correlation	1	1.0	0.0		abs=1e-8;NA exact	PASS
correlation|SYN_GENE_0309|H3K4me3|total_associated_peaks|spearman	correlation	1	1.0	0.0		abs=1e-8;NA exact	PASS
correlation|SYN_GENE_0310|H3K27me3|promoter_peaks|pearson	correlation			0.0		abs=1e-8;NA exact	PASS
correlation|SYN_GENE_0310|H3K27me3|promoter_peaks|spearman	correlation			0.0		abs=1e-8;NA exact	PASS
correlation|SYN_GENE_0310|H3K27me3|total_associated_peaks|pearson	correlation			0.0		abs=1e-8;NA exact	PASS
correlation|SYN_GENE_0310|H3K27me3|total_associated_peaks|spearman	correlation			0.0		abs=1e-8;NA exact	PASS
correlation|SYN_GENE_0311|H3K9me3|promoter_peaks|pearson	correlation	-1	-1.0	0.0		abs=1e-8;NA exact	PASS
correlation|SYN_GENE_0311|H3K9me3|promoter_peaks|spearman	correlation	-1	-1.0	0.0		abs=1e-8;NA exact	PASS
correlation|SYN_GENE_0311|H3K9me3|total_associated_peaks|pearson	correlation	-1	-1.0	0.0		abs=1e-8;NA exact	PASS
correlation|SYN_GENE_0311|H3K9me3|total_associated_peaks|spearman	correlation	-1	-1.0	0.0		abs=1e-8;NA exact	PASS
correlation|SYN_GENE_0312|H3K27ac|promoter_peaks|pearson	correlation			0.0		abs=1e-8;NA exact	PASS
correlation|SYN_GENE_0312|H3K27ac|promoter_peaks|spearman	correlation			0.0		abs=1e-8;NA exact	PASS
correlation|SYN_GENE_0312|H3K27ac|total_associated_peaks|pearson	correlation			0.0		abs=1e-8;NA exact	PASS
correlation|SYN_GENE_0312|H3K27ac|total_associated_peaks|spearman	correlation			0.0		abs=1e-8;NA exact	PASS
correlation|SYN_GENE_0313|H3K4me3|promoter_peaks|pearson	correlation			0.0		abs=1e-8;NA exact	PASS
correlation|SYN_GENE_0313|H3K4me3|promoter_peaks|spearman	correlation			0.0		abs=1e-8;NA exact	PASS
correlation|SYN_GENE_0313|H3K4me3|total_associated_peaks|pearson	correlation			0.0		abs=1e-8;NA exact	PASS
correlation|SYN_GENE_0313|H3K4me3|total_associated_peaks|spearman	correlation			0.0		abs=1e-8;NA exact	PASS
correlation|SYN_GENE_0314|H3K27me3|promoter_peaks|pearson	correlation			0.0		abs=1e-8;NA exact	PASS
correlation|SYN_GENE_0314|H3K27me3|promoter_peaks|spearman	correlation			0.0		abs=1e-8;NA exact	PASS
correlation|SYN_GENE_0314|H3K27me3|total_associated_peaks|pearson	correlation	-1	-1.0	0.0		abs=1e-8;NA exact	PASS
correlation|SYN_GENE_0314|H3K27me3|total_associated_peaks|spearman	correlation	-1	-1.0	0.0		abs=1e-8;NA exact	PASS
correlation|SYN_GENE_0315|H3K9me3|promoter_peaks|pearson	correlation			0.0		abs=1e-8;NA exact	PASS
correlation|SYN_GENE_0315|H3K9me3|promoter_peaks|spearman	correlation			0.0		abs=1e-8;NA exact	PASS
correlation|SYN_GENE_0315|H3K9me3|total_associated_peaks|pearson	correlation			0.0		abs=1e-8;NA exact	PASS
correlation|SYN_GENE_0315|H3K9me3|total_associated_peaks|spearman	correlation			0.0		abs=1e-8;NA exact	PASS
correlation|SYN_GENE_0316|H3K27ac|promoter_peaks|pearson	correlation	1	1.0	0.0		abs=1e-8;NA exact	PASS
correlation|SYN_GENE_0316|H3K27ac|promoter_peaks|spearman	correlation	1	1.0	0.0		abs=1e-8;NA exact	PASS
correlation|SYN_GENE_0316|H3K27ac|total_associated_peaks|pearson	correlation	1	1.0	0.0		abs=1e-8;NA exact	PASS
correlation|SYN_GENE_0316|H3K27ac|total_associated_peaks|spearman	correlation	1	1.0	0.0		abs=1e-8;NA exact	PASS
correlation|SYN_GENE_0317|H3K4me3|promoter_peaks|pearson	correlation			0.0		abs=1e-8;NA exact	PASS
correlation|SYN_GENE_0317|H3K4me3|promoter_peaks|spearman	correlation			0.0		abs=1e-8;NA exact	PASS
correlation|SYN_GENE_0317|H3K4me3|total_associated_peaks|pearson	correlation			0.0		abs=1e-8;NA exact	PASS
correlation|SYN_GENE_0317|H3K4me3|total_associated_peaks|spearman	correlation			0.0		abs=1e-8;NA exact	PASS
correlation|SYN_GENE_0318|H3K27me3|promoter_peaks|pearson	correlation			0.0		abs=1e-8;NA exact	PASS
correlation|SYN_GENE_0318|H3K27me3|promoter_peaks|spearman	correlation			0.0		abs=1e-8;NA exact	PASS
correlation|SYN_GENE_0318|H3K27me3|total_associated_peaks|pearson	correlation			0.0		abs=1e-8;NA exact	PASS
correlation|SYN_GENE_0318|H3K27me3|total_associated_peaks|spearman	correlation			0.0		abs=1e-8;NA exact	PASS
correlation|SYN_GENE_0319|H3K9me3|promoter_peaks|pearson	correlation			0.0		abs=1e-8;NA exact	PASS
correlation|SYN_GENE_0319|H3K9me3|promoter_peaks|spearman	correlation			0.0		abs=1e-8;NA exact	PASS
correlation|SYN_GENE_0319|H3K9me3|total_associated_peaks|pearson	correlation	-1	-1.0	0.0		abs=1e-8;NA exact	PASS
correlation|SYN_GENE_0319|H3K9me3|total_associated_peaks|spearman	correlation	-1	-1.0	0.0		abs=1e-8;NA exact	PASS
correlation|SYN_GENE_0320|H3K27ac|promoter_peaks|pearson	correlation			0.0		abs=1e-8;NA exact	PASS
correlation|SYN_GENE_0320|H3K27ac|promoter_peaks|spearman	correlation			0.0		abs=1e-8;NA exact	PASS
correlation|SYN_GENE_0320|H3K27ac|total_associated_peaks|pearson	correlation			0.0		abs=1e-8;NA exact	PASS
correlation|SYN_GENE_0320|H3K27ac|total_associated_peaks|spearman	correlation			0.0		abs=1e-8;NA exact	PASS
correlation|SYN_GENE_0321|H3K4me3|promoter_peaks|pearson	correlation	1	1.0	0.0		abs=1e-8;NA exact	PASS
correlation|SYN_GENE_0321|H3K4me3|promoter_peaks|spearman	correlation	1	1.0	0.0		abs=1e-8;NA exact	PASS
correlation|SYN_GENE_0321|H3K4me3|total_associated_peaks|pearson	correlation	1	1.0	0.0		abs=1e-8;NA exact	PASS
correlation|SYN_GENE_0321|H3K4me3|total_associated_peaks|spearman	correlation	1	1.0	0.0		abs=1e-8;NA exact	PASS
correlation|SYN_GENE_0322|H3K27me3|promoter_peaks|pearson	correlation			0.0		abs=1e-8;NA exact	PASS
correlation|SYN_GENE_0322|H3K27me3|promoter_peaks|spearman	correlation			0.0		abs=1e-8;NA exact	PASS
correlation|SYN_GENE_0322|H3K27me3|total_associated_peaks|pearson	correlation			0.0		abs=1e-8;NA exact	PASS
correlation|SYN_GENE_0322|H3K27me3|total_associated_peaks|spearman	correlation			0.0		abs=1e-8;NA exact	PASS
correlation|SYN_GENE_0323|H3K9me3|promoter_peaks|pearson	correlation			0.0		abs=1e-8;NA exact	PASS
correlation|SYN_GENE_0323|H3K9me3|promoter_peaks|spearman	correlation			0.0		abs=1e-8;NA exact	PASS
correlation|SYN_GENE_0323|H3K9me3|total_associated_peaks|pearson	correlation			0.0		abs=1e-8;NA exact	PASS
correlation|SYN_GENE_0323|H3K9me3|total_associated_peaks|spearman	correlation			0.0		abs=1e-8;NA exact	PASS
correlation|SYN_GENE_0324|H3K27ac|promoter_peaks|pearson	correlation			0.0		abs=1e-8;NA exact	PASS
correlation|SYN_GENE_0324|H3K27ac|promoter_peaks|spearman	correlation			0.0		abs=1e-8;NA exact	PASS
correlation|SYN_GENE_0324|H3K27ac|total_associated_peaks|pearson	correlation	1	1.0	0.0		abs=1e-8;NA exact	PASS
correlation|SYN_GENE_0324|H3K27ac|total_associated_peaks|spearman	correlation	1	1.0	0.0		abs=1e-8;NA exact	PASS
correlation|SYN_GENE_0325|H3K4me3|promoter_peaks|pearson	correlation			0.0		abs=1e-8;NA exact	PASS
correlation|SYN_GENE_0325|H3K4me3|promoter_peaks|spearman	correlation			0.0		abs=1e-8;NA exact	PASS
correlation|SYN_GENE_0325|H3K4me3|total_associated_peaks|pearson	correlation			0.0		abs=1e-8;NA exact	PASS
correlation|SYN_GENE_0325|H3K4me3|total_associated_peaks|spearman	correlation			0.0		abs=1e-8;NA exact	PASS
correlation|SYN_GENE_0326|H3K27me3|promoter_peaks|pearson	correlation	-1	-1.0	0.0		abs=1e-8;NA exact	PASS
correlation|SYN_GENE_0326|H3K27me3|promoter_peaks|spearman	correlation	-1	-1.0	0.0		abs=1e-8;NA exact	PASS
correlation|SYN_GENE_0326|H3K27me3|total_associated_peaks|pearson	correlation	-1	-1.0	0.0		abs=1e-8;NA exact	PASS
correlation|SYN_GENE_0326|H3K27me3|total_associated_peaks|spearman	correlation	-1	-1.0	0.0		abs=1e-8;NA exact	PASS
correlation|SYN_GENE_0327|H3K9me3|promoter_peaks|pearson	correlation			0.0		abs=1e-8;NA exact	PASS
correlation|SYN_GENE_0327|H3K9me3|promoter_peaks|spearman	correlation			0.0		abs=1e-8;NA exact	PASS
correlation|SYN_GENE_0327|H3K9me3|total_associated_peaks|pearson	correlation			0.0		abs=1e-8;NA exact	PASS
correlation|SYN_GENE_0327|H3K9me3|total_associated_peaks|spearman	correlation			0.0		abs=1e-8;NA exact	PASS
correlation|SYN_GENE_0328|H3K27ac|promoter_peaks|pearson	correlation			0.0		abs=1e-8;NA exact	PASS
correlation|SYN_GENE_0328|H3K27ac|promoter_peaks|spearman	correlation			0.0		abs=1e-8;NA exact	PASS
correlation|SYN_GENE_0328|H3K27ac|total_associated_peaks|pearson	correlation			0.0		abs=1e-8;NA exact	PASS
correlation|SYN_GENE_0328|H3K27ac|total_associated_peaks|spearman	correlation			0.0		abs=1e-8;NA exact	PASS
correlation|SYN_GENE_0329|H3K4me3|promoter_peaks|pearson	correlation			0.0		abs=1e-8;NA exact	PASS
correlation|SYN_GENE_0329|H3K4me3|promoter_peaks|spearman	correlation			0.0		abs=1e-8;NA exact	PASS
correlation|SYN_GENE_0329|H3K4me3|total_associated_peaks|pearson	correlation	1	1.0	0.0		abs=1e-8;NA exact	PASS
correlation|SYN_GENE_0329|H3K4me3|total_associated_peaks|spearman	correlation	1	1.0	0.0		abs=1e-8;NA exact	PASS
correlation|SYN_GENE_0330|H3K27me3|promoter_peaks|pearson	correlation			0.0		abs=1e-8;NA exact	PASS
correlation|SYN_GENE_0330|H3K27me3|promoter_peaks|spearman	correlation			0.0		abs=1e-8;NA exact	PASS
correlation|SYN_GENE_0330|H3K27me3|total_associated_peaks|pearson	correlation			0.0		abs=1e-8;NA exact	PASS
correlation|SYN_GENE_0330|H3K27me3|total_associated_peaks|spearman	correlation			0.0		abs=1e-8;NA exact	PASS
correlation|SYN_GENE_0331|H3K9me3|promoter_peaks|pearson	correlation	-1	-1.0	0.0		abs=1e-8;NA exact	PASS
correlation|SYN_GENE_0331|H3K9me3|promoter_peaks|spearman	correlation	-1	-1.0	0.0		abs=1e-8;NA exact	PASS
correlation|SYN_GENE_0331|H3K9me3|total_associated_peaks|pearson	correlation	-1	-1.0	0.0		abs=1e-8;NA exact	PASS
correlation|SYN_GENE_0331|H3K9me3|total_associated_peaks|spearman	correlation	-1	-1.0	0.0		abs=1e-8;NA exact	PASS
correlation|SYN_GENE_0332|H3K27ac|promoter_peaks|pearson	correlation			0.0		abs=1e-8;NA exact	PASS
correlation|SYN_GENE_0332|H3K27ac|promoter_peaks|spearman	correlation			0.0		abs=1e-8;NA exact	PASS
correlation|SYN_GENE_0332|H3K27ac|total_associated_peaks|pearson	correlation			0.0		abs=1e-8;NA exact	PASS
correlation|SYN_GENE_0332|H3K27ac|total_associated_peaks|spearman	correlation			0.0		abs=1e-8;NA exact	PASS
correlation|SYN_GENE_0333|H3K4me3|promoter_peaks|pearson	correlation			0.0		abs=1e-8;NA exact	PASS
correlation|SYN_GENE_0333|H3K4me3|promoter_peaks|spearman	correlation			0.0		abs=1e-8;NA exact	PASS
correlation|SYN_GENE_0333|H3K4me3|total_associated_peaks|pearson	correlation			0.0		abs=1e-8;NA exact	PASS
correlation|SYN_GENE_0333|H3K4me3|total_associated_peaks|spearman	correlation			0.0		abs=1e-8;NA exact	PASS
correlation|SYN_GENE_0334|H3K27me3|promoter_peaks|pearson	correlation			0.0		abs=1e-8;NA exact	PASS
correlation|SYN_GENE_0334|H3K27me3|promoter_peaks|spearman	correlation			0.0		abs=1e-8;NA exact	PASS
correlation|SYN_GENE_0334|H3K27me3|total_associated_peaks|pearson	correlation	-1	-1.0	0.0		abs=1e-8;NA exact	PASS
correlation|SYN_GENE_0334|H3K27me3|total_associated_peaks|spearman	correlation	-1	-1.0	0.0		abs=1e-8;NA exact	PASS
correlation|SYN_GENE_0335|H3K9me3|promoter_peaks|pearson	correlation			0.0		abs=1e-8;NA exact	PASS
correlation|SYN_GENE_0335|H3K9me3|promoter_peaks|spearman	correlation			0.0		abs=1e-8;NA exact	PASS
correlation|SYN_GENE_0335|H3K9me3|total_associated_peaks|pearson	correlation			0.0		abs=1e-8;NA exact	PASS
correlation|SYN_GENE_0335|H3K9me3|total_associated_peaks|spearman	correlation			0.0		abs=1e-8;NA exact	PASS
correlation|SYN_GENE_0336|H3K27ac|promoter_peaks|pearson	correlation	1	1.0	0.0		abs=1e-8;NA exact	PASS
correlation|SYN_GENE_0336|H3K27ac|promoter_peaks|spearman	correlation	1	1.0	0.0		abs=1e-8;NA exact	PASS
correlation|SYN_GENE_0336|H3K27ac|total_associated_peaks|pearson	correlation	1	1.0	0.0		abs=1e-8;NA exact	PASS
correlation|SYN_GENE_0336|H3K27ac|total_associated_peaks|spearman	correlation	1	1.0	0.0		abs=1e-8;NA exact	PASS
correlation|SYN_GENE_0337|H3K4me3|promoter_peaks|pearson	correlation			0.0		abs=1e-8;NA exact	PASS
correlation|SYN_GENE_0337|H3K4me3|promoter_peaks|spearman	correlation			0.0		abs=1e-8;NA exact	PASS
correlation|SYN_GENE_0337|H3K4me3|total_associated_peaks|pearson	correlation			0.0		abs=1e-8;NA exact	PASS
correlation|SYN_GENE_0337|H3K4me3|total_associated_peaks|spearman	correlation			0.0		abs=1e-8;NA exact	PASS
correlation|SYN_GENE_0338|H3K27me3|promoter_peaks|pearson	correlation			0.0		abs=1e-8;NA exact	PASS
correlation|SYN_GENE_0338|H3K27me3|promoter_peaks|spearman	correlation			0.0		abs=1e-8;NA exact	PASS
correlation|SYN_GENE_0338|H3K27me3|total_associated_peaks|pearson	correlation			0.0		abs=1e-8;NA exact	PASS
correlation|SYN_GENE_0338|H3K27me3|total_associated_peaks|spearman	correlation			0.0		abs=1e-8;NA exact	PASS
correlation|SYN_GENE_0339|H3K9me3|promoter_peaks|pearson	correlation			0.0		abs=1e-8;NA exact	PASS
correlation|SYN_GENE_0339|H3K9me3|promoter_peaks|spearman	correlation			0.0		abs=1e-8;NA exact	PASS
correlation|SYN_GENE_0339|H3K9me3|total_associated_peaks|pearson	correlation	-1	-1.0	0.0		abs=1e-8;NA exact	PASS
correlation|SYN_GENE_0339|H3K9me3|total_associated_peaks|spearman	correlation	-1	-1.0	0.0		abs=1e-8;NA exact	PASS
correlation|SYN_GENE_0340|H3K27ac|promoter_peaks|pearson	correlation			0.0		abs=1e-8;NA exact	PASS
correlation|SYN_GENE_0340|H3K27ac|promoter_peaks|spearman	correlation			0.0		abs=1e-8;NA exact	PASS
correlation|SYN_GENE_0340|H3K27ac|total_associated_peaks|pearson	correlation			0.0		abs=1e-8;NA exact	PASS
correlation|SYN_GENE_0340|H3K27ac|total_associated_peaks|spearman	correlation			0.0		abs=1e-8;NA exact	PASS
correlation|SYN_GENE_0341|H3K4me3|promoter_peaks|pearson	correlation	1	1.0	0.0		abs=1e-8;NA exact	PASS
correlation|SYN_GENE_0341|H3K4me3|promoter_peaks|spearman	correlation	1	1.0	0.0		abs=1e-8;NA exact	PASS
correlation|SYN_GENE_0341|H3K4me3|total_associated_peaks|pearson	correlation	1	1.0	0.0		abs=1e-8;NA exact	PASS
correlation|SYN_GENE_0341|H3K4me3|total_associated_peaks|spearman	correlation	1	1.0	0.0		abs=1e-8;NA exact	PASS
correlation|SYN_GENE_0342|H3K27me3|promoter_peaks|pearson	correlation			0.0		abs=1e-8;NA exact	PASS
correlation|SYN_GENE_0342|H3K27me3|promoter_peaks|spearman	correlation			0.0		abs=1e-8;NA exact	PASS
correlation|SYN_GENE_0342|H3K27me3|total_associated_peaks|pearson	correlation			0.0		abs=1e-8;NA exact	PASS
correlation|SYN_GENE_0342|H3K27me3|total_associated_peaks|spearman	correlation			0.0		abs=1e-8;NA exact	PASS
correlation|SYN_GENE_0343|H3K9me3|promoter_peaks|pearson	correlation			0.0		abs=1e-8;NA exact	PASS
correlation|SYN_GENE_0343|H3K9me3|promoter_peaks|spearman	correlation			0.0		abs=1e-8;NA exact	PASS
correlation|SYN_GENE_0343|H3K9me3|total_associated_peaks|pearson	correlation			0.0		abs=1e-8;NA exact	PASS
correlation|SYN_GENE_0343|H3K9me3|total_associated_peaks|spearman	correlation			0.0		abs=1e-8;NA exact	PASS
correlation|SYN_GENE_0344|H3K27ac|promoter_peaks|pearson	correlation			0.0		abs=1e-8;NA exact	PASS
correlation|SYN_GENE_0344|H3K27ac|promoter_peaks|spearman	correlation			0.0		abs=1e-8;NA exact	PASS
correlation|SYN_GENE_0344|H3K27ac|total_associated_peaks|pearson	correlation	1	1.0	0.0		abs=1e-8;NA exact	PASS
correlation|SYN_GENE_0344|H3K27ac|total_associated_peaks|spearman	correlation	1	1.0	0.0		abs=1e-8;NA exact	PASS
correlation|SYN_GENE_0345|H3K4me3|promoter_peaks|pearson	correlation			0.0		abs=1e-8;NA exact	PASS
correlation|SYN_GENE_0345|H3K4me3|promoter_peaks|spearman	correlation			0.0		abs=1e-8;NA exact	PASS
correlation|SYN_GENE_0345|H3K4me3|total_associated_peaks|pearson	correlation			0.0		abs=1e-8;NA exact	PASS
correlation|SYN_GENE_0345|H3K4me3|total_associated_peaks|spearman	correlation			0.0		abs=1e-8;NA exact	PASS
correlation|SYN_GENE_0346|H3K27me3|promoter_peaks|pearson	correlation	-1	-1.0	0.0		abs=1e-8;NA exact	PASS
correlation|SYN_GENE_0346|H3K27me3|promoter_peaks|spearman	correlation	-1	-1.0	0.0		abs=1e-8;NA exact	PASS
correlation|SYN_GENE_0346|H3K27me3|total_associated_peaks|pearson	correlation	-1	-1.0	0.0		abs=1e-8;NA exact	PASS
correlation|SYN_GENE_0346|H3K27me3|total_associated_peaks|spearman	correlation	-1	-1.0	0.0		abs=1e-8;NA exact	PASS
correlation|SYN_GENE_0347|H3K9me3|promoter_peaks|pearson	correlation			0.0		abs=1e-8;NA exact	PASS
correlation|SYN_GENE_0347|H3K9me3|promoter_peaks|spearman	correlation			0.0		abs=1e-8;NA exact	PASS
correlation|SYN_GENE_0347|H3K9me3|total_associated_peaks|pearson	correlation			0.0		abs=1e-8;NA exact	PASS
correlation|SYN_GENE_0347|H3K9me3|total_associated_peaks|spearman	correlation			0.0		abs=1e-8;NA exact	PASS
correlation|SYN_GENE_0348|H3K27ac|promoter_peaks|pearson	correlation			0.0		abs=1e-8;NA exact	PASS
correlation|SYN_GENE_0348|H3K27ac|promoter_peaks|spearman	correlation			0.0		abs=1e-8;NA exact	PASS
correlation|SYN_GENE_0348|H3K27ac|total_associated_peaks|pearson	correlation			0.0		abs=1e-8;NA exact	PASS
correlation|SYN_GENE_0348|H3K27ac|total_associated_peaks|spearman	correlation			0.0		abs=1e-8;NA exact	PASS
correlation|SYN_GENE_0349|H3K4me3|promoter_peaks|pearson	correlation			0.0		abs=1e-8;NA exact	PASS
correlation|SYN_GENE_0349|H3K4me3|promoter_peaks|spearman	correlation			0.0		abs=1e-8;NA exact	PASS
correlation|SYN_GENE_0349|H3K4me3|total_associated_peaks|pearson	correlation	1	1.0	0.0		abs=1e-8;NA exact	PASS
correlation|SYN_GENE_0349|H3K4me3|total_associated_peaks|spearman	correlation	1	1.0	0.0		abs=1e-8;NA exact	PASS
correlation|SYN_GENE_0350|H3K27me3|promoter_peaks|pearson	correlation			0.0		abs=1e-8;NA exact	PASS
correlation|SYN_GENE_0350|H3K27me3|promoter_peaks|spearman	correlation			0.0		abs=1e-8;NA exact	PASS
correlation|SYN_GENE_0350|H3K27me3|total_associated_peaks|pearson	correlation			0.0		abs=1e-8;NA exact	PASS
correlation|SYN_GENE_0350|H3K27me3|total_associated_peaks|spearman	correlation			0.0		abs=1e-8;NA exact	PASS
correlation|SYN_GENE_0351|H3K9me3|promoter_peaks|pearson	correlation	-1	-1.0	0.0		abs=1e-8;NA exact	PASS
correlation|SYN_GENE_0351|H3K9me3|promoter_peaks|spearman	correlation	-1	-1.0	0.0		abs=1e-8;NA exact	PASS
correlation|SYN_GENE_0351|H3K9me3|total_associated_peaks|pearson	correlation	-1	-1.0	0.0		abs=1e-8;NA exact	PASS
correlation|SYN_GENE_0351|H3K9me3|total_associated_peaks|spearman	correlation	-1	-1.0	0.0		abs=1e-8;NA exact	PASS
correlation|SYN_GENE_0352|H3K27ac|promoter_peaks|pearson	correlation			0.0		abs=1e-8;NA exact	PASS
correlation|SYN_GENE_0352|H3K27ac|promoter_peaks|spearman	correlation			0.0		abs=1e-8;NA exact	PASS
correlation|SYN_GENE_0352|H3K27ac|total_associated_peaks|pearson	correlation			0.0		abs=1e-8;NA exact	PASS
correlation|SYN_GENE_0352|H3K27ac|total_associated_peaks|spearman	correlation			0.0		abs=1e-8;NA exact	PASS
correlation|SYN_GENE_0353|H3K4me3|promoter_peaks|pearson	correlation			0.0		abs=1e-8;NA exact	PASS
correlation|SYN_GENE_0353|H3K4me3|promoter_peaks|spearman	correlation			0.0		abs=1e-8;NA exact	PASS
correlation|SYN_GENE_0353|H3K4me3|total_associated_peaks|pearson	correlation			0.0		abs=1e-8;NA exact	PASS
correlation|SYN_GENE_0353|H3K4me3|total_associated_peaks|spearman	correlation			0.0		abs=1e-8;NA exact	PASS
correlation|SYN_GENE_0354|H3K27me3|promoter_peaks|pearson	correlation			0.0		abs=1e-8;NA exact	PASS
correlation|SYN_GENE_0354|H3K27me3|promoter_peaks|spearman	correlation			0.0		abs=1e-8;NA exact	PASS
correlation|SYN_GENE_0354|H3K27me3|total_associated_peaks|pearson	correlation	-1	-1.0	0.0		abs=1e-8;NA exact	PASS
correlation|SYN_GENE_0354|H3K27me3|total_associated_peaks|spearman	correlation	-1	-1.0	0.0		abs=1e-8;NA exact	PASS
correlation|SYN_GENE_0355|H3K9me3|promoter_peaks|pearson	correlation			0.0		abs=1e-8;NA exact	PASS
correlation|SYN_GENE_0355|H3K9me3|promoter_peaks|spearman	correlation			0.0		abs=1e-8;NA exact	PASS
correlation|SYN_GENE_0355|H3K9me3|total_associated_peaks|pearson	correlation			0.0		abs=1e-8;NA exact	PASS
correlation|SYN_GENE_0355|H3K9me3|total_associated_peaks|spearman	correlation			0.0		abs=1e-8;NA exact	PASS
correlation|SYN_GENE_0356|H3K27ac|promoter_peaks|pearson	correlation	1	1.0	0.0		abs=1e-8;NA exact	PASS
correlation|SYN_GENE_0356|H3K27ac|promoter_peaks|spearman	correlation	1	1.0	0.0		abs=1e-8;NA exact	PASS
correlation|SYN_GENE_0356|H3K27ac|total_associated_peaks|pearson	correlation	1	1.0	0.0		abs=1e-8;NA exact	PASS
correlation|SYN_GENE_0356|H3K27ac|total_associated_peaks|spearman	correlation	1	1.0	0.0		abs=1e-8;NA exact	PASS
correlation|SYN_GENE_0357|H3K4me3|promoter_peaks|pearson	correlation			0.0		abs=1e-8;NA exact	PASS
correlation|SYN_GENE_0357|H3K4me3|promoter_peaks|spearman	correlation			0.0		abs=1e-8;NA exact	PASS
correlation|SYN_GENE_0357|H3K4me3|total_associated_peaks|pearson	correlation			0.0		abs=1e-8;NA exact	PASS
correlation|SYN_GENE_0357|H3K4me3|total_associated_peaks|spearman	correlation			0.0		abs=1e-8;NA exact	PASS
correlation|SYN_GENE_0358|H3K27me3|promoter_peaks|pearson	correlation			0.0		abs=1e-8;NA exact	PASS
correlation|SYN_GENE_0358|H3K27me3|promoter_peaks|spearman	correlation			0.0		abs=1e-8;NA exact	PASS
correlation|SYN_GENE_0358|H3K27me3|total_associated_peaks|pearson	correlation			0.0		abs=1e-8;NA exact	PASS
correlation|SYN_GENE_0358|H3K27me3|total_associated_peaks|spearman	correlation			0.0		abs=1e-8;NA exact	PASS
correlation|SYN_GENE_0359|H3K9me3|promoter_peaks|pearson	correlation			0.0		abs=1e-8;NA exact	PASS
correlation|SYN_GENE_0359|H3K9me3|promoter_peaks|spearman	correlation			0.0		abs=1e-8;NA exact	PASS
correlation|SYN_GENE_0359|H3K9me3|total_associated_peaks|pearson	correlation	-1	-1.0	0.0		abs=1e-8;NA exact	PASS
correlation|SYN_GENE_0359|H3K9me3|total_associated_peaks|spearman	correlation	-1	-1.0	0.0		abs=1e-8;NA exact	PASS
correlation|SYN_GENE_0360|H3K27ac|promoter_peaks|pearson	correlation			0.0		abs=1e-8;NA exact	PASS
correlation|SYN_GENE_0360|H3K27ac|promoter_peaks|spearman	correlation			0.0		abs=1e-8;NA exact	PASS
correlation|SYN_GENE_0360|H3K27ac|total_associated_peaks|pearson	correlation			0.0		abs=1e-8;NA exact	PASS
correlation|SYN_GENE_0360|H3K27ac|total_associated_peaks|spearman	correlation			0.0		abs=1e-8;NA exact	PASS
correlation|SYN_GENE_0361|H3K4me3|promoter_peaks|pearson	correlation	1	1.0	0.0		abs=1e-8;NA exact	PASS
correlation|SYN_GENE_0361|H3K4me3|promoter_peaks|spearman	correlation	1	1.0	0.0		abs=1e-8;NA exact	PASS
correlation|SYN_GENE_0361|H3K4me3|total_associated_peaks|pearson	correlation	1	1.0	0.0		abs=1e-8;NA exact	PASS
correlation|SYN_GENE_0361|H3K4me3|total_associated_peaks|spearman	correlation	1	1.0	0.0		abs=1e-8;NA exact	PASS
correlation|SYN_GENE_0362|H3K27me3|promoter_peaks|pearson	correlation			0.0		abs=1e-8;NA exact	PASS
correlation|SYN_GENE_0362|H3K27me3|promoter_peaks|spearman	correlation			0.0		abs=1e-8;NA exact	PASS
correlation|SYN_GENE_0362|H3K27me3|total_associated_peaks|pearson	correlation			0.0		abs=1e-8;NA exact	PASS
correlation|SYN_GENE_0362|H3K27me3|total_associated_peaks|spearman	correlation			0.0		abs=1e-8;NA exact	PASS
correlation|SYN_GENE_0363|H3K9me3|promoter_peaks|pearson	correlation			0.0		abs=1e-8;NA exact	PASS
correlation|SYN_GENE_0363|H3K9me3|promoter_peaks|spearman	correlation			0.0		abs=1e-8;NA exact	PASS
correlation|SYN_GENE_0363|H3K9me3|total_associated_peaks|pearson	correlation			0.0		abs=1e-8;NA exact	PASS
correlation|SYN_GENE_0363|H3K9me3|total_associated_peaks|spearman	correlation			0.0		abs=1e-8;NA exact	PASS
correlation|SYN_GENE_0364|H3K27ac|promoter_peaks|pearson	correlation			0.0		abs=1e-8;NA exact	PASS
correlation|SYN_GENE_0364|H3K27ac|promoter_peaks|spearman	correlation			0.0		abs=1e-8;NA exact	PASS
correlation|SYN_GENE_0364|H3K27ac|total_associated_peaks|pearson	correlation	1	1.0	0.0		abs=1e-8;NA exact	PASS
correlation|SYN_GENE_0364|H3K27ac|total_associated_peaks|spearman	correlation	1	1.0	0.0		abs=1e-8;NA exact	PASS
correlation|SYN_GENE_0365|H3K4me3|promoter_peaks|pearson	correlation			0.0		abs=1e-8;NA exact	PASS
correlation|SYN_GENE_0365|H3K4me3|promoter_peaks|spearman	correlation			0.0		abs=1e-8;NA exact	PASS
correlation|SYN_GENE_0365|H3K4me3|total_associated_peaks|pearson	correlation			0.0		abs=1e-8;NA exact	PASS
correlation|SYN_GENE_0365|H3K4me3|total_associated_peaks|spearman	correlation			0.0		abs=1e-8;NA exact	PASS
correlation|SYN_GENE_0366|H3K27me3|promoter_peaks|pearson	correlation	-1	-1.0	0.0		abs=1e-8;NA exact	PASS
correlation|SYN_GENE_0366|H3K27me3|promoter_peaks|spearman	correlation	-1	-1.0	0.0		abs=1e-8;NA exact	PASS
correlation|SYN_GENE_0366|H3K27me3|total_associated_peaks|pearson	correlation	-1	-1.0	0.0		abs=1e-8;NA exact	PASS
correlation|SYN_GENE_0366|H3K27me3|total_associated_peaks|spearman	correlation	-1	-1.0	0.0		abs=1e-8;NA exact	PASS
correlation|SYN_GENE_0367|H3K9me3|promoter_peaks|pearson	correlation			0.0		abs=1e-8;NA exact	PASS
correlation|SYN_GENE_0367|H3K9me3|promoter_peaks|spearman	correlation			0.0		abs=1e-8;NA exact	PASS
correlation|SYN_GENE_0367|H3K9me3|total_associated_peaks|pearson	correlation			0.0		abs=1e-8;NA exact	PASS
correlation|SYN_GENE_0367|H3K9me3|total_associated_peaks|spearman	correlation			0.0		abs=1e-8;NA exact	PASS
correlation|SYN_GENE_0368|H3K27ac|promoter_peaks|pearson	correlation			0.0		abs=1e-8;NA exact	PASS
correlation|SYN_GENE_0368|H3K27ac|promoter_peaks|spearman	correlation			0.0		abs=1e-8;NA exact	PASS
correlation|SYN_GENE_0368|H3K27ac|total_associated_peaks|pearson	correlation			0.0		abs=1e-8;NA exact	PASS
correlation|SYN_GENE_0368|H3K27ac|total_associated_peaks|spearman	correlation			0.0		abs=1e-8;NA exact	PASS
correlation|SYN_GENE_0369|H3K4me3|promoter_peaks|pearson	correlation			0.0		abs=1e-8;NA exact	PASS
correlation|SYN_GENE_0369|H3K4me3|promoter_peaks|spearman	correlation			0.0		abs=1e-8;NA exact	PASS
correlation|SYN_GENE_0369|H3K4me3|total_associated_peaks|pearson	correlation	1	1.0	0.0		abs=1e-8;NA exact	PASS
correlation|SYN_GENE_0369|H3K4me3|total_associated_peaks|spearman	correlation	1	1.0	0.0		abs=1e-8;NA exact	PASS
correlation|SYN_GENE_0370|H3K27me3|promoter_peaks|pearson	correlation			0.0		abs=1e-8;NA exact	PASS
correlation|SYN_GENE_0370|H3K27me3|promoter_peaks|spearman	correlation			0.0		abs=1e-8;NA exact	PASS
correlation|SYN_GENE_0370|H3K27me3|total_associated_peaks|pearson	correlation			0.0		abs=1e-8;NA exact	PASS
correlation|SYN_GENE_0370|H3K27me3|total_associated_peaks|spearman	correlation			0.0		abs=1e-8;NA exact	PASS
correlation|SYN_GENE_0371|H3K9me3|promoter_peaks|pearson	correlation	-1	-1.0	0.0		abs=1e-8;NA exact	PASS
correlation|SYN_GENE_0371|H3K9me3|promoter_peaks|spearman	correlation	-1	-1.0	0.0		abs=1e-8;NA exact	PASS
correlation|SYN_GENE_0371|H3K9me3|total_associated_peaks|pearson	correlation	-1	-1.0	0.0		abs=1e-8;NA exact	PASS
correlation|SYN_GENE_0371|H3K9me3|total_associated_peaks|spearman	correlation	-1	-1.0	0.0		abs=1e-8;NA exact	PASS
correlation|SYN_GENE_0372|H3K27ac|promoter_peaks|pearson	correlation			0.0		abs=1e-8;NA exact	PASS
correlation|SYN_GENE_0372|H3K27ac|promoter_peaks|spearman	correlation			0.0		abs=1e-8;NA exact	PASS
correlation|SYN_GENE_0372|H3K27ac|total_associated_peaks|pearson	correlation			0.0		abs=1e-8;NA exact	PASS
correlation|SYN_GENE_0372|H3K27ac|total_associated_peaks|spearman	correlation			0.0		abs=1e-8;NA exact	PASS
correlation|SYN_GENE_0373|H3K4me3|promoter_peaks|pearson	correlation			0.0		abs=1e-8;NA exact	PASS
correlation|SYN_GENE_0373|H3K4me3|promoter_peaks|spearman	correlation			0.0		abs=1e-8;NA exact	PASS
correlation|SYN_GENE_0373|H3K4me3|total_associated_peaks|pearson	correlation			0.0		abs=1e-8;NA exact	PASS
correlation|SYN_GENE_0373|H3K4me3|total_associated_peaks|spearman	correlation			0.0		abs=1e-8;NA exact	PASS
correlation|SYN_GENE_0374|H3K27me3|promoter_peaks|pearson	correlation			0.0		abs=1e-8;NA exact	PASS
correlation|SYN_GENE_0374|H3K27me3|promoter_peaks|spearman	correlation			0.0		abs=1e-8;NA exact	PASS
correlation|SYN_GENE_0374|H3K27me3|total_associated_peaks|pearson	correlation	-1	-1.0	0.0		abs=1e-8;NA exact	PASS
correlation|SYN_GENE_0374|H3K27me3|total_associated_peaks|spearman	correlation	-1	-1.0	0.0		abs=1e-8;NA exact	PASS
correlation|SYN_GENE_0375|H3K9me3|promoter_peaks|pearson	correlation			0.0		abs=1e-8;NA exact	PASS
correlation|SYN_GENE_0375|H3K9me3|promoter_peaks|spearman	correlation			0.0		abs=1e-8;NA exact	PASS
correlation|SYN_GENE_0375|H3K9me3|total_associated_peaks|pearson	correlation			0.0		abs=1e-8;NA exact	PASS
correlation|SYN_GENE_0375|H3K9me3|total_associated_peaks|spearman	correlation			0.0		abs=1e-8;NA exact	PASS
correlation|SYN_GENE_0376|H3K27ac|promoter_peaks|pearson	correlation	1	1.0	0.0		abs=1e-8;NA exact	PASS
correlation|SYN_GENE_0376|H3K27ac|promoter_peaks|spearman	correlation	1	1.0	0.0		abs=1e-8;NA exact	PASS
correlation|SYN_GENE_0376|H3K27ac|total_associated_peaks|pearson	correlation	1	1.0	0.0		abs=1e-8;NA exact	PASS
correlation|SYN_GENE_0376|H3K27ac|total_associated_peaks|spearman	correlation	1	1.0	0.0		abs=1e-8;NA exact	PASS
correlation|SYN_GENE_0377|H3K4me3|promoter_peaks|pearson	correlation			0.0		abs=1e-8;NA exact	PASS
correlation|SYN_GENE_0377|H3K4me3|promoter_peaks|spearman	correlation			0.0		abs=1e-8;NA exact	PASS
correlation|SYN_GENE_0377|H3K4me3|total_associated_peaks|pearson	correlation			0.0		abs=1e-8;NA exact	PASS
correlation|SYN_GENE_0377|H3K4me3|total_associated_peaks|spearman	correlation			0.0		abs=1e-8;NA exact	PASS
correlation|SYN_GENE_0378|H3K27me3|promoter_peaks|pearson	correlation			0.0		abs=1e-8;NA exact	PASS
correlation|SYN_GENE_0378|H3K27me3|promoter_peaks|spearman	correlation			0.0		abs=1e-8;NA exact	PASS
correlation|SYN_GENE_0378|H3K27me3|total_associated_peaks|pearson	correlation			0.0		abs=1e-8;NA exact	PASS
correlation|SYN_GENE_0378|H3K27me3|total_associated_peaks|spearman	correlation			0.0		abs=1e-8;NA exact	PASS
correlation|SYN_GENE_0379|H3K9me3|promoter_peaks|pearson	correlation			0.0		abs=1e-8;NA exact	PASS
correlation|SYN_GENE_0379|H3K9me3|promoter_peaks|spearman	correlation			0.0		abs=1e-8;NA exact	PASS
correlation|SYN_GENE_0379|H3K9me3|total_associated_peaks|pearson	correlation	-1	-1.0	0.0		abs=1e-8;NA exact	PASS
correlation|SYN_GENE_0379|H3K9me3|total_associated_peaks|spearman	correlation	-1	-1.0	0.0		abs=1e-8;NA exact	PASS
correlation|SYN_GENE_0380|H3K27ac|promoter_peaks|pearson	correlation			0.0		abs=1e-8;NA exact	PASS
correlation|SYN_GENE_0380|H3K27ac|promoter_peaks|spearman	correlation			0.0		abs=1e-8;NA exact	PASS
correlation|SYN_GENE_0380|H3K27ac|total_associated_peaks|pearson	correlation			0.0		abs=1e-8;NA exact	PASS
correlation|SYN_GENE_0380|H3K27ac|total_associated_peaks|spearman	correlation			0.0		abs=1e-8;NA exact	PASS
correlation|SYN_GENE_0381|H3K4me3|promoter_peaks|pearson	correlation	1	1.0	0.0		abs=1e-8;NA exact	PASS
correlation|SYN_GENE_0381|H3K4me3|promoter_peaks|spearman	correlation	1	1.0	0.0		abs=1e-8;NA exact	PASS
correlation|SYN_GENE_0381|H3K4me3|total_associated_peaks|pearson	correlation	1	1.0	0.0		abs=1e-8;NA exact	PASS
correlation|SYN_GENE_0381|H3K4me3|total_associated_peaks|spearman	correlation	1	1.0	0.0		abs=1e-8;NA exact	PASS
correlation|SYN_GENE_0382|H3K27me3|promoter_peaks|pearson	correlation			0.0		abs=1e-8;NA exact	PASS
correlation|SYN_GENE_0382|H3K27me3|promoter_peaks|spearman	correlation			0.0		abs=1e-8;NA exact	PASS
correlation|SYN_GENE_0382|H3K27me3|total_associated_peaks|pearson	correlation			0.0		abs=1e-8;NA exact	PASS
correlation|SYN_GENE_0382|H3K27me3|total_associated_peaks|spearman	correlation			0.0		abs=1e-8;NA exact	PASS
correlation|SYN_GENE_0383|H3K9me3|promoter_peaks|pearson	correlation			0.0		abs=1e-8;NA exact	PASS
correlation|SYN_GENE_0383|H3K9me3|promoter_peaks|spearman	correlation			0.0		abs=1e-8;NA exact	PASS
correlation|SYN_GENE_0383|H3K9me3|total_associated_peaks|pearson	correlation			0.0		abs=1e-8;NA exact	PASS
correlation|SYN_GENE_0383|H3K9me3|total_associated_peaks|spearman	correlation			0.0		abs=1e-8;NA exact	PASS
correlation|SYN_GENE_0384|H3K27ac|promoter_peaks|pearson	correlation			0.0		abs=1e-8;NA exact	PASS
correlation|SYN_GENE_0384|H3K27ac|promoter_peaks|spearman	correlation			0.0		abs=1e-8;NA exact	PASS
correlation|SYN_GENE_0384|H3K27ac|total_associated_peaks|pearson	correlation	1	1.0	0.0		abs=1e-8;NA exact	PASS
correlation|SYN_GENE_0384|H3K27ac|total_associated_peaks|spearman	correlation	1	1.0	0.0		abs=1e-8;NA exact	PASS
correlation|SYN_GENE_0385|H3K4me3|promoter_peaks|pearson	correlation			0.0		abs=1e-8;NA exact	PASS
correlation|SYN_GENE_0385|H3K4me3|promoter_peaks|spearman	correlation			0.0		abs=1e-8;NA exact	PASS
correlation|SYN_GENE_0385|H3K4me3|total_associated_peaks|pearson	correlation			0.0		abs=1e-8;NA exact	PASS
correlation|SYN_GENE_0385|H3K4me3|total_associated_peaks|spearman	correlation			0.0		abs=1e-8;NA exact	PASS
correlation|SYN_GENE_0386|H3K27me3|promoter_peaks|pearson	correlation	-1	-1.0	0.0		abs=1e-8;NA exact	PASS
correlation|SYN_GENE_0386|H3K27me3|promoter_peaks|spearman	correlation	-1	-1.0	0.0		abs=1e-8;NA exact	PASS
correlation|SYN_GENE_0386|H3K27me3|total_associated_peaks|pearson	correlation	-1	-1.0	0.0		abs=1e-8;NA exact	PASS
correlation|SYN_GENE_0386|H3K27me3|total_associated_peaks|spearman	correlation	-1	-1.0	0.0		abs=1e-8;NA exact	PASS
correlation|SYN_GENE_0387|H3K9me3|promoter_peaks|pearson	correlation			0.0		abs=1e-8;NA exact	PASS
correlation|SYN_GENE_0387|H3K9me3|promoter_peaks|spearman	correlation			0.0		abs=1e-8;NA exact	PASS
correlation|SYN_GENE_0387|H3K9me3|total_associated_peaks|pearson	correlation			0.0		abs=1e-8;NA exact	PASS
correlation|SYN_GENE_0387|H3K9me3|total_associated_peaks|spearman	correlation			0.0		abs=1e-8;NA exact	PASS
correlation|SYN_GENE_0388|H3K27ac|promoter_peaks|pearson	correlation			0.0		abs=1e-8;NA exact	PASS
correlation|SYN_GENE_0388|H3K27ac|promoter_peaks|spearman	correlation			0.0		abs=1e-8;NA exact	PASS
correlation|SYN_GENE_0388|H3K27ac|total_associated_peaks|pearson	correlation			0.0		abs=1e-8;NA exact	PASS
correlation|SYN_GENE_0388|H3K27ac|total_associated_peaks|spearman	correlation			0.0		abs=1e-8;NA exact	PASS
correlation|SYN_GENE_0389|H3K4me3|promoter_peaks|pearson	correlation			0.0		abs=1e-8;NA exact	PASS
correlation|SYN_GENE_0389|H3K4me3|promoter_peaks|spearman	correlation			0.0		abs=1e-8;NA exact	PASS
correlation|SYN_GENE_0389|H3K4me3|total_associated_peaks|pearson	correlation	1	1.0	0.0		abs=1e-8;NA exact	PASS
correlation|SYN_GENE_0389|H3K4me3|total_associated_peaks|spearman	correlation	1	1.0	0.0		abs=1e-8;NA exact	PASS
correlation|SYN_GENE_0390|H3K27me3|promoter_peaks|pearson	correlation			0.0		abs=1e-8;NA exact	PASS
correlation|SYN_GENE_0390|H3K27me3|promoter_peaks|spearman	correlation			0.0		abs=1e-8;NA exact	PASS
correlation|SYN_GENE_0390|H3K27me3|total_associated_peaks|pearson	correlation			0.0		abs=1e-8;NA exact	PASS
correlation|SYN_GENE_0390|H3K27me3|total_associated_peaks|spearman	correlation			0.0		abs=1e-8;NA exact	PASS
correlation|SYN_GENE_0391|H3K9me3|promoter_peaks|pearson	correlation	-1	-1.0	0.0		abs=1e-8;NA exact	PASS
correlation|SYN_GENE_0391|H3K9me3|promoter_peaks|spearman	correlation	-1	-1.0	0.0		abs=1e-8;NA exact	PASS
correlation|SYN_GENE_0391|H3K9me3|total_associated_peaks|pearson	correlation	-1	-1.0	0.0		abs=1e-8;NA exact	PASS
correlation|SYN_GENE_0391|H3K9me3|total_associated_peaks|spearman	correlation	-1	-1.0	0.0		abs=1e-8;NA exact	PASS
correlation|SYN_GENE_0392|H3K27ac|promoter_peaks|pearson	correlation			0.0		abs=1e-8;NA exact	PASS
correlation|SYN_GENE_0392|H3K27ac|promoter_peaks|spearman	correlation			0.0		abs=1e-8;NA exact	PASS
correlation|SYN_GENE_0392|H3K27ac|total_associated_peaks|pearson	correlation			0.0		abs=1e-8;NA exact	PASS
correlation|SYN_GENE_0392|H3K27ac|total_associated_peaks|spearman	correlation			0.0		abs=1e-8;NA exact	PASS
correlation|SYN_GENE_0393|H3K4me3|promoter_peaks|pearson	correlation			0.0		abs=1e-8;NA exact	PASS
correlation|SYN_GENE_0393|H3K4me3|promoter_peaks|spearman	correlation			0.0		abs=1e-8;NA exact	PASS
correlation|SYN_GENE_0393|H3K4me3|total_associated_peaks|pearson	correlation			0.0		abs=1e-8;NA exact	PASS
correlation|SYN_GENE_0393|H3K4me3|total_associated_peaks|spearman	correlation			0.0		abs=1e-8;NA exact	PASS
correlation|SYN_GENE_0394|H3K27me3|promoter_peaks|pearson	correlation			0.0		abs=1e-8;NA exact	PASS
correlation|SYN_GENE_0394|H3K27me3|promoter_peaks|spearman	correlation			0.0		abs=1e-8;NA exact	PASS
correlation|SYN_GENE_0394|H3K27me3|total_associated_peaks|pearson	correlation	-1	-1.0	0.0		abs=1e-8;NA exact	PASS
correlation|SYN_GENE_0394|H3K27me3|total_associated_peaks|spearman	correlation	-1	-1.0	0.0		abs=1e-8;NA exact	PASS
correlation|SYN_GENE_0395|H3K9me3|promoter_peaks|pearson	correlation			0.0		abs=1e-8;NA exact	PASS
correlation|SYN_GENE_0395|H3K9me3|promoter_peaks|spearman	correlation			0.0		abs=1e-8;NA exact	PASS
correlation|SYN_GENE_0395|H3K9me3|total_associated_peaks|pearson	correlation			0.0		abs=1e-8;NA exact	PASS
correlation|SYN_GENE_0395|H3K9me3|total_associated_peaks|spearman	correlation			0.0		abs=1e-8;NA exact	PASS
correlation|SYN_GENE_0396|H3K27ac|promoter_peaks|pearson	correlation	1	1.0	0.0		abs=1e-8;NA exact	PASS
correlation|SYN_GENE_0396|H3K27ac|promoter_peaks|spearman	correlation	1	1.0	0.0		abs=1e-8;NA exact	PASS
correlation|SYN_GENE_0396|H3K27ac|total_associated_peaks|pearson	correlation	1	1.0	0.0		abs=1e-8;NA exact	PASS
correlation|SYN_GENE_0396|H3K27ac|total_associated_peaks|spearman	correlation	1	1.0	0.0		abs=1e-8;NA exact	PASS
correlation|SYN_GENE_0397|H3K4me3|promoter_peaks|pearson	correlation			0.0		abs=1e-8;NA exact	PASS
correlation|SYN_GENE_0397|H3K4me3|promoter_peaks|spearman	correlation			0.0		abs=1e-8;NA exact	PASS
correlation|SYN_GENE_0397|H3K4me3|total_associated_peaks|pearson	correlation			0.0		abs=1e-8;NA exact	PASS
correlation|SYN_GENE_0397|H3K4me3|total_associated_peaks|spearman	correlation			0.0		abs=1e-8;NA exact	PASS
correlation|SYN_GENE_0398|H3K27me3|promoter_peaks|pearson	correlation			0.0		abs=1e-8;NA exact	PASS
correlation|SYN_GENE_0398|H3K27me3|promoter_peaks|spearman	correlation			0.0		abs=1e-8;NA exact	PASS
correlation|SYN_GENE_0398|H3K27me3|total_associated_peaks|pearson	correlation			0.0		abs=1e-8;NA exact	PASS
correlation|SYN_GENE_0398|H3K27me3|total_associated_peaks|spearman	correlation			0.0		abs=1e-8;NA exact	PASS
correlation|SYN_GENE_0399|H3K9me3|promoter_peaks|pearson	correlation			0.0		abs=1e-8;NA exact	PASS
correlation|SYN_GENE_0399|H3K9me3|promoter_peaks|spearman	correlation			0.0		abs=1e-8;NA exact	PASS
correlation|SYN_GENE_0399|H3K9me3|total_associated_peaks|pearson	correlation	-1	-1.0	0.0		abs=1e-8;NA exact	PASS
correlation|SYN_GENE_0399|H3K9me3|total_associated_peaks|spearman	correlation	-1	-1.0	0.0		abs=1e-8;NA exact	PASS
correlation|SYN_GENE_0400|H3K27ac|promoter_peaks|pearson	correlation			0.0		abs=1e-8;NA exact	PASS
correlation|SYN_GENE_0400|H3K27ac|promoter_peaks|spearman	correlation			0.0		abs=1e-8;NA exact	PASS
correlation|SYN_GENE_0400|H3K27ac|total_associated_peaks|pearson	correlation			0.0		abs=1e-8;NA exact	PASS
correlation|SYN_GENE_0400|H3K27ac|total_associated_peaks|spearman	correlation			0.0		abs=1e-8;NA exact	PASS
correlation|SYN_GENE_0401|H3K4me3|promoter_peaks|pearson	correlation	-1	-1.0	0.0		abs=1e-8;NA exact	PASS
correlation|SYN_GENE_0401|H3K4me3|promoter_peaks|spearman	correlation	-1	-1.0	0.0		abs=1e-8;NA exact	PASS
correlation|SYN_GENE_0401|H3K4me3|total_associated_peaks|pearson	correlation	-1	-1.0	0.0		abs=1e-8;NA exact	PASS
correlation|SYN_GENE_0401|H3K4me3|total_associated_peaks|spearman	correlation	-1	-1.0	0.0		abs=1e-8;NA exact	PASS
correlation|SYN_GENE_0402|H3K27me3|promoter_peaks|pearson	correlation			0.0		abs=1e-8;NA exact	PASS
correlation|SYN_GENE_0402|H3K27me3|promoter_peaks|spearman	correlation			0.0		abs=1e-8;NA exact	PASS
correlation|SYN_GENE_0402|H3K27me3|total_associated_peaks|pearson	correlation			0.0		abs=1e-8;NA exact	PASS
correlation|SYN_GENE_0402|H3K27me3|total_associated_peaks|spearman	correlation			0.0		abs=1e-8;NA exact	PASS
correlation|SYN_GENE_0403|H3K9me3|promoter_peaks|pearson	correlation			0.0		abs=1e-8;NA exact	PASS
correlation|SYN_GENE_0403|H3K9me3|promoter_peaks|spearman	correlation			0.0		abs=1e-8;NA exact	PASS
correlation|SYN_GENE_0403|H3K9me3|total_associated_peaks|pearson	correlation			0.0		abs=1e-8;NA exact	PASS
correlation|SYN_GENE_0403|H3K9me3|total_associated_peaks|spearman	correlation			0.0		abs=1e-8;NA exact	PASS
correlation|SYN_GENE_0404|H3K27ac|promoter_peaks|pearson	correlation			0.0		abs=1e-8;NA exact	PASS
correlation|SYN_GENE_0404|H3K27ac|promoter_peaks|spearman	correlation			0.0		abs=1e-8;NA exact	PASS
correlation|SYN_GENE_0404|H3K27ac|total_associated_peaks|pearson	correlation	-1	-0.9999999999999998	2.220446049250313e-16		abs=1e-8;NA exact	PASS
correlation|SYN_GENE_0404|H3K27ac|total_associated_peaks|spearman	correlation	-1	-1.0	0.0		abs=1e-8;NA exact	PASS
correlation|SYN_GENE_0405|H3K4me3|promoter_peaks|pearson	correlation			0.0		abs=1e-8;NA exact	PASS
correlation|SYN_GENE_0405|H3K4me3|promoter_peaks|spearman	correlation			0.0		abs=1e-8;NA exact	PASS
correlation|SYN_GENE_0405|H3K4me3|total_associated_peaks|pearson	correlation			0.0		abs=1e-8;NA exact	PASS
correlation|SYN_GENE_0405|H3K4me3|total_associated_peaks|spearman	correlation			0.0		abs=1e-8;NA exact	PASS
correlation|SYN_GENE_0406|H3K27me3|promoter_peaks|pearson	correlation	1	1.0	0.0		abs=1e-8;NA exact	PASS
correlation|SYN_GENE_0406|H3K27me3|promoter_peaks|spearman	correlation	1	1.0	0.0		abs=1e-8;NA exact	PASS
correlation|SYN_GENE_0406|H3K27me3|total_associated_peaks|pearson	correlation	1	1.0	0.0		abs=1e-8;NA exact	PASS
correlation|SYN_GENE_0406|H3K27me3|total_associated_peaks|spearman	correlation	1	1.0	0.0		abs=1e-8;NA exact	PASS
correlation|SYN_GENE_0407|H3K9me3|promoter_peaks|pearson	correlation			0.0		abs=1e-8;NA exact	PASS
correlation|SYN_GENE_0407|H3K9me3|promoter_peaks|spearman	correlation			0.0		abs=1e-8;NA exact	PASS
correlation|SYN_GENE_0407|H3K9me3|total_associated_peaks|pearson	correlation			0.0		abs=1e-8;NA exact	PASS
correlation|SYN_GENE_0407|H3K9me3|total_associated_peaks|spearman	correlation			0.0		abs=1e-8;NA exact	PASS
correlation|SYN_GENE_0408|H3K27ac|promoter_peaks|pearson	correlation			0.0		abs=1e-8;NA exact	PASS
correlation|SYN_GENE_0408|H3K27ac|promoter_peaks|spearman	correlation			0.0		abs=1e-8;NA exact	PASS
correlation|SYN_GENE_0408|H3K27ac|total_associated_peaks|pearson	correlation			0.0		abs=1e-8;NA exact	PASS
correlation|SYN_GENE_0408|H3K27ac|total_associated_peaks|spearman	correlation			0.0		abs=1e-8;NA exact	PASS
correlation|SYN_GENE_0409|H3K4me3|promoter_peaks|pearson	correlation			0.0		abs=1e-8;NA exact	PASS
correlation|SYN_GENE_0409|H3K4me3|promoter_peaks|spearman	correlation			0.0		abs=1e-8;NA exact	PASS
correlation|SYN_GENE_0409|H3K4me3|total_associated_peaks|pearson	correlation	-1	-1.0	0.0		abs=1e-8;NA exact	PASS
correlation|SYN_GENE_0409|H3K4me3|total_associated_peaks|spearman	correlation	-1	-1.0	0.0		abs=1e-8;NA exact	PASS
correlation|SYN_GENE_0410|H3K27me3|promoter_peaks|pearson	correlation			0.0		abs=1e-8;NA exact	PASS
correlation|SYN_GENE_0410|H3K27me3|promoter_peaks|spearman	correlation			0.0		abs=1e-8;NA exact	PASS
correlation|SYN_GENE_0410|H3K27me3|total_associated_peaks|pearson	correlation			0.0		abs=1e-8;NA exact	PASS
correlation|SYN_GENE_0410|H3K27me3|total_associated_peaks|spearman	correlation			0.0		abs=1e-8;NA exact	PASS
correlation|SYN_GENE_0411|H3K9me3|promoter_peaks|pearson	correlation	1	1.0	0.0		abs=1e-8;NA exact	PASS
correlation|SYN_GENE_0411|H3K9me3|promoter_peaks|spearman	correlation	1	1.0	0.0		abs=1e-8;NA exact	PASS
correlation|SYN_GENE_0411|H3K9me3|total_associated_peaks|pearson	correlation	1	1.0	0.0		abs=1e-8;NA exact	PASS
correlation|SYN_GENE_0411|H3K9me3|total_associated_peaks|spearman	correlation	1	1.0	0.0		abs=1e-8;NA exact	PASS
correlation|SYN_GENE_0412|H3K27ac|promoter_peaks|pearson	correlation			0.0		abs=1e-8;NA exact	PASS
correlation|SYN_GENE_0412|H3K27ac|promoter_peaks|spearman	correlation			0.0		abs=1e-8;NA exact	PASS
correlation|SYN_GENE_0412|H3K27ac|total_associated_peaks|pearson	correlation			0.0		abs=1e-8;NA exact	PASS
correlation|SYN_GENE_0412|H3K27ac|total_associated_peaks|spearman	correlation			0.0		abs=1e-8;NA exact	PASS
correlation|SYN_GENE_0413|H3K4me3|promoter_peaks|pearson	correlation			0.0		abs=1e-8;NA exact	PASS
correlation|SYN_GENE_0413|H3K4me3|promoter_peaks|spearman	correlation			0.0		abs=1e-8;NA exact	PASS
correlation|SYN_GENE_0413|H3K4me3|total_associated_peaks|pearson	correlation			0.0		abs=1e-8;NA exact	PASS
correlation|SYN_GENE_0413|H3K4me3|total_associated_peaks|spearman	correlation			0.0		abs=1e-8;NA exact	PASS
correlation|SYN_GENE_0414|H3K27me3|promoter_peaks|pearson	correlation			0.0		abs=1e-8;NA exact	PASS
correlation|SYN_GENE_0414|H3K27me3|promoter_peaks|spearman	correlation			0.0		abs=1e-8;NA exact	PASS
correlation|SYN_GENE_0414|H3K27me3|total_associated_peaks|pearson	correlation	1	1.0	0.0		abs=1e-8;NA exact	PASS
correlation|SYN_GENE_0414|H3K27me3|total_associated_peaks|spearman	correlation	1	1.0	0.0		abs=1e-8;NA exact	PASS
correlation|SYN_GENE_0415|H3K9me3|promoter_peaks|pearson	correlation			0.0		abs=1e-8;NA exact	PASS
correlation|SYN_GENE_0415|H3K9me3|promoter_peaks|spearman	correlation			0.0		abs=1e-8;NA exact	PASS
correlation|SYN_GENE_0415|H3K9me3|total_associated_peaks|pearson	correlation			0.0		abs=1e-8;NA exact	PASS
correlation|SYN_GENE_0415|H3K9me3|total_associated_peaks|spearman	correlation			0.0		abs=1e-8;NA exact	PASS
correlation|SYN_GENE_0416|H3K27ac|promoter_peaks|pearson	correlation	-1	-1.0	0.0		abs=1e-8;NA exact	PASS
correlation|SYN_GENE_0416|H3K27ac|promoter_peaks|spearman	correlation	-1	-1.0	0.0		abs=1e-8;NA exact	PASS
correlation|SYN_GENE_0416|H3K27ac|total_associated_peaks|pearson	correlation	-1	-1.0	0.0		abs=1e-8;NA exact	PASS
correlation|SYN_GENE_0416|H3K27ac|total_associated_peaks|spearman	correlation	-1	-1.0	0.0		abs=1e-8;NA exact	PASS
correlation|SYN_GENE_0417|H3K4me3|promoter_peaks|pearson	correlation			0.0		abs=1e-8;NA exact	PASS
correlation|SYN_GENE_0417|H3K4me3|promoter_peaks|spearman	correlation			0.0		abs=1e-8;NA exact	PASS
correlation|SYN_GENE_0417|H3K4me3|total_associated_peaks|pearson	correlation			0.0		abs=1e-8;NA exact	PASS
correlation|SYN_GENE_0417|H3K4me3|total_associated_peaks|spearman	correlation			0.0		abs=1e-8;NA exact	PASS
correlation|SYN_GENE_0418|H3K27me3|promoter_peaks|pearson	correlation			0.0		abs=1e-8;NA exact	PASS
correlation|SYN_GENE_0418|H3K27me3|promoter_peaks|spearman	correlation			0.0		abs=1e-8;NA exact	PASS
correlation|SYN_GENE_0418|H3K27me3|total_associated_peaks|pearson	correlation			0.0		abs=1e-8;NA exact	PASS
correlation|SYN_GENE_0418|H3K27me3|total_associated_peaks|spearman	correlation			0.0		abs=1e-8;NA exact	PASS
correlation|SYN_GENE_0419|H3K9me3|promoter_peaks|pearson	correlation			0.0		abs=1e-8;NA exact	PASS
correlation|SYN_GENE_0419|H3K9me3|promoter_peaks|spearman	correlation			0.0		abs=1e-8;NA exact	PASS
correlation|SYN_GENE_0419|H3K9me3|total_associated_peaks|pearson	correlation	1	1.0	0.0		abs=1e-8;NA exact	PASS
correlation|SYN_GENE_0419|H3K9me3|total_associated_peaks|spearman	correlation	1	1.0	0.0		abs=1e-8;NA exact	PASS
correlation|SYN_GENE_0420|H3K27ac|promoter_peaks|pearson	correlation			0.0		abs=1e-8;NA exact	PASS
correlation|SYN_GENE_0420|H3K27ac|promoter_peaks|spearman	correlation			0.0		abs=1e-8;NA exact	PASS
correlation|SYN_GENE_0420|H3K27ac|total_associated_peaks|pearson	correlation			0.0		abs=1e-8;NA exact	PASS
correlation|SYN_GENE_0420|H3K27ac|total_associated_peaks|spearman	correlation			0.0		abs=1e-8;NA exact	PASS
correlation|SYN_GENE_0421|H3K4me3|promoter_peaks|pearson	correlation	-1	-1.0	0.0		abs=1e-8;NA exact	PASS
correlation|SYN_GENE_0421|H3K4me3|promoter_peaks|spearman	correlation	-1	-1.0	0.0		abs=1e-8;NA exact	PASS
correlation|SYN_GENE_0421|H3K4me3|total_associated_peaks|pearson	correlation	-1	-1.0	0.0		abs=1e-8;NA exact	PASS
correlation|SYN_GENE_0421|H3K4me3|total_associated_peaks|spearman	correlation	-1	-1.0	0.0		abs=1e-8;NA exact	PASS
correlation|SYN_GENE_0422|H3K27me3|promoter_peaks|pearson	correlation			0.0		abs=1e-8;NA exact	PASS
correlation|SYN_GENE_0422|H3K27me3|promoter_peaks|spearman	correlation			0.0		abs=1e-8;NA exact	PASS
correlation|SYN_GENE_0422|H3K27me3|total_associated_peaks|pearson	correlation			0.0		abs=1e-8;NA exact	PASS
correlation|SYN_GENE_0422|H3K27me3|total_associated_peaks|spearman	correlation			0.0		abs=1e-8;NA exact	PASS
correlation|SYN_GENE_0423|H3K9me3|promoter_peaks|pearson	correlation			0.0		abs=1e-8;NA exact	PASS
correlation|SYN_GENE_0423|H3K9me3|promoter_peaks|spearman	correlation			0.0		abs=1e-8;NA exact	PASS
correlation|SYN_GENE_0423|H3K9me3|total_associated_peaks|pearson	correlation			0.0		abs=1e-8;NA exact	PASS
correlation|SYN_GENE_0423|H3K9me3|total_associated_peaks|spearman	correlation			0.0		abs=1e-8;NA exact	PASS
correlation|SYN_GENE_0424|H3K27ac|promoter_peaks|pearson	correlation			0.0		abs=1e-8;NA exact	PASS
correlation|SYN_GENE_0424|H3K27ac|promoter_peaks|spearman	correlation			0.0		abs=1e-8;NA exact	PASS
correlation|SYN_GENE_0424|H3K27ac|total_associated_peaks|pearson	correlation	-1	-1.0	0.0		abs=1e-8;NA exact	PASS
correlation|SYN_GENE_0424|H3K27ac|total_associated_peaks|spearman	correlation	-1	-1.0	0.0		abs=1e-8;NA exact	PASS
correlation|SYN_GENE_0425|H3K4me3|promoter_peaks|pearson	correlation			0.0		abs=1e-8;NA exact	PASS
correlation|SYN_GENE_0425|H3K4me3|promoter_peaks|spearman	correlation			0.0		abs=1e-8;NA exact	PASS
correlation|SYN_GENE_0425|H3K4me3|total_associated_peaks|pearson	correlation			0.0		abs=1e-8;NA exact	PASS
correlation|SYN_GENE_0425|H3K4me3|total_associated_peaks|spearman	correlation			0.0		abs=1e-8;NA exact	PASS
correlation|SYN_GENE_0426|H3K27me3|promoter_peaks|pearson	correlation	1	1.0	0.0		abs=1e-8;NA exact	PASS
correlation|SYN_GENE_0426|H3K27me3|promoter_peaks|spearman	correlation	1	1.0	0.0		abs=1e-8;NA exact	PASS
correlation|SYN_GENE_0426|H3K27me3|total_associated_peaks|pearson	correlation	1	1.0	0.0		abs=1e-8;NA exact	PASS
correlation|SYN_GENE_0426|H3K27me3|total_associated_peaks|spearman	correlation	1	1.0	0.0		abs=1e-8;NA exact	PASS
correlation|SYN_GENE_0427|H3K9me3|promoter_peaks|pearson	correlation			0.0		abs=1e-8;NA exact	PASS
correlation|SYN_GENE_0427|H3K9me3|promoter_peaks|spearman	correlation			0.0		abs=1e-8;NA exact	PASS
correlation|SYN_GENE_0427|H3K9me3|total_associated_peaks|pearson	correlation			0.0		abs=1e-8;NA exact	PASS
correlation|SYN_GENE_0427|H3K9me3|total_associated_peaks|spearman	correlation			0.0		abs=1e-8;NA exact	PASS
correlation|SYN_GENE_0428|H3K27ac|promoter_peaks|pearson	correlation			0.0		abs=1e-8;NA exact	PASS
correlation|SYN_GENE_0428|H3K27ac|promoter_peaks|spearman	correlation			0.0		abs=1e-8;NA exact	PASS
correlation|SYN_GENE_0428|H3K27ac|total_associated_peaks|pearson	correlation			0.0		abs=1e-8;NA exact	PASS
correlation|SYN_GENE_0428|H3K27ac|total_associated_peaks|spearman	correlation			0.0		abs=1e-8;NA exact	PASS
correlation|SYN_GENE_0429|H3K4me3|promoter_peaks|pearson	correlation			0.0		abs=1e-8;NA exact	PASS
correlation|SYN_GENE_0429|H3K4me3|promoter_peaks|spearman	correlation			0.0		abs=1e-8;NA exact	PASS
correlation|SYN_GENE_0429|H3K4me3|total_associated_peaks|pearson	correlation	-1	-1.0000000000000002	2.220446049250313e-16		abs=1e-8;NA exact	PASS
correlation|SYN_GENE_0429|H3K4me3|total_associated_peaks|spearman	correlation	-1	-1.0	0.0		abs=1e-8;NA exact	PASS
correlation|SYN_GENE_0430|H3K27me3|promoter_peaks|pearson	correlation			0.0		abs=1e-8;NA exact	PASS
correlation|SYN_GENE_0430|H3K27me3|promoter_peaks|spearman	correlation			0.0		abs=1e-8;NA exact	PASS
correlation|SYN_GENE_0430|H3K27me3|total_associated_peaks|pearson	correlation			0.0		abs=1e-8;NA exact	PASS
correlation|SYN_GENE_0430|H3K27me3|total_associated_peaks|spearman	correlation			0.0		abs=1e-8;NA exact	PASS
correlation|SYN_GENE_0431|H3K9me3|promoter_peaks|pearson	correlation	1	1.0	0.0		abs=1e-8;NA exact	PASS
correlation|SYN_GENE_0431|H3K9me3|promoter_peaks|spearman	correlation	1	1.0	0.0		abs=1e-8;NA exact	PASS
correlation|SYN_GENE_0431|H3K9me3|total_associated_peaks|pearson	correlation	1	1.0	0.0		abs=1e-8;NA exact	PASS
correlation|SYN_GENE_0431|H3K9me3|total_associated_peaks|spearman	correlation	1	1.0	0.0		abs=1e-8;NA exact	PASS
correlation|SYN_GENE_0432|H3K27ac|promoter_peaks|pearson	correlation			0.0		abs=1e-8;NA exact	PASS
correlation|SYN_GENE_0432|H3K27ac|promoter_peaks|spearman	correlation			0.0		abs=1e-8;NA exact	PASS
correlation|SYN_GENE_0432|H3K27ac|total_associated_peaks|pearson	correlation			0.0		abs=1e-8;NA exact	PASS
correlation|SYN_GENE_0432|H3K27ac|total_associated_peaks|spearman	correlation			0.0		abs=1e-8;NA exact	PASS
correlation|SYN_GENE_0433|H3K4me3|promoter_peaks|pearson	correlation			0.0		abs=1e-8;NA exact	PASS
correlation|SYN_GENE_0433|H3K4me3|promoter_peaks|spearman	correlation			0.0		abs=1e-8;NA exact	PASS
correlation|SYN_GENE_0433|H3K4me3|total_associated_peaks|pearson	correlation			0.0		abs=1e-8;NA exact	PASS
correlation|SYN_GENE_0433|H3K4me3|total_associated_peaks|spearman	correlation			0.0		abs=1e-8;NA exact	PASS
correlation|SYN_GENE_0434|H3K27me3|promoter_peaks|pearson	correlation			0.0		abs=1e-8;NA exact	PASS
correlation|SYN_GENE_0434|H3K27me3|promoter_peaks|spearman	correlation			0.0		abs=1e-8;NA exact	PASS
correlation|SYN_GENE_0434|H3K27me3|total_associated_peaks|pearson	correlation	1	1.0000000000000002	2.220446049250313e-16		abs=1e-8;NA exact	PASS
correlation|SYN_GENE_0434|H3K27me3|total_associated_peaks|spearman	correlation	1	1.0	0.0		abs=1e-8;NA exact	PASS
correlation|SYN_GENE_0435|H3K9me3|promoter_peaks|pearson	correlation			0.0		abs=1e-8;NA exact	PASS
correlation|SYN_GENE_0435|H3K9me3|promoter_peaks|spearman	correlation			0.0		abs=1e-8;NA exact	PASS
correlation|SYN_GENE_0435|H3K9me3|total_associated_peaks|pearson	correlation			0.0		abs=1e-8;NA exact	PASS
correlation|SYN_GENE_0435|H3K9me3|total_associated_peaks|spearman	correlation			0.0		abs=1e-8;NA exact	PASS
correlation|SYN_GENE_0436|H3K27ac|promoter_peaks|pearson	correlation	-1	-1.0	0.0		abs=1e-8;NA exact	PASS
correlation|SYN_GENE_0436|H3K27ac|promoter_peaks|spearman	correlation	-1	-1.0	0.0		abs=1e-8;NA exact	PASS
correlation|SYN_GENE_0436|H3K27ac|total_associated_peaks|pearson	correlation	-1	-1.0	0.0		abs=1e-8;NA exact	PASS
correlation|SYN_GENE_0436|H3K27ac|total_associated_peaks|spearman	correlation	-1	-1.0	0.0		abs=1e-8;NA exact	PASS
correlation|SYN_GENE_0437|H3K4me3|promoter_peaks|pearson	correlation			0.0		abs=1e-8;NA exact	PASS
correlation|SYN_GENE_0437|H3K4me3|promoter_peaks|spearman	correlation			0.0		abs=1e-8;NA exact	PASS
correlation|SYN_GENE_0437|H3K4me3|total_associated_peaks|pearson	correlation			0.0		abs=1e-8;NA exact	PASS
correlation|SYN_GENE_0437|H3K4me3|total_associated_peaks|spearman	correlation			0.0		abs=1e-8;NA exact	PASS
correlation|SYN_GENE_0438|H3K27me3|promoter_peaks|pearson	correlation			0.0		abs=1e-8;NA exact	PASS
correlation|SYN_GENE_0438|H3K27me3|promoter_peaks|spearman	correlation			0.0		abs=1e-8;NA exact	PASS
correlation|SYN_GENE_0438|H3K27me3|total_associated_peaks|pearson	correlation			0.0		abs=1e-8;NA exact	PASS
correlation|SYN_GENE_0438|H3K27me3|total_associated_peaks|spearman	correlation			0.0		abs=1e-8;NA exact	PASS
correlation|SYN_GENE_0439|H3K9me3|promoter_peaks|pearson	correlation			0.0		abs=1e-8;NA exact	PASS
correlation|SYN_GENE_0439|H3K9me3|promoter_peaks|spearman	correlation			0.0		abs=1e-8;NA exact	PASS
correlation|SYN_GENE_0439|H3K9me3|total_associated_peaks|pearson	correlation	1	1.0	0.0		abs=1e-8;NA exact	PASS
correlation|SYN_GENE_0439|H3K9me3|total_associated_peaks|spearman	correlation	1	1.0	0.0		abs=1e-8;NA exact	PASS
correlation|SYN_GENE_0440|H3K27ac|promoter_peaks|pearson	correlation			0.0		abs=1e-8;NA exact	PASS
correlation|SYN_GENE_0440|H3K27ac|promoter_peaks|spearman	correlation			0.0		abs=1e-8;NA exact	PASS
correlation|SYN_GENE_0440|H3K27ac|total_associated_peaks|pearson	correlation			0.0		abs=1e-8;NA exact	PASS
correlation|SYN_GENE_0440|H3K27ac|total_associated_peaks|spearman	correlation			0.0		abs=1e-8;NA exact	PASS
correlation|SYN_GENE_0441|H3K4me3|promoter_peaks|pearson	correlation	-1	-1.0	0.0		abs=1e-8;NA exact	PASS
correlation|SYN_GENE_0441|H3K4me3|promoter_peaks|spearman	correlation	-1	-1.0	0.0		abs=1e-8;NA exact	PASS
correlation|SYN_GENE_0441|H3K4me3|total_associated_peaks|pearson	correlation	-1	-1.0	0.0		abs=1e-8;NA exact	PASS
correlation|SYN_GENE_0441|H3K4me3|total_associated_peaks|spearman	correlation	-1	-1.0	0.0		abs=1e-8;NA exact	PASS
correlation|SYN_GENE_0442|H3K27me3|promoter_peaks|pearson	correlation			0.0		abs=1e-8;NA exact	PASS
correlation|SYN_GENE_0442|H3K27me3|promoter_peaks|spearman	correlation			0.0		abs=1e-8;NA exact	PASS
correlation|SYN_GENE_0442|H3K27me3|total_associated_peaks|pearson	correlation			0.0		abs=1e-8;NA exact	PASS
correlation|SYN_GENE_0442|H3K27me3|total_associated_peaks|spearman	correlation			0.0		abs=1e-8;NA exact	PASS
correlation|SYN_GENE_0443|H3K9me3|promoter_peaks|pearson	correlation			0.0		abs=1e-8;NA exact	PASS
correlation|SYN_GENE_0443|H3K9me3|promoter_peaks|spearman	correlation			0.0		abs=1e-8;NA exact	PASS
correlation|SYN_GENE_0443|H3K9me3|total_associated_peaks|pearson	correlation			0.0		abs=1e-8;NA exact	PASS
correlation|SYN_GENE_0443|H3K9me3|total_associated_peaks|spearman	correlation			0.0		abs=1e-8;NA exact	PASS
correlation|SYN_GENE_0444|H3K27ac|promoter_peaks|pearson	correlation			0.0		abs=1e-8;NA exact	PASS
correlation|SYN_GENE_0444|H3K27ac|promoter_peaks|spearman	correlation			0.0		abs=1e-8;NA exact	PASS
correlation|SYN_GENE_0444|H3K27ac|total_associated_peaks|pearson	correlation	-1	-1.0	0.0		abs=1e-8;NA exact	PASS
correlation|SYN_GENE_0444|H3K27ac|total_associated_peaks|spearman	correlation	-1	-1.0	0.0		abs=1e-8;NA exact	PASS
correlation|SYN_GENE_0445|H3K4me3|promoter_peaks|pearson	correlation			0.0		abs=1e-8;NA exact	PASS
correlation|SYN_GENE_0445|H3K4me3|promoter_peaks|spearman	correlation			0.0		abs=1e-8;NA exact	PASS
correlation|SYN_GENE_0445|H3K4me3|total_associated_peaks|pearson	correlation			0.0		abs=1e-8;NA exact	PASS
correlation|SYN_GENE_0445|H3K4me3|total_associated_peaks|spearman	correlation			0.0		abs=1e-8;NA exact	PASS
correlation|SYN_GENE_0446|H3K27me3|promoter_peaks|pearson	correlation	1	1.0	0.0		abs=1e-8;NA exact	PASS
correlation|SYN_GENE_0446|H3K27me3|promoter_peaks|spearman	correlation	1	1.0	0.0		abs=1e-8;NA exact	PASS
correlation|SYN_GENE_0446|H3K27me3|total_associated_peaks|pearson	correlation	1	1.0	0.0		abs=1e-8;NA exact	PASS
correlation|SYN_GENE_0446|H3K27me3|total_associated_peaks|spearman	correlation	1	1.0	0.0		abs=1e-8;NA exact	PASS
correlation|SYN_GENE_0447|H3K9me3|promoter_peaks|pearson	correlation			0.0		abs=1e-8;NA exact	PASS
correlation|SYN_GENE_0447|H3K9me3|promoter_peaks|spearman	correlation			0.0		abs=1e-8;NA exact	PASS
correlation|SYN_GENE_0447|H3K9me3|total_associated_peaks|pearson	correlation			0.0		abs=1e-8;NA exact	PASS
correlation|SYN_GENE_0447|H3K9me3|total_associated_peaks|spearman	correlation			0.0		abs=1e-8;NA exact	PASS
correlation|SYN_GENE_0448|H3K27ac|promoter_peaks|pearson	correlation			0.0		abs=1e-8;NA exact	PASS
correlation|SYN_GENE_0448|H3K27ac|promoter_peaks|spearman	correlation			0.0		abs=1e-8;NA exact	PASS
correlation|SYN_GENE_0448|H3K27ac|total_associated_peaks|pearson	correlation			0.0		abs=1e-8;NA exact	PASS
correlation|SYN_GENE_0448|H3K27ac|total_associated_peaks|spearman	correlation			0.0		abs=1e-8;NA exact	PASS
correlation|SYN_GENE_0449|H3K4me3|promoter_peaks|pearson	correlation			0.0		abs=1e-8;NA exact	PASS
correlation|SYN_GENE_0449|H3K4me3|promoter_peaks|spearman	correlation			0.0		abs=1e-8;NA exact	PASS
correlation|SYN_GENE_0449|H3K4me3|total_associated_peaks|pearson	correlation	-1	-0.9999999999999999	1.1102230246251565e-16		abs=1e-8;NA exact	PASS
correlation|SYN_GENE_0449|H3K4me3|total_associated_peaks|spearman	correlation	-1	-1.0	0.0		abs=1e-8;NA exact	PASS
correlation|SYN_GENE_0450|H3K27me3|promoter_peaks|pearson	correlation			0.0		abs=1e-8;NA exact	PASS
correlation|SYN_GENE_0450|H3K27me3|promoter_peaks|spearman	correlation			0.0		abs=1e-8;NA exact	PASS
correlation|SYN_GENE_0450|H3K27me3|total_associated_peaks|pearson	correlation			0.0		abs=1e-8;NA exact	PASS
correlation|SYN_GENE_0450|H3K27me3|total_associated_peaks|spearman	correlation			0.0		abs=1e-8;NA exact	PASS
correlation|SYN_GENE_0451|H3K9me3|promoter_peaks|pearson	correlation	1	1.0	0.0		abs=1e-8;NA exact	PASS
correlation|SYN_GENE_0451|H3K9me3|promoter_peaks|spearman	correlation	1	1.0	0.0		abs=1e-8;NA exact	PASS
correlation|SYN_GENE_0451|H3K9me3|total_associated_peaks|pearson	correlation	1	1.0	0.0		abs=1e-8;NA exact	PASS
correlation|SYN_GENE_0451|H3K9me3|total_associated_peaks|spearman	correlation	1	1.0	0.0		abs=1e-8;NA exact	PASS
correlation|SYN_GENE_0452|H3K27ac|promoter_peaks|pearson	correlation			0.0		abs=1e-8;NA exact	PASS
correlation|SYN_GENE_0452|H3K27ac|promoter_peaks|spearman	correlation			0.0		abs=1e-8;NA exact	PASS
correlation|SYN_GENE_0452|H3K27ac|total_associated_peaks|pearson	correlation			0.0		abs=1e-8;NA exact	PASS
correlation|SYN_GENE_0452|H3K27ac|total_associated_peaks|spearman	correlation			0.0		abs=1e-8;NA exact	PASS
correlation|SYN_GENE_0453|H3K4me3|promoter_peaks|pearson	correlation			0.0		abs=1e-8;NA exact	PASS
correlation|SYN_GENE_0453|H3K4me3|promoter_peaks|spearman	correlation			0.0		abs=1e-8;NA exact	PASS
correlation|SYN_GENE_0453|H3K4me3|total_associated_peaks|pearson	correlation			0.0		abs=1e-8;NA exact	PASS
correlation|SYN_GENE_0453|H3K4me3|total_associated_peaks|spearman	correlation			0.0		abs=1e-8;NA exact	PASS
correlation|SYN_GENE_0454|H3K27me3|promoter_peaks|pearson	correlation			0.0		abs=1e-8;NA exact	PASS
correlation|SYN_GENE_0454|H3K27me3|promoter_peaks|spearman	correlation			0.0		abs=1e-8;NA exact	PASS
correlation|SYN_GENE_0454|H3K27me3|total_associated_peaks|pearson	correlation	1	1.0	0.0		abs=1e-8;NA exact	PASS
correlation|SYN_GENE_0454|H3K27me3|total_associated_peaks|spearman	correlation	1	1.0	0.0		abs=1e-8;NA exact	PASS
correlation|SYN_GENE_0455|H3K9me3|promoter_peaks|pearson	correlation			0.0		abs=1e-8;NA exact	PASS
correlation|SYN_GENE_0455|H3K9me3|promoter_peaks|spearman	correlation			0.0		abs=1e-8;NA exact	PASS
correlation|SYN_GENE_0455|H3K9me3|total_associated_peaks|pearson	correlation			0.0		abs=1e-8;NA exact	PASS
correlation|SYN_GENE_0455|H3K9me3|total_associated_peaks|spearman	correlation			0.0		abs=1e-8;NA exact	PASS
correlation|SYN_GENE_0456|H3K27ac|promoter_peaks|pearson	correlation	-1	-1.0	0.0		abs=1e-8;NA exact	PASS
correlation|SYN_GENE_0456|H3K27ac|promoter_peaks|spearman	correlation	-1	-1.0	0.0		abs=1e-8;NA exact	PASS
correlation|SYN_GENE_0456|H3K27ac|total_associated_peaks|pearson	correlation	-1	-1.0	0.0		abs=1e-8;NA exact	PASS
correlation|SYN_GENE_0456|H3K27ac|total_associated_peaks|spearman	correlation	-1	-1.0	0.0		abs=1e-8;NA exact	PASS
correlation|SYN_GENE_0457|H3K4me3|promoter_peaks|pearson	correlation			0.0		abs=1e-8;NA exact	PASS
correlation|SYN_GENE_0457|H3K4me3|promoter_peaks|spearman	correlation			0.0		abs=1e-8;NA exact	PASS
correlation|SYN_GENE_0457|H3K4me3|total_associated_peaks|pearson	correlation			0.0		abs=1e-8;NA exact	PASS
correlation|SYN_GENE_0457|H3K4me3|total_associated_peaks|spearman	correlation			0.0		abs=1e-8;NA exact	PASS
correlation|SYN_GENE_0458|H3K27me3|promoter_peaks|pearson	correlation			0.0		abs=1e-8;NA exact	PASS
correlation|SYN_GENE_0458|H3K27me3|promoter_peaks|spearman	correlation			0.0		abs=1e-8;NA exact	PASS
correlation|SYN_GENE_0458|H3K27me3|total_associated_peaks|pearson	correlation			0.0		abs=1e-8;NA exact	PASS
correlation|SYN_GENE_0458|H3K27me3|total_associated_peaks|spearman	correlation			0.0		abs=1e-8;NA exact	PASS
correlation|SYN_GENE_0459|H3K9me3|promoter_peaks|pearson	correlation			0.0		abs=1e-8;NA exact	PASS
correlation|SYN_GENE_0459|H3K9me3|promoter_peaks|spearman	correlation			0.0		abs=1e-8;NA exact	PASS
correlation|SYN_GENE_0459|H3K9me3|total_associated_peaks|pearson	correlation	1	1.0	0.0		abs=1e-8;NA exact	PASS
correlation|SYN_GENE_0459|H3K9me3|total_associated_peaks|spearman	correlation	1	1.0	0.0		abs=1e-8;NA exact	PASS
correlation|SYN_GENE_0460|H3K27ac|promoter_peaks|pearson	correlation			0.0		abs=1e-8;NA exact	PASS
correlation|SYN_GENE_0460|H3K27ac|promoter_peaks|spearman	correlation			0.0		abs=1e-8;NA exact	PASS
correlation|SYN_GENE_0460|H3K27ac|total_associated_peaks|pearson	correlation			0.0		abs=1e-8;NA exact	PASS
correlation|SYN_GENE_0460|H3K27ac|total_associated_peaks|spearman	correlation			0.0		abs=1e-8;NA exact	PASS
correlation|SYN_GENE_0461|H3K4me3|promoter_peaks|pearson	correlation	-1	-1.0	0.0		abs=1e-8;NA exact	PASS
correlation|SYN_GENE_0461|H3K4me3|promoter_peaks|spearman	correlation	-1	-1.0	0.0		abs=1e-8;NA exact	PASS
correlation|SYN_GENE_0461|H3K4me3|total_associated_peaks|pearson	correlation	-1	-1.0	0.0		abs=1e-8;NA exact	PASS
correlation|SYN_GENE_0461|H3K4me3|total_associated_peaks|spearman	correlation	-1	-1.0	0.0		abs=1e-8;NA exact	PASS
correlation|SYN_GENE_0462|H3K27me3|promoter_peaks|pearson	correlation			0.0		abs=1e-8;NA exact	PASS
correlation|SYN_GENE_0462|H3K27me3|promoter_peaks|spearman	correlation			0.0		abs=1e-8;NA exact	PASS
correlation|SYN_GENE_0462|H3K27me3|total_associated_peaks|pearson	correlation			0.0		abs=1e-8;NA exact	PASS
correlation|SYN_GENE_0462|H3K27me3|total_associated_peaks|spearman	correlation			0.0		abs=1e-8;NA exact	PASS
correlation|SYN_GENE_0463|H3K9me3|promoter_peaks|pearson	correlation			0.0		abs=1e-8;NA exact	PASS
correlation|SYN_GENE_0463|H3K9me3|promoter_peaks|spearman	correlation			0.0		abs=1e-8;NA exact	PASS
correlation|SYN_GENE_0463|H3K9me3|total_associated_peaks|pearson	correlation			0.0		abs=1e-8;NA exact	PASS
correlation|SYN_GENE_0463|H3K9me3|total_associated_peaks|spearman	correlation			0.0		abs=1e-8;NA exact	PASS
correlation|SYN_GENE_0464|H3K27ac|promoter_peaks|pearson	correlation			0.0		abs=1e-8;NA exact	PASS
correlation|SYN_GENE_0464|H3K27ac|promoter_peaks|spearman	correlation			0.0		abs=1e-8;NA exact	PASS
correlation|SYN_GENE_0464|H3K27ac|total_associated_peaks|pearson	correlation	-1	-1.0	0.0		abs=1e-8;NA exact	PASS
correlation|SYN_GENE_0464|H3K27ac|total_associated_peaks|spearman	correlation	-1	-1.0	0.0		abs=1e-8;NA exact	PASS
correlation|SYN_GENE_0465|H3K4me3|promoter_peaks|pearson	correlation			0.0		abs=1e-8;NA exact	PASS
correlation|SYN_GENE_0465|H3K4me3|promoter_peaks|spearman	correlation			0.0		abs=1e-8;NA exact	PASS
correlation|SYN_GENE_0465|H3K4me3|total_associated_peaks|pearson	correlation			0.0		abs=1e-8;NA exact	PASS
correlation|SYN_GENE_0465|H3K4me3|total_associated_peaks|spearman	correlation			0.0		abs=1e-8;NA exact	PASS
correlation|SYN_GENE_0466|H3K27me3|promoter_peaks|pearson	correlation	1	1.0	0.0		abs=1e-8;NA exact	PASS
correlation|SYN_GENE_0466|H3K27me3|promoter_peaks|spearman	correlation	1	1.0	0.0		abs=1e-8;NA exact	PASS
correlation|SYN_GENE_0466|H3K27me3|total_associated_peaks|pearson	correlation	1	1.0	0.0		abs=1e-8;NA exact	PASS
correlation|SYN_GENE_0466|H3K27me3|total_associated_peaks|spearman	correlation	1	1.0	0.0		abs=1e-8;NA exact	PASS
correlation|SYN_GENE_0467|H3K9me3|promoter_peaks|pearson	correlation			0.0		abs=1e-8;NA exact	PASS
correlation|SYN_GENE_0467|H3K9me3|promoter_peaks|spearman	correlation			0.0		abs=1e-8;NA exact	PASS
correlation|SYN_GENE_0467|H3K9me3|total_associated_peaks|pearson	correlation			0.0		abs=1e-8;NA exact	PASS
correlation|SYN_GENE_0467|H3K9me3|total_associated_peaks|spearman	correlation			0.0		abs=1e-8;NA exact	PASS
correlation|SYN_GENE_0468|H3K27ac|promoter_peaks|pearson	correlation			0.0		abs=1e-8;NA exact	PASS
correlation|SYN_GENE_0468|H3K27ac|promoter_peaks|spearman	correlation			0.0		abs=1e-8;NA exact	PASS
correlation|SYN_GENE_0468|H3K27ac|total_associated_peaks|pearson	correlation			0.0		abs=1e-8;NA exact	PASS
correlation|SYN_GENE_0468|H3K27ac|total_associated_peaks|spearman	correlation			0.0		abs=1e-8;NA exact	PASS
correlation|SYN_GENE_0469|H3K4me3|promoter_peaks|pearson	correlation			0.0		abs=1e-8;NA exact	PASS
correlation|SYN_GENE_0469|H3K4me3|promoter_peaks|spearman	correlation			0.0		abs=1e-8;NA exact	PASS
correlation|SYN_GENE_0469|H3K4me3|total_associated_peaks|pearson	correlation	-1	-1.0	0.0		abs=1e-8;NA exact	PASS
correlation|SYN_GENE_0469|H3K4me3|total_associated_peaks|spearman	correlation	-1	-1.0	0.0		abs=1e-8;NA exact	PASS
correlation|SYN_GENE_0470|H3K27me3|promoter_peaks|pearson	correlation			0.0		abs=1e-8;NA exact	PASS
correlation|SYN_GENE_0470|H3K27me3|promoter_peaks|spearman	correlation			0.0		abs=1e-8;NA exact	PASS
correlation|SYN_GENE_0470|H3K27me3|total_associated_peaks|pearson	correlation			0.0		abs=1e-8;NA exact	PASS
correlation|SYN_GENE_0470|H3K27me3|total_associated_peaks|spearman	correlation			0.0		abs=1e-8;NA exact	PASS
correlation|SYN_GENE_0471|H3K9me3|promoter_peaks|pearson	correlation	1	1.0	0.0		abs=1e-8;NA exact	PASS
correlation|SYN_GENE_0471|H3K9me3|promoter_peaks|spearman	correlation	1	1.0	0.0		abs=1e-8;NA exact	PASS
correlation|SYN_GENE_0471|H3K9me3|total_associated_peaks|pearson	correlation	1	1.0	0.0		abs=1e-8;NA exact	PASS
correlation|SYN_GENE_0471|H3K9me3|total_associated_peaks|spearman	correlation	1	1.0	0.0		abs=1e-8;NA exact	PASS
correlation|SYN_GENE_0472|H3K27ac|promoter_peaks|pearson	correlation			0.0		abs=1e-8;NA exact	PASS
correlation|SYN_GENE_0472|H3K27ac|promoter_peaks|spearman	correlation			0.0		abs=1e-8;NA exact	PASS
correlation|SYN_GENE_0472|H3K27ac|total_associated_peaks|pearson	correlation			0.0		abs=1e-8;NA exact	PASS
correlation|SYN_GENE_0472|H3K27ac|total_associated_peaks|spearman	correlation			0.0		abs=1e-8;NA exact	PASS
correlation|SYN_GENE_0473|H3K4me3|promoter_peaks|pearson	correlation			0.0		abs=1e-8;NA exact	PASS
correlation|SYN_GENE_0473|H3K4me3|promoter_peaks|spearman	correlation			0.0		abs=1e-8;NA exact	PASS
correlation|SYN_GENE_0473|H3K4me3|total_associated_peaks|pearson	correlation			0.0		abs=1e-8;NA exact	PASS
correlation|SYN_GENE_0473|H3K4me3|total_associated_peaks|spearman	correlation			0.0		abs=1e-8;NA exact	PASS
correlation|SYN_GENE_0474|H3K27me3|promoter_peaks|pearson	correlation			0.0		abs=1e-8;NA exact	PASS
correlation|SYN_GENE_0474|H3K27me3|promoter_peaks|spearman	correlation			0.0		abs=1e-8;NA exact	PASS
correlation|SYN_GENE_0474|H3K27me3|total_associated_peaks|pearson	correlation	1	1.0	0.0		abs=1e-8;NA exact	PASS
correlation|SYN_GENE_0474|H3K27me3|total_associated_peaks|spearman	correlation	1	1.0	0.0		abs=1e-8;NA exact	PASS
correlation|SYN_GENE_0475|H3K9me3|promoter_peaks|pearson	correlation			0.0		abs=1e-8;NA exact	PASS
correlation|SYN_GENE_0475|H3K9me3|promoter_peaks|spearman	correlation			0.0		abs=1e-8;NA exact	PASS
correlation|SYN_GENE_0475|H3K9me3|total_associated_peaks|pearson	correlation			0.0		abs=1e-8;NA exact	PASS
correlation|SYN_GENE_0475|H3K9me3|total_associated_peaks|spearman	correlation			0.0		abs=1e-8;NA exact	PASS
correlation|SYN_GENE_0476|H3K27ac|promoter_peaks|pearson	correlation	-1	-1.0	0.0		abs=1e-8;NA exact	PASS
correlation|SYN_GENE_0476|H3K27ac|promoter_peaks|spearman	correlation	-1	-1.0	0.0		abs=1e-8;NA exact	PASS
correlation|SYN_GENE_0476|H3K27ac|total_associated_peaks|pearson	correlation	-1	-1.0	0.0		abs=1e-8;NA exact	PASS
correlation|SYN_GENE_0476|H3K27ac|total_associated_peaks|spearman	correlation	-1	-1.0	0.0		abs=1e-8;NA exact	PASS
correlation|SYN_GENE_0477|H3K4me3|promoter_peaks|pearson	correlation			0.0		abs=1e-8;NA exact	PASS
correlation|SYN_GENE_0477|H3K4me3|promoter_peaks|spearman	correlation			0.0		abs=1e-8;NA exact	PASS
correlation|SYN_GENE_0477|H3K4me3|total_associated_peaks|pearson	correlation			0.0		abs=1e-8;NA exact	PASS
correlation|SYN_GENE_0477|H3K4me3|total_associated_peaks|spearman	correlation			0.0		abs=1e-8;NA exact	PASS
correlation|SYN_GENE_0478|H3K27me3|promoter_peaks|pearson	correlation			0.0		abs=1e-8;NA exact	PASS
correlation|SYN_GENE_0478|H3K27me3|promoter_peaks|spearman	correlation			0.0		abs=1e-8;NA exact	PASS
correlation|SYN_GENE_0478|H3K27me3|total_associated_peaks|pearson	correlation			0.0		abs=1e-8;NA exact	PASS
correlation|SYN_GENE_0478|H3K27me3|total_associated_peaks|spearman	correlation			0.0		abs=1e-8;NA exact	PASS
correlation|SYN_GENE_0479|H3K9me3|promoter_peaks|pearson	correlation			0.0		abs=1e-8;NA exact	PASS
correlation|SYN_GENE_0479|H3K9me3|promoter_peaks|spearman	correlation			0.0		abs=1e-8;NA exact	PASS
correlation|SYN_GENE_0479|H3K9me3|total_associated_peaks|pearson	correlation	1	1.0	0.0		abs=1e-8;NA exact	PASS
correlation|SYN_GENE_0479|H3K9me3|total_associated_peaks|spearman	correlation	1	1.0	0.0		abs=1e-8;NA exact	PASS
correlation|SYN_GENE_0480|H3K27ac|promoter_peaks|pearson	correlation			0.0		abs=1e-8;NA exact	PASS
correlation|SYN_GENE_0480|H3K27ac|promoter_peaks|spearman	correlation			0.0		abs=1e-8;NA exact	PASS
correlation|SYN_GENE_0480|H3K27ac|total_associated_peaks|pearson	correlation			0.0		abs=1e-8;NA exact	PASS
correlation|SYN_GENE_0480|H3K27ac|total_associated_peaks|spearman	correlation			0.0		abs=1e-8;NA exact	PASS
correlation|SYN_GENE_0481|H3K4me3|promoter_peaks|pearson	correlation	-1	-1.0	0.0		abs=1e-8;NA exact	PASS
correlation|SYN_GENE_0481|H3K4me3|promoter_peaks|spearman	correlation	-1	-1.0	0.0		abs=1e-8;NA exact	PASS
correlation|SYN_GENE_0481|H3K4me3|total_associated_peaks|pearson	correlation	-1	-1.0	0.0		abs=1e-8;NA exact	PASS
correlation|SYN_GENE_0481|H3K4me3|total_associated_peaks|spearman	correlation	-1	-1.0	0.0		abs=1e-8;NA exact	PASS
correlation|SYN_GENE_0482|H3K27me3|promoter_peaks|pearson	correlation			0.0		abs=1e-8;NA exact	PASS
correlation|SYN_GENE_0482|H3K27me3|promoter_peaks|spearman	correlation			0.0		abs=1e-8;NA exact	PASS
correlation|SYN_GENE_0482|H3K27me3|total_associated_peaks|pearson	correlation			0.0		abs=1e-8;NA exact	PASS
correlation|SYN_GENE_0482|H3K27me3|total_associated_peaks|spearman	correlation			0.0		abs=1e-8;NA exact	PASS
correlation|SYN_GENE_0483|H3K9me3|promoter_peaks|pearson	correlation			0.0		abs=1e-8;NA exact	PASS
correlation|SYN_GENE_0483|H3K9me3|promoter_peaks|spearman	correlation			0.0		abs=1e-8;NA exact	PASS
correlation|SYN_GENE_0483|H3K9me3|total_associated_peaks|pearson	correlation			0.0		abs=1e-8;NA exact	PASS
correlation|SYN_GENE_0483|H3K9me3|total_associated_peaks|spearman	correlation			0.0		abs=1e-8;NA exact	PASS
correlation|SYN_GENE_0484|H3K27ac|promoter_peaks|pearson	correlation			0.0		abs=1e-8;NA exact	PASS
correlation|SYN_GENE_0484|H3K27ac|promoter_peaks|spearman	correlation			0.0		abs=1e-8;NA exact	PASS
correlation|SYN_GENE_0484|H3K27ac|total_associated_peaks|pearson	correlation	-1	-1.0	0.0		abs=1e-8;NA exact	PASS
correlation|SYN_GENE_0484|H3K27ac|total_associated_peaks|spearman	correlation	-1	-1.0	0.0		abs=1e-8;NA exact	PASS
correlation|SYN_GENE_0485|H3K4me3|promoter_peaks|pearson	correlation			0.0		abs=1e-8;NA exact	PASS
correlation|SYN_GENE_0485|H3K4me3|promoter_peaks|spearman	correlation			0.0		abs=1e-8;NA exact	PASS
correlation|SYN_GENE_0485|H3K4me3|total_associated_peaks|pearson	correlation			0.0		abs=1e-8;NA exact	PASS
correlation|SYN_GENE_0485|H3K4me3|total_associated_peaks|spearman	correlation			0.0		abs=1e-8;NA exact	PASS
correlation|SYN_GENE_0486|H3K27me3|promoter_peaks|pearson	correlation	1	1.0	0.0		abs=1e-8;NA exact	PASS
correlation|SYN_GENE_0486|H3K27me3|promoter_peaks|spearman	correlation	1	1.0	0.0		abs=1e-8;NA exact	PASS
correlation|SYN_GENE_0486|H3K27me3|total_associated_peaks|pearson	correlation	1	1.0	0.0		abs=1e-8;NA exact	PASS
correlation|SYN_GENE_0486|H3K27me3|total_associated_peaks|spearman	correlation	1	1.0	0.0		abs=1e-8;NA exact	PASS
correlation|SYN_GENE_0487|H3K9me3|promoter_peaks|pearson	correlation			0.0		abs=1e-8;NA exact	PASS
correlation|SYN_GENE_0487|H3K9me3|promoter_peaks|spearman	correlation			0.0		abs=1e-8;NA exact	PASS
correlation|SYN_GENE_0487|H3K9me3|total_associated_peaks|pearson	correlation			0.0		abs=1e-8;NA exact	PASS
correlation|SYN_GENE_0487|H3K9me3|total_associated_peaks|spearman	correlation			0.0		abs=1e-8;NA exact	PASS
correlation|SYN_GENE_0488|H3K27ac|promoter_peaks|pearson	correlation			0.0		abs=1e-8;NA exact	PASS
correlation|SYN_GENE_0488|H3K27ac|promoter_peaks|spearman	correlation			0.0		abs=1e-8;NA exact	PASS
correlation|SYN_GENE_0488|H3K27ac|total_associated_peaks|pearson	correlation			0.0		abs=1e-8;NA exact	PASS
correlation|SYN_GENE_0488|H3K27ac|total_associated_peaks|spearman	correlation			0.0		abs=1e-8;NA exact	PASS
correlation|SYN_GENE_0489|H3K4me3|promoter_peaks|pearson	correlation			0.0		abs=1e-8;NA exact	PASS
correlation|SYN_GENE_0489|H3K4me3|promoter_peaks|spearman	correlation			0.0		abs=1e-8;NA exact	PASS
correlation|SYN_GENE_0489|H3K4me3|total_associated_peaks|pearson	correlation	-1	-1.0	0.0		abs=1e-8;NA exact	PASS
correlation|SYN_GENE_0489|H3K4me3|total_associated_peaks|spearman	correlation	-1	-1.0	0.0		abs=1e-8;NA exact	PASS
correlation|SYN_GENE_0490|H3K27me3|promoter_peaks|pearson	correlation			0.0		abs=1e-8;NA exact	PASS
correlation|SYN_GENE_0490|H3K27me3|promoter_peaks|spearman	correlation			0.0		abs=1e-8;NA exact	PASS
correlation|SYN_GENE_0490|H3K27me3|total_associated_peaks|pearson	correlation			0.0		abs=1e-8;NA exact	PASS
correlation|SYN_GENE_0490|H3K27me3|total_associated_peaks|spearman	correlation			0.0		abs=1e-8;NA exact	PASS
correlation|SYN_GENE_0491|H3K9me3|promoter_peaks|pearson	correlation	1	1.0	0.0		abs=1e-8;NA exact	PASS
correlation|SYN_GENE_0491|H3K9me3|promoter_peaks|spearman	correlation	1	1.0	0.0		abs=1e-8;NA exact	PASS
correlation|SYN_GENE_0491|H3K9me3|total_associated_peaks|pearson	correlation	1	1.0	0.0		abs=1e-8;NA exact	PASS
correlation|SYN_GENE_0491|H3K9me3|total_associated_peaks|spearman	correlation	1	1.0	0.0		abs=1e-8;NA exact	PASS
correlation|SYN_GENE_0492|H3K27ac|promoter_peaks|pearson	correlation			0.0		abs=1e-8;NA exact	PASS
correlation|SYN_GENE_0492|H3K27ac|promoter_peaks|spearman	correlation			0.0		abs=1e-8;NA exact	PASS
correlation|SYN_GENE_0492|H3K27ac|total_associated_peaks|pearson	correlation			0.0		abs=1e-8;NA exact	PASS
correlation|SYN_GENE_0492|H3K27ac|total_associated_peaks|spearman	correlation			0.0		abs=1e-8;NA exact	PASS
correlation|SYN_GENE_0493|H3K4me3|promoter_peaks|pearson	correlation			0.0		abs=1e-8;NA exact	PASS
correlation|SYN_GENE_0493|H3K4me3|promoter_peaks|spearman	correlation			0.0		abs=1e-8;NA exact	PASS
correlation|SYN_GENE_0493|H3K4me3|total_associated_peaks|pearson	correlation			0.0		abs=1e-8;NA exact	PASS
correlation|SYN_GENE_0493|H3K4me3|total_associated_peaks|spearman	correlation			0.0		abs=1e-8;NA exact	PASS
correlation|SYN_GENE_0494|H3K27me3|promoter_peaks|pearson	correlation			0.0		abs=1e-8;NA exact	PASS
correlation|SYN_GENE_0494|H3K27me3|promoter_peaks|spearman	correlation			0.0		abs=1e-8;NA exact	PASS
correlation|SYN_GENE_0494|H3K27me3|total_associated_peaks|pearson	correlation	1	1.0	0.0		abs=1e-8;NA exact	PASS
correlation|SYN_GENE_0494|H3K27me3|total_associated_peaks|spearman	correlation	1	1.0	0.0		abs=1e-8;NA exact	PASS
correlation|SYN_GENE_0495|H3K9me3|promoter_peaks|pearson	correlation			0.0		abs=1e-8;NA exact	PASS
correlation|SYN_GENE_0495|H3K9me3|promoter_peaks|spearman	correlation			0.0		abs=1e-8;NA exact	PASS
correlation|SYN_GENE_0495|H3K9me3|total_associated_peaks|pearson	correlation			0.0		abs=1e-8;NA exact	PASS
correlation|SYN_GENE_0495|H3K9me3|total_associated_peaks|spearman	correlation			0.0		abs=1e-8;NA exact	PASS
correlation|SYN_GENE_0496|H3K27ac|promoter_peaks|pearson	correlation	-1	-1.0	0.0		abs=1e-8;NA exact	PASS
correlation|SYN_GENE_0496|H3K27ac|promoter_peaks|spearman	correlation	-1	-1.0	0.0		abs=1e-8;NA exact	PASS
correlation|SYN_GENE_0496|H3K27ac|total_associated_peaks|pearson	correlation	-1	-1.0	0.0		abs=1e-8;NA exact	PASS
correlation|SYN_GENE_0496|H3K27ac|total_associated_peaks|spearman	correlation	-1	-1.0	0.0		abs=1e-8;NA exact	PASS
correlation|SYN_GENE_0497|H3K4me3|promoter_peaks|pearson	correlation			0.0		abs=1e-8;NA exact	PASS
correlation|SYN_GENE_0497|H3K4me3|promoter_peaks|spearman	correlation			0.0		abs=1e-8;NA exact	PASS
correlation|SYN_GENE_0497|H3K4me3|total_associated_peaks|pearson	correlation			0.0		abs=1e-8;NA exact	PASS
correlation|SYN_GENE_0497|H3K4me3|total_associated_peaks|spearman	correlation			0.0		abs=1e-8;NA exact	PASS
correlation|SYN_GENE_0498|H3K27me3|promoter_peaks|pearson	correlation			0.0		abs=1e-8;NA exact	PASS
correlation|SYN_GENE_0498|H3K27me3|promoter_peaks|spearman	correlation			0.0		abs=1e-8;NA exact	PASS
correlation|SYN_GENE_0498|H3K27me3|total_associated_peaks|pearson	correlation			0.0		abs=1e-8;NA exact	PASS
correlation|SYN_GENE_0498|H3K27me3|total_associated_peaks|spearman	correlation			0.0		abs=1e-8;NA exact	PASS
correlation|SYN_GENE_0499|H3K9me3|promoter_peaks|pearson	correlation			0.0		abs=1e-8;NA exact	PASS
correlation|SYN_GENE_0499|H3K9me3|promoter_peaks|spearman	correlation			0.0		abs=1e-8;NA exact	PASS
correlation|SYN_GENE_0499|H3K9me3|total_associated_peaks|pearson	correlation	1	1.0	0.0		abs=1e-8;NA exact	PASS
correlation|SYN_GENE_0499|H3K9me3|total_associated_peaks|spearman	correlation	1	1.0	0.0		abs=1e-8;NA exact	PASS
correlation|SYN_GENE_0500|H3K27ac|promoter_peaks|pearson	correlation			0.0		abs=1e-8;NA exact	PASS
correlation|SYN_GENE_0500|H3K27ac|promoter_peaks|spearman	correlation			0.0		abs=1e-8;NA exact	PASS
correlation|SYN_GENE_0500|H3K27ac|total_associated_peaks|pearson	correlation			0.0		abs=1e-8;NA exact	PASS
correlation|SYN_GENE_0500|H3K27ac|total_associated_peaks|spearman	correlation			0.0		abs=1e-8;NA exact	PASS
correlation|SYN_GENE_0501|H3K4me3|promoter_peaks|pearson	correlation	-1	-1.0	0.0		abs=1e-8;NA exact	PASS
correlation|SYN_GENE_0501|H3K4me3|promoter_peaks|spearman	correlation	-1	-1.0	0.0		abs=1e-8;NA exact	PASS
correlation|SYN_GENE_0501|H3K4me3|total_associated_peaks|pearson	correlation	-1	-1.0	0.0		abs=1e-8;NA exact	PASS
correlation|SYN_GENE_0501|H3K4me3|total_associated_peaks|spearman	correlation	-1	-1.0	0.0		abs=1e-8;NA exact	PASS
correlation|SYN_GENE_0502|H3K27me3|promoter_peaks|pearson	correlation			0.0		abs=1e-8;NA exact	PASS
correlation|SYN_GENE_0502|H3K27me3|promoter_peaks|spearman	correlation			0.0		abs=1e-8;NA exact	PASS
correlation|SYN_GENE_0502|H3K27me3|total_associated_peaks|pearson	correlation			0.0		abs=1e-8;NA exact	PASS
correlation|SYN_GENE_0502|H3K27me3|total_associated_peaks|spearman	correlation			0.0		abs=1e-8;NA exact	PASS
correlation|SYN_GENE_0503|H3K9me3|promoter_peaks|pearson	correlation			0.0		abs=1e-8;NA exact	PASS
correlation|SYN_GENE_0503|H3K9me3|promoter_peaks|spearman	correlation			0.0		abs=1e-8;NA exact	PASS
correlation|SYN_GENE_0503|H3K9me3|total_associated_peaks|pearson	correlation			0.0		abs=1e-8;NA exact	PASS
correlation|SYN_GENE_0503|H3K9me3|total_associated_peaks|spearman	correlation			0.0		abs=1e-8;NA exact	PASS
correlation|SYN_GENE_0504|H3K27ac|promoter_peaks|pearson	correlation			0.0		abs=1e-8;NA exact	PASS
correlation|SYN_GENE_0504|H3K27ac|promoter_peaks|spearman	correlation			0.0		abs=1e-8;NA exact	PASS
correlation|SYN_GENE_0504|H3K27ac|total_associated_peaks|pearson	correlation	-1	-1.0	0.0		abs=1e-8;NA exact	PASS
correlation|SYN_GENE_0504|H3K27ac|total_associated_peaks|spearman	correlation	-1	-1.0	0.0		abs=1e-8;NA exact	PASS
correlation|SYN_GENE_0505|H3K4me3|promoter_peaks|pearson	correlation			0.0		abs=1e-8;NA exact	PASS
correlation|SYN_GENE_0505|H3K4me3|promoter_peaks|spearman	correlation			0.0		abs=1e-8;NA exact	PASS
correlation|SYN_GENE_0505|H3K4me3|total_associated_peaks|pearson	correlation			0.0		abs=1e-8;NA exact	PASS
correlation|SYN_GENE_0505|H3K4me3|total_associated_peaks|spearman	correlation			0.0		abs=1e-8;NA exact	PASS
correlation|SYN_GENE_0506|H3K27me3|promoter_peaks|pearson	correlation	1	1.0	0.0		abs=1e-8;NA exact	PASS
correlation|SYN_GENE_0506|H3K27me3|promoter_peaks|spearman	correlation	1	1.0	0.0		abs=1e-8;NA exact	PASS
correlation|SYN_GENE_0506|H3K27me3|total_associated_peaks|pearson	correlation	1	1.0	0.0		abs=1e-8;NA exact	PASS
correlation|SYN_GENE_0506|H3K27me3|total_associated_peaks|spearman	correlation	1	1.0	0.0		abs=1e-8;NA exact	PASS
correlation|SYN_GENE_0507|H3K9me3|promoter_peaks|pearson	correlation			0.0		abs=1e-8;NA exact	PASS
correlation|SYN_GENE_0507|H3K9me3|promoter_peaks|spearman	correlation			0.0		abs=1e-8;NA exact	PASS
correlation|SYN_GENE_0507|H3K9me3|total_associated_peaks|pearson	correlation			0.0		abs=1e-8;NA exact	PASS
correlation|SYN_GENE_0507|H3K9me3|total_associated_peaks|spearman	correlation			0.0		abs=1e-8;NA exact	PASS
correlation|SYN_GENE_0508|H3K27ac|promoter_peaks|pearson	correlation			0.0		abs=1e-8;NA exact	PASS
correlation|SYN_GENE_0508|H3K27ac|promoter_peaks|spearman	correlation			0.0		abs=1e-8;NA exact	PASS
correlation|SYN_GENE_0508|H3K27ac|total_associated_peaks|pearson	correlation			0.0		abs=1e-8;NA exact	PASS
correlation|SYN_GENE_0508|H3K27ac|total_associated_peaks|spearman	correlation			0.0		abs=1e-8;NA exact	PASS
correlation|SYN_GENE_0509|H3K4me3|promoter_peaks|pearson	correlation			0.0		abs=1e-8;NA exact	PASS
correlation|SYN_GENE_0509|H3K4me3|promoter_peaks|spearman	correlation			0.0		abs=1e-8;NA exact	PASS
correlation|SYN_GENE_0509|H3K4me3|total_associated_peaks|pearson	correlation	-1	-1.0	0.0		abs=1e-8;NA exact	PASS
correlation|SYN_GENE_0509|H3K4me3|total_associated_peaks|spearman	correlation	-1	-1.0	0.0		abs=1e-8;NA exact	PASS
correlation|SYN_GENE_0510|H3K27me3|promoter_peaks|pearson	correlation			0.0		abs=1e-8;NA exact	PASS
correlation|SYN_GENE_0510|H3K27me3|promoter_peaks|spearman	correlation			0.0		abs=1e-8;NA exact	PASS
correlation|SYN_GENE_0510|H3K27me3|total_associated_peaks|pearson	correlation			0.0		abs=1e-8;NA exact	PASS
correlation|SYN_GENE_0510|H3K27me3|total_associated_peaks|spearman	correlation			0.0		abs=1e-8;NA exact	PASS
correlation|SYN_GENE_0511|H3K9me3|promoter_peaks|pearson	correlation	1	1.0	0.0		abs=1e-8;NA exact	PASS
correlation|SYN_GENE_0511|H3K9me3|promoter_peaks|spearman	correlation	1	1.0	0.0		abs=1e-8;NA exact	PASS
correlation|SYN_GENE_0511|H3K9me3|total_associated_peaks|pearson	correlation	1	1.0	0.0		abs=1e-8;NA exact	PASS
correlation|SYN_GENE_0511|H3K9me3|total_associated_peaks|spearman	correlation	1	1.0	0.0		abs=1e-8;NA exact	PASS
correlation|SYN_GENE_0512|H3K27ac|promoter_peaks|pearson	correlation			0.0		abs=1e-8;NA exact	PASS
correlation|SYN_GENE_0512|H3K27ac|promoter_peaks|spearman	correlation			0.0		abs=1e-8;NA exact	PASS
correlation|SYN_GENE_0512|H3K27ac|total_associated_peaks|pearson	correlation			0.0		abs=1e-8;NA exact	PASS
correlation|SYN_GENE_0512|H3K27ac|total_associated_peaks|spearman	correlation			0.0		abs=1e-8;NA exact	PASS
correlation|SYN_GENE_0513|H3K4me3|promoter_peaks|pearson	correlation			0.0		abs=1e-8;NA exact	PASS
correlation|SYN_GENE_0513|H3K4me3|promoter_peaks|spearman	correlation			0.0		abs=1e-8;NA exact	PASS
correlation|SYN_GENE_0513|H3K4me3|total_associated_peaks|pearson	correlation			0.0		abs=1e-8;NA exact	PASS
correlation|SYN_GENE_0513|H3K4me3|total_associated_peaks|spearman	correlation			0.0		abs=1e-8;NA exact	PASS
correlation|SYN_GENE_0514|H3K27me3|promoter_peaks|pearson	correlation			0.0		abs=1e-8;NA exact	PASS
correlation|SYN_GENE_0514|H3K27me3|promoter_peaks|spearman	correlation			0.0		abs=1e-8;NA exact	PASS
correlation|SYN_GENE_0514|H3K27me3|total_associated_peaks|pearson	correlation	1	1.0000000000000002	2.220446049250313e-16		abs=1e-8;NA exact	PASS
correlation|SYN_GENE_0514|H3K27me3|total_associated_peaks|spearman	correlation	1	1.0	0.0		abs=1e-8;NA exact	PASS
correlation|SYN_GENE_0515|H3K9me3|promoter_peaks|pearson	correlation			0.0		abs=1e-8;NA exact	PASS
correlation|SYN_GENE_0515|H3K9me3|promoter_peaks|spearman	correlation			0.0		abs=1e-8;NA exact	PASS
correlation|SYN_GENE_0515|H3K9me3|total_associated_peaks|pearson	correlation			0.0		abs=1e-8;NA exact	PASS
correlation|SYN_GENE_0515|H3K9me3|total_associated_peaks|spearman	correlation			0.0		abs=1e-8;NA exact	PASS
correlation|SYN_GENE_0516|H3K27ac|promoter_peaks|pearson	correlation	-1	-1.0	0.0		abs=1e-8;NA exact	PASS
correlation|SYN_GENE_0516|H3K27ac|promoter_peaks|spearman	correlation	-1	-1.0	0.0		abs=1e-8;NA exact	PASS
correlation|SYN_GENE_0516|H3K27ac|total_associated_peaks|pearson	correlation	-1	-1.0	0.0		abs=1e-8;NA exact	PASS
correlation|SYN_GENE_0516|H3K27ac|total_associated_peaks|spearman	correlation	-1	-1.0	0.0		abs=1e-8;NA exact	PASS
correlation|SYN_GENE_0517|H3K4me3|promoter_peaks|pearson	correlation			0.0		abs=1e-8;NA exact	PASS
correlation|SYN_GENE_0517|H3K4me3|promoter_peaks|spearman	correlation			0.0		abs=1e-8;NA exact	PASS
correlation|SYN_GENE_0517|H3K4me3|total_associated_peaks|pearson	correlation			0.0		abs=1e-8;NA exact	PASS
correlation|SYN_GENE_0517|H3K4me3|total_associated_peaks|spearman	correlation			0.0		abs=1e-8;NA exact	PASS
correlation|SYN_GENE_0518|H3K27me3|promoter_peaks|pearson	correlation			0.0		abs=1e-8;NA exact	PASS
correlation|SYN_GENE_0518|H3K27me3|promoter_peaks|spearman	correlation			0.0		abs=1e-8;NA exact	PASS
correlation|SYN_GENE_0518|H3K27me3|total_associated_peaks|pearson	correlation			0.0		abs=1e-8;NA exact	PASS
correlation|SYN_GENE_0518|H3K27me3|total_associated_peaks|spearman	correlation			0.0		abs=1e-8;NA exact	PASS
correlation|SYN_GENE_0519|H3K9me3|promoter_peaks|pearson	correlation			0.0		abs=1e-8;NA exact	PASS
correlation|SYN_GENE_0519|H3K9me3|promoter_peaks|spearman	correlation			0.0		abs=1e-8;NA exact	PASS
correlation|SYN_GENE_0519|H3K9me3|total_associated_peaks|pearson	correlation	1	1.0	0.0		abs=1e-8;NA exact	PASS
correlation|SYN_GENE_0519|H3K9me3|total_associated_peaks|spearman	correlation	1	1.0	0.0		abs=1e-8;NA exact	PASS
correlation|SYN_GENE_0520|H3K27ac|promoter_peaks|pearson	correlation			0.0		abs=1e-8;NA exact	PASS
correlation|SYN_GENE_0520|H3K27ac|promoter_peaks|spearman	correlation			0.0		abs=1e-8;NA exact	PASS
correlation|SYN_GENE_0520|H3K27ac|total_associated_peaks|pearson	correlation			0.0		abs=1e-8;NA exact	PASS
correlation|SYN_GENE_0520|H3K27ac|total_associated_peaks|spearman	correlation			0.0		abs=1e-8;NA exact	PASS
correlation|SYN_GENE_0521|H3K4me3|promoter_peaks|pearson	correlation	-1	-1.0	0.0		abs=1e-8;NA exact	PASS
correlation|SYN_GENE_0521|H3K4me3|promoter_peaks|spearman	correlation	-1	-1.0	0.0		abs=1e-8;NA exact	PASS
correlation|SYN_GENE_0521|H3K4me3|total_associated_peaks|pearson	correlation	-1	-1.0	0.0		abs=1e-8;NA exact	PASS
correlation|SYN_GENE_0521|H3K4me3|total_associated_peaks|spearman	correlation	-1	-1.0	0.0		abs=1e-8;NA exact	PASS
correlation|SYN_GENE_0522|H3K27me3|promoter_peaks|pearson	correlation			0.0		abs=1e-8;NA exact	PASS
correlation|SYN_GENE_0522|H3K27me3|promoter_peaks|spearman	correlation			0.0		abs=1e-8;NA exact	PASS
correlation|SYN_GENE_0522|H3K27me3|total_associated_peaks|pearson	correlation			0.0		abs=1e-8;NA exact	PASS
correlation|SYN_GENE_0522|H3K27me3|total_associated_peaks|spearman	correlation			0.0		abs=1e-8;NA exact	PASS
correlation|SYN_GENE_0523|H3K9me3|promoter_peaks|pearson	correlation			0.0		abs=1e-8;NA exact	PASS
correlation|SYN_GENE_0523|H3K9me3|promoter_peaks|spearman	correlation			0.0		abs=1e-8;NA exact	PASS
correlation|SYN_GENE_0523|H3K9me3|total_associated_peaks|pearson	correlation			0.0		abs=1e-8;NA exact	PASS
correlation|SYN_GENE_0523|H3K9me3|total_associated_peaks|spearman	correlation			0.0		abs=1e-8;NA exact	PASS
correlation|SYN_GENE_0524|H3K27ac|promoter_peaks|pearson	correlation			0.0		abs=1e-8;NA exact	PASS
correlation|SYN_GENE_0524|H3K27ac|promoter_peaks|spearman	correlation			0.0		abs=1e-8;NA exact	PASS
correlation|SYN_GENE_0524|H3K27ac|total_associated_peaks|pearson	correlation	-1	-1.0	0.0		abs=1e-8;NA exact	PASS
correlation|SYN_GENE_0524|H3K27ac|total_associated_peaks|spearman	correlation	-1	-1.0	0.0		abs=1e-8;NA exact	PASS
correlation|SYN_GENE_0525|H3K4me3|promoter_peaks|pearson	correlation			0.0		abs=1e-8;NA exact	PASS
correlation|SYN_GENE_0525|H3K4me3|promoter_peaks|spearman	correlation			0.0		abs=1e-8;NA exact	PASS
correlation|SYN_GENE_0525|H3K4me3|total_associated_peaks|pearson	correlation			0.0		abs=1e-8;NA exact	PASS
correlation|SYN_GENE_0525|H3K4me3|total_associated_peaks|spearman	correlation			0.0		abs=1e-8;NA exact	PASS
correlation|SYN_GENE_0526|H3K27me3|promoter_peaks|pearson	correlation	1	0.9999999999999998	2.220446049250313e-16		abs=1e-8;NA exact	PASS
correlation|SYN_GENE_0526|H3K27me3|promoter_peaks|spearman	correlation	1	1.0	0.0		abs=1e-8;NA exact	PASS
correlation|SYN_GENE_0526|H3K27me3|total_associated_peaks|pearson	correlation	1	0.9999999999999998	2.220446049250313e-16		abs=1e-8;NA exact	PASS
correlation|SYN_GENE_0526|H3K27me3|total_associated_peaks|spearman	correlation	1	1.0	0.0		abs=1e-8;NA exact	PASS
correlation|SYN_GENE_0527|H3K9me3|promoter_peaks|pearson	correlation			0.0		abs=1e-8;NA exact	PASS
correlation|SYN_GENE_0527|H3K9me3|promoter_peaks|spearman	correlation			0.0		abs=1e-8;NA exact	PASS
correlation|SYN_GENE_0527|H3K9me3|total_associated_peaks|pearson	correlation			0.0		abs=1e-8;NA exact	PASS
correlation|SYN_GENE_0527|H3K9me3|total_associated_peaks|spearman	correlation			0.0		abs=1e-8;NA exact	PASS
correlation|SYN_GENE_0528|H3K27ac|promoter_peaks|pearson	correlation			0.0		abs=1e-8;NA exact	PASS
correlation|SYN_GENE_0528|H3K27ac|promoter_peaks|spearman	correlation			0.0		abs=1e-8;NA exact	PASS
correlation|SYN_GENE_0528|H3K27ac|total_associated_peaks|pearson	correlation			0.0		abs=1e-8;NA exact	PASS
correlation|SYN_GENE_0528|H3K27ac|total_associated_peaks|spearman	correlation			0.0		abs=1e-8;NA exact	PASS
correlation|SYN_GENE_0529|H3K4me3|promoter_peaks|pearson	correlation			0.0		abs=1e-8;NA exact	PASS
correlation|SYN_GENE_0529|H3K4me3|promoter_peaks|spearman	correlation			0.0		abs=1e-8;NA exact	PASS
correlation|SYN_GENE_0529|H3K4me3|total_associated_peaks|pearson	correlation	-1	-1.0	0.0		abs=1e-8;NA exact	PASS
correlation|SYN_GENE_0529|H3K4me3|total_associated_peaks|spearman	correlation	-1	-1.0	0.0		abs=1e-8;NA exact	PASS
correlation|SYN_GENE_0530|H3K27me3|promoter_peaks|pearson	correlation			0.0		abs=1e-8;NA exact	PASS
correlation|SYN_GENE_0530|H3K27me3|promoter_peaks|spearman	correlation			0.0		abs=1e-8;NA exact	PASS
correlation|SYN_GENE_0530|H3K27me3|total_associated_peaks|pearson	correlation			0.0		abs=1e-8;NA exact	PASS
correlation|SYN_GENE_0530|H3K27me3|total_associated_peaks|spearman	correlation			0.0		abs=1e-8;NA exact	PASS
correlation|SYN_GENE_0531|H3K9me3|promoter_peaks|pearson	correlation	1	1.0	0.0		abs=1e-8;NA exact	PASS
correlation|SYN_GENE_0531|H3K9me3|promoter_peaks|spearman	correlation	1	1.0	0.0		abs=1e-8;NA exact	PASS
correlation|SYN_GENE_0531|H3K9me3|total_associated_peaks|pearson	correlation	1	1.0	0.0		abs=1e-8;NA exact	PASS
correlation|SYN_GENE_0531|H3K9me3|total_associated_peaks|spearman	correlation	1	1.0	0.0		abs=1e-8;NA exact	PASS
correlation|SYN_GENE_0532|H3K27ac|promoter_peaks|pearson	correlation			0.0		abs=1e-8;NA exact	PASS
correlation|SYN_GENE_0532|H3K27ac|promoter_peaks|spearman	correlation			0.0		abs=1e-8;NA exact	PASS
correlation|SYN_GENE_0532|H3K27ac|total_associated_peaks|pearson	correlation			0.0		abs=1e-8;NA exact	PASS
correlation|SYN_GENE_0532|H3K27ac|total_associated_peaks|spearman	correlation			0.0		abs=1e-8;NA exact	PASS
correlation|SYN_GENE_0533|H3K4me3|promoter_peaks|pearson	correlation			0.0		abs=1e-8;NA exact	PASS
correlation|SYN_GENE_0533|H3K4me3|promoter_peaks|spearman	correlation			0.0		abs=1e-8;NA exact	PASS
correlation|SYN_GENE_0533|H3K4me3|total_associated_peaks|pearson	correlation			0.0		abs=1e-8;NA exact	PASS
correlation|SYN_GENE_0533|H3K4me3|total_associated_peaks|spearman	correlation			0.0		abs=1e-8;NA exact	PASS
correlation|SYN_GENE_0534|H3K27me3|promoter_peaks|pearson	correlation			0.0		abs=1e-8;NA exact	PASS
correlation|SYN_GENE_0534|H3K27me3|promoter_peaks|spearman	correlation			0.0		abs=1e-8;NA exact	PASS
correlation|SYN_GENE_0534|H3K27me3|total_associated_peaks|pearson	correlation	1	0.9999999999999998	2.220446049250313e-16		abs=1e-8;NA exact	PASS
correlation|SYN_GENE_0534|H3K27me3|total_associated_peaks|spearman	correlation	1	1.0	0.0		abs=1e-8;NA exact	PASS
correlation|SYN_GENE_0535|H3K9me3|promoter_peaks|pearson	correlation			0.0		abs=1e-8;NA exact	PASS
correlation|SYN_GENE_0535|H3K9me3|promoter_peaks|spearman	correlation			0.0		abs=1e-8;NA exact	PASS
correlation|SYN_GENE_0535|H3K9me3|total_associated_peaks|pearson	correlation			0.0		abs=1e-8;NA exact	PASS
correlation|SYN_GENE_0535|H3K9me3|total_associated_peaks|spearman	correlation			0.0		abs=1e-8;NA exact	PASS
correlation|SYN_GENE_0536|H3K27ac|promoter_peaks|pearson	correlation	-1	-1.0	0.0		abs=1e-8;NA exact	PASS
correlation|SYN_GENE_0536|H3K27ac|promoter_peaks|spearman	correlation	-1	-1.0	0.0		abs=1e-8;NA exact	PASS
correlation|SYN_GENE_0536|H3K27ac|total_associated_peaks|pearson	correlation	-1	-1.0	0.0		abs=1e-8;NA exact	PASS
correlation|SYN_GENE_0536|H3K27ac|total_associated_peaks|spearman	correlation	-1	-1.0	0.0		abs=1e-8;NA exact	PASS
correlation|SYN_GENE_0537|H3K4me3|promoter_peaks|pearson	correlation			0.0		abs=1e-8;NA exact	PASS
correlation|SYN_GENE_0537|H3K4me3|promoter_peaks|spearman	correlation			0.0		abs=1e-8;NA exact	PASS
correlation|SYN_GENE_0537|H3K4me3|total_associated_peaks|pearson	correlation			0.0		abs=1e-8;NA exact	PASS
correlation|SYN_GENE_0537|H3K4me3|total_associated_peaks|spearman	correlation			0.0		abs=1e-8;NA exact	PASS
correlation|SYN_GENE_0538|H3K27me3|promoter_peaks|pearson	correlation			0.0		abs=1e-8;NA exact	PASS
correlation|SYN_GENE_0538|H3K27me3|promoter_peaks|spearman	correlation			0.0		abs=1e-8;NA exact	PASS
correlation|SYN_GENE_0538|H3K27me3|total_associated_peaks|pearson	correlation			0.0		abs=1e-8;NA exact	PASS
correlation|SYN_GENE_0538|H3K27me3|total_associated_peaks|spearman	correlation			0.0		abs=1e-8;NA exact	PASS
correlation|SYN_GENE_0539|H3K9me3|promoter_peaks|pearson	correlation			0.0		abs=1e-8;NA exact	PASS
correlation|SYN_GENE_0539|H3K9me3|promoter_peaks|spearman	correlation			0.0		abs=1e-8;NA exact	PASS
correlation|SYN_GENE_0539|H3K9me3|total_associated_peaks|pearson	correlation	1	1.0	0.0		abs=1e-8;NA exact	PASS
correlation|SYN_GENE_0539|H3K9me3|total_associated_peaks|spearman	correlation	1	1.0	0.0		abs=1e-8;NA exact	PASS
correlation|SYN_GENE_0540|H3K27ac|promoter_peaks|pearson	correlation			0.0		abs=1e-8;NA exact	PASS
correlation|SYN_GENE_0540|H3K27ac|promoter_peaks|spearman	correlation			0.0		abs=1e-8;NA exact	PASS
correlation|SYN_GENE_0540|H3K27ac|total_associated_peaks|pearson	correlation			0.0		abs=1e-8;NA exact	PASS
correlation|SYN_GENE_0540|H3K27ac|total_associated_peaks|spearman	correlation			0.0		abs=1e-8;NA exact	PASS
correlation|SYN_GENE_0541|H3K4me3|promoter_peaks|pearson	correlation	-1	-1.0000000000000002	2.220446049250313e-16		abs=1e-8;NA exact	PASS
correlation|SYN_GENE_0541|H3K4me3|promoter_peaks|spearman	correlation	-1	-1.0	0.0		abs=1e-8;NA exact	PASS
correlation|SYN_GENE_0541|H3K4me3|total_associated_peaks|pearson	correlation	-1	-1.0000000000000002	2.220446049250313e-16		abs=1e-8;NA exact	PASS
correlation|SYN_GENE_0541|H3K4me3|total_associated_peaks|spearman	correlation	-1	-1.0	0.0		abs=1e-8;NA exact	PASS
correlation|SYN_GENE_0542|H3K27me3|promoter_peaks|pearson	correlation			0.0		abs=1e-8;NA exact	PASS
correlation|SYN_GENE_0542|H3K27me3|promoter_peaks|spearman	correlation			0.0		abs=1e-8;NA exact	PASS
correlation|SYN_GENE_0542|H3K27me3|total_associated_peaks|pearson	correlation			0.0		abs=1e-8;NA exact	PASS
correlation|SYN_GENE_0542|H3K27me3|total_associated_peaks|spearman	correlation			0.0		abs=1e-8;NA exact	PASS
correlation|SYN_GENE_0543|H3K9me3|promoter_peaks|pearson	correlation			0.0		abs=1e-8;NA exact	PASS
correlation|SYN_GENE_0543|H3K9me3|promoter_peaks|spearman	correlation			0.0		abs=1e-8;NA exact	PASS
correlation|SYN_GENE_0543|H3K9me3|total_associated_peaks|pearson	correlation			0.0		abs=1e-8;NA exact	PASS
correlation|SYN_GENE_0543|H3K9me3|total_associated_peaks|spearman	correlation			0.0		abs=1e-8;NA exact	PASS
correlation|SYN_GENE_0544|H3K27ac|promoter_peaks|pearson	correlation			0.0		abs=1e-8;NA exact	PASS
correlation|SYN_GENE_0544|H3K27ac|promoter_peaks|spearman	correlation			0.0		abs=1e-8;NA exact	PASS
correlation|SYN_GENE_0544|H3K27ac|total_associated_peaks|pearson	correlation	-1	-1.0	0.0		abs=1e-8;NA exact	PASS
correlation|SYN_GENE_0544|H3K27ac|total_associated_peaks|spearman	correlation	-1	-1.0	0.0		abs=1e-8;NA exact	PASS
correlation|SYN_GENE_0545|H3K4me3|promoter_peaks|pearson	correlation			0.0		abs=1e-8;NA exact	PASS
correlation|SYN_GENE_0545|H3K4me3|promoter_peaks|spearman	correlation			0.0		abs=1e-8;NA exact	PASS
correlation|SYN_GENE_0545|H3K4me3|total_associated_peaks|pearson	correlation			0.0		abs=1e-8;NA exact	PASS
correlation|SYN_GENE_0545|H3K4me3|total_associated_peaks|spearman	correlation			0.0		abs=1e-8;NA exact	PASS
correlation|SYN_GENE_0546|H3K27me3|promoter_peaks|pearson	correlation	1	1.0	0.0		abs=1e-8;NA exact	PASS
correlation|SYN_GENE_0546|H3K27me3|promoter_peaks|spearman	correlation	1	1.0	0.0		abs=1e-8;NA exact	PASS
correlation|SYN_GENE_0546|H3K27me3|total_associated_peaks|pearson	correlation	1	1.0	0.0		abs=1e-8;NA exact	PASS
correlation|SYN_GENE_0546|H3K27me3|total_associated_peaks|spearman	correlation	1	1.0	0.0		abs=1e-8;NA exact	PASS
correlation|SYN_GENE_0547|H3K9me3|promoter_peaks|pearson	correlation			0.0		abs=1e-8;NA exact	PASS
correlation|SYN_GENE_0547|H3K9me3|promoter_peaks|spearman	correlation			0.0		abs=1e-8;NA exact	PASS
correlation|SYN_GENE_0547|H3K9me3|total_associated_peaks|pearson	correlation			0.0		abs=1e-8;NA exact	PASS
correlation|SYN_GENE_0547|H3K9me3|total_associated_peaks|spearman	correlation			0.0		abs=1e-8;NA exact	PASS
correlation|SYN_GENE_0548|H3K27ac|promoter_peaks|pearson	correlation			0.0		abs=1e-8;NA exact	PASS
correlation|SYN_GENE_0548|H3K27ac|promoter_peaks|spearman	correlation			0.0		abs=1e-8;NA exact	PASS
correlation|SYN_GENE_0548|H3K27ac|total_associated_peaks|pearson	correlation			0.0		abs=1e-8;NA exact	PASS
correlation|SYN_GENE_0548|H3K27ac|total_associated_peaks|spearman	correlation			0.0		abs=1e-8;NA exact	PASS
correlation|SYN_GENE_0549|H3K4me3|promoter_peaks|pearson	correlation			0.0		abs=1e-8;NA exact	PASS
correlation|SYN_GENE_0549|H3K4me3|promoter_peaks|spearman	correlation			0.0		abs=1e-8;NA exact	PASS
correlation|SYN_GENE_0549|H3K4me3|total_associated_peaks|pearson	correlation	-1	-1.0	0.0		abs=1e-8;NA exact	PASS
correlation|SYN_GENE_0549|H3K4me3|total_associated_peaks|spearman	correlation	-1	-1.0	0.0		abs=1e-8;NA exact	PASS
correlation|SYN_GENE_0550|H3K27me3|promoter_peaks|pearson	correlation			0.0		abs=1e-8;NA exact	PASS
correlation|SYN_GENE_0550|H3K27me3|promoter_peaks|spearman	correlation			0.0		abs=1e-8;NA exact	PASS
correlation|SYN_GENE_0550|H3K27me3|total_associated_peaks|pearson	correlation			0.0		abs=1e-8;NA exact	PASS
correlation|SYN_GENE_0550|H3K27me3|total_associated_peaks|spearman	correlation			0.0		abs=1e-8;NA exact	PASS
correlation|SYN_GENE_0551|H3K9me3|promoter_peaks|pearson	correlation	1	1.0	0.0		abs=1e-8;NA exact	PASS
correlation|SYN_GENE_0551|H3K9me3|promoter_peaks|spearman	correlation	1	1.0	0.0		abs=1e-8;NA exact	PASS
correlation|SYN_GENE_0551|H3K9me3|total_associated_peaks|pearson	correlation	1	1.0	0.0		abs=1e-8;NA exact	PASS
correlation|SYN_GENE_0551|H3K9me3|total_associated_peaks|spearman	correlation	1	1.0	0.0		abs=1e-8;NA exact	PASS
correlation|SYN_GENE_0552|H3K27ac|promoter_peaks|pearson	correlation			0.0		abs=1e-8;NA exact	PASS
correlation|SYN_GENE_0552|H3K27ac|promoter_peaks|spearman	correlation			0.0		abs=1e-8;NA exact	PASS
correlation|SYN_GENE_0552|H3K27ac|total_associated_peaks|pearson	correlation			0.0		abs=1e-8;NA exact	PASS
correlation|SYN_GENE_0552|H3K27ac|total_associated_peaks|spearman	correlation			0.0		abs=1e-8;NA exact	PASS
correlation|SYN_GENE_0553|H3K4me3|promoter_peaks|pearson	correlation			0.0		abs=1e-8;NA exact	PASS
correlation|SYN_GENE_0553|H3K4me3|promoter_peaks|spearman	correlation			0.0		abs=1e-8;NA exact	PASS
correlation|SYN_GENE_0553|H3K4me3|total_associated_peaks|pearson	correlation			0.0		abs=1e-8;NA exact	PASS
correlation|SYN_GENE_0553|H3K4me3|total_associated_peaks|spearman	correlation			0.0		abs=1e-8;NA exact	PASS
correlation|SYN_GENE_0554|H3K27me3|promoter_peaks|pearson	correlation			0.0		abs=1e-8;NA exact	PASS
correlation|SYN_GENE_0554|H3K27me3|promoter_peaks|spearman	correlation			0.0		abs=1e-8;NA exact	PASS
correlation|SYN_GENE_0554|H3K27me3|total_associated_peaks|pearson	correlation	1	1.0	0.0		abs=1e-8;NA exact	PASS
correlation|SYN_GENE_0554|H3K27me3|total_associated_peaks|spearman	correlation	1	1.0	0.0		abs=1e-8;NA exact	PASS
correlation|SYN_GENE_0555|H3K9me3|promoter_peaks|pearson	correlation			0.0		abs=1e-8;NA exact	PASS
correlation|SYN_GENE_0555|H3K9me3|promoter_peaks|spearman	correlation			0.0		abs=1e-8;NA exact	PASS
correlation|SYN_GENE_0555|H3K9me3|total_associated_peaks|pearson	correlation			0.0		abs=1e-8;NA exact	PASS
correlation|SYN_GENE_0555|H3K9me3|total_associated_peaks|spearman	correlation			0.0		abs=1e-8;NA exact	PASS
correlation|SYN_GENE_0556|H3K27ac|promoter_peaks|pearson	correlation	-1	-1.0	0.0		abs=1e-8;NA exact	PASS
correlation|SYN_GENE_0556|H3K27ac|promoter_peaks|spearman	correlation	-1	-1.0	0.0		abs=1e-8;NA exact	PASS
correlation|SYN_GENE_0556|H3K27ac|total_associated_peaks|pearson	correlation	-1	-1.0	0.0		abs=1e-8;NA exact	PASS
correlation|SYN_GENE_0556|H3K27ac|total_associated_peaks|spearman	correlation	-1	-1.0	0.0		abs=1e-8;NA exact	PASS
correlation|SYN_GENE_0557|H3K4me3|promoter_peaks|pearson	correlation			0.0		abs=1e-8;NA exact	PASS
correlation|SYN_GENE_0557|H3K4me3|promoter_peaks|spearman	correlation			0.0		abs=1e-8;NA exact	PASS
correlation|SYN_GENE_0557|H3K4me3|total_associated_peaks|pearson	correlation			0.0		abs=1e-8;NA exact	PASS
correlation|SYN_GENE_0557|H3K4me3|total_associated_peaks|spearman	correlation			0.0		abs=1e-8;NA exact	PASS
correlation|SYN_GENE_0558|H3K27me3|promoter_peaks|pearson	correlation			0.0		abs=1e-8;NA exact	PASS
correlation|SYN_GENE_0558|H3K27me3|promoter_peaks|spearman	correlation			0.0		abs=1e-8;NA exact	PASS
correlation|SYN_GENE_0558|H3K27me3|total_associated_peaks|pearson	correlation			0.0		abs=1e-8;NA exact	PASS
correlation|SYN_GENE_0558|H3K27me3|total_associated_peaks|spearman	correlation			0.0		abs=1e-8;NA exact	PASS
correlation|SYN_GENE_0559|H3K9me3|promoter_peaks|pearson	correlation			0.0		abs=1e-8;NA exact	PASS
correlation|SYN_GENE_0559|H3K9me3|promoter_peaks|spearman	correlation			0.0		abs=1e-8;NA exact	PASS
correlation|SYN_GENE_0559|H3K9me3|total_associated_peaks|pearson	correlation	1	1.0	0.0		abs=1e-8;NA exact	PASS
correlation|SYN_GENE_0559|H3K9me3|total_associated_peaks|spearman	correlation	1	1.0	0.0		abs=1e-8;NA exact	PASS
correlation|SYN_GENE_0560|H3K27ac|promoter_peaks|pearson	correlation			0.0		abs=1e-8;NA exact	PASS
correlation|SYN_GENE_0560|H3K27ac|promoter_peaks|spearman	correlation			0.0		abs=1e-8;NA exact	PASS
correlation|SYN_GENE_0560|H3K27ac|total_associated_peaks|pearson	correlation			0.0		abs=1e-8;NA exact	PASS
correlation|SYN_GENE_0560|H3K27ac|total_associated_peaks|spearman	correlation			0.0		abs=1e-8;NA exact	PASS
correlation|SYN_GENE_0561|H3K4me3|promoter_peaks|pearson	correlation	-1	-1.0	0.0		abs=1e-8;NA exact	PASS
correlation|SYN_GENE_0561|H3K4me3|promoter_peaks|spearman	correlation	-1	-1.0	0.0		abs=1e-8;NA exact	PASS
correlation|SYN_GENE_0561|H3K4me3|total_associated_peaks|pearson	correlation	-1	-1.0	0.0		abs=1e-8;NA exact	PASS
correlation|SYN_GENE_0561|H3K4me3|total_associated_peaks|spearman	correlation	-1	-1.0	0.0		abs=1e-8;NA exact	PASS
correlation|SYN_GENE_0562|H3K27me3|promoter_peaks|pearson	correlation			0.0		abs=1e-8;NA exact	PASS
correlation|SYN_GENE_0562|H3K27me3|promoter_peaks|spearman	correlation			0.0		abs=1e-8;NA exact	PASS
correlation|SYN_GENE_0562|H3K27me3|total_associated_peaks|pearson	correlation			0.0		abs=1e-8;NA exact	PASS
correlation|SYN_GENE_0562|H3K27me3|total_associated_peaks|spearman	correlation			0.0		abs=1e-8;NA exact	PASS
correlation|SYN_GENE_0563|H3K9me3|promoter_peaks|pearson	correlation			0.0		abs=1e-8;NA exact	PASS
correlation|SYN_GENE_0563|H3K9me3|promoter_peaks|spearman	correlation			0.0		abs=1e-8;NA exact	PASS
correlation|SYN_GENE_0563|H3K9me3|total_associated_peaks|pearson	correlation			0.0		abs=1e-8;NA exact	PASS
correlation|SYN_GENE_0563|H3K9me3|total_associated_peaks|spearman	correlation			0.0		abs=1e-8;NA exact	PASS
correlation|SYN_GENE_0564|H3K27ac|promoter_peaks|pearson	correlation			0.0		abs=1e-8;NA exact	PASS
correlation|SYN_GENE_0564|H3K27ac|promoter_peaks|spearman	correlation			0.0		abs=1e-8;NA exact	PASS
correlation|SYN_GENE_0564|H3K27ac|total_associated_peaks|pearson	correlation	-1	-1.0	0.0		abs=1e-8;NA exact	PASS
correlation|SYN_GENE_0564|H3K27ac|total_associated_peaks|spearman	correlation	-1	-1.0	0.0		abs=1e-8;NA exact	PASS
correlation|SYN_GENE_0565|H3K4me3|promoter_peaks|pearson	correlation			0.0		abs=1e-8;NA exact	PASS
correlation|SYN_GENE_0565|H3K4me3|promoter_peaks|spearman	correlation			0.0		abs=1e-8;NA exact	PASS
correlation|SYN_GENE_0565|H3K4me3|total_associated_peaks|pearson	correlation			0.0		abs=1e-8;NA exact	PASS
correlation|SYN_GENE_0565|H3K4me3|total_associated_peaks|spearman	correlation			0.0		abs=1e-8;NA exact	PASS
correlation|SYN_GENE_0566|H3K27me3|promoter_peaks|pearson	correlation	1	1.0	0.0		abs=1e-8;NA exact	PASS
correlation|SYN_GENE_0566|H3K27me3|promoter_peaks|spearman	correlation	1	1.0	0.0		abs=1e-8;NA exact	PASS
correlation|SYN_GENE_0566|H3K27me3|total_associated_peaks|pearson	correlation	1	1.0	0.0		abs=1e-8;NA exact	PASS
correlation|SYN_GENE_0566|H3K27me3|total_associated_peaks|spearman	correlation	1	1.0	0.0		abs=1e-8;NA exact	PASS
correlation|SYN_GENE_0567|H3K9me3|promoter_peaks|pearson	correlation			0.0		abs=1e-8;NA exact	PASS
correlation|SYN_GENE_0567|H3K9me3|promoter_peaks|spearman	correlation			0.0		abs=1e-8;NA exact	PASS
correlation|SYN_GENE_0567|H3K9me3|total_associated_peaks|pearson	correlation			0.0		abs=1e-8;NA exact	PASS
correlation|SYN_GENE_0567|H3K9me3|total_associated_peaks|spearman	correlation			0.0		abs=1e-8;NA exact	PASS
correlation|SYN_GENE_0568|H3K27ac|promoter_peaks|pearson	correlation			0.0		abs=1e-8;NA exact	PASS
correlation|SYN_GENE_0568|H3K27ac|promoter_peaks|spearman	correlation			0.0		abs=1e-8;NA exact	PASS
correlation|SYN_GENE_0568|H3K27ac|total_associated_peaks|pearson	correlation			0.0		abs=1e-8;NA exact	PASS
correlation|SYN_GENE_0568|H3K27ac|total_associated_peaks|spearman	correlation			0.0		abs=1e-8;NA exact	PASS
correlation|SYN_GENE_0569|H3K4me3|promoter_peaks|pearson	correlation			0.0		abs=1e-8;NA exact	PASS
correlation|SYN_GENE_0569|H3K4me3|promoter_peaks|spearman	correlation			0.0		abs=1e-8;NA exact	PASS
correlation|SYN_GENE_0569|H3K4me3|total_associated_peaks|pearson	correlation	-1	-1.0	0.0		abs=1e-8;NA exact	PASS
correlation|SYN_GENE_0569|H3K4me3|total_associated_peaks|spearman	correlation	-1	-1.0	0.0		abs=1e-8;NA exact	PASS
correlation|SYN_GENE_0570|H3K27me3|promoter_peaks|pearson	correlation			0.0		abs=1e-8;NA exact	PASS
correlation|SYN_GENE_0570|H3K27me3|promoter_peaks|spearman	correlation			0.0		abs=1e-8;NA exact	PASS
correlation|SYN_GENE_0570|H3K27me3|total_associated_peaks|pearson	correlation			0.0		abs=1e-8;NA exact	PASS
correlation|SYN_GENE_0570|H3K27me3|total_associated_peaks|spearman	correlation			0.0		abs=1e-8;NA exact	PASS
correlation|SYN_GENE_0571|H3K9me3|promoter_peaks|pearson	correlation	1	1.0	0.0		abs=1e-8;NA exact	PASS
correlation|SYN_GENE_0571|H3K9me3|promoter_peaks|spearman	correlation	1	1.0	0.0		abs=1e-8;NA exact	PASS
correlation|SYN_GENE_0571|H3K9me3|total_associated_peaks|pearson	correlation	1	1.0	0.0		abs=1e-8;NA exact	PASS
correlation|SYN_GENE_0571|H3K9me3|total_associated_peaks|spearman	correlation	1	1.0	0.0		abs=1e-8;NA exact	PASS
correlation|SYN_GENE_0572|H3K27ac|promoter_peaks|pearson	correlation			0.0		abs=1e-8;NA exact	PASS
correlation|SYN_GENE_0572|H3K27ac|promoter_peaks|spearman	correlation			0.0		abs=1e-8;NA exact	PASS
correlation|SYN_GENE_0572|H3K27ac|total_associated_peaks|pearson	correlation			0.0		abs=1e-8;NA exact	PASS
correlation|SYN_GENE_0572|H3K27ac|total_associated_peaks|spearman	correlation			0.0		abs=1e-8;NA exact	PASS
correlation|SYN_GENE_0573|H3K4me3|promoter_peaks|pearson	correlation			0.0		abs=1e-8;NA exact	PASS
correlation|SYN_GENE_0573|H3K4me3|promoter_peaks|spearman	correlation			0.0		abs=1e-8;NA exact	PASS
correlation|SYN_GENE_0573|H3K4me3|total_associated_peaks|pearson	correlation			0.0		abs=1e-8;NA exact	PASS
correlation|SYN_GENE_0573|H3K4me3|total_associated_peaks|spearman	correlation			0.0		abs=1e-8;NA exact	PASS
correlation|SYN_GENE_0574|H3K27me3|promoter_peaks|pearson	correlation			0.0		abs=1e-8;NA exact	PASS
correlation|SYN_GENE_0574|H3K27me3|promoter_peaks|spearman	correlation			0.0		abs=1e-8;NA exact	PASS
correlation|SYN_GENE_0574|H3K27me3|total_associated_peaks|pearson	correlation	1	1.0	0.0		abs=1e-8;NA exact	PASS
correlation|SYN_GENE_0574|H3K27me3|total_associated_peaks|spearman	correlation	1	1.0	0.0		abs=1e-8;NA exact	PASS
correlation|SYN_GENE_0575|H3K9me3|promoter_peaks|pearson	correlation			0.0		abs=1e-8;NA exact	PASS
correlation|SYN_GENE_0575|H3K9me3|promoter_peaks|spearman	correlation			0.0		abs=1e-8;NA exact	PASS
correlation|SYN_GENE_0575|H3K9me3|total_associated_peaks|pearson	correlation			0.0		abs=1e-8;NA exact	PASS
correlation|SYN_GENE_0575|H3K9me3|total_associated_peaks|spearman	correlation			0.0		abs=1e-8;NA exact	PASS
correlation|SYN_GENE_0576|H3K27ac|promoter_peaks|pearson	correlation	-1	-1.0	0.0		abs=1e-8;NA exact	PASS
correlation|SYN_GENE_0576|H3K27ac|promoter_peaks|spearman	correlation	-1	-1.0	0.0		abs=1e-8;NA exact	PASS
correlation|SYN_GENE_0576|H3K27ac|total_associated_peaks|pearson	correlation	-1	-1.0	0.0		abs=1e-8;NA exact	PASS
correlation|SYN_GENE_0576|H3K27ac|total_associated_peaks|spearman	correlation	-1	-1.0	0.0		abs=1e-8;NA exact	PASS
correlation|SYN_GENE_0577|H3K4me3|promoter_peaks|pearson	correlation			0.0		abs=1e-8;NA exact	PASS
correlation|SYN_GENE_0577|H3K4me3|promoter_peaks|spearman	correlation			0.0		abs=1e-8;NA exact	PASS
correlation|SYN_GENE_0577|H3K4me3|total_associated_peaks|pearson	correlation			0.0		abs=1e-8;NA exact	PASS
correlation|SYN_GENE_0577|H3K4me3|total_associated_peaks|spearman	correlation			0.0		abs=1e-8;NA exact	PASS
correlation|SYN_GENE_0578|H3K27me3|promoter_peaks|pearson	correlation			0.0		abs=1e-8;NA exact	PASS
correlation|SYN_GENE_0578|H3K27me3|promoter_peaks|spearman	correlation			0.0		abs=1e-8;NA exact	PASS
correlation|SYN_GENE_0578|H3K27me3|total_associated_peaks|pearson	correlation			0.0		abs=1e-8;NA exact	PASS
correlation|SYN_GENE_0578|H3K27me3|total_associated_peaks|spearman	correlation			0.0		abs=1e-8;NA exact	PASS
correlation|SYN_GENE_0579|H3K9me3|promoter_peaks|pearson	correlation			0.0		abs=1e-8;NA exact	PASS
correlation|SYN_GENE_0579|H3K9me3|promoter_peaks|spearman	correlation			0.0		abs=1e-8;NA exact	PASS
correlation|SYN_GENE_0579|H3K9me3|total_associated_peaks|pearson	correlation	1	1.0	0.0		abs=1e-8;NA exact	PASS
correlation|SYN_GENE_0579|H3K9me3|total_associated_peaks|spearman	correlation	1	1.0	0.0		abs=1e-8;NA exact	PASS
correlation|SYN_GENE_0580|H3K27ac|promoter_peaks|pearson	correlation			0.0		abs=1e-8;NA exact	PASS
correlation|SYN_GENE_0580|H3K27ac|promoter_peaks|spearman	correlation			0.0		abs=1e-8;NA exact	PASS
correlation|SYN_GENE_0580|H3K27ac|total_associated_peaks|pearson	correlation			0.0		abs=1e-8;NA exact	PASS
correlation|SYN_GENE_0580|H3K27ac|total_associated_peaks|spearman	correlation			0.0		abs=1e-8;NA exact	PASS
correlation|SYN_GENE_0581|H3K4me3|promoter_peaks|pearson	correlation	-1	-1.0000000000000002	2.220446049250313e-16		abs=1e-8;NA exact	PASS
correlation|SYN_GENE_0581|H3K4me3|promoter_peaks|spearman	correlation	-1	-1.0	0.0		abs=1e-8;NA exact	PASS
correlation|SYN_GENE_0581|H3K4me3|total_associated_peaks|pearson	correlation	-1	-1.0000000000000002	2.220446049250313e-16		abs=1e-8;NA exact	PASS
correlation|SYN_GENE_0581|H3K4me3|total_associated_peaks|spearman	correlation	-1	-1.0	0.0		abs=1e-8;NA exact	PASS
correlation|SYN_GENE_0582|H3K27me3|promoter_peaks|pearson	correlation			0.0		abs=1e-8;NA exact	PASS
correlation|SYN_GENE_0582|H3K27me3|promoter_peaks|spearman	correlation			0.0		abs=1e-8;NA exact	PASS
correlation|SYN_GENE_0582|H3K27me3|total_associated_peaks|pearson	correlation			0.0		abs=1e-8;NA exact	PASS
correlation|SYN_GENE_0582|H3K27me3|total_associated_peaks|spearman	correlation			0.0		abs=1e-8;NA exact	PASS
correlation|SYN_GENE_0583|H3K9me3|promoter_peaks|pearson	correlation			0.0		abs=1e-8;NA exact	PASS
correlation|SYN_GENE_0583|H3K9me3|promoter_peaks|spearman	correlation			0.0		abs=1e-8;NA exact	PASS
correlation|SYN_GENE_0583|H3K9me3|total_associated_peaks|pearson	correlation			0.0		abs=1e-8;NA exact	PASS
correlation|SYN_GENE_0583|H3K9me3|total_associated_peaks|spearman	correlation			0.0		abs=1e-8;NA exact	PASS
correlation|SYN_GENE_0584|H3K27ac|promoter_peaks|pearson	correlation			0.0		abs=1e-8;NA exact	PASS
correlation|SYN_GENE_0584|H3K27ac|promoter_peaks|spearman	correlation			0.0		abs=1e-8;NA exact	PASS
correlation|SYN_GENE_0584|H3K27ac|total_associated_peaks|pearson	correlation	-1	-1.0	0.0		abs=1e-8;NA exact	PASS
correlation|SYN_GENE_0584|H3K27ac|total_associated_peaks|spearman	correlation	-1	-1.0	0.0		abs=1e-8;NA exact	PASS
correlation|SYN_GENE_0585|H3K4me3|promoter_peaks|pearson	correlation			0.0		abs=1e-8;NA exact	PASS
correlation|SYN_GENE_0585|H3K4me3|promoter_peaks|spearman	correlation			0.0		abs=1e-8;NA exact	PASS
correlation|SYN_GENE_0585|H3K4me3|total_associated_peaks|pearson	correlation			0.0		abs=1e-8;NA exact	PASS
correlation|SYN_GENE_0585|H3K4me3|total_associated_peaks|spearman	correlation			0.0		abs=1e-8;NA exact	PASS
correlation|SYN_GENE_0586|H3K27me3|promoter_peaks|pearson	correlation	1	1.0	0.0		abs=1e-8;NA exact	PASS
correlation|SYN_GENE_0586|H3K27me3|promoter_peaks|spearman	correlation	1	1.0	0.0		abs=1e-8;NA exact	PASS
correlation|SYN_GENE_0586|H3K27me3|total_associated_peaks|pearson	correlation	1	1.0	0.0		abs=1e-8;NA exact	PASS
correlation|SYN_GENE_0586|H3K27me3|total_associated_peaks|spearman	correlation	1	1.0	0.0		abs=1e-8;NA exact	PASS
correlation|SYN_GENE_0587|H3K9me3|promoter_peaks|pearson	correlation			0.0		abs=1e-8;NA exact	PASS
correlation|SYN_GENE_0587|H3K9me3|promoter_peaks|spearman	correlation			0.0		abs=1e-8;NA exact	PASS
correlation|SYN_GENE_0587|H3K9me3|total_associated_peaks|pearson	correlation			0.0		abs=1e-8;NA exact	PASS
correlation|SYN_GENE_0587|H3K9me3|total_associated_peaks|spearman	correlation			0.0		abs=1e-8;NA exact	PASS
correlation|SYN_GENE_0588|H3K27ac|promoter_peaks|pearson	correlation			0.0		abs=1e-8;NA exact	PASS
correlation|SYN_GENE_0588|H3K27ac|promoter_peaks|spearman	correlation			0.0		abs=1e-8;NA exact	PASS
correlation|SYN_GENE_0588|H3K27ac|total_associated_peaks|pearson	correlation			0.0		abs=1e-8;NA exact	PASS
correlation|SYN_GENE_0588|H3K27ac|total_associated_peaks|spearman	correlation			0.0		abs=1e-8;NA exact	PASS
correlation|SYN_GENE_0589|H3K4me3|promoter_peaks|pearson	correlation			0.0		abs=1e-8;NA exact	PASS
correlation|SYN_GENE_0589|H3K4me3|promoter_peaks|spearman	correlation			0.0		abs=1e-8;NA exact	PASS
correlation|SYN_GENE_0589|H3K4me3|total_associated_peaks|pearson	correlation	-1	-0.9999999999999999	1.1102230246251565e-16		abs=1e-8;NA exact	PASS
correlation|SYN_GENE_0589|H3K4me3|total_associated_peaks|spearman	correlation	-1	-1.0	0.0		abs=1e-8;NA exact	PASS
correlation|SYN_GENE_0590|H3K27me3|promoter_peaks|pearson	correlation			0.0		abs=1e-8;NA exact	PASS
correlation|SYN_GENE_0590|H3K27me3|promoter_peaks|spearman	correlation			0.0		abs=1e-8;NA exact	PASS
correlation|SYN_GENE_0590|H3K27me3|total_associated_peaks|pearson	correlation			0.0		abs=1e-8;NA exact	PASS
correlation|SYN_GENE_0590|H3K27me3|total_associated_peaks|spearman	correlation			0.0		abs=1e-8;NA exact	PASS
correlation|SYN_GENE_0591|H3K9me3|promoter_peaks|pearson	correlation	1	1.0	0.0		abs=1e-8;NA exact	PASS
correlation|SYN_GENE_0591|H3K9me3|promoter_peaks|spearman	correlation	1	1.0	0.0		abs=1e-8;NA exact	PASS
correlation|SYN_GENE_0591|H3K9me3|total_associated_peaks|pearson	correlation	1	1.0	0.0		abs=1e-8;NA exact	PASS
correlation|SYN_GENE_0591|H3K9me3|total_associated_peaks|spearman	correlation	1	1.0	0.0		abs=1e-8;NA exact	PASS
correlation|SYN_GENE_0592|H3K27ac|promoter_peaks|pearson	correlation			0.0		abs=1e-8;NA exact	PASS
correlation|SYN_GENE_0592|H3K27ac|promoter_peaks|spearman	correlation			0.0		abs=1e-8;NA exact	PASS
correlation|SYN_GENE_0592|H3K27ac|total_associated_peaks|pearson	correlation			0.0		abs=1e-8;NA exact	PASS
correlation|SYN_GENE_0592|H3K27ac|total_associated_peaks|spearman	correlation			0.0		abs=1e-8;NA exact	PASS
correlation|SYN_GENE_0593|H3K4me3|promoter_peaks|pearson	correlation			0.0		abs=1e-8;NA exact	PASS
correlation|SYN_GENE_0593|H3K4me3|promoter_peaks|spearman	correlation			0.0		abs=1e-8;NA exact	PASS
correlation|SYN_GENE_0593|H3K4me3|total_associated_peaks|pearson	correlation			0.0		abs=1e-8;NA exact	PASS
correlation|SYN_GENE_0593|H3K4me3|total_associated_peaks|spearman	correlation			0.0		abs=1e-8;NA exact	PASS
correlation|SYN_GENE_0594|H3K27me3|promoter_peaks|pearson	correlation			0.0		abs=1e-8;NA exact	PASS
correlation|SYN_GENE_0594|H3K27me3|promoter_peaks|spearman	correlation			0.0		abs=1e-8;NA exact	PASS
correlation|SYN_GENE_0594|H3K27me3|total_associated_peaks|pearson	correlation	1	1.0	0.0		abs=1e-8;NA exact	PASS
correlation|SYN_GENE_0594|H3K27me3|total_associated_peaks|spearman	correlation	1	1.0	0.0		abs=1e-8;NA exact	PASS
correlation|SYN_GENE_0595|H3K9me3|promoter_peaks|pearson	correlation			0.0		abs=1e-8;NA exact	PASS
correlation|SYN_GENE_0595|H3K9me3|promoter_peaks|spearman	correlation			0.0		abs=1e-8;NA exact	PASS
correlation|SYN_GENE_0595|H3K9me3|total_associated_peaks|pearson	correlation			0.0		abs=1e-8;NA exact	PASS
correlation|SYN_GENE_0595|H3K9me3|total_associated_peaks|spearman	correlation			0.0		abs=1e-8;NA exact	PASS
correlation|SYN_GENE_0596|H3K27ac|promoter_peaks|pearson	correlation	-1	-1.0	0.0		abs=1e-8;NA exact	PASS
correlation|SYN_GENE_0596|H3K27ac|promoter_peaks|spearman	correlation	-1	-1.0	0.0		abs=1e-8;NA exact	PASS
correlation|SYN_GENE_0596|H3K27ac|total_associated_peaks|pearson	correlation	-1	-1.0	0.0		abs=1e-8;NA exact	PASS
correlation|SYN_GENE_0596|H3K27ac|total_associated_peaks|spearman	correlation	-1	-1.0	0.0		abs=1e-8;NA exact	PASS
correlation|SYN_GENE_0597|H3K4me3|promoter_peaks|pearson	correlation			0.0		abs=1e-8;NA exact	PASS
correlation|SYN_GENE_0597|H3K4me3|promoter_peaks|spearman	correlation			0.0		abs=1e-8;NA exact	PASS
correlation|SYN_GENE_0597|H3K4me3|total_associated_peaks|pearson	correlation			0.0		abs=1e-8;NA exact	PASS
correlation|SYN_GENE_0597|H3K4me3|total_associated_peaks|spearman	correlation			0.0		abs=1e-8;NA exact	PASS
correlation|SYN_GENE_0598|H3K27me3|promoter_peaks|pearson	correlation			0.0		abs=1e-8;NA exact	PASS
correlation|SYN_GENE_0598|H3K27me3|promoter_peaks|spearman	correlation			0.0		abs=1e-8;NA exact	PASS
correlation|SYN_GENE_0598|H3K27me3|total_associated_peaks|pearson	correlation			0.0		abs=1e-8;NA exact	PASS
correlation|SYN_GENE_0598|H3K27me3|total_associated_peaks|spearman	correlation			0.0		abs=1e-8;NA exact	PASS
correlation|SYN_GENE_0599|H3K9me3|promoter_peaks|pearson	correlation			0.0		abs=1e-8;NA exact	PASS
correlation|SYN_GENE_0599|H3K9me3|promoter_peaks|spearman	correlation			0.0		abs=1e-8;NA exact	PASS
correlation|SYN_GENE_0599|H3K9me3|total_associated_peaks|pearson	correlation	1	1.0	0.0		abs=1e-8;NA exact	PASS
correlation|SYN_GENE_0599|H3K9me3|total_associated_peaks|spearman	correlation	1	1.0	0.0		abs=1e-8;NA exact	PASS
correlation|SYN_GENE_0600|H3K27ac|promoter_peaks|pearson	correlation			0.0		abs=1e-8;NA exact	PASS
correlation|SYN_GENE_0600|H3K27ac|promoter_peaks|spearman	correlation			0.0		abs=1e-8;NA exact	PASS
correlation|SYN_GENE_0600|H3K27ac|total_associated_peaks|pearson	correlation			0.0		abs=1e-8;NA exact	PASS
correlation|SYN_GENE_0600|H3K27ac|total_associated_peaks|spearman	correlation			0.0		abs=1e-8;NA exact	PASS
correlation|SYN_GENE_0701|SmHP1|promoter_peaks|pearson	correlation			0.0		abs=1e-8;NA exact	PASS
correlation|SYN_GENE_0701|SmHP1|promoter_peaks|spearman	correlation			0.0		abs=1e-8;NA exact	PASS
correlation|SYN_GENE_0701|SmHP1|total_associated_peaks|pearson	correlation			0.0		abs=1e-8;NA exact	PASS
correlation|SYN_GENE_0701|SmHP1|total_associated_peaks|spearman	correlation			0.0		abs=1e-8;NA exact	PASS
correlation|SYN_GENE_0702|SYNTHETIC_UNKNOWN_MARK|promoter_peaks|pearson	correlation			0.0		abs=1e-8;NA exact	PASS
correlation|SYN_GENE_0702|SYNTHETIC_UNKNOWN_MARK|promoter_peaks|spearman	correlation			0.0		abs=1e-8;NA exact	PASS
correlation|SYN_GENE_0702|SYNTHETIC_UNKNOWN_MARK|total_associated_peaks|pearson	correlation			0.0		abs=1e-8;NA exact	PASS
correlation|SYN_GENE_0702|SYNTHETIC_UNKNOWN_MARK|total_associated_peaks|spearman	correlation			0.0		abs=1e-8;NA exact	PASS
correlation|SYN_GENE_0703|H3K9me3|promoter_peaks|pearson	correlation			0.0		abs=1e-8;NA exact	PASS
correlation|SYN_GENE_0703|H3K9me3|promoter_peaks|spearman	correlation			0.0		abs=1e-8;NA exact	PASS
correlation|SYN_GENE_0703|H3K9me3|total_associated_peaks|pearson	correlation			0.0		abs=1e-8;NA exact	PASS
correlation|SYN_GENE_0703|H3K9me3|total_associated_peaks|spearman	correlation			0.0		abs=1e-8;NA exact	PASS
correlation|SYN_GENE_0704|H3K27ac|promoter_peaks|pearson	correlation			0.0		abs=1e-8;NA exact	PASS
correlation|SYN_GENE_0704|H3K27ac|promoter_peaks|spearman	correlation			0.0		abs=1e-8;NA exact	PASS
correlation|SYN_GENE_0704|H3K27ac|total_associated_peaks|pearson	correlation			0.0		abs=1e-8;NA exact	PASS
correlation|SYN_GENE_0704|H3K27ac|total_associated_peaks|spearman	correlation			0.0		abs=1e-8;NA exact	PASS
correlation|SYN_GENE_0705|H3K4me3|promoter_peaks|pearson	correlation			0.0		abs=1e-8;NA exact	PASS
correlation|SYN_GENE_0705|H3K4me3|promoter_peaks|spearman	correlation			0.0		abs=1e-8;NA exact	PASS
correlation|SYN_GENE_0705|H3K4me3|total_associated_peaks|pearson	correlation			0.0		abs=1e-8;NA exact	PASS
correlation|SYN_GENE_0705|H3K4me3|total_associated_peaks|spearman	correlation			0.0		abs=1e-8;NA exact	PASS
correlation|SYN_GENE_0706|H3K27me3|promoter_peaks|pearson	correlation			0.0		abs=1e-8;NA exact	PASS
correlation|SYN_GENE_0706|H3K27me3|promoter_peaks|spearman	correlation			0.0		abs=1e-8;NA exact	PASS
correlation|SYN_GENE_0706|H3K27me3|total_associated_peaks|pearson	correlation			0.0		abs=1e-8;NA exact	PASS
correlation|SYN_GENE_0706|H3K27me3|total_associated_peaks|spearman	correlation			0.0		abs=1e-8;NA exact	PASS
correlation|SYN_GENE_0707|H3K9me3|promoter_peaks|pearson	correlation			0.0		abs=1e-8;NA exact	PASS
correlation|SYN_GENE_0707|H3K9me3|promoter_peaks|spearman	correlation			0.0		abs=1e-8;NA exact	PASS
correlation|SYN_GENE_0707|H3K9me3|total_associated_peaks|pearson	correlation			0.0		abs=1e-8;NA exact	PASS
correlation|SYN_GENE_0707|H3K9me3|total_associated_peaks|spearman	correlation			0.0		abs=1e-8;NA exact	PASS
correlation|SYN_GENE_0708|H3K27ac|promoter_peaks|pearson	correlation			0.0		abs=1e-8;NA exact	PASS
correlation|SYN_GENE_0708|H3K27ac|promoter_peaks|spearman	correlation			0.0		abs=1e-8;NA exact	PASS
correlation|SYN_GENE_0708|H3K27ac|total_associated_peaks|pearson	correlation			0.0		abs=1e-8;NA exact	PASS
correlation|SYN_GENE_0708|H3K27ac|total_associated_peaks|spearman	correlation			0.0		abs=1e-8;NA exact	PASS
correlation|SYN_GENE_0709|H3K4me3|promoter_peaks|pearson	correlation			0.0		abs=1e-8;NA exact	PASS
correlation|SYN_GENE_0709|H3K4me3|promoter_peaks|spearman	correlation			0.0		abs=1e-8;NA exact	PASS
correlation|SYN_GENE_0709|H3K4me3|total_associated_peaks|pearson	correlation			0.0		abs=1e-8;NA exact	PASS
correlation|SYN_GENE_0709|H3K4me3|total_associated_peaks|spearman	correlation			0.0		abs=1e-8;NA exact	PASS
correlation|SYN_GENE_0710|H3K27me3|promoter_peaks|pearson	correlation			0.0		abs=1e-8;NA exact	PASS
correlation|SYN_GENE_0710|H3K27me3|promoter_peaks|spearman	correlation			0.0		abs=1e-8;NA exact	PASS
correlation|SYN_GENE_0710|H3K27me3|total_associated_peaks|pearson	correlation			0.0		abs=1e-8;NA exact	PASS
correlation|SYN_GENE_0710|H3K27me3|total_associated_peaks|spearman	correlation			0.0		abs=1e-8;NA exact	PASS
correlation|SYN_GENE_0711|H3K9me3|promoter_peaks|pearson	correlation			0.0		abs=1e-8;NA exact	PASS
correlation|SYN_GENE_0711|H3K9me3|promoter_peaks|spearman	correlation			0.0		abs=1e-8;NA exact	PASS
correlation|SYN_GENE_0711|H3K9me3|total_associated_peaks|pearson	correlation			0.0		abs=1e-8;NA exact	PASS
correlation|SYN_GENE_0711|H3K9me3|total_associated_peaks|spearman	correlation			0.0		abs=1e-8;NA exact	PASS
correlation|SYN_GENE_0712|H3K27ac|promoter_peaks|pearson	correlation			0.0		abs=1e-8;NA exact	PASS
correlation|SYN_GENE_0712|H3K27ac|promoter_peaks|spearman	correlation			0.0		abs=1e-8;NA exact	PASS
correlation|SYN_GENE_0712|H3K27ac|total_associated_peaks|pearson	correlation			0.0		abs=1e-8;NA exact	PASS
correlation|SYN_GENE_0712|H3K27ac|total_associated_peaks|spearman	correlation			0.0		abs=1e-8;NA exact	PASS
correlation|SYN_GENE_0713|H3K4me3|promoter_peaks|pearson	correlation			0.0		abs=1e-8;NA exact	PASS
correlation|SYN_GENE_0713|H3K4me3|promoter_peaks|spearman	correlation			0.0		abs=1e-8;NA exact	PASS
correlation|SYN_GENE_0713|H3K4me3|total_associated_peaks|pearson	correlation			0.0		abs=1e-8;NA exact	PASS
correlation|SYN_GENE_0713|H3K4me3|total_associated_peaks|spearman	correlation			0.0		abs=1e-8;NA exact	PASS
correlation|SYN_GENE_0714|H3K27me3|promoter_peaks|pearson	correlation			0.0		abs=1e-8;NA exact	PASS
correlation|SYN_GENE_0714|H3K27me3|promoter_peaks|spearman	correlation			0.0		abs=1e-8;NA exact	PASS
correlation|SYN_GENE_0714|H3K27me3|total_associated_peaks|pearson	correlation			0.0		abs=1e-8;NA exact	PASS
correlation|SYN_GENE_0714|H3K27me3|total_associated_peaks|spearman	correlation			0.0		abs=1e-8;NA exact	PASS
correlation|SYN_GENE_0715|H3K9me3|promoter_peaks|pearson	correlation			0.0		abs=1e-8;NA exact	PASS
correlation|SYN_GENE_0715|H3K9me3|promoter_peaks|spearman	correlation			0.0		abs=1e-8;NA exact	PASS
correlation|SYN_GENE_0715|H3K9me3|total_associated_peaks|pearson	correlation			0.0		abs=1e-8;NA exact	PASS
correlation|SYN_GENE_0715|H3K9me3|total_associated_peaks|spearman	correlation			0.0		abs=1e-8;NA exact	PASS
correlation|SYN_GENE_0716|H3K27ac|promoter_peaks|pearson	correlation			0.0		abs=1e-8;NA exact	PASS
correlation|SYN_GENE_0716|H3K27ac|promoter_peaks|spearman	correlation			0.0		abs=1e-8;NA exact	PASS
correlation|SYN_GENE_0716|H3K27ac|total_associated_peaks|pearson	correlation			0.0		abs=1e-8;NA exact	PASS
correlation|SYN_GENE_0716|H3K27ac|total_associated_peaks|spearman	correlation			0.0		abs=1e-8;NA exact	PASS
correlation|SYN_GENE_0717|H3K4me3|promoter_peaks|pearson	correlation			0.0		abs=1e-8;NA exact	PASS
correlation|SYN_GENE_0717|H3K4me3|promoter_peaks|spearman	correlation			0.0		abs=1e-8;NA exact	PASS
correlation|SYN_GENE_0717|H3K4me3|total_associated_peaks|pearson	correlation			0.0		abs=1e-8;NA exact	PASS
correlation|SYN_GENE_0717|H3K4me3|total_associated_peaks|spearman	correlation			0.0		abs=1e-8;NA exact	PASS
correlation|SYN_GENE_0718|H3K27me3|promoter_peaks|pearson	correlation			0.0		abs=1e-8;NA exact	PASS
correlation|SYN_GENE_0718|H3K27me3|promoter_peaks|spearman	correlation			0.0		abs=1e-8;NA exact	PASS
correlation|SYN_GENE_0718|H3K27me3|total_associated_peaks|pearson	correlation			0.0		abs=1e-8;NA exact	PASS
correlation|SYN_GENE_0718|H3K27me3|total_associated_peaks|spearman	correlation			0.0		abs=1e-8;NA exact	PASS
correlation|SYN_GENE_0719|H3K9me3|promoter_peaks|pearson	correlation			0.0		abs=1e-8;NA exact	PASS
correlation|SYN_GENE_0719|H3K9me3|promoter_peaks|spearman	correlation			0.0		abs=1e-8;NA exact	PASS
correlation|SYN_GENE_0719|H3K9me3|total_associated_peaks|pearson	correlation			0.0		abs=1e-8;NA exact	PASS
correlation|SYN_GENE_0719|H3K9me3|total_associated_peaks|spearman	correlation			0.0		abs=1e-8;NA exact	PASS
correlation|SYN_GENE_0720|H3K27ac|promoter_peaks|pearson	correlation			0.0		abs=1e-8;NA exact	PASS
correlation|SYN_GENE_0720|H3K27ac|promoter_peaks|spearman	correlation			0.0		abs=1e-8;NA exact	PASS
correlation|SYN_GENE_0720|H3K27ac|total_associated_peaks|pearson	correlation			0.0		abs=1e-8;NA exact	PASS
correlation|SYN_GENE_0720|H3K27ac|total_associated_peaks|spearman	correlation			0.0		abs=1e-8;NA exact	PASS
correlation|SYN_GENE_0721|H3K4me3|promoter_peaks|pearson	correlation			0.0		abs=1e-8;NA exact	PASS
correlation|SYN_GENE_0721|H3K4me3|promoter_peaks|spearman	correlation			0.0		abs=1e-8;NA exact	PASS
correlation|SYN_GENE_0721|H3K4me3|total_associated_peaks|pearson	correlation			0.0		abs=1e-8;NA exact	PASS
correlation|SYN_GENE_0721|H3K4me3|total_associated_peaks|spearman	correlation			0.0		abs=1e-8;NA exact	PASS
correlation|SYN_GENE_0722|H3K27me3|promoter_peaks|pearson	correlation			0.0		abs=1e-8;NA exact	PASS
correlation|SYN_GENE_0722|H3K27me3|promoter_peaks|spearman	correlation			0.0		abs=1e-8;NA exact	PASS
correlation|SYN_GENE_0722|H3K27me3|total_associated_peaks|pearson	correlation			0.0		abs=1e-8;NA exact	PASS
correlation|SYN_GENE_0722|H3K27me3|total_associated_peaks|spearman	correlation			0.0		abs=1e-8;NA exact	PASS
correlation|SYN_GENE_0723|H3K9me3|promoter_peaks|pearson	correlation			0.0		abs=1e-8;NA exact	PASS
correlation|SYN_GENE_0723|H3K9me3|promoter_peaks|spearman	correlation			0.0		abs=1e-8;NA exact	PASS
correlation|SYN_GENE_0723|H3K9me3|total_associated_peaks|pearson	correlation			0.0		abs=1e-8;NA exact	PASS
correlation|SYN_GENE_0723|H3K9me3|total_associated_peaks|spearman	correlation			0.0		abs=1e-8;NA exact	PASS
correlation|SYN_GENE_0724|H3K27ac|promoter_peaks|pearson	correlation			0.0		abs=1e-8;NA exact	PASS
correlation|SYN_GENE_0724|H3K27ac|promoter_peaks|spearman	correlation			0.0		abs=1e-8;NA exact	PASS
correlation|SYN_GENE_0724|H3K27ac|total_associated_peaks|pearson	correlation			0.0		abs=1e-8;NA exact	PASS
correlation|SYN_GENE_0724|H3K27ac|total_associated_peaks|spearman	correlation			0.0		abs=1e-8;NA exact	PASS
correlation|SYN_GENE_0725|H3K4me3|promoter_peaks|pearson	correlation			0.0		abs=1e-8;NA exact	PASS
correlation|SYN_GENE_0725|H3K4me3|promoter_peaks|spearman	correlation			0.0		abs=1e-8;NA exact	PASS
correlation|SYN_GENE_0725|H3K4me3|total_associated_peaks|pearson	correlation			0.0		abs=1e-8;NA exact	PASS
correlation|SYN_GENE_0725|H3K4me3|total_associated_peaks|spearman	correlation			0.0		abs=1e-8;NA exact	PASS
correlation|SYN_GENE_0726|SmHP1|promoter_peaks|pearson	correlation			0.0		abs=1e-8;NA exact	PASS
correlation|SYN_GENE_0726|SmHP1|promoter_peaks|spearman	correlation			0.0		abs=1e-8;NA exact	PASS
correlation|SYN_GENE_0726|SmHP1|total_associated_peaks|pearson	correlation			0.0		abs=1e-8;NA exact	PASS
correlation|SYN_GENE_0726|SmHP1|total_associated_peaks|spearman	correlation			0.0		abs=1e-8;NA exact	PASS
correlation|SYN_GENE_0727|SYNTHETIC_UNKNOWN_MARK|promoter_peaks|pearson	correlation			0.0		abs=1e-8;NA exact	PASS
correlation|SYN_GENE_0727|SYNTHETIC_UNKNOWN_MARK|promoter_peaks|spearman	correlation			0.0		abs=1e-8;NA exact	PASS
correlation|SYN_GENE_0727|SYNTHETIC_UNKNOWN_MARK|total_associated_peaks|pearson	correlation			0.0		abs=1e-8;NA exact	PASS
correlation|SYN_GENE_0727|SYNTHETIC_UNKNOWN_MARK|total_associated_peaks|spearman	correlation			0.0		abs=1e-8;NA exact	PASS
correlation|SYN_GENE_0728|H3K27ac|promoter_peaks|pearson	correlation			0.0		abs=1e-8;NA exact	PASS
correlation|SYN_GENE_0728|H3K27ac|promoter_peaks|spearman	correlation			0.0		abs=1e-8;NA exact	PASS
correlation|SYN_GENE_0728|H3K27ac|total_associated_peaks|pearson	correlation			0.0		abs=1e-8;NA exact	PASS
correlation|SYN_GENE_0728|H3K27ac|total_associated_peaks|spearman	correlation			0.0		abs=1e-8;NA exact	PASS
correlation|SYN_GENE_0729|H3K4me3|promoter_peaks|pearson	correlation			0.0		abs=1e-8;NA exact	PASS
correlation|SYN_GENE_0729|H3K4me3|promoter_peaks|spearman	correlation			0.0		abs=1e-8;NA exact	PASS
correlation|SYN_GENE_0729|H3K4me3|total_associated_peaks|pearson	correlation			0.0		abs=1e-8;NA exact	PASS
correlation|SYN_GENE_0729|H3K4me3|total_associated_peaks|spearman	correlation			0.0		abs=1e-8;NA exact	PASS
correlation|SYN_GENE_0730|H3K27me3|promoter_peaks|pearson	correlation			0.0		abs=1e-8;NA exact	PASS
correlation|SYN_GENE_0730|H3K27me3|promoter_peaks|spearman	correlation			0.0		abs=1e-8;NA exact	PASS
correlation|SYN_GENE_0730|H3K27me3|total_associated_peaks|pearson	correlation			0.0		abs=1e-8;NA exact	PASS
correlation|SYN_GENE_0730|H3K27me3|total_associated_peaks|spearman	correlation			0.0		abs=1e-8;NA exact	PASS
correlation|SYN_GENE_0731|H3K9me3|promoter_peaks|pearson	correlation			0.0		abs=1e-8;NA exact	PASS
correlation|SYN_GENE_0731|H3K9me3|promoter_peaks|spearman	correlation			0.0		abs=1e-8;NA exact	PASS
correlation|SYN_GENE_0731|H3K9me3|total_associated_peaks|pearson	correlation			0.0		abs=1e-8;NA exact	PASS
correlation|SYN_GENE_0731|H3K9me3|total_associated_peaks|spearman	correlation			0.0		abs=1e-8;NA exact	PASS
correlation|SYN_GENE_0732|H3K27ac|promoter_peaks|pearson	correlation			0.0		abs=1e-8;NA exact	PASS
correlation|SYN_GENE_0732|H3K27ac|promoter_peaks|spearman	correlation			0.0		abs=1e-8;NA exact	PASS
correlation|SYN_GENE_0732|H3K27ac|total_associated_peaks|pearson	correlation			0.0		abs=1e-8;NA exact	PASS
correlation|SYN_GENE_0732|H3K27ac|total_associated_peaks|spearman	correlation			0.0		abs=1e-8;NA exact	PASS
correlation|SYN_GENE_0733|H3K4me3|promoter_peaks|pearson	correlation			0.0		abs=1e-8;NA exact	PASS
correlation|SYN_GENE_0733|H3K4me3|promoter_peaks|spearman	correlation			0.0		abs=1e-8;NA exact	PASS
correlation|SYN_GENE_0733|H3K4me3|total_associated_peaks|pearson	correlation			0.0		abs=1e-8;NA exact	PASS
correlation|SYN_GENE_0733|H3K4me3|total_associated_peaks|spearman	correlation			0.0		abs=1e-8;NA exact	PASS
correlation|SYN_GENE_0734|H3K27me3|promoter_peaks|pearson	correlation			0.0		abs=1e-8;NA exact	PASS
correlation|SYN_GENE_0734|H3K27me3|promoter_peaks|spearman	correlation			0.0		abs=1e-8;NA exact	PASS
correlation|SYN_GENE_0734|H3K27me3|total_associated_peaks|pearson	correlation			0.0		abs=1e-8;NA exact	PASS
correlation|SYN_GENE_0734|H3K27me3|total_associated_peaks|spearman	correlation			0.0		abs=1e-8;NA exact	PASS
correlation|SYN_GENE_0735|H3K9me3|promoter_peaks|pearson	correlation			0.0		abs=1e-8;NA exact	PASS
correlation|SYN_GENE_0735|H3K9me3|promoter_peaks|spearman	correlation			0.0		abs=1e-8;NA exact	PASS
correlation|SYN_GENE_0735|H3K9me3|total_associated_peaks|pearson	correlation			0.0		abs=1e-8;NA exact	PASS
correlation|SYN_GENE_0735|H3K9me3|total_associated_peaks|spearman	correlation			0.0		abs=1e-8;NA exact	PASS
correlation|SYN_GENE_0736|H3K27ac|promoter_peaks|pearson	correlation			0.0		abs=1e-8;NA exact	PASS
correlation|SYN_GENE_0736|H3K27ac|promoter_peaks|spearman	correlation			0.0		abs=1e-8;NA exact	PASS
correlation|SYN_GENE_0736|H3K27ac|total_associated_peaks|pearson	correlation			0.0		abs=1e-8;NA exact	PASS
correlation|SYN_GENE_0736|H3K27ac|total_associated_peaks|spearman	correlation			0.0		abs=1e-8;NA exact	PASS
correlation|SYN_GENE_0737|H3K4me3|promoter_peaks|pearson	correlation			0.0		abs=1e-8;NA exact	PASS
correlation|SYN_GENE_0737|H3K4me3|promoter_peaks|spearman	correlation			0.0		abs=1e-8;NA exact	PASS
correlation|SYN_GENE_0737|H3K4me3|total_associated_peaks|pearson	correlation			0.0		abs=1e-8;NA exact	PASS
correlation|SYN_GENE_0737|H3K4me3|total_associated_peaks|spearman	correlation			0.0		abs=1e-8;NA exact	PASS
correlation|SYN_GENE_0738|H3K27me3|promoter_peaks|pearson	correlation			0.0		abs=1e-8;NA exact	PASS
correlation|SYN_GENE_0738|H3K27me3|promoter_peaks|spearman	correlation			0.0		abs=1e-8;NA exact	PASS
correlation|SYN_GENE_0738|H3K27me3|total_associated_peaks|pearson	correlation			0.0		abs=1e-8;NA exact	PASS
correlation|SYN_GENE_0738|H3K27me3|total_associated_peaks|spearman	correlation			0.0		abs=1e-8;NA exact	PASS
correlation|SYN_GENE_0739|H3K9me3|promoter_peaks|pearson	correlation			0.0		abs=1e-8;NA exact	PASS
correlation|SYN_GENE_0739|H3K9me3|promoter_peaks|spearman	correlation			0.0		abs=1e-8;NA exact	PASS
correlation|SYN_GENE_0739|H3K9me3|total_associated_peaks|pearson	correlation			0.0		abs=1e-8;NA exact	PASS
correlation|SYN_GENE_0739|H3K9me3|total_associated_peaks|spearman	correlation			0.0		abs=1e-8;NA exact	PASS
correlation|SYN_GENE_0740|H3K27ac|promoter_peaks|pearson	correlation			0.0		abs=1e-8;NA exact	PASS
correlation|SYN_GENE_0740|H3K27ac|promoter_peaks|spearman	correlation			0.0		abs=1e-8;NA exact	PASS
correlation|SYN_GENE_0740|H3K27ac|total_associated_peaks|pearson	correlation			0.0		abs=1e-8;NA exact	PASS
correlation|SYN_GENE_0740|H3K27ac|total_associated_peaks|spearman	correlation			0.0		abs=1e-8;NA exact	PASS
correlation|SYN_GENE_0741|H3K4me3|promoter_peaks|pearson	correlation			0.0		abs=1e-8;NA exact	PASS
correlation|SYN_GENE_0741|H3K4me3|promoter_peaks|spearman	correlation			0.0		abs=1e-8;NA exact	PASS
correlation|SYN_GENE_0741|H3K4me3|total_associated_peaks|pearson	correlation			0.0		abs=1e-8;NA exact	PASS
correlation|SYN_GENE_0741|H3K4me3|total_associated_peaks|spearman	correlation			0.0		abs=1e-8;NA exact	PASS
correlation|SYN_GENE_0742|H3K27me3|promoter_peaks|pearson	correlation			0.0		abs=1e-8;NA exact	PASS
correlation|SYN_GENE_0742|H3K27me3|promoter_peaks|spearman	correlation			0.0		abs=1e-8;NA exact	PASS
correlation|SYN_GENE_0742|H3K27me3|total_associated_peaks|pearson	correlation			0.0		abs=1e-8;NA exact	PASS
correlation|SYN_GENE_0742|H3K27me3|total_associated_peaks|spearman	correlation			0.0		abs=1e-8;NA exact	PASS
correlation|SYN_GENE_0743|H3K9me3|promoter_peaks|pearson	correlation			0.0		abs=1e-8;NA exact	PASS
correlation|SYN_GENE_0743|H3K9me3|promoter_peaks|spearman	correlation			0.0		abs=1e-8;NA exact	PASS
correlation|SYN_GENE_0743|H3K9me3|total_associated_peaks|pearson	correlation			0.0		abs=1e-8;NA exact	PASS
correlation|SYN_GENE_0743|H3K9me3|total_associated_peaks|spearman	correlation			0.0		abs=1e-8;NA exact	PASS
correlation|SYN_GENE_0744|H3K27ac|promoter_peaks|pearson	correlation			0.0		abs=1e-8;NA exact	PASS
correlation|SYN_GENE_0744|H3K27ac|promoter_peaks|spearman	correlation			0.0		abs=1e-8;NA exact	PASS
correlation|SYN_GENE_0744|H3K27ac|total_associated_peaks|pearson	correlation			0.0		abs=1e-8;NA exact	PASS
correlation|SYN_GENE_0744|H3K27ac|total_associated_peaks|spearman	correlation			0.0		abs=1e-8;NA exact	PASS
correlation|SYN_GENE_0745|H3K4me3|promoter_peaks|pearson	correlation			0.0		abs=1e-8;NA exact	PASS
correlation|SYN_GENE_0745|H3K4me3|promoter_peaks|spearman	correlation			0.0		abs=1e-8;NA exact	PASS
correlation|SYN_GENE_0745|H3K4me3|total_associated_peaks|pearson	correlation			0.0		abs=1e-8;NA exact	PASS
correlation|SYN_GENE_0745|H3K4me3|total_associated_peaks|spearman	correlation			0.0		abs=1e-8;NA exact	PASS
correlation|SYN_GENE_0746|H3K27me3|promoter_peaks|pearson	correlation			0.0		abs=1e-8;NA exact	PASS
correlation|SYN_GENE_0746|H3K27me3|promoter_peaks|spearman	correlation			0.0		abs=1e-8;NA exact	PASS
correlation|SYN_GENE_0746|H3K27me3|total_associated_peaks|pearson	correlation			0.0		abs=1e-8;NA exact	PASS
correlation|SYN_GENE_0746|H3K27me3|total_associated_peaks|spearman	correlation			0.0		abs=1e-8;NA exact	PASS
correlation|SYN_GENE_0747|H3K9me3|promoter_peaks|pearson	correlation			0.0		abs=1e-8;NA exact	PASS
correlation|SYN_GENE_0747|H3K9me3|promoter_peaks|spearman	correlation			0.0		abs=1e-8;NA exact	PASS
correlation|SYN_GENE_0747|H3K9me3|total_associated_peaks|pearson	correlation			0.0		abs=1e-8;NA exact	PASS
correlation|SYN_GENE_0747|H3K9me3|total_associated_peaks|spearman	correlation			0.0		abs=1e-8;NA exact	PASS
correlation|SYN_GENE_0748|H3K27ac|promoter_peaks|pearson	correlation			0.0		abs=1e-8;NA exact	PASS
correlation|SYN_GENE_0748|H3K27ac|promoter_peaks|spearman	correlation			0.0		abs=1e-8;NA exact	PASS
correlation|SYN_GENE_0748|H3K27ac|total_associated_peaks|pearson	correlation			0.0		abs=1e-8;NA exact	PASS
correlation|SYN_GENE_0748|H3K27ac|total_associated_peaks|spearman	correlation			0.0		abs=1e-8;NA exact	PASS
correlation|SYN_GENE_0749|H3K4me3|promoter_peaks|pearson	correlation			0.0		abs=1e-8;NA exact	PASS
correlation|SYN_GENE_0749|H3K4me3|promoter_peaks|spearman	correlation			0.0		abs=1e-8;NA exact	PASS
correlation|SYN_GENE_0749|H3K4me3|total_associated_peaks|pearson	correlation			0.0		abs=1e-8;NA exact	PASS
correlation|SYN_GENE_0749|H3K4me3|total_associated_peaks|spearman	correlation			0.0		abs=1e-8;NA exact	PASS
correlation|SYN_GENE_0750|H3K27me3|promoter_peaks|pearson	correlation			0.0		abs=1e-8;NA exact	PASS
correlation|SYN_GENE_0750|H3K27me3|promoter_peaks|spearman	correlation			0.0		abs=1e-8;NA exact	PASS
correlation|SYN_GENE_0750|H3K27me3|total_associated_peaks|pearson	correlation			0.0		abs=1e-8;NA exact	PASS
correlation|SYN_GENE_0750|H3K27me3|total_associated_peaks|spearman	correlation			0.0		abs=1e-8;NA exact	PASS
correlation|SYN_GENE_0751|SmHP1|promoter_peaks|pearson	correlation			0.0		abs=1e-8;NA exact	PASS
correlation|SYN_GENE_0751|SmHP1|promoter_peaks|spearman	correlation			0.0		abs=1e-8;NA exact	PASS
correlation|SYN_GENE_0751|SmHP1|total_associated_peaks|pearson	correlation			0.0		abs=1e-8;NA exact	PASS
correlation|SYN_GENE_0751|SmHP1|total_associated_peaks|spearman	correlation			0.0		abs=1e-8;NA exact	PASS
correlation|SYN_GENE_0752|SYNTHETIC_UNKNOWN_MARK|promoter_peaks|pearson	correlation			0.0		abs=1e-8;NA exact	PASS
correlation|SYN_GENE_0752|SYNTHETIC_UNKNOWN_MARK|promoter_peaks|spearman	correlation			0.0		abs=1e-8;NA exact	PASS
correlation|SYN_GENE_0752|SYNTHETIC_UNKNOWN_MARK|total_associated_peaks|pearson	correlation			0.0		abs=1e-8;NA exact	PASS
correlation|SYN_GENE_0752|SYNTHETIC_UNKNOWN_MARK|total_associated_peaks|spearman	correlation			0.0		abs=1e-8;NA exact	PASS
correlation|SYN_GENE_0753|H3K4me3|promoter_peaks|pearson	correlation			0.0		abs=1e-8;NA exact	PASS
correlation|SYN_GENE_0753|H3K4me3|promoter_peaks|spearman	correlation			0.0		abs=1e-8;NA exact	PASS
correlation|SYN_GENE_0753|H3K4me3|total_associated_peaks|pearson	correlation			0.0		abs=1e-8;NA exact	PASS
correlation|SYN_GENE_0753|H3K4me3|total_associated_peaks|spearman	correlation			0.0		abs=1e-8;NA exact	PASS
correlation|SYN_GENE_0754|H3K27me3|promoter_peaks|pearson	correlation			0.0		abs=1e-8;NA exact	PASS
correlation|SYN_GENE_0754|H3K27me3|promoter_peaks|spearman	correlation			0.0		abs=1e-8;NA exact	PASS
correlation|SYN_GENE_0754|H3K27me3|total_associated_peaks|pearson	correlation			0.0		abs=1e-8;NA exact	PASS
correlation|SYN_GENE_0754|H3K27me3|total_associated_peaks|spearman	correlation			0.0		abs=1e-8;NA exact	PASS
correlation|SYN_GENE_0755|H3K9me3|promoter_peaks|pearson	correlation			0.0		abs=1e-8;NA exact	PASS
correlation|SYN_GENE_0755|H3K9me3|promoter_peaks|spearman	correlation			0.0		abs=1e-8;NA exact	PASS
correlation|SYN_GENE_0755|H3K9me3|total_associated_peaks|pearson	correlation			0.0		abs=1e-8;NA exact	PASS
correlation|SYN_GENE_0755|H3K9me3|total_associated_peaks|spearman	correlation			0.0		abs=1e-8;NA exact	PASS
correlation|SYN_GENE_0756|H3K27ac|promoter_peaks|pearson	correlation			0.0		abs=1e-8;NA exact	PASS
correlation|SYN_GENE_0756|H3K27ac|promoter_peaks|spearman	correlation			0.0		abs=1e-8;NA exact	PASS
correlation|SYN_GENE_0756|H3K27ac|total_associated_peaks|pearson	correlation			0.0		abs=1e-8;NA exact	PASS
correlation|SYN_GENE_0756|H3K27ac|total_associated_peaks|spearman	correlation			0.0		abs=1e-8;NA exact	PASS
correlation|SYN_GENE_0757|H3K4me3|promoter_peaks|pearson	correlation			0.0		abs=1e-8;NA exact	PASS
correlation|SYN_GENE_0757|H3K4me3|promoter_peaks|spearman	correlation			0.0		abs=1e-8;NA exact	PASS
correlation|SYN_GENE_0757|H3K4me3|total_associated_peaks|pearson	correlation			0.0		abs=1e-8;NA exact	PASS
correlation|SYN_GENE_0757|H3K4me3|total_associated_peaks|spearman	correlation			0.0		abs=1e-8;NA exact	PASS
correlation|SYN_GENE_0758|H3K27me3|promoter_peaks|pearson	correlation			0.0		abs=1e-8;NA exact	PASS
correlation|SYN_GENE_0758|H3K27me3|promoter_peaks|spearman	correlation			0.0		abs=1e-8;NA exact	PASS
correlation|SYN_GENE_0758|H3K27me3|total_associated_peaks|pearson	correlation			0.0		abs=1e-8;NA exact	PASS
correlation|SYN_GENE_0758|H3K27me3|total_associated_peaks|spearman	correlation			0.0		abs=1e-8;NA exact	PASS
correlation|SYN_GENE_0759|H3K9me3|promoter_peaks|pearson	correlation			0.0		abs=1e-8;NA exact	PASS
correlation|SYN_GENE_0759|H3K9me3|promoter_peaks|spearman	correlation			0.0		abs=1e-8;NA exact	PASS
correlation|SYN_GENE_0759|H3K9me3|total_associated_peaks|pearson	correlation			0.0		abs=1e-8;NA exact	PASS
correlation|SYN_GENE_0759|H3K9me3|total_associated_peaks|spearman	correlation			0.0		abs=1e-8;NA exact	PASS
correlation|SYN_GENE_0760|H3K27ac|promoter_peaks|pearson	correlation			0.0		abs=1e-8;NA exact	PASS
correlation|SYN_GENE_0760|H3K27ac|promoter_peaks|spearman	correlation			0.0		abs=1e-8;NA exact	PASS
correlation|SYN_GENE_0760|H3K27ac|total_associated_peaks|pearson	correlation			0.0		abs=1e-8;NA exact	PASS
correlation|SYN_GENE_0760|H3K27ac|total_associated_peaks|spearman	correlation			0.0		abs=1e-8;NA exact	PASS
correlation|SYN_GENE_0761|H3K4me3|promoter_peaks|pearson	correlation			0.0		abs=1e-8;NA exact	PASS
correlation|SYN_GENE_0761|H3K4me3|promoter_peaks|spearman	correlation			0.0		abs=1e-8;NA exact	PASS
correlation|SYN_GENE_0761|H3K4me3|total_associated_peaks|pearson	correlation			0.0		abs=1e-8;NA exact	PASS
correlation|SYN_GENE_0761|H3K4me3|total_associated_peaks|spearman	correlation			0.0		abs=1e-8;NA exact	PASS
correlation|SYN_GENE_0762|H3K27me3|promoter_peaks|pearson	correlation			0.0		abs=1e-8;NA exact	PASS
correlation|SYN_GENE_0762|H3K27me3|promoter_peaks|spearman	correlation			0.0		abs=1e-8;NA exact	PASS
correlation|SYN_GENE_0762|H3K27me3|total_associated_peaks|pearson	correlation			0.0		abs=1e-8;NA exact	PASS
correlation|SYN_GENE_0762|H3K27me3|total_associated_peaks|spearman	correlation			0.0		abs=1e-8;NA exact	PASS
correlation|SYN_GENE_0763|H3K9me3|promoter_peaks|pearson	correlation			0.0		abs=1e-8;NA exact	PASS
correlation|SYN_GENE_0763|H3K9me3|promoter_peaks|spearman	correlation			0.0		abs=1e-8;NA exact	PASS
correlation|SYN_GENE_0763|H3K9me3|total_associated_peaks|pearson	correlation			0.0		abs=1e-8;NA exact	PASS
correlation|SYN_GENE_0763|H3K9me3|total_associated_peaks|spearman	correlation			0.0		abs=1e-8;NA exact	PASS
correlation|SYN_GENE_0764|H3K27ac|promoter_peaks|pearson	correlation			0.0		abs=1e-8;NA exact	PASS
correlation|SYN_GENE_0764|H3K27ac|promoter_peaks|spearman	correlation			0.0		abs=1e-8;NA exact	PASS
correlation|SYN_GENE_0764|H3K27ac|total_associated_peaks|pearson	correlation			0.0		abs=1e-8;NA exact	PASS
correlation|SYN_GENE_0764|H3K27ac|total_associated_peaks|spearman	correlation			0.0		abs=1e-8;NA exact	PASS
correlation|SYN_GENE_0765|H3K4me3|promoter_peaks|pearson	correlation			0.0		abs=1e-8;NA exact	PASS
correlation|SYN_GENE_0765|H3K4me3|promoter_peaks|spearman	correlation			0.0		abs=1e-8;NA exact	PASS
correlation|SYN_GENE_0765|H3K4me3|total_associated_peaks|pearson	correlation			0.0		abs=1e-8;NA exact	PASS
correlation|SYN_GENE_0765|H3K4me3|total_associated_peaks|spearman	correlation			0.0		abs=1e-8;NA exact	PASS
correlation|SYN_GENE_0766|H3K27me3|promoter_peaks|pearson	correlation			0.0		abs=1e-8;NA exact	PASS
correlation|SYN_GENE_0766|H3K27me3|promoter_peaks|spearman	correlation			0.0		abs=1e-8;NA exact	PASS
correlation|SYN_GENE_0766|H3K27me3|total_associated_peaks|pearson	correlation			0.0		abs=1e-8;NA exact	PASS
correlation|SYN_GENE_0766|H3K27me3|total_associated_peaks|spearman	correlation			0.0		abs=1e-8;NA exact	PASS
correlation|SYN_GENE_0767|H3K9me3|promoter_peaks|pearson	correlation			0.0		abs=1e-8;NA exact	PASS
correlation|SYN_GENE_0767|H3K9me3|promoter_peaks|spearman	correlation			0.0		abs=1e-8;NA exact	PASS
correlation|SYN_GENE_0767|H3K9me3|total_associated_peaks|pearson	correlation			0.0		abs=1e-8;NA exact	PASS
correlation|SYN_GENE_0767|H3K9me3|total_associated_peaks|spearman	correlation			0.0		abs=1e-8;NA exact	PASS
correlation|SYN_GENE_0768|H3K27ac|promoter_peaks|pearson	correlation			0.0		abs=1e-8;NA exact	PASS
correlation|SYN_GENE_0768|H3K27ac|promoter_peaks|spearman	correlation			0.0		abs=1e-8;NA exact	PASS
correlation|SYN_GENE_0768|H3K27ac|total_associated_peaks|pearson	correlation			0.0		abs=1e-8;NA exact	PASS
correlation|SYN_GENE_0768|H3K27ac|total_associated_peaks|spearman	correlation			0.0		abs=1e-8;NA exact	PASS
correlation|SYN_GENE_0769|H3K4me3|promoter_peaks|pearson	correlation			0.0		abs=1e-8;NA exact	PASS
correlation|SYN_GENE_0769|H3K4me3|promoter_peaks|spearman	correlation			0.0		abs=1e-8;NA exact	PASS
correlation|SYN_GENE_0769|H3K4me3|total_associated_peaks|pearson	correlation			0.0		abs=1e-8;NA exact	PASS
correlation|SYN_GENE_0769|H3K4me3|total_associated_peaks|spearman	correlation			0.0		abs=1e-8;NA exact	PASS
correlation|SYN_GENE_0770|H3K27me3|promoter_peaks|pearson	correlation			0.0		abs=1e-8;NA exact	PASS
correlation|SYN_GENE_0770|H3K27me3|promoter_peaks|spearman	correlation			0.0		abs=1e-8;NA exact	PASS
correlation|SYN_GENE_0770|H3K27me3|total_associated_peaks|pearson	correlation			0.0		abs=1e-8;NA exact	PASS
correlation|SYN_GENE_0770|H3K27me3|total_associated_peaks|spearman	correlation			0.0		abs=1e-8;NA exact	PASS
correlation|SYN_GENE_0771|H3K9me3|promoter_peaks|pearson	correlation			0.0		abs=1e-8;NA exact	PASS
correlation|SYN_GENE_0771|H3K9me3|promoter_peaks|spearman	correlation			0.0		abs=1e-8;NA exact	PASS
correlation|SYN_GENE_0771|H3K9me3|total_associated_peaks|pearson	correlation			0.0		abs=1e-8;NA exact	PASS
correlation|SYN_GENE_0771|H3K9me3|total_associated_peaks|spearman	correlation			0.0		abs=1e-8;NA exact	PASS
correlation|SYN_GENE_0772|H3K27ac|promoter_peaks|pearson	correlation			0.0		abs=1e-8;NA exact	PASS
correlation|SYN_GENE_0772|H3K27ac|promoter_peaks|spearman	correlation			0.0		abs=1e-8;NA exact	PASS
correlation|SYN_GENE_0772|H3K27ac|total_associated_peaks|pearson	correlation			0.0		abs=1e-8;NA exact	PASS
correlation|SYN_GENE_0772|H3K27ac|total_associated_peaks|spearman	correlation			0.0		abs=1e-8;NA exact	PASS
correlation|SYN_GENE_0773|H3K4me3|promoter_peaks|pearson	correlation			0.0		abs=1e-8;NA exact	PASS
correlation|SYN_GENE_0773|H3K4me3|promoter_peaks|spearman	correlation			0.0		abs=1e-8;NA exact	PASS
correlation|SYN_GENE_0773|H3K4me3|total_associated_peaks|pearson	correlation			0.0		abs=1e-8;NA exact	PASS
correlation|SYN_GENE_0773|H3K4me3|total_associated_peaks|spearman	correlation			0.0		abs=1e-8;NA exact	PASS
correlation|SYN_GENE_0774|H3K27me3|promoter_peaks|pearson	correlation			0.0		abs=1e-8;NA exact	PASS
correlation|SYN_GENE_0774|H3K27me3|promoter_peaks|spearman	correlation			0.0		abs=1e-8;NA exact	PASS
correlation|SYN_GENE_0774|H3K27me3|total_associated_peaks|pearson	correlation			0.0		abs=1e-8;NA exact	PASS
correlation|SYN_GENE_0774|H3K27me3|total_associated_peaks|spearman	correlation			0.0		abs=1e-8;NA exact	PASS
correlation|SYN_GENE_0775|H3K9me3|promoter_peaks|pearson	correlation			0.0		abs=1e-8;NA exact	PASS
correlation|SYN_GENE_0775|H3K9me3|promoter_peaks|spearman	correlation			0.0		abs=1e-8;NA exact	PASS
correlation|SYN_GENE_0775|H3K9me3|total_associated_peaks|pearson	correlation			0.0		abs=1e-8;NA exact	PASS
correlation|SYN_GENE_0775|H3K9me3|total_associated_peaks|spearman	correlation			0.0		abs=1e-8;NA exact	PASS
correlation|SYN_GENE_0776|SmHP1|promoter_peaks|pearson	correlation			0.0		abs=1e-8;NA exact	PASS
correlation|SYN_GENE_0776|SmHP1|promoter_peaks|spearman	correlation			0.0		abs=1e-8;NA exact	PASS
correlation|SYN_GENE_0776|SmHP1|total_associated_peaks|pearson	correlation			0.0		abs=1e-8;NA exact	PASS
correlation|SYN_GENE_0776|SmHP1|total_associated_peaks|spearman	correlation			0.0		abs=1e-8;NA exact	PASS
correlation|SYN_GENE_0777|SYNTHETIC_UNKNOWN_MARK|promoter_peaks|pearson	correlation			0.0		abs=1e-8;NA exact	PASS
correlation|SYN_GENE_0777|SYNTHETIC_UNKNOWN_MARK|promoter_peaks|spearman	correlation			0.0		abs=1e-8;NA exact	PASS
correlation|SYN_GENE_0777|SYNTHETIC_UNKNOWN_MARK|total_associated_peaks|pearson	correlation			0.0		abs=1e-8;NA exact	PASS
correlation|SYN_GENE_0777|SYNTHETIC_UNKNOWN_MARK|total_associated_peaks|spearman	correlation			0.0		abs=1e-8;NA exact	PASS
correlation|SYN_GENE_0778|H3K27me3|promoter_peaks|pearson	correlation			0.0		abs=1e-8;NA exact	PASS
correlation|SYN_GENE_0778|H3K27me3|promoter_peaks|spearman	correlation			0.0		abs=1e-8;NA exact	PASS
correlation|SYN_GENE_0778|H3K27me3|total_associated_peaks|pearson	correlation			0.0		abs=1e-8;NA exact	PASS
correlation|SYN_GENE_0778|H3K27me3|total_associated_peaks|spearman	correlation			0.0		abs=1e-8;NA exact	PASS
correlation|SYN_GENE_0779|H3K9me3|promoter_peaks|pearson	correlation			0.0		abs=1e-8;NA exact	PASS
correlation|SYN_GENE_0779|H3K9me3|promoter_peaks|spearman	correlation			0.0		abs=1e-8;NA exact	PASS
correlation|SYN_GENE_0779|H3K9me3|total_associated_peaks|pearson	correlation			0.0		abs=1e-8;NA exact	PASS
correlation|SYN_GENE_0779|H3K9me3|total_associated_peaks|spearman	correlation			0.0		abs=1e-8;NA exact	PASS
correlation|SYN_GENE_0780|H3K27ac|promoter_peaks|pearson	correlation			0.0		abs=1e-8;NA exact	PASS
correlation|SYN_GENE_0780|H3K27ac|promoter_peaks|spearman	correlation			0.0		abs=1e-8;NA exact	PASS
correlation|SYN_GENE_0780|H3K27ac|total_associated_peaks|pearson	correlation			0.0		abs=1e-8;NA exact	PASS
correlation|SYN_GENE_0780|H3K27ac|total_associated_peaks|spearman	correlation			0.0		abs=1e-8;NA exact	PASS
correlation|SYN_GENE_0781|H3K4me3|promoter_peaks|pearson	correlation			0.0		abs=1e-8;NA exact	PASS
correlation|SYN_GENE_0781|H3K4me3|promoter_peaks|spearman	correlation			0.0		abs=1e-8;NA exact	PASS
correlation|SYN_GENE_0781|H3K4me3|total_associated_peaks|pearson	correlation			0.0		abs=1e-8;NA exact	PASS
correlation|SYN_GENE_0781|H3K4me3|total_associated_peaks|spearman	correlation			0.0		abs=1e-8;NA exact	PASS
correlation|SYN_GENE_0782|H3K27me3|promoter_peaks|pearson	correlation			0.0		abs=1e-8;NA exact	PASS
correlation|SYN_GENE_0782|H3K27me3|promoter_peaks|spearman	correlation			0.0		abs=1e-8;NA exact	PASS
correlation|SYN_GENE_0782|H3K27me3|total_associated_peaks|pearson	correlation			0.0		abs=1e-8;NA exact	PASS
correlation|SYN_GENE_0782|H3K27me3|total_associated_peaks|spearman	correlation			0.0		abs=1e-8;NA exact	PASS
correlation|SYN_GENE_0783|H3K9me3|promoter_peaks|pearson	correlation			0.0		abs=1e-8;NA exact	PASS
correlation|SYN_GENE_0783|H3K9me3|promoter_peaks|spearman	correlation			0.0		abs=1e-8;NA exact	PASS
correlation|SYN_GENE_0783|H3K9me3|total_associated_peaks|pearson	correlation			0.0		abs=1e-8;NA exact	PASS
correlation|SYN_GENE_0783|H3K9me3|total_associated_peaks|spearman	correlation			0.0		abs=1e-8;NA exact	PASS
correlation|SYN_GENE_0784|H3K27ac|promoter_peaks|pearson	correlation			0.0		abs=1e-8;NA exact	PASS
correlation|SYN_GENE_0784|H3K27ac|promoter_peaks|spearman	correlation			0.0		abs=1e-8;NA exact	PASS
correlation|SYN_GENE_0784|H3K27ac|total_associated_peaks|pearson	correlation			0.0		abs=1e-8;NA exact	PASS
correlation|SYN_GENE_0784|H3K27ac|total_associated_peaks|spearman	correlation			0.0		abs=1e-8;NA exact	PASS
correlation|SYN_GENE_0785|H3K4me3|promoter_peaks|pearson	correlation			0.0		abs=1e-8;NA exact	PASS
correlation|SYN_GENE_0785|H3K4me3|promoter_peaks|spearman	correlation			0.0		abs=1e-8;NA exact	PASS
correlation|SYN_GENE_0785|H3K4me3|total_associated_peaks|pearson	correlation			0.0		abs=1e-8;NA exact	PASS
correlation|SYN_GENE_0785|H3K4me3|total_associated_peaks|spearman	correlation			0.0		abs=1e-8;NA exact	PASS
correlation|SYN_GENE_0786|H3K27me3|promoter_peaks|pearson	correlation			0.0		abs=1e-8;NA exact	PASS
correlation|SYN_GENE_0786|H3K27me3|promoter_peaks|spearman	correlation			0.0		abs=1e-8;NA exact	PASS
correlation|SYN_GENE_0786|H3K27me3|total_associated_peaks|pearson	correlation			0.0		abs=1e-8;NA exact	PASS
correlation|SYN_GENE_0786|H3K27me3|total_associated_peaks|spearman	correlation			0.0		abs=1e-8;NA exact	PASS
correlation|SYN_GENE_0787|H3K9me3|promoter_peaks|pearson	correlation			0.0		abs=1e-8;NA exact	PASS
correlation|SYN_GENE_0787|H3K9me3|promoter_peaks|spearman	correlation			0.0		abs=1e-8;NA exact	PASS
correlation|SYN_GENE_0787|H3K9me3|total_associated_peaks|pearson	correlation			0.0		abs=1e-8;NA exact	PASS
correlation|SYN_GENE_0787|H3K9me3|total_associated_peaks|spearman	correlation			0.0		abs=1e-8;NA exact	PASS
correlation|SYN_GENE_0788|H3K27ac|promoter_peaks|pearson	correlation			0.0		abs=1e-8;NA exact	PASS
correlation|SYN_GENE_0788|H3K27ac|promoter_peaks|spearman	correlation			0.0		abs=1e-8;NA exact	PASS
correlation|SYN_GENE_0788|H3K27ac|total_associated_peaks|pearson	correlation			0.0		abs=1e-8;NA exact	PASS
correlation|SYN_GENE_0788|H3K27ac|total_associated_peaks|spearman	correlation			0.0		abs=1e-8;NA exact	PASS
correlation|SYN_GENE_0789|H3K4me3|promoter_peaks|pearson	correlation			0.0		abs=1e-8;NA exact	PASS
correlation|SYN_GENE_0789|H3K4me3|promoter_peaks|spearman	correlation			0.0		abs=1e-8;NA exact	PASS
correlation|SYN_GENE_0789|H3K4me3|total_associated_peaks|pearson	correlation			0.0		abs=1e-8;NA exact	PASS
correlation|SYN_GENE_0789|H3K4me3|total_associated_peaks|spearman	correlation			0.0		abs=1e-8;NA exact	PASS
correlation|SYN_GENE_0790|H3K27me3|promoter_peaks|pearson	correlation			0.0		abs=1e-8;NA exact	PASS
correlation|SYN_GENE_0790|H3K27me3|promoter_peaks|spearman	correlation			0.0		abs=1e-8;NA exact	PASS
correlation|SYN_GENE_0790|H3K27me3|total_associated_peaks|pearson	correlation			0.0		abs=1e-8;NA exact	PASS
correlation|SYN_GENE_0790|H3K27me3|total_associated_peaks|spearman	correlation			0.0		abs=1e-8;NA exact	PASS
correlation|SYN_GENE_0791|H3K9me3|promoter_peaks|pearson	correlation			0.0		abs=1e-8;NA exact	PASS
correlation|SYN_GENE_0791|H3K9me3|promoter_peaks|spearman	correlation			0.0		abs=1e-8;NA exact	PASS
correlation|SYN_GENE_0791|H3K9me3|total_associated_peaks|pearson	correlation			0.0		abs=1e-8;NA exact	PASS
correlation|SYN_GENE_0791|H3K9me3|total_associated_peaks|spearman	correlation			0.0		abs=1e-8;NA exact	PASS
correlation|SYN_GENE_0792|H3K27ac|promoter_peaks|pearson	correlation			0.0		abs=1e-8;NA exact	PASS
correlation|SYN_GENE_0792|H3K27ac|promoter_peaks|spearman	correlation			0.0		abs=1e-8;NA exact	PASS
correlation|SYN_GENE_0792|H3K27ac|total_associated_peaks|pearson	correlation			0.0		abs=1e-8;NA exact	PASS
correlation|SYN_GENE_0792|H3K27ac|total_associated_peaks|spearman	correlation			0.0		abs=1e-8;NA exact	PASS
correlation|SYN_GENE_0793|H3K4me3|promoter_peaks|pearson	correlation			0.0		abs=1e-8;NA exact	PASS
correlation|SYN_GENE_0793|H3K4me3|promoter_peaks|spearman	correlation			0.0		abs=1e-8;NA exact	PASS
correlation|SYN_GENE_0793|H3K4me3|total_associated_peaks|pearson	correlation			0.0		abs=1e-8;NA exact	PASS
correlation|SYN_GENE_0793|H3K4me3|total_associated_peaks|spearman	correlation			0.0		abs=1e-8;NA exact	PASS
correlation|SYN_GENE_0794|H3K27me3|promoter_peaks|pearson	correlation			0.0		abs=1e-8;NA exact	PASS
correlation|SYN_GENE_0794|H3K27me3|promoter_peaks|spearman	correlation			0.0		abs=1e-8;NA exact	PASS
correlation|SYN_GENE_0794|H3K27me3|total_associated_peaks|pearson	correlation			0.0		abs=1e-8;NA exact	PASS
correlation|SYN_GENE_0794|H3K27me3|total_associated_peaks|spearman	correlation			0.0		abs=1e-8;NA exact	PASS
correlation|SYN_GENE_0795|H3K9me3|promoter_peaks|pearson	correlation			0.0		abs=1e-8;NA exact	PASS
correlation|SYN_GENE_0795|H3K9me3|promoter_peaks|spearman	correlation			0.0		abs=1e-8;NA exact	PASS
correlation|SYN_GENE_0795|H3K9me3|total_associated_peaks|pearson	correlation			0.0		abs=1e-8;NA exact	PASS
correlation|SYN_GENE_0795|H3K9me3|total_associated_peaks|spearman	correlation			0.0		abs=1e-8;NA exact	PASS
correlation|SYN_GENE_0796|H3K27ac|promoter_peaks|pearson	correlation			0.0		abs=1e-8;NA exact	PASS
correlation|SYN_GENE_0796|H3K27ac|promoter_peaks|spearman	correlation			0.0		abs=1e-8;NA exact	PASS
correlation|SYN_GENE_0796|H3K27ac|total_associated_peaks|pearson	correlation			0.0		abs=1e-8;NA exact	PASS
correlation|SYN_GENE_0796|H3K27ac|total_associated_peaks|spearman	correlation			0.0		abs=1e-8;NA exact	PASS
correlation|SYN_GENE_0797|H3K4me3|promoter_peaks|pearson	correlation			0.0		abs=1e-8;NA exact	PASS
correlation|SYN_GENE_0797|H3K4me3|promoter_peaks|spearman	correlation			0.0		abs=1e-8;NA exact	PASS
correlation|SYN_GENE_0797|H3K4me3|total_associated_peaks|pearson	correlation			0.0		abs=1e-8;NA exact	PASS
correlation|SYN_GENE_0797|H3K4me3|total_associated_peaks|spearman	correlation			0.0		abs=1e-8;NA exact	PASS
correlation|SYN_GENE_0798|H3K27me3|promoter_peaks|pearson	correlation			0.0		abs=1e-8;NA exact	PASS
correlation|SYN_GENE_0798|H3K27me3|promoter_peaks|spearman	correlation			0.0		abs=1e-8;NA exact	PASS
correlation|SYN_GENE_0798|H3K27me3|total_associated_peaks|pearson	correlation			0.0		abs=1e-8;NA exact	PASS
correlation|SYN_GENE_0798|H3K27me3|total_associated_peaks|spearman	correlation			0.0		abs=1e-8;NA exact	PASS
correlation|SYN_GENE_0799|H3K9me3|promoter_peaks|pearson	correlation			0.0		abs=1e-8;NA exact	PASS
correlation|SYN_GENE_0799|H3K9me3|promoter_peaks|spearman	correlation			0.0		abs=1e-8;NA exact	PASS
correlation|SYN_GENE_0799|H3K9me3|total_associated_peaks|pearson	correlation			0.0		abs=1e-8;NA exact	PASS
correlation|SYN_GENE_0799|H3K9me3|total_associated_peaks|spearman	correlation			0.0		abs=1e-8;NA exact	PASS
correlation|SYN_GENE_0800|H3K27ac|promoter_peaks|pearson	correlation			0.0		abs=1e-8;NA exact	PASS
correlation|SYN_GENE_0800|H3K27ac|promoter_peaks|spearman	correlation			0.0		abs=1e-8;NA exact	PASS
correlation|SYN_GENE_0800|H3K27ac|total_associated_peaks|pearson	correlation			0.0		abs=1e-8;NA exact	PASS
correlation|SYN_GENE_0800|H3K27ac|total_associated_peaks|spearman	correlation			0.0		abs=1e-8;NA exact	PASS
correlation|SYN_GENE_0901|H3K4me3|promoter_peaks|pearson	correlation	1	1.0	0.0		abs=1e-8;NA exact	PASS
correlation|SYN_GENE_0901|H3K4me3|promoter_peaks|spearman	correlation	1	1.0	0.0		abs=1e-8;NA exact	PASS
correlation|SYN_GENE_0901|H3K4me3|total_associated_peaks|pearson	correlation	1	1.0	0.0		abs=1e-8;NA exact	PASS
correlation|SYN_GENE_0901|H3K4me3|total_associated_peaks|spearman	correlation	1	1.0	0.0		abs=1e-8;NA exact	PASS
correlation|SYN_GENE_0902|H3K27me3|promoter_peaks|pearson	correlation			0.0		abs=1e-8;NA exact	PASS
correlation|SYN_GENE_0902|H3K27me3|promoter_peaks|spearman	correlation			0.0		abs=1e-8;NA exact	PASS
correlation|SYN_GENE_0902|H3K27me3|total_associated_peaks|pearson	correlation			0.0		abs=1e-8;NA exact	PASS
correlation|SYN_GENE_0902|H3K27me3|total_associated_peaks|spearman	correlation			0.0		abs=1e-8;NA exact	PASS
correlation|SYN_GENE_0903|H3K9me3|promoter_peaks|pearson	correlation			0.0		abs=1e-8;NA exact	PASS
correlation|SYN_GENE_0903|H3K9me3|promoter_peaks|spearman	correlation			0.0		abs=1e-8;NA exact	PASS
correlation|SYN_GENE_0903|H3K9me3|total_associated_peaks|pearson	correlation			0.0		abs=1e-8;NA exact	PASS
correlation|SYN_GENE_0903|H3K9me3|total_associated_peaks|spearman	correlation			0.0		abs=1e-8;NA exact	PASS
correlation|SYN_GENE_0904|H3K27ac|promoter_peaks|pearson	correlation			0.0		abs=1e-8;NA exact	PASS
correlation|SYN_GENE_0904|H3K27ac|promoter_peaks|spearman	correlation			0.0		abs=1e-8;NA exact	PASS
correlation|SYN_GENE_0904|H3K27ac|total_associated_peaks|pearson	correlation	1	1.0	0.0		abs=1e-8;NA exact	PASS
correlation|SYN_GENE_0904|H3K27ac|total_associated_peaks|spearman	correlation	1	1.0	0.0		abs=1e-8;NA exact	PASS
correlation|SYN_GENE_0905|H3K4me3|promoter_peaks|pearson	correlation			0.0		abs=1e-8;NA exact	PASS
correlation|SYN_GENE_0905|H3K4me3|promoter_peaks|spearman	correlation			0.0		abs=1e-8;NA exact	PASS
correlation|SYN_GENE_0905|H3K4me3|total_associated_peaks|pearson	correlation			0.0		abs=1e-8;NA exact	PASS
correlation|SYN_GENE_0905|H3K4me3|total_associated_peaks|spearman	correlation			0.0		abs=1e-8;NA exact	PASS
correlation|SYN_GENE_0906|H3K27me3|promoter_peaks|pearson	correlation	-1	-1.0	0.0		abs=1e-8;NA exact	PASS
correlation|SYN_GENE_0906|H3K27me3|promoter_peaks|spearman	correlation	-1	-1.0	0.0		abs=1e-8;NA exact	PASS
correlation|SYN_GENE_0906|H3K27me3|total_associated_peaks|pearson	correlation	-1	-1.0	0.0		abs=1e-8;NA exact	PASS
correlation|SYN_GENE_0906|H3K27me3|total_associated_peaks|spearman	correlation	-1	-1.0	0.0		abs=1e-8;NA exact	PASS
correlation|SYN_GENE_0907|H3K9me3|promoter_peaks|pearson	correlation			0.0		abs=1e-8;NA exact	PASS
correlation|SYN_GENE_0907|H3K9me3|promoter_peaks|spearman	correlation			0.0		abs=1e-8;NA exact	PASS
correlation|SYN_GENE_0907|H3K9me3|total_associated_peaks|pearson	correlation			0.0		abs=1e-8;NA exact	PASS
correlation|SYN_GENE_0907|H3K9me3|total_associated_peaks|spearman	correlation			0.0		abs=1e-8;NA exact	PASS
correlation|SYN_GENE_0908|H3K27ac|promoter_peaks|pearson	correlation			0.0		abs=1e-8;NA exact	PASS
correlation|SYN_GENE_0908|H3K27ac|promoter_peaks|spearman	correlation			0.0		abs=1e-8;NA exact	PASS
correlation|SYN_GENE_0908|H3K27ac|total_associated_peaks|pearson	correlation			0.0		abs=1e-8;NA exact	PASS
correlation|SYN_GENE_0908|H3K27ac|total_associated_peaks|spearman	correlation			0.0		abs=1e-8;NA exact	PASS
correlation|SYN_GENE_0909|H3K4me3|promoter_peaks|pearson	correlation			0.0		abs=1e-8;NA exact	PASS
correlation|SYN_GENE_0909|H3K4me3|promoter_peaks|spearman	correlation			0.0		abs=1e-8;NA exact	PASS
correlation|SYN_GENE_0909|H3K4me3|total_associated_peaks|pearson	correlation	1	1.0	0.0		abs=1e-8;NA exact	PASS
correlation|SYN_GENE_0909|H3K4me3|total_associated_peaks|spearman	correlation	1	1.0	0.0		abs=1e-8;NA exact	PASS
correlation|SYN_GENE_0910|H3K27me3|promoter_peaks|pearson	correlation			0.0		abs=1e-8;NA exact	PASS
correlation|SYN_GENE_0910|H3K27me3|promoter_peaks|spearman	correlation			0.0		abs=1e-8;NA exact	PASS
correlation|SYN_GENE_0910|H3K27me3|total_associated_peaks|pearson	correlation			0.0		abs=1e-8;NA exact	PASS
correlation|SYN_GENE_0910|H3K27me3|total_associated_peaks|spearman	correlation			0.0		abs=1e-8;NA exact	PASS
correlation|SYN_GENE_0911|H3K9me3|promoter_peaks|pearson	correlation	-1	-1.0	0.0		abs=1e-8;NA exact	PASS
correlation|SYN_GENE_0911|H3K9me3|promoter_peaks|spearman	correlation	-1	-1.0	0.0		abs=1e-8;NA exact	PASS
correlation|SYN_GENE_0911|H3K9me3|total_associated_peaks|pearson	correlation	-1	-1.0	0.0		abs=1e-8;NA exact	PASS
correlation|SYN_GENE_0911|H3K9me3|total_associated_peaks|spearman	correlation	-1	-1.0	0.0		abs=1e-8;NA exact	PASS
correlation|SYN_GENE_0912|H3K27ac|promoter_peaks|pearson	correlation			0.0		abs=1e-8;NA exact	PASS
correlation|SYN_GENE_0912|H3K27ac|promoter_peaks|spearman	correlation			0.0		abs=1e-8;NA exact	PASS
correlation|SYN_GENE_0912|H3K27ac|total_associated_peaks|pearson	correlation			0.0		abs=1e-8;NA exact	PASS
correlation|SYN_GENE_0912|H3K27ac|total_associated_peaks|spearman	correlation			0.0		abs=1e-8;NA exact	PASS
correlation|SYN_GENE_0913|H3K4me3|promoter_peaks|pearson	correlation			0.0		abs=1e-8;NA exact	PASS
correlation|SYN_GENE_0913|H3K4me3|promoter_peaks|spearman	correlation			0.0		abs=1e-8;NA exact	PASS
correlation|SYN_GENE_0913|H3K4me3|total_associated_peaks|pearson	correlation			0.0		abs=1e-8;NA exact	PASS
correlation|SYN_GENE_0913|H3K4me3|total_associated_peaks|spearman	correlation			0.0		abs=1e-8;NA exact	PASS
correlation|SYN_GENE_0914|H3K27me3|promoter_peaks|pearson	correlation			0.0		abs=1e-8;NA exact	PASS
correlation|SYN_GENE_0914|H3K27me3|promoter_peaks|spearman	correlation			0.0		abs=1e-8;NA exact	PASS
correlation|SYN_GENE_0914|H3K27me3|total_associated_peaks|pearson	correlation	-1	-1.0	0.0		abs=1e-8;NA exact	PASS
correlation|SYN_GENE_0914|H3K27me3|total_associated_peaks|spearman	correlation	-1	-1.0	0.0		abs=1e-8;NA exact	PASS
correlation|SYN_GENE_0915|H3K9me3|promoter_peaks|pearson	correlation			0.0		abs=1e-8;NA exact	PASS
correlation|SYN_GENE_0915|H3K9me3|promoter_peaks|spearman	correlation			0.0		abs=1e-8;NA exact	PASS
correlation|SYN_GENE_0915|H3K9me3|total_associated_peaks|pearson	correlation			0.0		abs=1e-8;NA exact	PASS
correlation|SYN_GENE_0915|H3K9me3|total_associated_peaks|spearman	correlation			0.0		abs=1e-8;NA exact	PASS
correlation|SYN_GENE_0916|H3K27ac|promoter_peaks|pearson	correlation	1	1.0	0.0		abs=1e-8;NA exact	PASS
correlation|SYN_GENE_0916|H3K27ac|promoter_peaks|spearman	correlation	1	1.0	0.0		abs=1e-8;NA exact	PASS
correlation|SYN_GENE_0916|H3K27ac|total_associated_peaks|pearson	correlation	1	1.0	0.0		abs=1e-8;NA exact	PASS
correlation|SYN_GENE_0916|H3K27ac|total_associated_peaks|spearman	correlation	1	1.0	0.0		abs=1e-8;NA exact	PASS
correlation|SYN_GENE_0917|H3K4me3|promoter_peaks|pearson	correlation			0.0		abs=1e-8;NA exact	PASS
correlation|SYN_GENE_0917|H3K4me3|promoter_peaks|spearman	correlation			0.0		abs=1e-8;NA exact	PASS
correlation|SYN_GENE_0917|H3K4me3|total_associated_peaks|pearson	correlation			0.0		abs=1e-8;NA exact	PASS
correlation|SYN_GENE_0917|H3K4me3|total_associated_peaks|spearman	correlation			0.0		abs=1e-8;NA exact	PASS
correlation|SYN_GENE_0918|H3K27me3|promoter_peaks|pearson	correlation			0.0		abs=1e-8;NA exact	PASS
correlation|SYN_GENE_0918|H3K27me3|promoter_peaks|spearman	correlation			0.0		abs=1e-8;NA exact	PASS
correlation|SYN_GENE_0918|H3K27me3|total_associated_peaks|pearson	correlation			0.0		abs=1e-8;NA exact	PASS
correlation|SYN_GENE_0918|H3K27me3|total_associated_peaks|spearman	correlation			0.0		abs=1e-8;NA exact	PASS
correlation|SYN_GENE_0919|H3K9me3|promoter_peaks|pearson	correlation			0.0		abs=1e-8;NA exact	PASS
correlation|SYN_GENE_0919|H3K9me3|promoter_peaks|spearman	correlation			0.0		abs=1e-8;NA exact	PASS
correlation|SYN_GENE_0919|H3K9me3|total_associated_peaks|pearson	correlation	-1	-1.0	0.0		abs=1e-8;NA exact	PASS
correlation|SYN_GENE_0919|H3K9me3|total_associated_peaks|spearman	correlation	-1	-1.0	0.0		abs=1e-8;NA exact	PASS
correlation|SYN_GENE_0920|H3K27ac|promoter_peaks|pearson	correlation			0.0		abs=1e-8;NA exact	PASS
correlation|SYN_GENE_0920|H3K27ac|promoter_peaks|spearman	correlation			0.0		abs=1e-8;NA exact	PASS
correlation|SYN_GENE_0920|H3K27ac|total_associated_peaks|pearson	correlation			0.0		abs=1e-8;NA exact	PASS
correlation|SYN_GENE_0920|H3K27ac|total_associated_peaks|spearman	correlation			0.0		abs=1e-8;NA exact	PASS
correlation|SYN_GENE_0921|H3K4me3|promoter_peaks|pearson	correlation	1	1.0	0.0		abs=1e-8;NA exact	PASS
correlation|SYN_GENE_0921|H3K4me3|promoter_peaks|spearman	correlation	1	1.0	0.0		abs=1e-8;NA exact	PASS
correlation|SYN_GENE_0921|H3K4me3|total_associated_peaks|pearson	correlation	1	1.0	0.0		abs=1e-8;NA exact	PASS
correlation|SYN_GENE_0921|H3K4me3|total_associated_peaks|spearman	correlation	1	1.0	0.0		abs=1e-8;NA exact	PASS
correlation|SYN_GENE_0922|H3K27me3|promoter_peaks|pearson	correlation			0.0		abs=1e-8;NA exact	PASS
correlation|SYN_GENE_0922|H3K27me3|promoter_peaks|spearman	correlation			0.0		abs=1e-8;NA exact	PASS
correlation|SYN_GENE_0922|H3K27me3|total_associated_peaks|pearson	correlation			0.0		abs=1e-8;NA exact	PASS
correlation|SYN_GENE_0922|H3K27me3|total_associated_peaks|spearman	correlation			0.0		abs=1e-8;NA exact	PASS
correlation|SYN_GENE_0923|H3K9me3|promoter_peaks|pearson	correlation			0.0		abs=1e-8;NA exact	PASS
correlation|SYN_GENE_0923|H3K9me3|promoter_peaks|spearman	correlation			0.0		abs=1e-8;NA exact	PASS
correlation|SYN_GENE_0923|H3K9me3|total_associated_peaks|pearson	correlation			0.0		abs=1e-8;NA exact	PASS
correlation|SYN_GENE_0923|H3K9me3|total_associated_peaks|spearman	correlation			0.0		abs=1e-8;NA exact	PASS
correlation|SYN_GENE_0924|H3K27ac|promoter_peaks|pearson	correlation			0.0		abs=1e-8;NA exact	PASS
correlation|SYN_GENE_0924|H3K27ac|promoter_peaks|spearman	correlation			0.0		abs=1e-8;NA exact	PASS
correlation|SYN_GENE_0924|H3K27ac|total_associated_peaks|pearson	correlation	1	1.0	0.0		abs=1e-8;NA exact	PASS
correlation|SYN_GENE_0924|H3K27ac|total_associated_peaks|spearman	correlation	1	1.0	0.0		abs=1e-8;NA exact	PASS
correlation|SYN_GENE_0925|H3K4me3|promoter_peaks|pearson	correlation			0.0		abs=1e-8;NA exact	PASS
correlation|SYN_GENE_0925|H3K4me3|promoter_peaks|spearman	correlation			0.0		abs=1e-8;NA exact	PASS
correlation|SYN_GENE_0925|H3K4me3|total_associated_peaks|pearson	correlation			0.0		abs=1e-8;NA exact	PASS
correlation|SYN_GENE_0925|H3K4me3|total_associated_peaks|spearman	correlation			0.0		abs=1e-8;NA exact	PASS
correlation|SYN_GENE_0926|H3K27me3|promoter_peaks|pearson	correlation	-1	-1.0	0.0		abs=1e-8;NA exact	PASS
correlation|SYN_GENE_0926|H3K27me3|promoter_peaks|spearman	correlation	-1	-1.0	0.0		abs=1e-8;NA exact	PASS
correlation|SYN_GENE_0926|H3K27me3|total_associated_peaks|pearson	correlation	-1	-1.0	0.0		abs=1e-8;NA exact	PASS
correlation|SYN_GENE_0926|H3K27me3|total_associated_peaks|spearman	correlation	-1	-1.0	0.0		abs=1e-8;NA exact	PASS
correlation|SYN_GENE_0927|H3K9me3|promoter_peaks|pearson	correlation			0.0		abs=1e-8;NA exact	PASS
correlation|SYN_GENE_0927|H3K9me3|promoter_peaks|spearman	correlation			0.0		abs=1e-8;NA exact	PASS
correlation|SYN_GENE_0927|H3K9me3|total_associated_peaks|pearson	correlation			0.0		abs=1e-8;NA exact	PASS
correlation|SYN_GENE_0927|H3K9me3|total_associated_peaks|spearman	correlation			0.0		abs=1e-8;NA exact	PASS
correlation|SYN_GENE_0928|H3K27ac|promoter_peaks|pearson	correlation			0.0		abs=1e-8;NA exact	PASS
correlation|SYN_GENE_0928|H3K27ac|promoter_peaks|spearman	correlation			0.0		abs=1e-8;NA exact	PASS
correlation|SYN_GENE_0928|H3K27ac|total_associated_peaks|pearson	correlation			0.0		abs=1e-8;NA exact	PASS
correlation|SYN_GENE_0928|H3K27ac|total_associated_peaks|spearman	correlation			0.0		abs=1e-8;NA exact	PASS
correlation|SYN_GENE_0929|H3K4me3|promoter_peaks|pearson	correlation			0.0		abs=1e-8;NA exact	PASS
correlation|SYN_GENE_0929|H3K4me3|promoter_peaks|spearman	correlation			0.0		abs=1e-8;NA exact	PASS
correlation|SYN_GENE_0929|H3K4me3|total_associated_peaks|pearson	correlation	1	1.0	0.0		abs=1e-8;NA exact	PASS
correlation|SYN_GENE_0929|H3K4me3|total_associated_peaks|spearman	correlation	1	1.0	0.0		abs=1e-8;NA exact	PASS
correlation|SYN_GENE_0930|H3K27me3|promoter_peaks|pearson	correlation			0.0		abs=1e-8;NA exact	PASS
correlation|SYN_GENE_0930|H3K27me3|promoter_peaks|spearman	correlation			0.0		abs=1e-8;NA exact	PASS
correlation|SYN_GENE_0930|H3K27me3|total_associated_peaks|pearson	correlation			0.0		abs=1e-8;NA exact	PASS
correlation|SYN_GENE_0930|H3K27me3|total_associated_peaks|spearman	correlation			0.0		abs=1e-8;NA exact	PASS
correlation|SYN_GENE_0931|H3K9me3|promoter_peaks|pearson	correlation	-1	-1.0	0.0		abs=1e-8;NA exact	PASS
correlation|SYN_GENE_0931|H3K9me3|promoter_peaks|spearman	correlation	-1	-1.0	0.0		abs=1e-8;NA exact	PASS
correlation|SYN_GENE_0931|H3K9me3|total_associated_peaks|pearson	correlation	-1	-1.0	0.0		abs=1e-8;NA exact	PASS
correlation|SYN_GENE_0931|H3K9me3|total_associated_peaks|spearman	correlation	-1	-1.0	0.0		abs=1e-8;NA exact	PASS
correlation|SYN_GENE_0932|H3K27ac|promoter_peaks|pearson	correlation			0.0		abs=1e-8;NA exact	PASS
correlation|SYN_GENE_0932|H3K27ac|promoter_peaks|spearman	correlation			0.0		abs=1e-8;NA exact	PASS
correlation|SYN_GENE_0932|H3K27ac|total_associated_peaks|pearson	correlation			0.0		abs=1e-8;NA exact	PASS
correlation|SYN_GENE_0932|H3K27ac|total_associated_peaks|spearman	correlation			0.0		abs=1e-8;NA exact	PASS
correlation|SYN_GENE_0933|H3K4me3|promoter_peaks|pearson	correlation			0.0		abs=1e-8;NA exact	PASS
correlation|SYN_GENE_0933|H3K4me3|promoter_peaks|spearman	correlation			0.0		abs=1e-8;NA exact	PASS
correlation|SYN_GENE_0933|H3K4me3|total_associated_peaks|pearson	correlation			0.0		abs=1e-8;NA exact	PASS
correlation|SYN_GENE_0933|H3K4me3|total_associated_peaks|spearman	correlation			0.0		abs=1e-8;NA exact	PASS
correlation|SYN_GENE_0934|H3K27me3|promoter_peaks|pearson	correlation			0.0		abs=1e-8;NA exact	PASS
correlation|SYN_GENE_0934|H3K27me3|promoter_peaks|spearman	correlation			0.0		abs=1e-8;NA exact	PASS
correlation|SYN_GENE_0934|H3K27me3|total_associated_peaks|pearson	correlation	-1	-1.0	0.0		abs=1e-8;NA exact	PASS
correlation|SYN_GENE_0934|H3K27me3|total_associated_peaks|spearman	correlation	-1	-1.0	0.0		abs=1e-8;NA exact	PASS
correlation|SYN_GENE_0935|H3K9me3|promoter_peaks|pearson	correlation			0.0		abs=1e-8;NA exact	PASS
correlation|SYN_GENE_0935|H3K9me3|promoter_peaks|spearman	correlation			0.0		abs=1e-8;NA exact	PASS
correlation|SYN_GENE_0935|H3K9me3|total_associated_peaks|pearson	correlation			0.0		abs=1e-8;NA exact	PASS
correlation|SYN_GENE_0935|H3K9me3|total_associated_peaks|spearman	correlation			0.0		abs=1e-8;NA exact	PASS
correlation|SYN_GENE_0936|H3K27ac|promoter_peaks|pearson	correlation	1	1.0	0.0		abs=1e-8;NA exact	PASS
correlation|SYN_GENE_0936|H3K27ac|promoter_peaks|spearman	correlation	1	1.0	0.0		abs=1e-8;NA exact	PASS
correlation|SYN_GENE_0936|H3K27ac|total_associated_peaks|pearson	correlation	1	1.0	0.0		abs=1e-8;NA exact	PASS
correlation|SYN_GENE_0936|H3K27ac|total_associated_peaks|spearman	correlation	1	1.0	0.0		abs=1e-8;NA exact	PASS
correlation|SYN_GENE_0937|H3K4me3|promoter_peaks|pearson	correlation			0.0		abs=1e-8;NA exact	PASS
correlation|SYN_GENE_0937|H3K4me3|promoter_peaks|spearman	correlation			0.0		abs=1e-8;NA exact	PASS
correlation|SYN_GENE_0937|H3K4me3|total_associated_peaks|pearson	correlation			0.0		abs=1e-8;NA exact	PASS
correlation|SYN_GENE_0937|H3K4me3|total_associated_peaks|spearman	correlation			0.0		abs=1e-8;NA exact	PASS
correlation|SYN_GENE_0938|H3K27me3|promoter_peaks|pearson	correlation			0.0		abs=1e-8;NA exact	PASS
correlation|SYN_GENE_0938|H3K27me3|promoter_peaks|spearman	correlation			0.0		abs=1e-8;NA exact	PASS
correlation|SYN_GENE_0938|H3K27me3|total_associated_peaks|pearson	correlation			0.0		abs=1e-8;NA exact	PASS
correlation|SYN_GENE_0938|H3K27me3|total_associated_peaks|spearman	correlation			0.0		abs=1e-8;NA exact	PASS
correlation|SYN_GENE_0939|H3K9me3|promoter_peaks|pearson	correlation			0.0		abs=1e-8;NA exact	PASS
correlation|SYN_GENE_0939|H3K9me3|promoter_peaks|spearman	correlation			0.0		abs=1e-8;NA exact	PASS
correlation|SYN_GENE_0939|H3K9me3|total_associated_peaks|pearson	correlation	-1	-1.0	0.0		abs=1e-8;NA exact	PASS
correlation|SYN_GENE_0939|H3K9me3|total_associated_peaks|spearman	correlation	-1	-1.0	0.0		abs=1e-8;NA exact	PASS
correlation|SYN_GENE_0940|H3K27ac|promoter_peaks|pearson	correlation			0.0		abs=1e-8;NA exact	PASS
correlation|SYN_GENE_0940|H3K27ac|promoter_peaks|spearman	correlation			0.0		abs=1e-8;NA exact	PASS
correlation|SYN_GENE_0940|H3K27ac|total_associated_peaks|pearson	correlation			0.0		abs=1e-8;NA exact	PASS
correlation|SYN_GENE_0940|H3K27ac|total_associated_peaks|spearman	correlation			0.0		abs=1e-8;NA exact	PASS
correlation|SYN_GENE_0941|H3K4me3|promoter_peaks|pearson	correlation	1	1.0	0.0		abs=1e-8;NA exact	PASS
correlation|SYN_GENE_0941|H3K4me3|promoter_peaks|spearman	correlation	1	1.0	0.0		abs=1e-8;NA exact	PASS
correlation|SYN_GENE_0941|H3K4me3|total_associated_peaks|pearson	correlation	1	1.0	0.0		abs=1e-8;NA exact	PASS
correlation|SYN_GENE_0941|H3K4me3|total_associated_peaks|spearman	correlation	1	1.0	0.0		abs=1e-8;NA exact	PASS
correlation|SYN_GENE_0942|H3K27me3|promoter_peaks|pearson	correlation			0.0		abs=1e-8;NA exact	PASS
correlation|SYN_GENE_0942|H3K27me3|promoter_peaks|spearman	correlation			0.0		abs=1e-8;NA exact	PASS
correlation|SYN_GENE_0942|H3K27me3|total_associated_peaks|pearson	correlation			0.0		abs=1e-8;NA exact	PASS
correlation|SYN_GENE_0942|H3K27me3|total_associated_peaks|spearman	correlation			0.0		abs=1e-8;NA exact	PASS
correlation|SYN_GENE_0943|H3K9me3|promoter_peaks|pearson	correlation			0.0		abs=1e-8;NA exact	PASS
correlation|SYN_GENE_0943|H3K9me3|promoter_peaks|spearman	correlation			0.0		abs=1e-8;NA exact	PASS
correlation|SYN_GENE_0943|H3K9me3|total_associated_peaks|pearson	correlation			0.0		abs=1e-8;NA exact	PASS
correlation|SYN_GENE_0943|H3K9me3|total_associated_peaks|spearman	correlation			0.0		abs=1e-8;NA exact	PASS
correlation|SYN_GENE_0944|H3K27ac|promoter_peaks|pearson	correlation			0.0		abs=1e-8;NA exact	PASS
correlation|SYN_GENE_0944|H3K27ac|promoter_peaks|spearman	correlation			0.0		abs=1e-8;NA exact	PASS
correlation|SYN_GENE_0944|H3K27ac|total_associated_peaks|pearson	correlation	1	1.0	0.0		abs=1e-8;NA exact	PASS
correlation|SYN_GENE_0944|H3K27ac|total_associated_peaks|spearman	correlation	1	1.0	0.0		abs=1e-8;NA exact	PASS
correlation|SYN_GENE_0945|H3K4me3|promoter_peaks|pearson	correlation			0.0		abs=1e-8;NA exact	PASS
correlation|SYN_GENE_0945|H3K4me3|promoter_peaks|spearman	correlation			0.0		abs=1e-8;NA exact	PASS
correlation|SYN_GENE_0945|H3K4me3|total_associated_peaks|pearson	correlation			0.0		abs=1e-8;NA exact	PASS
correlation|SYN_GENE_0945|H3K4me3|total_associated_peaks|spearman	correlation			0.0		abs=1e-8;NA exact	PASS
correlation|SYN_GENE_0946|H3K27me3|promoter_peaks|pearson	correlation	-1	-1.0	0.0		abs=1e-8;NA exact	PASS
correlation|SYN_GENE_0946|H3K27me3|promoter_peaks|spearman	correlation	-1	-1.0	0.0		abs=1e-8;NA exact	PASS
correlation|SYN_GENE_0946|H3K27me3|total_associated_peaks|pearson	correlation	-1	-1.0	0.0		abs=1e-8;NA exact	PASS
correlation|SYN_GENE_0946|H3K27me3|total_associated_peaks|spearman	correlation	-1	-1.0	0.0		abs=1e-8;NA exact	PASS
correlation|SYN_GENE_0947|H3K9me3|promoter_peaks|pearson	correlation			0.0		abs=1e-8;NA exact	PASS
correlation|SYN_GENE_0947|H3K9me3|promoter_peaks|spearman	correlation			0.0		abs=1e-8;NA exact	PASS
correlation|SYN_GENE_0947|H3K9me3|total_associated_peaks|pearson	correlation			0.0		abs=1e-8;NA exact	PASS
correlation|SYN_GENE_0947|H3K9me3|total_associated_peaks|spearman	correlation			0.0		abs=1e-8;NA exact	PASS
correlation|SYN_GENE_0948|H3K27ac|promoter_peaks|pearson	correlation			0.0		abs=1e-8;NA exact	PASS
correlation|SYN_GENE_0948|H3K27ac|promoter_peaks|spearman	correlation			0.0		abs=1e-8;NA exact	PASS
correlation|SYN_GENE_0948|H3K27ac|total_associated_peaks|pearson	correlation			0.0		abs=1e-8;NA exact	PASS
correlation|SYN_GENE_0948|H3K27ac|total_associated_peaks|spearman	correlation			0.0		abs=1e-8;NA exact	PASS
correlation|SYN_GENE_0949|H3K4me3|promoter_peaks|pearson	correlation			0.0		abs=1e-8;NA exact	PASS
correlation|SYN_GENE_0949|H3K4me3|promoter_peaks|spearman	correlation			0.0		abs=1e-8;NA exact	PASS
correlation|SYN_GENE_0949|H3K4me3|total_associated_peaks|pearson	correlation	1	1.0	0.0		abs=1e-8;NA exact	PASS
correlation|SYN_GENE_0949|H3K4me3|total_associated_peaks|spearman	correlation	1	1.0	0.0		abs=1e-8;NA exact	PASS
correlation|SYN_GENE_0950|H3K27me3|promoter_peaks|pearson	correlation			0.0		abs=1e-8;NA exact	PASS
correlation|SYN_GENE_0950|H3K27me3|promoter_peaks|spearman	correlation			0.0		abs=1e-8;NA exact	PASS
correlation|SYN_GENE_0950|H3K27me3|total_associated_peaks|pearson	correlation			0.0		abs=1e-8;NA exact	PASS
correlation|SYN_GENE_0950|H3K27me3|total_associated_peaks|spearman	correlation			0.0		abs=1e-8;NA exact	PASS
correlation|SYN_GENE_0951|H3K9me3|promoter_peaks|pearson	correlation	-1	-1.0	0.0		abs=1e-8;NA exact	PASS
correlation|SYN_GENE_0951|H3K9me3|promoter_peaks|spearman	correlation	-1	-1.0	0.0		abs=1e-8;NA exact	PASS
correlation|SYN_GENE_0951|H3K9me3|total_associated_peaks|pearson	correlation	-1	-1.0	0.0		abs=1e-8;NA exact	PASS
correlation|SYN_GENE_0951|H3K9me3|total_associated_peaks|spearman	correlation	-1	-1.0	0.0		abs=1e-8;NA exact	PASS
correlation|SYN_GENE_0952|H3K27ac|promoter_peaks|pearson	correlation			0.0		abs=1e-8;NA exact	PASS
correlation|SYN_GENE_0952|H3K27ac|promoter_peaks|spearman	correlation			0.0		abs=1e-8;NA exact	PASS
correlation|SYN_GENE_0952|H3K27ac|total_associated_peaks|pearson	correlation			0.0		abs=1e-8;NA exact	PASS
correlation|SYN_GENE_0952|H3K27ac|total_associated_peaks|spearman	correlation			0.0		abs=1e-8;NA exact	PASS
correlation|SYN_GENE_0953|H3K4me3|promoter_peaks|pearson	correlation			0.0		abs=1e-8;NA exact	PASS
correlation|SYN_GENE_0953|H3K4me3|promoter_peaks|spearman	correlation			0.0		abs=1e-8;NA exact	PASS
correlation|SYN_GENE_0953|H3K4me3|total_associated_peaks|pearson	correlation			0.0		abs=1e-8;NA exact	PASS
correlation|SYN_GENE_0953|H3K4me3|total_associated_peaks|spearman	correlation			0.0		abs=1e-8;NA exact	PASS
correlation|SYN_GENE_0954|H3K27me3|promoter_peaks|pearson	correlation			0.0		abs=1e-8;NA exact	PASS
correlation|SYN_GENE_0954|H3K27me3|promoter_peaks|spearman	correlation			0.0		abs=1e-8;NA exact	PASS
correlation|SYN_GENE_0954|H3K27me3|total_associated_peaks|pearson	correlation	-1	-1.0	0.0		abs=1e-8;NA exact	PASS
correlation|SYN_GENE_0954|H3K27me3|total_associated_peaks|spearman	correlation	-1	-1.0	0.0		abs=1e-8;NA exact	PASS
correlation|SYN_GENE_0955|H3K9me3|promoter_peaks|pearson	correlation			0.0		abs=1e-8;NA exact	PASS
correlation|SYN_GENE_0955|H3K9me3|promoter_peaks|spearman	correlation			0.0		abs=1e-8;NA exact	PASS
correlation|SYN_GENE_0955|H3K9me3|total_associated_peaks|pearson	correlation			0.0		abs=1e-8;NA exact	PASS
correlation|SYN_GENE_0955|H3K9me3|total_associated_peaks|spearman	correlation			0.0		abs=1e-8;NA exact	PASS
correlation|SYN_GENE_0956|H3K27ac|promoter_peaks|pearson	correlation	1	1.0	0.0		abs=1e-8;NA exact	PASS
correlation|SYN_GENE_0956|H3K27ac|promoter_peaks|spearman	correlation	1	1.0	0.0		abs=1e-8;NA exact	PASS
correlation|SYN_GENE_0956|H3K27ac|total_associated_peaks|pearson	correlation	1	1.0	0.0		abs=1e-8;NA exact	PASS
correlation|SYN_GENE_0956|H3K27ac|total_associated_peaks|spearman	correlation	1	1.0	0.0		abs=1e-8;NA exact	PASS
correlation|SYN_GENE_0957|H3K4me3|promoter_peaks|pearson	correlation			0.0		abs=1e-8;NA exact	PASS
correlation|SYN_GENE_0957|H3K4me3|promoter_peaks|spearman	correlation			0.0		abs=1e-8;NA exact	PASS
correlation|SYN_GENE_0957|H3K4me3|total_associated_peaks|pearson	correlation			0.0		abs=1e-8;NA exact	PASS
correlation|SYN_GENE_0957|H3K4me3|total_associated_peaks|spearman	correlation			0.0		abs=1e-8;NA exact	PASS
correlation|SYN_GENE_0958|H3K27me3|promoter_peaks|pearson	correlation			0.0		abs=1e-8;NA exact	PASS
correlation|SYN_GENE_0958|H3K27me3|promoter_peaks|spearman	correlation			0.0		abs=1e-8;NA exact	PASS
correlation|SYN_GENE_0958|H3K27me3|total_associated_peaks|pearson	correlation			0.0		abs=1e-8;NA exact	PASS
correlation|SYN_GENE_0958|H3K27me3|total_associated_peaks|spearman	correlation			0.0		abs=1e-8;NA exact	PASS
correlation|SYN_GENE_0959|H3K9me3|promoter_peaks|pearson	correlation			0.0		abs=1e-8;NA exact	PASS
correlation|SYN_GENE_0959|H3K9me3|promoter_peaks|spearman	correlation			0.0		abs=1e-8;NA exact	PASS
correlation|SYN_GENE_0959|H3K9me3|total_associated_peaks|pearson	correlation	-1	-1.0	0.0		abs=1e-8;NA exact	PASS
correlation|SYN_GENE_0959|H3K9me3|total_associated_peaks|spearman	correlation	-1	-1.0	0.0		abs=1e-8;NA exact	PASS
correlation|SYN_GENE_0960|H3K27ac|promoter_peaks|pearson	correlation			0.0		abs=1e-8;NA exact	PASS
correlation|SYN_GENE_0960|H3K27ac|promoter_peaks|spearman	correlation			0.0		abs=1e-8;NA exact	PASS
correlation|SYN_GENE_0960|H3K27ac|total_associated_peaks|pearson	correlation			0.0		abs=1e-8;NA exact	PASS
correlation|SYN_GENE_0960|H3K27ac|total_associated_peaks|spearman	correlation			0.0		abs=1e-8;NA exact	PASS
correlation|SYN_GENE_0961|H3K4me3|promoter_peaks|pearson	correlation	1	1.0	0.0		abs=1e-8;NA exact	PASS
correlation|SYN_GENE_0961|H3K4me3|promoter_peaks|spearman	correlation	1	1.0	0.0		abs=1e-8;NA exact	PASS
correlation|SYN_GENE_0961|H3K4me3|total_associated_peaks|pearson	correlation	1	1.0	0.0		abs=1e-8;NA exact	PASS
correlation|SYN_GENE_0961|H3K4me3|total_associated_peaks|spearman	correlation	1	1.0	0.0		abs=1e-8;NA exact	PASS
correlation|SYN_GENE_0962|H3K27me3|promoter_peaks|pearson	correlation			0.0		abs=1e-8;NA exact	PASS
correlation|SYN_GENE_0962|H3K27me3|promoter_peaks|spearman	correlation			0.0		abs=1e-8;NA exact	PASS
correlation|SYN_GENE_0962|H3K27me3|total_associated_peaks|pearson	correlation			0.0		abs=1e-8;NA exact	PASS
correlation|SYN_GENE_0962|H3K27me3|total_associated_peaks|spearman	correlation			0.0		abs=1e-8;NA exact	PASS
correlation|SYN_GENE_0963|H3K9me3|promoter_peaks|pearson	correlation			0.0		abs=1e-8;NA exact	PASS
correlation|SYN_GENE_0963|H3K9me3|promoter_peaks|spearman	correlation			0.0		abs=1e-8;NA exact	PASS
correlation|SYN_GENE_0963|H3K9me3|total_associated_peaks|pearson	correlation			0.0		abs=1e-8;NA exact	PASS
correlation|SYN_GENE_0963|H3K9me3|total_associated_peaks|spearman	correlation			0.0		abs=1e-8;NA exact	PASS
correlation|SYN_GENE_0964|H3K27ac|promoter_peaks|pearson	correlation			0.0		abs=1e-8;NA exact	PASS
correlation|SYN_GENE_0964|H3K27ac|promoter_peaks|spearman	correlation			0.0		abs=1e-8;NA exact	PASS
correlation|SYN_GENE_0964|H3K27ac|total_associated_peaks|pearson	correlation	1	1.0	0.0		abs=1e-8;NA exact	PASS
correlation|SYN_GENE_0964|H3K27ac|total_associated_peaks|spearman	correlation	1	1.0	0.0		abs=1e-8;NA exact	PASS
correlation|SYN_GENE_0965|H3K4me3|promoter_peaks|pearson	correlation			0.0		abs=1e-8;NA exact	PASS
correlation|SYN_GENE_0965|H3K4me3|promoter_peaks|spearman	correlation			0.0		abs=1e-8;NA exact	PASS
correlation|SYN_GENE_0965|H3K4me3|total_associated_peaks|pearson	correlation			0.0		abs=1e-8;NA exact	PASS
correlation|SYN_GENE_0965|H3K4me3|total_associated_peaks|spearman	correlation			0.0		abs=1e-8;NA exact	PASS
correlation|SYN_GENE_0966|H3K27me3|promoter_peaks|pearson	correlation	-1	-1.0	0.0		abs=1e-8;NA exact	PASS
correlation|SYN_GENE_0966|H3K27me3|promoter_peaks|spearman	correlation	-1	-1.0	0.0		abs=1e-8;NA exact	PASS
correlation|SYN_GENE_0966|H3K27me3|total_associated_peaks|pearson	correlation	-1	-1.0	0.0		abs=1e-8;NA exact	PASS
correlation|SYN_GENE_0966|H3K27me3|total_associated_peaks|spearman	correlation	-1	-1.0	0.0		abs=1e-8;NA exact	PASS
correlation|SYN_GENE_0967|H3K9me3|promoter_peaks|pearson	correlation			0.0		abs=1e-8;NA exact	PASS
correlation|SYN_GENE_0967|H3K9me3|promoter_peaks|spearman	correlation			0.0		abs=1e-8;NA exact	PASS
correlation|SYN_GENE_0967|H3K9me3|total_associated_peaks|pearson	correlation			0.0		abs=1e-8;NA exact	PASS
correlation|SYN_GENE_0967|H3K9me3|total_associated_peaks|spearman	correlation			0.0		abs=1e-8;NA exact	PASS
correlation|SYN_GENE_0968|H3K27ac|promoter_peaks|pearson	correlation			0.0		abs=1e-8;NA exact	PASS
correlation|SYN_GENE_0968|H3K27ac|promoter_peaks|spearman	correlation			0.0		abs=1e-8;NA exact	PASS
correlation|SYN_GENE_0968|H3K27ac|total_associated_peaks|pearson	correlation			0.0		abs=1e-8;NA exact	PASS
correlation|SYN_GENE_0968|H3K27ac|total_associated_peaks|spearman	correlation			0.0		abs=1e-8;NA exact	PASS
correlation|SYN_GENE_0969|H3K4me3|promoter_peaks|pearson	correlation			0.0		abs=1e-8;NA exact	PASS
correlation|SYN_GENE_0969|H3K4me3|promoter_peaks|spearman	correlation			0.0		abs=1e-8;NA exact	PASS
correlation|SYN_GENE_0969|H3K4me3|total_associated_peaks|pearson	correlation	1	1.0	0.0		abs=1e-8;NA exact	PASS
correlation|SYN_GENE_0969|H3K4me3|total_associated_peaks|spearman	correlation	1	1.0	0.0		abs=1e-8;NA exact	PASS
correlation|SYN_GENE_0970|H3K27me3|promoter_peaks|pearson	correlation			0.0		abs=1e-8;NA exact	PASS
correlation|SYN_GENE_0970|H3K27me3|promoter_peaks|spearman	correlation			0.0		abs=1e-8;NA exact	PASS
correlation|SYN_GENE_0970|H3K27me3|total_associated_peaks|pearson	correlation			0.0		abs=1e-8;NA exact	PASS
correlation|SYN_GENE_0970|H3K27me3|total_associated_peaks|spearman	correlation			0.0		abs=1e-8;NA exact	PASS
correlation|SYN_GENE_0971|H3K9me3|promoter_peaks|pearson	correlation	-1	-1.0	0.0		abs=1e-8;NA exact	PASS
correlation|SYN_GENE_0971|H3K9me3|promoter_peaks|spearman	correlation	-1	-1.0	0.0		abs=1e-8;NA exact	PASS
correlation|SYN_GENE_0971|H3K9me3|total_associated_peaks|pearson	correlation	-1	-1.0	0.0		abs=1e-8;NA exact	PASS
correlation|SYN_GENE_0971|H3K9me3|total_associated_peaks|spearman	correlation	-1	-1.0	0.0		abs=1e-8;NA exact	PASS
correlation|SYN_GENE_0972|H3K27ac|promoter_peaks|pearson	correlation			0.0		abs=1e-8;NA exact	PASS
correlation|SYN_GENE_0972|H3K27ac|promoter_peaks|spearman	correlation			0.0		abs=1e-8;NA exact	PASS
correlation|SYN_GENE_0972|H3K27ac|total_associated_peaks|pearson	correlation			0.0		abs=1e-8;NA exact	PASS
correlation|SYN_GENE_0972|H3K27ac|total_associated_peaks|spearman	correlation			0.0		abs=1e-8;NA exact	PASS
correlation|SYN_GENE_0973|H3K4me3|promoter_peaks|pearson	correlation			0.0		abs=1e-8;NA exact	PASS
correlation|SYN_GENE_0973|H3K4me3|promoter_peaks|spearman	correlation			0.0		abs=1e-8;NA exact	PASS
correlation|SYN_GENE_0973|H3K4me3|total_associated_peaks|pearson	correlation			0.0		abs=1e-8;NA exact	PASS
correlation|SYN_GENE_0973|H3K4me3|total_associated_peaks|spearman	correlation			0.0		abs=1e-8;NA exact	PASS
correlation|SYN_GENE_0974|H3K27me3|promoter_peaks|pearson	correlation			0.0		abs=1e-8;NA exact	PASS
correlation|SYN_GENE_0974|H3K27me3|promoter_peaks|spearman	correlation			0.0		abs=1e-8;NA exact	PASS
correlation|SYN_GENE_0974|H3K27me3|total_associated_peaks|pearson	correlation	-1	-1.0	0.0		abs=1e-8;NA exact	PASS
correlation|SYN_GENE_0974|H3K27me3|total_associated_peaks|spearman	correlation	-1	-1.0	0.0		abs=1e-8;NA exact	PASS
correlation|SYN_GENE_0975|H3K9me3|promoter_peaks|pearson	correlation			0.0		abs=1e-8;NA exact	PASS
correlation|SYN_GENE_0975|H3K9me3|promoter_peaks|spearman	correlation			0.0		abs=1e-8;NA exact	PASS
correlation|SYN_GENE_0975|H3K9me3|total_associated_peaks|pearson	correlation			0.0		abs=1e-8;NA exact	PASS
correlation|SYN_GENE_0975|H3K9me3|total_associated_peaks|spearman	correlation			0.0		abs=1e-8;NA exact	PASS
correlation|SYN_GENE_0976|H3K27ac|promoter_peaks|pearson	correlation	1	1.0	0.0		abs=1e-8;NA exact	PASS
correlation|SYN_GENE_0976|H3K27ac|promoter_peaks|spearman	correlation	1	1.0	0.0		abs=1e-8;NA exact	PASS
correlation|SYN_GENE_0976|H3K27ac|total_associated_peaks|pearson	correlation	1	1.0	0.0		abs=1e-8;NA exact	PASS
correlation|SYN_GENE_0976|H3K27ac|total_associated_peaks|spearman	correlation	1	1.0	0.0		abs=1e-8;NA exact	PASS
correlation|SYN_GENE_0977|H3K4me3|promoter_peaks|pearson	correlation			0.0		abs=1e-8;NA exact	PASS
correlation|SYN_GENE_0977|H3K4me3|promoter_peaks|spearman	correlation			0.0		abs=1e-8;NA exact	PASS
correlation|SYN_GENE_0977|H3K4me3|total_associated_peaks|pearson	correlation			0.0		abs=1e-8;NA exact	PASS
correlation|SYN_GENE_0977|H3K4me3|total_associated_peaks|spearman	correlation			0.0		abs=1e-8;NA exact	PASS
correlation|SYN_GENE_0978|H3K27me3|promoter_peaks|pearson	correlation			0.0		abs=1e-8;NA exact	PASS
correlation|SYN_GENE_0978|H3K27me3|promoter_peaks|spearman	correlation			0.0		abs=1e-8;NA exact	PASS
correlation|SYN_GENE_0978|H3K27me3|total_associated_peaks|pearson	correlation			0.0		abs=1e-8;NA exact	PASS
correlation|SYN_GENE_0978|H3K27me3|total_associated_peaks|spearman	correlation			0.0		abs=1e-8;NA exact	PASS
correlation|SYN_GENE_0979|H3K9me3|promoter_peaks|pearson	correlation			0.0		abs=1e-8;NA exact	PASS
correlation|SYN_GENE_0979|H3K9me3|promoter_peaks|spearman	correlation			0.0		abs=1e-8;NA exact	PASS
correlation|SYN_GENE_0979|H3K9me3|total_associated_peaks|pearson	correlation	-1	-1.0	0.0		abs=1e-8;NA exact	PASS
correlation|SYN_GENE_0979|H3K9me3|total_associated_peaks|spearman	correlation	-1	-1.0	0.0		abs=1e-8;NA exact	PASS
correlation|SYN_GENE_0980|H3K27ac|promoter_peaks|pearson	correlation			0.0		abs=1e-8;NA exact	PASS
correlation|SYN_GENE_0980|H3K27ac|promoter_peaks|spearman	correlation			0.0		abs=1e-8;NA exact	PASS
correlation|SYN_GENE_0980|H3K27ac|total_associated_peaks|pearson	correlation			0.0		abs=1e-8;NA exact	PASS
correlation|SYN_GENE_0980|H3K27ac|total_associated_peaks|spearman	correlation			0.0		abs=1e-8;NA exact	PASS
correlation|SYN_GENE_0981|H3K4me3|promoter_peaks|pearson	correlation	1	1.0	0.0		abs=1e-8;NA exact	PASS
correlation|SYN_GENE_0981|H3K4me3|promoter_peaks|spearman	correlation	1	1.0	0.0		abs=1e-8;NA exact	PASS
correlation|SYN_GENE_0981|H3K4me3|total_associated_peaks|pearson	correlation	1	1.0	0.0		abs=1e-8;NA exact	PASS
correlation|SYN_GENE_0981|H3K4me3|total_associated_peaks|spearman	correlation	1	1.0	0.0		abs=1e-8;NA exact	PASS
correlation|SYN_GENE_0982|H3K27me3|promoter_peaks|pearson	correlation			0.0		abs=1e-8;NA exact	PASS
correlation|SYN_GENE_0982|H3K27me3|promoter_peaks|spearman	correlation			0.0		abs=1e-8;NA exact	PASS
correlation|SYN_GENE_0982|H3K27me3|total_associated_peaks|pearson	correlation			0.0		abs=1e-8;NA exact	PASS
correlation|SYN_GENE_0982|H3K27me3|total_associated_peaks|spearman	correlation			0.0		abs=1e-8;NA exact	PASS
correlation|SYN_GENE_0983|H3K9me3|promoter_peaks|pearson	correlation			0.0		abs=1e-8;NA exact	PASS
correlation|SYN_GENE_0983|H3K9me3|promoter_peaks|spearman	correlation			0.0		abs=1e-8;NA exact	PASS
correlation|SYN_GENE_0983|H3K9me3|total_associated_peaks|pearson	correlation			0.0		abs=1e-8;NA exact	PASS
correlation|SYN_GENE_0983|H3K9me3|total_associated_peaks|spearman	correlation			0.0		abs=1e-8;NA exact	PASS
correlation|SYN_GENE_0984|H3K27ac|promoter_peaks|pearson	correlation			0.0		abs=1e-8;NA exact	PASS
correlation|SYN_GENE_0984|H3K27ac|promoter_peaks|spearman	correlation			0.0		abs=1e-8;NA exact	PASS
correlation|SYN_GENE_0984|H3K27ac|total_associated_peaks|pearson	correlation	1	1.0	0.0		abs=1e-8;NA exact	PASS
correlation|SYN_GENE_0984|H3K27ac|total_associated_peaks|spearman	correlation	1	1.0	0.0		abs=1e-8;NA exact	PASS
correlation|SYN_GENE_0985|H3K4me3|promoter_peaks|pearson	correlation			0.0		abs=1e-8;NA exact	PASS
correlation|SYN_GENE_0985|H3K4me3|promoter_peaks|spearman	correlation			0.0		abs=1e-8;NA exact	PASS
correlation|SYN_GENE_0985|H3K4me3|total_associated_peaks|pearson	correlation			0.0		abs=1e-8;NA exact	PASS
correlation|SYN_GENE_0985|H3K4me3|total_associated_peaks|spearman	correlation			0.0		abs=1e-8;NA exact	PASS
correlation|SYN_GENE_0986|H3K27me3|promoter_peaks|pearson	correlation	-1	-1.0	0.0		abs=1e-8;NA exact	PASS
correlation|SYN_GENE_0986|H3K27me3|promoter_peaks|spearman	correlation	-1	-1.0	0.0		abs=1e-8;NA exact	PASS
correlation|SYN_GENE_0986|H3K27me3|total_associated_peaks|pearson	correlation	-1	-1.0	0.0		abs=1e-8;NA exact	PASS
correlation|SYN_GENE_0986|H3K27me3|total_associated_peaks|spearman	correlation	-1	-1.0	0.0		abs=1e-8;NA exact	PASS
correlation|SYN_GENE_0987|H3K9me3|promoter_peaks|pearson	correlation			0.0		abs=1e-8;NA exact	PASS
correlation|SYN_GENE_0987|H3K9me3|promoter_peaks|spearman	correlation			0.0		abs=1e-8;NA exact	PASS
correlation|SYN_GENE_0987|H3K9me3|total_associated_peaks|pearson	correlation			0.0		abs=1e-8;NA exact	PASS
correlation|SYN_GENE_0987|H3K9me3|total_associated_peaks|spearman	correlation			0.0		abs=1e-8;NA exact	PASS
correlation|SYN_GENE_0988|H3K27ac|promoter_peaks|pearson	correlation			0.0		abs=1e-8;NA exact	PASS
correlation|SYN_GENE_0988|H3K27ac|promoter_peaks|spearman	correlation			0.0		abs=1e-8;NA exact	PASS
correlation|SYN_GENE_0988|H3K27ac|total_associated_peaks|pearson	correlation			0.0		abs=1e-8;NA exact	PASS
correlation|SYN_GENE_0988|H3K27ac|total_associated_peaks|spearman	correlation			0.0		abs=1e-8;NA exact	PASS
correlation|SYN_GENE_0989|H3K4me3|promoter_peaks|pearson	correlation			0.0		abs=1e-8;NA exact	PASS
correlation|SYN_GENE_0989|H3K4me3|promoter_peaks|spearman	correlation			0.0		abs=1e-8;NA exact	PASS
correlation|SYN_GENE_0989|H3K4me3|total_associated_peaks|pearson	correlation	1	1.0	0.0		abs=1e-8;NA exact	PASS
correlation|SYN_GENE_0989|H3K4me3|total_associated_peaks|spearman	correlation	1	1.0	0.0		abs=1e-8;NA exact	PASS
correlation|SYN_GENE_0990|H3K27me3|promoter_peaks|pearson	correlation			0.0		abs=1e-8;NA exact	PASS
correlation|SYN_GENE_0990|H3K27me3|promoter_peaks|spearman	correlation			0.0		abs=1e-8;NA exact	PASS
correlation|SYN_GENE_0990|H3K27me3|total_associated_peaks|pearson	correlation			0.0		abs=1e-8;NA exact	PASS
correlation|SYN_GENE_0990|H3K27me3|total_associated_peaks|spearman	correlation			0.0		abs=1e-8;NA exact	PASS
correlation|SYN_GENE_0991|H3K9me3|promoter_peaks|pearson	correlation	-1	-1.0	0.0		abs=1e-8;NA exact	PASS
correlation|SYN_GENE_0991|H3K9me3|promoter_peaks|spearman	correlation	-1	-1.0	0.0		abs=1e-8;NA exact	PASS
correlation|SYN_GENE_0991|H3K9me3|total_associated_peaks|pearson	correlation	-1	-1.0	0.0		abs=1e-8;NA exact	PASS
correlation|SYN_GENE_0991|H3K9me3|total_associated_peaks|spearman	correlation	-1	-1.0	0.0		abs=1e-8;NA exact	PASS
correlation|SYN_GENE_0992|H3K27ac|promoter_peaks|pearson	correlation			0.0		abs=1e-8;NA exact	PASS
correlation|SYN_GENE_0992|H3K27ac|promoter_peaks|spearman	correlation			0.0		abs=1e-8;NA exact	PASS
correlation|SYN_GENE_0992|H3K27ac|total_associated_peaks|pearson	correlation			0.0		abs=1e-8;NA exact	PASS
correlation|SYN_GENE_0992|H3K27ac|total_associated_peaks|spearman	correlation			0.0		abs=1e-8;NA exact	PASS
correlation|SYN_GENE_0993|H3K4me3|promoter_peaks|pearson	correlation			0.0		abs=1e-8;NA exact	PASS
correlation|SYN_GENE_0993|H3K4me3|promoter_peaks|spearman	correlation			0.0		abs=1e-8;NA exact	PASS
correlation|SYN_GENE_0993|H3K4me3|total_associated_peaks|pearson	correlation			0.0		abs=1e-8;NA exact	PASS
correlation|SYN_GENE_0993|H3K4me3|total_associated_peaks|spearman	correlation			0.0		abs=1e-8;NA exact	PASS
correlation|SYN_GENE_0994|H3K27me3|promoter_peaks|pearson	correlation			0.0		abs=1e-8;NA exact	PASS
correlation|SYN_GENE_0994|H3K27me3|promoter_peaks|spearman	correlation			0.0		abs=1e-8;NA exact	PASS
correlation|SYN_GENE_0994|H3K27me3|total_associated_peaks|pearson	correlation	-1	-1.0	0.0		abs=1e-8;NA exact	PASS
correlation|SYN_GENE_0994|H3K27me3|total_associated_peaks|spearman	correlation	-1	-1.0	0.0		abs=1e-8;NA exact	PASS
correlation|SYN_GENE_0995|H3K9me3|promoter_peaks|pearson	correlation			0.0		abs=1e-8;NA exact	PASS
correlation|SYN_GENE_0995|H3K9me3|promoter_peaks|spearman	correlation			0.0		abs=1e-8;NA exact	PASS
correlation|SYN_GENE_0995|H3K9me3|total_associated_peaks|pearson	correlation			0.0		abs=1e-8;NA exact	PASS
correlation|SYN_GENE_0995|H3K9me3|total_associated_peaks|spearman	correlation			0.0		abs=1e-8;NA exact	PASS
correlation|SYN_GENE_0996|H3K27ac|promoter_peaks|pearson	correlation	1	1.0	0.0		abs=1e-8;NA exact	PASS
correlation|SYN_GENE_0996|H3K27ac|promoter_peaks|spearman	correlation	1	1.0	0.0		abs=1e-8;NA exact	PASS
correlation|SYN_GENE_0996|H3K27ac|total_associated_peaks|pearson	correlation	1	1.0	0.0		abs=1e-8;NA exact	PASS
correlation|SYN_GENE_0996|H3K27ac|total_associated_peaks|spearman	correlation	1	1.0	0.0		abs=1e-8;NA exact	PASS
correlation|SYN_GENE_0997|H3K4me3|promoter_peaks|pearson	correlation			0.0		abs=1e-8;NA exact	PASS
correlation|SYN_GENE_0997|H3K4me3|promoter_peaks|spearman	correlation			0.0		abs=1e-8;NA exact	PASS
correlation|SYN_GENE_0997|H3K4me3|total_associated_peaks|pearson	correlation			0.0		abs=1e-8;NA exact	PASS
correlation|SYN_GENE_0997|H3K4me3|total_associated_peaks|spearman	correlation			0.0		abs=1e-8;NA exact	PASS
correlation|SYN_GENE_0998|H3K27me3|promoter_peaks|pearson	correlation			0.0		abs=1e-8;NA exact	PASS
correlation|SYN_GENE_0998|H3K27me3|promoter_peaks|spearman	correlation			0.0		abs=1e-8;NA exact	PASS
correlation|SYN_GENE_0998|H3K27me3|total_associated_peaks|pearson	correlation			0.0		abs=1e-8;NA exact	PASS
correlation|SYN_GENE_0998|H3K27me3|total_associated_peaks|spearman	correlation			0.0		abs=1e-8;NA exact	PASS
correlation|SYN_GENE_0999|H3K9me3|promoter_peaks|pearson	correlation			0.0		abs=1e-8;NA exact	PASS
correlation|SYN_GENE_0999|H3K9me3|promoter_peaks|spearman	correlation			0.0		abs=1e-8;NA exact	PASS
correlation|SYN_GENE_0999|H3K9me3|total_associated_peaks|pearson	correlation	-1	-1.0	0.0		abs=1e-8;NA exact	PASS
correlation|SYN_GENE_0999|H3K9me3|total_associated_peaks|spearman	correlation	-1	-1.0	0.0		abs=1e-8;NA exact	PASS
correlation|SYN_GENE_1000|H3K27ac|promoter_peaks|pearson	correlation			0.0		abs=1e-8;NA exact	PASS
correlation|SYN_GENE_1000|H3K27ac|promoter_peaks|spearman	correlation			0.0		abs=1e-8;NA exact	PASS
correlation|SYN_GENE_1000|H3K27ac|total_associated_peaks|pearson	correlation			0.0		abs=1e-8;NA exact	PASS
correlation|SYN_GENE_1000|H3K27ac|total_associated_peaks|spearman	correlation			0.0		abs=1e-8;NA exact	PASS
