chrom	width	descriptive_gc_decile	observed_peaks	parent_pool_M	parent_capacity_ratio	random_probes
chr1	248	6	1	200	200.0	7858
chr1	255	3	1	200	200.0	591
chr1	255	6	1	200	200.0	8063
chr1	259	3	1	200	200.0	565
chr1	268	3	1	200	200.0	591
chr1	272	3	1	200	200.0	551
chr1	273	3	1	200	200.0	628
chr1	277	5	1	200	200.0	1744
chr1	279	5	1	200	200.0	1439
chr1	282	4	1	200	200.0	571
chr1	283	4	1	200	200.0	664
chr1	285	5	1	200	200.0	1490
chr1	286	3	2	200	100.0	594
chr1	286	5	1	200	200.0	1467
chr1	289	5	1	200	200.0	1522
chr1	292	3	1	200	200.0	600
chr1	292	7	1	200	200.0	53867
chr1	293	3	1	200	200.0	561
chr1	294	3	1	200	200.0	595
chr1	294	4	2	200	100.0	540
chr1	294	7	1	200	200.0	55002
chr1	299	5	1	200	200.0	1514
chr1	303	5	1	200	200.0	1462
chr1	307	4	1	200	200.0	640
chr1	307	5	2	200	100.0	1324
chr1	308	3	1	200	200.0	552
chr1	308	4	1	200	200.0	638
chr1	310	5	2	200	100.0	1526
chr1	311	3	1	200	200.0	548
chr1	311	5	1	200	200.0	1496
chr1	312	7	1	200	200.0	54492
chr1	313	4	1	200	200.0	613
chr1	313	5	1	200	200.0	1508
chr1	314	5	1	200	200.0	1403
chr1	316	3	1	200	200.0	567
chr1	316	5	2	200	100.0	1325
chr1	317	4	1	200	200.0	594
chr1	318	3	2	200	100.0	548
chr1	318	4	1	200	200.0	606
chr1	318	5	3	200	66.66666666666667	1389
chr1	319	4	1	200	200.0	629
chr1	319	5	1	200	200.0	1299
chr1	321	3	1	200	200.0	568
chr1	321	4	1	200	200.0	563
chr1	321	5	1	200	200.0	1549
chr1	322	3	1	200	200.0	589
chr1	322	4	2	200	100.0	594
chr1	323	6	1	200	200.0	9023
chr1	324	5	1	200	200.0	1523
chr1	325	4	2	200	100.0	657
chr1	327	3	1	200	200.0	632
chr1	328	4	1	200	200.0	576
chr1	328	5	1	200	200.0	1320
chr1	329	3	2	200	100.0	655
chr1	329	4	3	200	66.66666666666667	586
chr1	329	5	1	200	200.0	1387
chr1	330	3	3	200	66.66666666666667	615
chr1	331	3	2	200	100.0	556
chr1	331	4	3	200	66.66666666666667	610
chr1	331	7	1	200	200.0	57414
chr1	333	4	2	200	100.0	642
chr1	333	5	1	200	200.0	1597
chr1	334	4	4	200	50.0	610
chr1	334	5	1	200	200.0	1620
chr1	334	6	1	200	200.0	8916
chr1	335	3	3	200	66.66666666666667	546
chr1	335	4	1	200	200.0	623
chr1	335	5	2	200	100.0	1765
chr1	336	4	1	200	200.0	594
chr1	336	5	2	200	100.0	1533
chr1	337	4	5	200	40.0	578
chr1	337	5	2	200	100.0	1382
chr1	338	4	1	200	200.0	650
chr1	339	3	1	200	200.0	648
chr1	339	4	4	200	50.0	609
chr1	339	6	1	200	200.0	10726
chr1	340	3	2	200	100.0	590
chr1	340	4	1	200	200.0	559
chr1	341	4	2	200	100.0	643
chr1	342	5	2	200	100.0	1280
chr1	343	5	3	200	66.66666666666667	1424
chr1	344	3	2	200	100.0	594
chr1	344	5	2	200	100.0	1486
chr1	345	3	1	200	200.0	556
chr1	345	4	2	200	100.0	596
chr1	345	5	2	200	100.0	1590
chr1	346	3	4	200	50.0	500
chr1	346	4	1	200	200.0	646
chr1	346	5	3	200	66.66666666666667	1415
chr1	346	6	1	200	200.0	11190
chr1	347	3	1	200	200.0	605
chr1	348	4	1	200	200.0	549
chr1	348	5	1	200	200.0	1620
chr1	349	2	1	200	200.0	2808
chr1	349	3	1	200	200.0	554
chr1	349	4	4	200	50.0	585
chr1	349	5	1	200	200.0	1492
chr1	350	3	1	200	200.0	541
chr1	350	4	2	200	100.0	615
chr1	350	5	1	200	200.0	1624
chr1	351	3	2	200	100.0	549
chr1	351	4	2	200	100.0	550
chr1	352	4	3	200	66.66666666666667	594
chr1	352	5	2	200	100.0	1484
chr1	352	6	1	200	200.0	9572
chr1	353	3	3	200	66.66666666666667	592
chr1	353	4	4	200	50.0	559
chr1	353	7	1	200	200.0	55299
chr1	354	3	2	200	100.0	617
chr1	354	4	1	200	200.0	564
chr1	354	5	1	200	200.0	1348
chr1	355	3	3	200	66.66666666666667	566
chr1	355	4	1	200	200.0	532
chr1	355	5	1	200	200.0	1551
chr1	356	3	2	200	100.0	491
chr1	356	4	3	200	66.66666666666667	587
chr1	356	5	2	200	100.0	1494
chr1	356	6	1	200	200.0	9213
chr1	357	3	1	200	200.0	534
chr1	357	4	2	200	100.0	595
chr1	357	5	1	200	200.0	1681
chr1	358	3	1	200	200.0	589
chr1	358	4	1	200	200.0	620
chr1	358	5	3	200	66.66666666666667	1657
chr1	359	3	3	200	66.66666666666667	533
chr1	359	4	2	200	100.0	607
chr1	359	5	1	200	200.0	1596
chr1	360	4	3	200	66.66666666666667	572
chr1	360	6	1	200	200.0	9031
chr1	361	3	1	200	200.0	550
chr1	361	4	2	200	100.0	533
chr1	361	5	1	200	200.0	1626
chr1	362	3	3	200	66.66666666666667	534
chr1	362	4	4	200	50.0	614
chr1	362	5	1	200	200.0	1379
chr1	363	4	2	200	100.0	614
chr1	363	5	3	200	66.66666666666667	1703
chr1	363	6	1	200	200.0	8571
chr1	364	3	2	200	100.0	624
chr1	364	4	3	200	66.66666666666667	560
chr1	365	3	2	200	100.0	547
chr1	365	4	5	200	40.0	564
chr1	365	5	2	200	100.0	1528
chr1	365	7	1	200	200.0	57420
chr1	366	3	1	200	200.0	580
chr1	366	4	5	200	40.0	551
chr1	366	5	1	200	200.0	1717
chr1	367	4	3	200	66.66666666666667	557
chr1	367	5	1	200	200.0	1625
chr1	368	3	1	200	200.0	583
chr1	368	4	1	200	200.0	567
chr1	368	5	2	200	100.0	1708
chr1	369	3	1	200	200.0	601
chr1	369	4	2	200	100.0	549
chr1	369	7	1	200	200.0	60469
chr1	370	3	1	200	200.0	529
chr1	370	4	1	200	200.0	559
chr1	370	5	1	200	200.0	1726
chr1	370	6	1	200	200.0	9344
chr1	371	3	3	200	66.66666666666667	629
chr1	371	4	2	200	100.0	619
chr1	371	5	1	200	200.0	1640
chr1	372	4	2	200	100.0	580
chr1	372	5	3	200	66.66666666666667	1742
chr1	373	3	1	200	200.0	604
chr1	373	4	2	200	100.0	594
chr1	373	5	2	200	100.0	1667
chr1	374	3	2	200	100.0	528
chr1	374	4	1	200	200.0	499
chr1	375	4	3	200	66.66666666666667	541
chr1	375	5	2	200	100.0	1461
chr1	375	6	1	200	200.0	8193
chr1	376	3	2	200	100.0	578
chr1	376	4	2	200	100.0	585
chr1	376	5	2	200	100.0	1493
chr1	376	6	1	200	200.0	8288
chr1	377	2	1	200	200.0	2702
chr1	377	3	2	200	100.0	563
chr1	377	4	2	200	100.0	556
chr1	377	5	1	200	200.0	1685
chr1	378	3	1	200	200.0	566
chr1	378	4	3	200	66.66666666666667	547
chr1	378	5	1	200	200.0	1668
chr1	379	3	2	200	100.0	562
chr1	379	4	1	200	200.0	568
chr1	379	5	3	200	66.66666666666667	1756
chr1	379	6	2	200	100.0	10009
chr1	380	3	1	200	200.0	534
chr1	380	4	4	200	50.0	557
chr1	380	5	4	200	50.0	1472
chr1	381	3	6	200	33.333333333333336	577
chr1	381	4	3	200	66.66666666666667	601
chr1	381	5	2	200	100.0	1601
chr1	381	6	1	200	200.0	9109
chr1	382	4	4	200	50.0	552
chr1	382	5	2	200	100.0	1627
chr1	382	6	1	200	200.0	10353
chr1	383	3	1	200	200.0	526
chr1	383	4	5	200	40.0	602
chr1	384	3	3	200	66.66666666666667	581
chr1	384	4	2	200	100.0	594
chr1	384	5	2	200	100.0	1627
chr1	385	4	4	200	50.0	565
chr1	385	6	1	200	200.0	9486
chr1	386	3	3	200	66.66666666666667	535
chr1	386	4	2	200	100.0	610
chr1	387	3	1	200	200.0	625
chr1	387	4	1	200	200.0	568
chr1	387	5	2	200	100.0	1602
chr1	388	4	2	200	100.0	547
chr1	388	5	4	200	50.0	1550
chr1	388	6	1	200	200.0	9509
chr1	389	3	2	200	100.0	556
chr1	389	4	3	200	66.66666666666667	568
chr1	389	5	3	200	66.66666666666667	1846
chr1	390	4	5	200	40.0	622
chr1	390	5	3	200	66.66666666666667	1522
chr1	391	3	2	200	100.0	546
chr1	391	4	3	200	66.66666666666667	548
chr1	391	5	2	200	100.0	1819
chr1	392	3	1	200	200.0	562
chr1	392	4	4	200	50.0	555
chr1	392	5	1	200	200.0	1508
chr1	393	2	1	200	200.0	3358
chr1	393	3	2	200	100.0	583
chr1	393	4	2	200	100.0	517
chr1	393	5	2	200	100.0	1581
chr1	394	4	2	200	100.0	586
chr1	394	5	1	200	200.0	1492
chr1	394	6	1	200	200.0	9718
chr1	395	3	1	200	200.0	551
chr1	395	4	6	200	33.333333333333336	571
chr1	395	5	3	200	66.66666666666667	1516
chr1	395	6	1	200	200.0	8732
chr1	396	3	2	200	100.0	564
chr1	396	4	1	200	200.0	607
chr1	396	5	2	200	100.0	1622
chr1	397	3	2	200	100.0	553
chr1	397	4	2	200	100.0	559
chr1	397	5	2	200	100.0	1667
chr1	398	3	2	200	100.0	548
chr1	398	4	4	200	50.0	600
chr1	398	5	4	200	50.0	1722
chr1	399	4	2	200	100.0	533
chr1	399	5	3	200	66.66666666666667	1632
chr1	399	6	1	200	200.0	9954
chr1	400	3	3	200	66.66666666666667	522
chr1	400	4	2	200	100.0	584
chr1	400	5	1	200	200.0	1692
chr1	401	3	1	200	200.0	561
chr1	401	4	6	200	33.333333333333336	553
chr1	401	5	3	200	66.66666666666667	1779
chr1	402	3	5	200	40.0	581
chr1	402	4	6	200	33.333333333333336	550
chr1	402	5	2	200	100.0	1607
chr1	402	6	1	200	200.0	10103
chr1	403	3	2	200	100.0	562
chr1	403	4	1	200	200.0	576
chr1	403	5	5	200	40.0	1733
chr1	403	6	2	200	100.0	10312
chr1	404	3	3	200	66.66666666666667	593
chr1	404	4	2	200	100.0	540
chr1	404	5	4	200	50.0	1583
chr1	404	7	1	200	200.0	64172
chr1	405	3	2	200	100.0	634
chr1	405	4	5	200	40.0	516
chr1	405	5	4	200	50.0	1523
chr1	405	6	2	200	100.0	9422
chr1	406	3	2	200	100.0	549
chr1	406	4	2	200	100.0	557
chr1	406	6	1	200	200.0	9851
chr1	407	3	2	200	100.0	553
chr1	407	4	4	200	50.0	544
chr1	407	5	3	200	66.66666666666667	1703
chr1	408	3	3	200	66.66666666666667	544
chr1	408	4	6	200	33.333333333333336	536
chr1	408	5	2	200	100.0	1625
chr1	408	6	1	200	200.0	9516
chr1	409	4	3	200	66.66666666666667	606
chr1	409	5	3	200	66.66666666666667	1705
chr1	409	6	1	200	200.0	10295
chr1	410	3	1	200	200.0	565
chr1	410	4	2	200	100.0	537
chr1	410	5	4	200	50.0	1596
chr1	410	6	1	200	200.0	8509
chr1	411	3	2	200	100.0	587
chr1	411	4	3	200	66.66666666666667	525
chr1	411	5	1	200	200.0	1836
chr1	412	3	2	200	100.0	587
chr1	412	4	2	200	100.0	529
chr1	412	5	2	200	100.0	1679
chr1	413	3	3	200	66.66666666666667	579
chr1	413	4	6	200	33.333333333333336	558
chr1	413	5	3	200	66.66666666666667	1659
chr1	413	6	1	200	200.0	9684
chr1	414	3	3	200	66.66666666666667	548
chr1	414	4	4	200	50.0	562
chr1	414	6	1	200	200.0	9695
chr1	415	3	2	200	100.0	594
chr1	415	4	4	200	50.0	546
chr1	415	6	2	200	100.0	9683
chr1	416	3	3	200	66.66666666666667	584
chr1	416	4	2	200	100.0	580
chr1	416	5	2	200	100.0	1495
chr1	417	3	3	200	66.66666666666667	557
chr1	417	4	5	200	40.0	567
chr1	417	5	1	200	200.0	1774
chr1	417	6	1	200	200.0	10704
chr1	418	3	1	200	200.0	552
chr1	418	4	6	200	33.333333333333336	603
chr1	418	5	1	200	200.0	1572
chr1	419	3	2	200	100.0	557
chr1	419	4	2	200	100.0	555
chr1	419	5	2	200	100.0	1472
chr1	419	6	1	200	200.0	9612
chr1	420	3	3	200	66.66666666666667	580
chr1	420	4	1	200	200.0	558
chr1	420	6	2	200	100.0	10258
chr1	421	3	5	200	40.0	561
chr1	421	4	4	200	50.0	534
chr1	421	5	3	200	66.66666666666667	1684
chr1	422	3	1	200	200.0	549
chr1	422	4	5	200	40.0	598
chr1	423	3	2	200	100.0	583
chr1	423	4	4	200	50.0	563
chr1	423	5	4	200	50.0	1589
chr1	423	6	1	200	200.0	9416
chr1	424	3	1	200	200.0	566
chr1	424	4	9	200	22.22222222222222	535
chr1	424	5	2	200	100.0	1623
chr1	425	3	1	200	200.0	580
chr1	425	4	3	200	66.66666666666667	545
chr1	426	3	1	200	200.0	538
chr1	426	4	2	200	100.0	584
chr1	426	6	1	200	200.0	10222
chr1	427	3	2	200	100.0	552
chr1	427	4	7	200	28.571428571428573	568
chr1	427	6	2	200	100.0	8721
chr1	428	4	4	200	50.0	657
chr1	428	5	2	200	100.0	1773
chr1	428	6	1	200	200.0	9118
chr1	429	4	4	200	50.0	579
chr1	429	5	3	200	66.66666666666667	1583
chr1	429	6	4	200	50.0	9448
chr1	430	3	1	200	200.0	587
chr1	430	4	2	200	100.0	541
chr1	430	5	1	200	200.0	1806
chr1	431	2	1	200	200.0	3485
chr1	431	3	1	200	200.0	579
chr1	431	4	1	200	200.0	560
chr1	431	6	2	200	100.0	9883
chr1	432	3	3	200	66.66666666666667	627
chr1	432	6	2	200	100.0	9259
chr1	433	3	3	200	66.66666666666667	587
chr1	433	4	1	200	200.0	561
chr1	433	5	3	200	66.66666666666667	1760
chr1	433	6	2	200	100.0	8798
chr1	434	3	2	200	100.0	585
chr1	434	4	4	200	50.0	507
chr1	435	3	3	200	66.66666666666667	623
chr1	435	4	4	200	50.0	570
chr1	435	5	1	200	200.0	1683
chr1	436	3	4	200	50.0	555
chr1	436	4	6	200	33.333333333333336	537
chr1	436	5	3	200	66.66666666666667	1737
chr1	436	6	3	200	66.66666666666667	9734
chr1	437	3	3	200	66.66666666666667	624
chr1	437	4	4	200	50.0	530
chr1	437	5	1	200	200.0	1754
chr1	437	6	1	200	200.0	11502
chr1	437	7	1	200	200.0	63393
chr1	438	3	2	200	100.0	565
chr1	438	4	3	200	66.66666666666667	556
chr1	438	5	2	200	100.0	1618
chr1	439	3	3	200	66.66666666666667	523
chr1	439	4	5	200	40.0	519
chr1	439	5	1	200	200.0	1608
chr1	440	3	1	200	200.0	590
chr1	440	4	2	200	100.0	546
chr1	440	5	2	200	100.0	1633
chr1	440	6	1	200	200.0	11041
chr1	440	7	1	200	200.0	56652
chr1	441	3	3	200	66.66666666666667	554
chr1	441	4	6	200	33.333333333333336	557
chr1	441	5	1	200	200.0	1751
chr1	441	6	1	200	200.0	9292
chr1	442	3	2	200	100.0	583
chr1	442	4	2	200	100.0	555
chr1	442	5	5	200	40.0	1560
chr1	442	6	1	200	200.0	9204
chr1	442	7	1	200	200.0	60572
chr1	443	3	1	200	200.0	600
chr1	443	4	7	200	28.571428571428573	620
chr1	443	5	2	200	100.0	1670
chr1	443	6	1	200	200.0	9432
chr1	444	3	3	200	66.66666666666667	651
chr1	444	4	4	200	50.0	586
chr1	444	5	3	200	66.66666666666667	1692
chr1	445	3	4	200	50.0	560
chr1	445	4	6	200	33.333333333333336	595
chr1	445	6	1	200	200.0	8916
chr1	446	3	4	200	50.0	563
chr1	446	4	4	200	50.0	535
chr1	446	5	8	200	25.0	1752
chr1	447	3	1	200	200.0	529
chr1	447	4	1	200	200.0	568
chr1	447	5	3	200	66.66666666666667	1706
chr1	448	3	1	200	200.0	613
chr1	448	4	4	200	50.0	525
chr1	448	5	1	200	200.0	1661
chr1	448	6	1	200	200.0	9840
chr1	449	4	7	200	28.571428571428573	529
chr1	449	5	4	200	50.0	1745
chr1	449	6	1	200	200.0	10692
chr1	450	3	3	200	66.66666666666667	558
chr1	450	4	4	200	50.0	472
chr1	450	5	3	200	66.66666666666667	1525
chr1	450	6	1	200	200.0	10193
chr1	451	4	2	200	100.0	577
chr1	451	5	3	200	66.66666666666667	1803
chr1	452	3	2	200	100.0	616
chr1	452	4	9	200	22.22222222222222	552
chr1	452	5	3	200	66.66666666666667	1677
chr1	453	3	1	200	200.0	544
chr1	453	4	1	200	200.0	554
chr1	453	5	3	200	66.66666666666667	1678
chr1	453	6	1	200	200.0	10509
chr1	454	3	3	200	66.66666666666667	528
chr1	454	4	6	200	33.333333333333336	522
chr1	454	5	2	200	100.0	1570
chr1	454	6	1	200	200.0	10421
chr1	454	7	1	200	200.0	60976
chr1	455	3	2	200	100.0	587
chr1	455	4	5	200	40.0	540
chr1	455	5	2	200	100.0	1434
chr1	456	3	5	200	40.0	612
chr1	456	4	4	200	50.0	552
chr1	456	5	1	200	200.0	1562
chr1	457	3	1	200	200.0	582
chr1	457	4	2	200	100.0	563
chr1	457	5	3	200	66.66666666666667	1779
chr1	457	7	1	200	200.0	60653
chr1	458	3	2	200	100.0	560
chr1	458	4	9	200	22.22222222222222	569
chr1	458	5	1	200	200.0	1955
chr1	458	7	1	200	200.0	53223
chr1	459	3	1	200	200.0	515
chr1	459	4	2	200	100.0	554
chr1	460	3	2	200	100.0	562
chr1	460	4	3	200	66.66666666666667	560
chr1	460	5	5	200	40.0	1668
chr1	460	6	1	200	200.0	10427
chr1	461	3	3	200	66.66666666666667	524
chr1	461	4	6	200	33.333333333333336	559
chr1	462	4	3	200	66.66666666666667	661
chr1	462	5	4	200	50.0	1606
chr1	462	7	1	200	200.0	64927
chr1	463	4	1	200	200.0	546
chr1	463	5	2	200	100.0	1719
chr1	463	7	1	200	200.0	63696
chr1	464	3	2	200	100.0	607
chr1	464	4	4	200	50.0	588
chr1	464	5	5	200	40.0	1835
chr1	464	6	1	200	200.0	10400
chr1	464	7	1	200	200.0	57470
chr1	465	3	2	200	100.0	526
chr1	465	4	7	200	28.571428571428573	594
chr1	465	5	1	200	200.0	1653
chr1	465	6	2	200	100.0	9228
chr1	465	7	1	200	200.0	59488
chr1	466	4	5	200	40.0	565
chr1	466	5	3	200	66.66666666666667	1812
chr1	467	3	1	200	200.0	551
chr1	467	4	5	200	40.0	519
chr1	467	5	2	200	100.0	1759
chr1	467	6	1	200	200.0	10056
chr1	468	4	4	200	50.0	526
chr1	468	5	4	200	50.0	1720
chr1	469	3	2	200	100.0	598
chr1	469	4	5	200	40.0	545
chr1	469	5	2	200	100.0	1852
chr1	470	3	1	200	200.0	611
chr1	470	4	1	200	200.0	596
chr1	470	5	4	200	50.0	1586
chr1	470	6	1	200	200.0	10411
chr1	471	3	2	200	100.0	545
chr1	471	4	3	200	66.66666666666667	550
chr1	471	5	5	200	40.0	1802
chr1	471	6	1	200	200.0	9637
chr1	472	2	1	200	200.0	3412
chr1	472	3	1	200	200.0	532
chr1	472	4	6	200	33.333333333333336	549
chr1	472	5	2	200	100.0	1727
chr1	472	7	1	200	200.0	63354
chr1	473	3	1	200	200.0	596
chr1	473	4	4	200	50.0	512
chr1	473	5	1	200	200.0	1767
chr1	473	6	2	200	100.0	9958
chr1	474	3	1	200	200.0	606
chr1	474	4	3	200	66.66666666666667	570
chr1	474	5	4	200	50.0	1592
chr1	474	6	4	200	50.0	10565
chr1	475	3	2	200	100.0	543
chr1	475	4	4	200	50.0	563
chr1	475	5	1	200	200.0	1485
chr1	476	3	1	200	200.0	598
chr1	476	5	2	200	100.0	1654
chr1	476	7	1	200	200.0	64686
chr1	477	3	1	200	200.0	521
chr1	477	4	4	200	50.0	567
chr1	477	5	2	200	100.0	1794
chr1	477	6	1	200	200.0	10736
chr1	478	3	4	200	50.0	573
chr1	478	4	1	200	200.0	572
chr1	478	5	3	200	66.66666666666667	1694
chr1	478	7	1	200	200.0	58554
chr1	479	3	2	200	100.0	586
chr1	479	4	5	200	40.0	573
chr1	479	5	2	200	100.0	1914
chr1	479	6	1	200	200.0	9063
chr1	480	4	6	200	33.333333333333336	563
chr1	480	5	2	200	100.0	1530
chr1	481	3	2	200	100.0	504
chr1	481	4	2	200	100.0	555
chr1	481	5	3	200	66.66666666666667	1721
chr1	482	3	1	200	200.0	614
chr1	482	4	3	200	66.66666666666667	528
chr1	482	5	1	200	200.0	1695
chr1	483	3	2	200	100.0	539
chr1	483	4	4	200	50.0	545
chr1	483	5	1	200	200.0	1878
chr1	483	7	1	200	200.0	68401
chr1	484	3	1	200	200.0	531
chr1	484	4	2	200	100.0	606
chr1	484	5	1	200	200.0	1666
chr1	484	6	1	200	200.0	9618
chr1	484	7	1	200	200.0	59011
chr1	485	3	2	200	100.0	582
chr1	485	4	1	200	200.0	536
chr1	485	5	4	200	50.0	1668
chr1	486	4	6	200	33.333333333333336	514
chr1	486	5	3	200	66.66666666666667	1803
chr1	486	6	2	200	100.0	10046
chr1	486	7	1	200	200.0	56203
chr1	487	3	1	200	200.0	631
chr1	487	4	6	200	33.333333333333336	453
chr1	487	6	1	200	200.0	10588
chr1	488	3	2	200	100.0	537
chr1	488	4	2	200	100.0	597
chr1	488	5	4	200	50.0	1935
chr1	489	3	1	200	200.0	550
chr1	489	4	6	200	33.333333333333336	567
chr1	489	5	5	200	40.0	1634
chr1	490	3	3	200	66.66666666666667	594
chr1	490	4	2	200	100.0	533
chr1	490	5	4	200	50.0	1705
chr1	490	6	1	200	200.0	11104
chr1	491	3	2	200	100.0	612
chr1	491	4	3	200	66.66666666666667	552
chr1	491	5	1	200	200.0	1824
chr1	492	4	6	200	33.333333333333336	553
chr1	492	5	2	200	100.0	1756
chr1	493	4	5	200	40.0	513
chr1	493	5	2	200	100.0	1897
chr1	493	6	1	200	200.0	10887
chr1	494	3	3	200	66.66666666666667	610
chr1	494	4	2	200	100.0	566
chr1	494	5	3	200	66.66666666666667	1628
chr1	495	4	2	200	100.0	567
chr1	495	5	4	200	50.0	1754
chr1	495	6	3	200	66.66666666666667	11165
chr1	496	3	3	200	66.66666666666667	575
chr1	496	4	2	200	100.0	543
chr1	496	5	1	200	200.0	1611
chr1	497	3	1	200	200.0	560
chr1	497	4	2	200	100.0	547
chr1	497	5	1	200	200.0	1894
chr1	498	3	2	200	100.0	551
chr1	498	4	4	200	50.0	583
chr1	498	5	3	200	66.66666666666667	1669
chr1	499	4	3	200	66.66666666666667	488
chr1	499	5	2	200	100.0	1816
chr1	499	7	1	200	200.0	66395
chr1	500	3	3	200	66.66666666666667	613
chr1	500	4	4	200	50.0	529
chr1	500	6	2	200	100.0	10386
chr1	501	3	1	200	200.0	598
chr1	501	4	2	200	100.0	514
chr1	501	5	1	200	200.0	1674
chr1	501	6	1	200	200.0	9510
chr1	502	3	1	200	200.0	585
chr1	502	4	4	200	50.0	563
chr1	502	5	2	200	100.0	1574
chr1	503	4	2	200	100.0	552
chr1	503	6	3	200	66.66666666666667	10439
chr1	504	3	1	200	200.0	599
chr1	504	4	4	200	50.0	574
chr1	504	5	1	200	200.0	1671
chr1	505	3	1	200	200.0	594
chr1	505	4	7	200	28.571428571428573	511
chr1	505	6	1	200	200.0	10243
chr1	506	3	1	200	200.0	508
chr1	506	4	1	200	200.0	577
chr1	506	5	5	200	40.0	1635
chr1	506	6	1	200	200.0	12376
chr1	507	4	4	200	50.0	522
chr1	507	5	1	200	200.0	1800
chr1	508	3	1	200	200.0	566
chr1	508	4	4	200	50.0	538
chr1	508	5	2	200	100.0	1573
chr1	509	3	1	200	200.0	550
chr1	509	4	2	200	100.0	620
chr1	509	5	1	200	200.0	1693
chr1	510	4	4	200	50.0	526
chr1	510	5	4	200	50.0	1695
chr1	511	3	2	200	100.0	548
chr1	511	4	3	200	66.66666666666667	566
chr1	512	3	2	200	100.0	544
chr1	512	4	4	200	50.0	495
chr1	512	5	4	200	50.0	1670
chr1	512	6	1	200	200.0	10568
chr1	513	4	2	200	100.0	553
chr1	513	5	1	200	200.0	1699
chr1	513	6	1	200	200.0	10622
chr1	514	3	2	200	100.0	574
chr1	514	4	5	200	40.0	519
chr1	514	5	2	200	100.0	1585
chr1	515	4	8	200	25.0	516
chr1	515	5	2	200	100.0	1888
chr1	515	6	2	200	100.0	10522
chr1	516	4	5	200	40.0	592
chr1	516	5	1	200	200.0	1944
chr1	517	3	1	200	200.0	526
chr1	517	4	7	200	28.571428571428573	568
chr1	517	6	2	200	100.0	10844
chr1	517	7	1	200	200.0	60992
chr1	518	3	2	200	100.0	619
chr1	518	4	2	200	100.0	519
chr1	518	5	5	200	40.0	1708
chr1	518	6	1	200	200.0	11093
chr1	518	7	1	200	200.0	63382
chr1	519	4	4	200	50.0	516
chr1	519	5	4	200	50.0	1625
chr1	520	4	7	200	28.571428571428573	528
chr1	520	5	1	200	200.0	1847
chr1	521	4	5	200	40.0	543
chr1	521	5	4	200	50.0	1954
chr1	521	6	2	200	100.0	9828
chr1	522	3	1	200	200.0	502
chr1	522	4	1	200	200.0	514
chr1	522	5	2	200	100.0	1706
chr1	522	6	2	200	100.0	11057
chr1	523	4	5	200	40.0	513
chr1	523	5	1	200	200.0	1748
chr1	524	4	5	200	40.0	506
chr1	524	5	2	200	100.0	1840
chr1	524	6	2	200	100.0	11745
chr1	525	3	4	200	50.0	635
chr1	525	4	1	200	200.0	596
chr1	525	5	2	200	100.0	1898
chr1	526	4	3	200	66.66666666666667	559
chr1	526	5	4	200	50.0	1848
chr1	526	6	1	200	200.0	9903
chr1	527	4	6	200	33.333333333333336	511
chr1	528	3	2	200	100.0	532
chr1	528	4	5	200	40.0	543
chr1	528	5	4	200	50.0	1991
chr1	529	3	2	200	100.0	583
chr1	529	4	2	200	100.0	549
chr1	529	5	3	200	66.66666666666667	1793
chr1	529	6	2	200	100.0	10596
chr1	530	3	2	200	100.0	543
chr1	530	4	1	200	200.0	529
chr1	530	5	3	200	66.66666666666667	1657
chr1	531	3	1	200	200.0	500
chr1	531	4	5	200	40.0	539
chr1	531	5	1	200	200.0	1764
chr1	532	3	3	200	66.66666666666667	570
chr1	532	4	5	200	40.0	525
chr1	532	5	2	200	100.0	1773
chr1	532	6	1	200	200.0	10749
chr1	533	3	1	200	200.0	548
chr1	533	4	1	200	200.0	575
chr1	533	5	3	200	66.66666666666667	1629
chr1	534	3	3	200	66.66666666666667	580
chr1	534	4	1	200	200.0	545
chr1	534	5	1	200	200.0	1635
chr1	534	6	1	200	200.0	10623
chr1	535	4	1	200	200.0	582
chr1	535	5	3	200	66.66666666666667	1744
chr1	535	6	2	200	100.0	8936
chr1	536	3	1	200	200.0	585
chr1	536	4	3	200	66.66666666666667	520
chr1	536	5	3	200	66.66666666666667	1632
chr1	536	6	1	200	200.0	9974
chr1	537	3	2	200	100.0	551
chr1	537	4	2	200	100.0	526
chr1	537	5	4	200	50.0	1621
chr1	538	3	1	200	200.0	531
chr1	538	4	3	200	66.66666666666667	509
chr1	539	4	5	200	40.0	544
chr1	539	5	1	200	200.0	1846
chr1	540	4	3	200	66.66666666666667	576
chr1	540	5	1	200	200.0	1795
chr1	540	6	1	200	200.0	9096
chr1	541	3	2	200	100.0	549
chr1	541	4	4	200	50.0	528
chr1	541	5	1	200	200.0	1784
chr1	541	6	2	200	100.0	11548
chr1	542	3	2	200	100.0	507
chr1	542	4	2	200	100.0	524
chr1	542	5	3	200	66.66666666666667	1729
chr1	542	6	1	200	200.0	10410
chr1	543	4	2	200	100.0	588
chr1	543	5	1	200	200.0	1712
chr1	544	4	7	200	28.571428571428573	515
chr1	544	5	6	200	33.333333333333336	1796
chr1	544	7	1	200	200.0	61075
chr1	545	3	1	200	200.0	573
chr1	545	4	2	200	100.0	587
chr1	545	5	2	200	100.0	1928
chr1	546	3	1	200	200.0	545
chr1	546	4	3	200	66.66666666666667	546
chr1	546	5	5	200	40.0	1605
chr1	546	6	1	200	200.0	11246
chr1	547	3	1	200	200.0	570
chr1	547	4	5	200	40.0	562
chr1	547	5	3	200	66.66666666666667	1890
chr1	547	7	1	200	200.0	61986
chr1	548	4	4	200	50.0	502
chr1	548	5	3	200	66.66666666666667	1827
chr1	548	6	1	200	200.0	10325
chr1	549	4	3	200	66.66666666666667	528
chr1	549	5	3	200	66.66666666666667	1766
chr1	550	3	1	200	200.0	585
chr1	550	4	2	200	100.0	496
chr1	550	5	2	200	100.0	1965
chr1	551	3	1	200	200.0	530
chr1	551	4	5	200	40.0	517
chr1	552	4	3	200	66.66666666666667	524
chr1	552	5	1	200	200.0	1594
chr1	552	6	1	200	200.0	11731
chr1	552	7	1	200	200.0	65603
chr1	553	4	3	200	66.66666666666667	620
chr1	554	3	1	200	200.0	515
chr1	554	4	4	200	50.0	524
chr1	554	5	2	200	100.0	1749
chr1	554	6	1	200	200.0	10585
chr1	555	4	1	200	200.0	479
chr1	555	5	2	200	100.0	1832
chr1	555	6	2	200	100.0	10227
chr1	555	7	1	200	200.0	62232
chr1	556	4	4	200	50.0	552
chr1	556	5	4	200	50.0	1802
chr1	556	6	1	200	200.0	9758
chr1	556	7	1	200	200.0	67757
chr1	557	4	6	200	33.333333333333336	491
chr1	557	5	2	200	100.0	1821
chr1	557	6	1	200	200.0	11630
chr1	558	3	3	200	66.66666666666667	537
chr1	558	4	2	200	100.0	525
chr1	558	5	1	200	200.0	1654
chr1	559	4	2	200	100.0	475
chr1	559	5	1	200	200.0	1845
chr1	559	7	1	200	200.0	64164
chr1	560	3	1	200	200.0	531
chr1	560	4	1	200	200.0	507
chr1	560	5	3	200	66.66666666666667	1921
chr1	560	6	1	200	200.0	11454
chr1	561	3	2	200	100.0	521
chr1	561	5	2	200	100.0	1649
chr1	561	6	2	200	100.0	10197
chr1	562	4	2	200	100.0	541
chr1	562	5	4	200	50.0	1817
chr1	563	4	6	200	33.333333333333336	597
chr1	563	5	3	200	66.66666666666667	1762
chr1	564	3	2	200	100.0	559
chr1	564	4	7	200	28.571428571428573	506
chr1	564	5	6	200	33.333333333333336	1589
chr1	564	6	1	200	200.0	11101
chr1	565	4	1	200	200.0	497
chr1	565	5	5	200	40.0	1823
chr1	565	6	2	200	100.0	10153
chr1	565	7	1	200	200.0	62118
chr1	566	3	1	200	200.0	532
chr1	566	4	4	200	50.0	518
chr1	566	5	4	200	50.0	1689
chr1	566	6	1	200	200.0	10342
chr1	566	7	1	200	200.0	69322
chr1	567	3	1	200	200.0	578
chr1	567	4	3	200	66.66666666666667	515
chr1	567	5	1	200	200.0	1680
chr1	568	4	4	200	50.0	495
chr1	568	5	1	200	200.0	1821
chr1	568	6	1	200	200.0	10406
chr1	569	3	1	200	200.0	540
chr1	569	4	3	200	66.66666666666667	551
chr1	569	5	2	200	100.0	1658
chr1	569	6	1	200	200.0	10923
chr1	570	4	7	200	28.571428571428573	548
chr1	570	5	1	200	200.0	1925
chr1	571	3	1	200	200.0	512
chr1	571	4	2	200	100.0	511
chr1	571	5	2	200	100.0	1701
chr1	571	6	1	200	200.0	10583
chr1	572	3	1	200	200.0	602
chr1	572	4	2	200	100.0	555
chr1	572	5	2	200	100.0	1828
chr1	572	6	1	200	200.0	10703
chr1	572	7	1	200	200.0	68751
chr1	573	4	4	200	50.0	540
chr1	573	5	5	200	40.0	1598
chr1	574	3	1	200	200.0	552
chr1	574	4	1	200	200.0	490
chr1	574	5	3	200	66.66666666666667	1836
chr1	574	6	1	200	200.0	10127
chr1	575	4	6	200	33.333333333333336	486
chr1	575	5	2	200	100.0	1922
chr1	576	3	3	200	66.66666666666667	541
chr1	576	4	4	200	50.0	549
chr1	576	5	2	200	100.0	1617
chr1	576	6	1	200	200.0	10184
chr1	577	4	3	200	66.66666666666667	561
chr1	577	5	1	200	200.0	1927
chr1	577	6	1	200	200.0	11184
chr1	578	4	2	200	100.0	517
chr1	578	5	3	200	66.66666666666667	1807
chr1	579	4	4	200	50.0	557
chr1	579	5	3	200	66.66666666666667	1843
chr1	579	7	1	200	200.0	65959
chr1	580	4	3	200	66.66666666666667	505
chr1	580	5	3	200	66.66666666666667	1857
chr1	580	6	1	200	200.0	10092
chr1	581	3	1	200	200.0	541
chr1	581	4	6	200	33.333333333333336	538
chr1	581	5	2	200	100.0	1766
chr1	582	4	3	200	66.66666666666667	513
chr1	582	5	1	200	200.0	1802
chr1	583	4	5	200	40.0	597
chr1	583	5	3	200	66.66666666666667	1803
chr1	584	3	1	200	200.0	529
chr1	584	4	2	200	100.0	522
chr1	584	5	3	200	66.66666666666667	1927
chr1	584	6	1	200	200.0	9947
chr1	585	4	4	200	50.0	538
chr1	585	5	3	200	66.66666666666667	1907
chr1	585	6	2	200	100.0	11267
chr1	586	4	3	200	66.66666666666667	561
chr1	586	5	3	200	66.66666666666667	1761
chr1	587	5	1	200	200.0	1603
chr1	587	6	2	200	100.0	10486
chr1	588	3	1	200	200.0	573
chr1	588	4	1	200	200.0	552
chr1	588	5	1	200	200.0	2061
chr1	589	5	1	200	200.0	1822
chr1	589	6	1	200	200.0	10034
chr1	590	4	1	200	200.0	521
chr1	590	5	2	200	100.0	1756
chr1	591	3	2	200	100.0	595
chr1	591	4	3	200	66.66666666666667	558
chr1	591	5	3	200	66.66666666666667	1788
chr1	592	3	2	200	100.0	542
chr1	592	4	1	200	200.0	537
chr1	592	5	2	200	100.0	1862
chr1	592	7	1	200	200.0	63213
chr1	593	3	1	200	200.0	564
chr1	593	4	5	200	40.0	532
chr1	593	6	1	200	200.0	10401
chr1	594	4	6	200	33.333333333333336	613
chr1	594	6	2	200	100.0	9848
chr1	595	4	2	200	100.0	502
chr1	595	5	6	200	33.333333333333336	1882
chr1	596	4	2	200	100.0	551
chr1	596	5	2	200	100.0	1699
chr1	597	4	1	200	200.0	530
chr1	597	5	3	200	66.66666666666667	1851
chr1	597	6	1	200	200.0	9262
chr1	597	7	1	200	200.0	63758
chr1	598	3	1	200	200.0	592
chr1	598	4	5	200	40.0	583
chr1	598	5	1	200	200.0	2005
chr1	599	3	1	200	200.0	532
chr1	599	4	2	200	100.0	564
chr1	599	5	2	200	100.0	1787
chr1	599	6	2	200	100.0	11823
chr1	600	4	1	200	200.0	508
chr1	600	5	3	200	66.66666666666667	1560
chr1	601	4	4	200	50.0	582
chr1	601	5	3	200	66.66666666666667	1865
chr1	602	4	4	200	50.0	551
chr1	602	5	4	200	50.0	1944
chr1	603	4	4	200	50.0	578
chr1	603	5	6	200	33.333333333333336	1859
chr1	603	6	2	200	100.0	11425
chr1	604	3	3	200	66.66666666666667	587
chr1	604	4	1	200	200.0	535
chr1	604	5	5	200	40.0	2001
chr1	605	4	3	200	66.66666666666667	526
chr1	605	5	1	200	200.0	1823
chr1	606	5	6	200	33.333333333333336	1771
chr1	606	6	1	200	200.0	9784
chr1	607	4	1	200	200.0	528
chr1	607	5	3	200	66.66666666666667	1844
chr1	607	6	1	200	200.0	11109
chr1	608	4	4	200	50.0	588
chr1	608	5	2	200	100.0	1897
chr1	608	6	1	200	200.0	12050
chr1	608	7	1	200	200.0	64993
chr1	609	3	1	200	200.0	630
chr1	609	5	1	200	200.0	1717
chr1	609	6	2	200	100.0	11097
chr1	610	4	9	200	22.22222222222222	462
chr1	610	5	2	200	100.0	1808
chr1	611	4	7	200	28.571428571428573	539
chr1	611	5	1	200	200.0	1777
chr1	612	3	2	200	100.0	529
chr1	612	4	1	200	200.0	529
chr1	613	4	3	200	66.66666666666667	579
chr1	614	3	1	200	200.0	537
chr1	614	4	1	200	200.0	538
chr1	614	5	2	200	100.0	1880
chr1	615	4	2	200	100.0	529
chr1	615	5	2	200	100.0	1678
chr1	616	4	2	200	100.0	529
chr1	616	5	1	200	200.0	2130
chr1	616	6	1	200	200.0	11531
chr1	617	4	1	200	200.0	530
chr1	617	5	3	200	66.66666666666667	1515
chr1	618	3	1	200	200.0	521
chr1	618	4	4	200	50.0	548
chr1	618	5	3	200	66.66666666666667	1862
chr1	618	6	3	200	66.66666666666667	10466
chr1	619	4	3	200	66.66666666666667	508
chr1	619	5	5	200	40.0	1599
chr1	619	6	1	200	200.0	11627
chr1	619	7	1	200	200.0	71104
chr1	620	4	2	200	100.0	526
chr1	620	5	4	200	50.0	1786
chr1	620	6	2	200	100.0	11170
chr1	621	3	1	200	200.0	529
chr1	621	4	1	200	200.0	539
chr1	621	5	5	200	40.0	1805
chr1	621	6	1	200	200.0	10708
chr1	622	3	1	200	200.0	519
chr1	622	4	2	200	100.0	535
chr1	622	5	4	200	50.0	1805
chr1	622	6	2	200	100.0	11072
chr1	623	4	1	200	200.0	543
chr1	623	5	4	200	50.0	2021
chr1	624	3	1	200	200.0	527
chr1	624	4	2	200	100.0	511
chr1	624	5	4	200	50.0	1779
chr1	624	6	1	200	200.0	9475
chr1	625	4	5	200	40.0	524
chr1	625	5	1	200	200.0	1568
chr1	625	6	1	200	200.0	11218
chr1	626	4	3	200	66.66666666666667	570
chr1	626	5	4	200	50.0	1879
chr1	627	4	2	200	100.0	511
chr1	627	5	3	200	66.66666666666667	1952
chr1	627	6	1	200	200.0	11944
chr1	628	3	1	200	200.0	525
chr1	628	4	1	200	200.0	526
chr1	628	5	2	200	100.0	1571
chr1	629	4	4	200	50.0	532
chr1	629	5	2	200	100.0	1812
chr1	630	4	5	200	40.0	493
chr1	630	5	4	200	50.0	1722
chr1	631	3	1	200	200.0	552
chr1	631	5	2	200	100.0	1988
chr1	631	6	2	200	100.0	12360
chr1	632	4	1	200	200.0	559
chr1	632	5	2	200	100.0	1978
chr1	632	6	3	200	66.66666666666667	10098
chr1	633	5	3	200	66.66666666666667	1852
chr1	633	6	1	200	200.0	10994
chr1	634	3	2	200	100.0	488
chr1	634	4	1	200	200.0	535
chr1	634	5	3	200	66.66666666666667	1820
chr1	634	6	2	200	100.0	11582
chr1	635	3	1	200	200.0	503
chr1	635	4	1	200	200.0	523
chr1	635	5	1	200	200.0	2106
chr1	635	6	1	200	200.0	10553
chr1	636	4	6	200	33.333333333333336	544
chr1	636	5	5	200	40.0	1635
chr1	636	6	4	200	50.0	12024
chr1	637	4	3	200	66.66666666666667	529
chr1	637	5	1	200	200.0	1854
chr1	638	4	1	200	200.0	534
chr1	638	5	1	200	200.0	1987
chr1	638	6	1	200	200.0	10009
chr1	639	4	4	200	50.0	589
chr1	639	5	1	200	200.0	1770
chr1	639	6	1	200	200.0	12128
chr1	640	3	2	200	100.0	543
chr1	640	4	3	200	66.66666666666667	507
chr1	640	5	2	200	100.0	1743
chr1	640	6	1	200	200.0	11036
chr1	641	4	1	200	200.0	525
chr1	641	5	3	200	66.66666666666667	1929
chr1	641	6	2	200	100.0	11242
chr1	642	4	3	200	66.66666666666667	546
chr1	643	4	2	200	100.0	554
chr1	643	5	4	200	50.0	2031
chr1	643	6	3	200	66.66666666666667	9932
chr1	644	4	2	200	100.0	546
chr1	644	5	2	200	100.0	2048
chr1	644	6	1	200	200.0	10096
chr1	645	4	1	200	200.0	547
chr1	645	5	3	200	66.66666666666667	1725
chr1	646	4	1	200	200.0	519
chr1	646	5	5	200	40.0	1886
chr1	647	4	3	200	66.66666666666667	521
chr1	647	5	2	200	100.0	1795
chr1	647	6	1	200	200.0	11063
chr1	648	4	1	200	200.0	501
chr1	648	5	1	200	200.0	1834
chr1	648	6	2	200	100.0	10569
chr1	649	4	1	200	200.0	607
chr1	649	5	1	200	200.0	1807
chr1	649	6	2	200	100.0	11037
chr1	650	4	3	200	66.66666666666667	516
chr1	650	5	4	200	50.0	1768
chr1	650	6	1	200	200.0	10837
chr1	651	3	2	200	100.0	594
chr1	651	4	2	200	100.0	475
chr1	651	5	1	200	200.0	1712
chr1	652	5	5	200	40.0	1982
chr1	652	6	1	200	200.0	12153
chr1	653	4	4	200	50.0	492
chr1	653	5	1	200	200.0	1668
chr1	653	6	1	200	200.0	11907
chr1	654	3	1	200	200.0	529
chr1	654	4	1	200	200.0	601
chr1	654	5	6	200	33.333333333333336	1818
chr1	655	4	1	200	200.0	541
chr1	655	6	1	200	200.0	10247
chr1	656	4	3	200	66.66666666666667	525
chr1	656	5	5	200	40.0	1964
chr1	656	6	3	200	66.66666666666667	9951
chr1	657	4	2	200	100.0	501
chr1	657	5	3	200	66.66666666666667	1949
chr1	657	6	1	200	200.0	10243
chr1	658	5	2	200	100.0	1706
chr1	659	4	4	200	50.0	503
chr1	659	5	5	200	40.0	1962
chr1	660	4	3	200	66.66666666666667	545
chr1	660	5	1	200	200.0	2022
chr1	661	4	1	200	200.0	569
chr1	661	5	1	200	200.0	1950
chr1	662	4	4	200	50.0	531
chr1	662	5	3	200	66.66666666666667	1958
chr1	663	4	7	200	28.571428571428573	547
chr1	663	5	1	200	200.0	1821
chr1	663	6	2	200	100.0	10186
chr1	664	3	1	200	200.0	503
chr1	664	4	3	200	66.66666666666667	573
chr1	664	5	2	200	100.0	1786
chr1	665	4	1	200	200.0	560
chr1	665	5	2	200	100.0	1898
chr1	665	6	1	200	200.0	11870
chr1	666	4	2	200	100.0	549
chr1	666	5	2	200	100.0	1941
chr1	667	4	3	200	66.66666666666667	517
chr1	667	5	3	200	66.66666666666667	1933
chr1	667	6	1	200	200.0	10172
chr1	668	4	2	200	100.0	603
chr1	668	5	5	200	40.0	1883
chr1	668	7	1	200	200.0	74252
chr1	669	4	1	200	200.0	514
chr1	669	5	1	200	200.0	1948
chr1	670	4	3	200	66.66666666666667	481
chr1	670	5	2	200	100.0	1929
chr1	671	4	1	200	200.0	578
chr1	671	5	2	200	100.0	1833
chr1	672	4	1	200	200.0	504
chr1	672	5	4	200	50.0	1833
chr1	673	4	1	200	200.0	546
chr1	674	4	1	200	200.0	495
chr1	674	5	3	200	66.66666666666667	1956
chr1	674	6	1	200	200.0	10535
chr1	675	4	1	200	200.0	521
chr1	675	5	1	200	200.0	1785
chr1	676	4	3	200	66.66666666666667	548
chr1	676	5	3	200	66.66666666666667	1937
chr1	676	6	2	200	100.0	10394
chr1	677	4	3	200	66.66666666666667	470
chr1	677	5	3	200	66.66666666666667	1861
chr1	678	5	1	200	200.0	1704
chr1	678	6	2	200	100.0	10742
chr1	679	4	5	200	40.0	602
chr1	679	5	1	200	200.0	1825
chr1	680	4	1	200	200.0	468
chr1	680	5	5	200	40.0	1846
chr1	680	6	1	200	200.0	10797
chr1	681	3	1	200	200.0	571
chr1	681	4	3	200	66.66666666666667	528
chr1	681	6	1	200	200.0	10025
chr1	682	4	2	200	100.0	495
chr1	682	5	7	200	28.571428571428573	1631
chr1	682	6	2	200	100.0	11902
chr1	683	4	2	200	100.0	589
chr1	683	5	4	200	50.0	1884
chr1	683	6	1	200	200.0	10528
chr1	684	3	1	200	200.0	582
chr1	684	4	3	200	66.66666666666667	480
chr1	684	5	2	200	100.0	1808
chr1	685	4	1	200	200.0	529
chr1	685	5	1	200	200.0	1612
chr1	685	6	1	200	200.0	10889
chr1	686	4	3	200	66.66666666666667	549
chr1	686	5	3	200	66.66666666666667	1864
chr1	687	4	1	200	200.0	477
chr1	687	6	2	200	100.0	9855
chr1	688	3	1	200	200.0	543
chr1	688	4	5	200	40.0	521
chr1	688	5	2	200	100.0	1861
chr1	689	5	1	200	200.0	1991
chr1	689	6	1	200	200.0	11997
chr1	690	4	4	200	50.0	589
chr1	690	5	2	200	100.0	2158
chr1	691	3	2	200	100.0	540
chr1	691	5	7	200	28.571428571428573	2040
chr1	691	6	1	200	200.0	11217
chr1	691	7	1	200	200.0	75753
chr1	692	4	3	200	66.66666666666667	578
chr1	692	5	4	200	50.0	1669
chr1	692	6	1	200	200.0	10492
chr1	693	4	2	200	100.0	507
chr1	694	4	2	200	100.0	520
chr1	694	5	6	200	33.333333333333336	2040
chr1	694	6	1	200	200.0	9863
chr1	695	4	1	200	200.0	534
chr1	695	5	1	200	200.0	1936
chr1	696	4	1	200	200.0	502
chr1	696	5	3	200	66.66666666666667	1884
chr1	696	6	1	200	200.0	11588
chr1	697	4	1	200	200.0	530
chr1	697	5	1	200	200.0	1997
chr1	697	6	2	200	100.0	10801
chr1	698	5	1	200	200.0	2024
chr1	698	6	1	200	200.0	11639
chr1	699	4	1	200	200.0	542
chr1	699	5	3	200	66.66666666666667	1862
chr1	699	6	1	200	200.0	11859
chr1	700	4	2	200	100.0	567
chr1	700	5	1	200	200.0	1944
chr1	701	4	1	200	200.0	564
chr1	701	5	2	200	100.0	1946
chr1	701	6	1	200	200.0	10269
chr1	702	4	1	200	200.0	531
chr1	702	5	5	200	40.0	1956
chr1	703	4	2	200	100.0	530
chr1	704	4	3	200	66.66666666666667	569
chr1	704	5	2	200	100.0	1906
chr1	705	4	2	200	100.0	468
chr1	705	5	2	200	100.0	1964
chr1	705	6	2	200	100.0	10884
chr1	706	4	2	200	100.0	519
chr1	706	5	4	200	50.0	1981
chr1	707	4	2	200	100.0	524
chr1	707	5	1	200	200.0	1870
chr1	707	6	1	200	200.0	11566
chr1	708	3	1	200	200.0	500
chr1	708	4	1	200	200.0	489
chr1	708	5	7	200	28.571428571428573	1853
chr1	708	6	2	200	100.0	10363
chr1	709	4	1	200	200.0	551
chr1	709	5	3	200	66.66666666666667	1855
chr1	709	6	1	200	200.0	10545
chr1	710	4	1	200	200.0	526
chr1	710	5	2	200	100.0	1863
chr1	711	4	4	200	50.0	518
chr1	711	5	4	200	50.0	2014
chr1	712	4	1	200	200.0	612
chr1	712	5	3	200	66.66666666666667	1682
chr1	713	4	1	200	200.0	519
chr1	713	5	4	200	50.0	1993
chr1	713	6	1	200	200.0	11661
chr1	714	5	5	200	40.0	1861
chr1	714	6	1	200	200.0	9521
chr1	715	4	2	200	100.0	492
chr1	715	5	3	200	66.66666666666667	1870
chr1	716	4	1	200	200.0	520
chr1	716	6	1	200	200.0	10236
chr1	717	5	1	200	200.0	1800
chr1	718	4	1	200	200.0	506
chr1	718	5	2	200	100.0	1811
chr1	718	6	1	200	200.0	11026
chr1	719	4	1	200	200.0	534
chr1	719	5	2	200	100.0	1831
chr1	719	6	1	200	200.0	10217
chr1	720	4	1	200	200.0	504
chr1	720	5	2	200	100.0	1970
chr1	720	6	2	200	100.0	10041
chr1	721	4	3	200	66.66666666666667	509
chr1	721	5	1	200	200.0	1724
chr1	721	6	2	200	100.0	10904
chr1	722	4	1	200	200.0	525
chr1	722	5	1	200	200.0	1968
chr1	723	4	2	200	100.0	557
chr1	723	5	3	200	66.66666666666667	1897
chr1	723	6	1	200	200.0	10230
chr1	724	5	4	200	50.0	1808
chr1	724	6	2	200	100.0	11209
chr1	724	7	1	200	200.0	74404
chr1	725	4	2	200	100.0	529
chr1	725	5	3	200	66.66666666666667	1808
chr1	725	6	2	200	100.0	12001
chr1	726	4	1	200	200.0	504
chr1	726	5	1	200	200.0	1813
chr1	726	6	1	200	200.0	11004
chr1	727	5	2	200	100.0	1964
chr1	728	4	2	200	100.0	497
chr1	728	5	1	200	200.0	1847
chr1	728	6	1	200	200.0	11217
chr1	729	4	1	200	200.0	540
chr1	729	5	3	200	66.66666666666667	1726
chr1	730	4	3	200	66.66666666666667	510
chr1	730	5	1	200	200.0	2008
chr1	730	6	2	200	100.0	9925
chr1	731	4	2	200	100.0	498
chr1	731	5	1	200	200.0	1920
chr1	731	6	1	200	200.0	10138
chr1	732	4	1	200	200.0	502
chr1	733	5	1	200	200.0	1812
chr1	734	4	3	200	66.66666666666667	483
chr1	734	5	4	200	50.0	1831
chr1	734	6	1	200	200.0	10619
chr1	735	5	1	200	200.0	1980
chr1	736	4	1	200	200.0	535
chr1	736	5	1	200	200.0	2016
chr1	736	6	1	200	200.0	11635
chr1	737	3	1	200	200.0	529
chr1	737	4	2	200	100.0	548
chr1	737	5	2	200	100.0	1892
chr1	738	4	1	200	200.0	506
chr1	738	7	1	200	200.0	74098
chr1	739	4	3	200	66.66666666666667	546
chr1	739	5	3	200	66.66666666666667	2019
chr1	739	6	1	200	200.0	11530
chr1	740	5	6	200	33.333333333333336	1953
chr1	741	5	1	200	200.0	1838
chr1	741	6	2	200	100.0	11005
chr1	742	3	1	200	200.0	532
chr1	742	6	1	200	200.0	11727
chr1	743	4	1	200	200.0	613
chr1	743	5	2	200	100.0	1838
chr1	744	5	1	200	200.0	2056
chr1	744	6	1	200	200.0	11120
chr1	745	4	1	200	200.0	524
chr1	745	5	2	200	100.0	1772
chr1	746	4	2	200	100.0	512
chr1	746	6	2	200	100.0	10925
chr1	747	5	2	200	100.0	1854
chr1	748	5	1	200	200.0	1903
chr1	748	6	1	200	200.0	10597
chr1	749	4	3	200	66.66666666666667	543
chr1	749	5	2	200	100.0	1842
chr1	749	6	1	200	200.0	12391
chr1	750	4	1	200	200.0	580
chr1	750	5	3	200	66.66666666666667	1905
chr1	752	4	2	200	100.0	499
chr1	752	5	1	200	200.0	2046
chr1	753	4	2	200	100.0	525
chr1	753	5	2	200	100.0	1903
chr1	753	6	3	200	66.66666666666667	10048
chr1	754	4	1	200	200.0	513
chr1	754	5	1	200	200.0	1902
chr1	754	6	1	200	200.0	9596
chr1	755	4	1	200	200.0	518
chr1	755	5	1	200	200.0	1809
chr1	756	5	1	200	200.0	1744
chr1	757	6	1	200	200.0	11467
chr1	758	4	1	200	200.0	479
chr1	758	5	3	200	66.66666666666667	2080
chr1	759	4	1	200	200.0	504
chr1	759	6	1	200	200.0	11399
chr1	760	4	2	200	100.0	524
chr1	760	5	1	200	200.0	2023
chr1	761	5	1	200	200.0	1903
chr1	762	4	1	200	200.0	516
chr1	762	5	1	200	200.0	1950
chr1	763	4	2	200	100.0	542
chr1	763	5	5	200	40.0	1832
chr1	763	6	1	200	200.0	11015
chr1	764	4	1	200	200.0	529
chr1	765	4	2	200	100.0	567
chr1	765	5	3	200	66.66666666666667	1727
chr1	765	6	1	200	200.0	9780
chr1	766	5	5	200	40.0	1868
chr1	766	6	1	200	200.0	11022
chr1	767	4	2	200	100.0	464
chr1	767	5	1	200	200.0	1519
chr1	767	7	1	200	200.0	76415
chr1	769	6	1	200	200.0	11731
chr1	770	4	1	200	200.0	494
chr1	770	5	1	200	200.0	1870
chr1	771	4	1	200	200.0	503
chr1	771	5	2	200	100.0	2022
chr1	771	6	1	200	200.0	10914
chr1	772	4	2	200	100.0	523
chr1	772	5	2	200	100.0	1849
chr1	773	4	1	200	200.0	592
chr1	773	5	1	200	200.0	1751
chr1	774	5	4	200	50.0	2135
chr1	774	6	1	200	200.0	10600
chr1	775	4	1	200	200.0	528
chr1	775	5	3	200	66.66666666666667	2119
chr1	775	6	1	200	200.0	10521
chr1	776	5	1	200	200.0	1744
chr1	777	4	1	200	200.0	547
chr1	777	5	2	200	100.0	2081
chr1	778	5	2	200	100.0	1932
chr1	779	4	1	200	200.0	592
chr1	779	5	3	200	66.66666666666667	2014
chr1	779	6	2	200	100.0	11823
chr1	780	5	2	200	100.0	1950
chr1	780	6	1	200	200.0	11302
chr1	781	5	3	200	66.66666666666667	2042
chr1	782	4	2	200	100.0	542
chr1	782	5	2	200	100.0	1652
chr1	783	4	1	200	200.0	535
chr1	783	5	4	200	50.0	1783
chr1	784	3	2	200	100.0	542
chr1	784	4	1	200	200.0	543
chr1	784	5	3	200	66.66666666666667	2082
chr1	784	6	1	200	200.0	11587
chr1	785	5	1	200	200.0	1853
chr1	786	5	2	200	100.0	2170
chr1	786	6	1	200	200.0	9769
chr1	787	4	1	200	200.0	477
chr1	787	5	4	200	50.0	1932
chr1	788	6	1	200	200.0	10940
chr1	789	5	1	200	200.0	1907
chr1	790	4	1	200	200.0	508
chr1	790	5	2	200	100.0	2003
chr1	791	4	1	200	200.0	568
chr1	791	5	2	200	100.0	1955
chr1	792	4	2	200	100.0	485
chr1	793	4	1	200	200.0	499
chr1	793	5	1	200	200.0	1951
chr1	794	4	1	200	200.0	493
chr1	794	5	2	200	100.0	1992
chr1	794	6	1	200	200.0	11849
chr1	795	5	1	200	200.0	1927
chr1	795	6	1	200	200.0	12655
chr1	796	5	1	200	200.0	2084
chr1	797	4	1	200	200.0	539
chr1	797	5	3	200	66.66666666666667	1798
chr1	798	5	1	200	200.0	1814
chr1	798	6	1	200	200.0	11777
chr1	799	4	3	200	66.66666666666667	548
chr1	799	5	1	200	200.0	2144
chr1	800	4	2	200	100.0	572
chr1	800	5	1	200	200.0	2163
chr1	802	5	2	200	100.0	1788
chr1	802	6	1	200	200.0	11663
chr1	803	5	5	200	40.0	1799
chr1	804	5	3	200	66.66666666666667	2137
chr1	804	6	2	200	100.0	11515
chr1	805	4	2	200	100.0	495
chr1	805	5	1	200	200.0	1934
chr1	806	4	1	200	200.0	559
chr1	806	5	4	200	50.0	1937
chr1	808	3	1	200	200.0	532
chr1	808	4	2	200	100.0	581
chr1	808	5	2	200	100.0	1911
chr1	811	4	1	200	200.0	499
chr1	811	5	3	200	66.66666666666667	1983
chr1	812	5	2	200	100.0	1946
chr1	812	6	2	200	100.0	11712
chr1	813	5	3	200	66.66666666666667	2307
chr1	814	4	1	200	200.0	529
chr1	814	5	1	200	200.0	1777
chr1	814	6	2	200	100.0	10413
chr1	815	5	1	200	200.0	2138
chr1	816	5	4	200	50.0	1798
chr1	816	6	2	200	100.0	10470
chr1	817	5	1	200	200.0	1707
chr1	818	5	2	200	100.0	1982
chr1	818	6	1	200	200.0	10245
chr1	819	5	1	200	200.0	1829
chr1	820	4	1	200	200.0	511
chr1	820	5	1	200	200.0	1804
chr1	821	5	3	200	66.66666666666667	1830
chr1	822	4	1	200	200.0	528
chr1	822	5	2	200	100.0	1924
chr1	822	6	1	200	200.0	12412
chr1	823	6	2	200	100.0	10576
chr1	824	4	2	200	100.0	565
chr1	824	6	1	200	200.0	10962
chr1	826	4	1	200	200.0	525
chr1	828	5	1	200	200.0	2019
chr1	828	6	2	200	100.0	12368
chr1	829	4	2	200	100.0	456
chr1	829	5	1	200	200.0	2047
chr1	831	5	1	200	200.0	2009
chr1	832	4	1	200	200.0	530
chr1	832	6	1	200	200.0	11302
chr1	833	5	1	200	200.0	1998
chr1	834	5	1	200	200.0	1891
chr1	836	4	1	200	200.0	521
chr1	836	5	2	200	100.0	2029
chr1	837	5	1	200	200.0	1835
chr1	837	6	1	200	200.0	12585
chr1	839	7	1	200	200.0	92175
chr1	840	3	1	200	200.0	515
chr1	840	5	2	200	100.0	1794
chr1	841	4	1	200	200.0	547
chr1	841	5	3	200	66.66666666666667	1991
chr1	842	5	1	200	200.0	1822
chr1	842	6	1	200	200.0	13244
chr1	843	4	2	200	100.0	462
chr1	843	6	1	200	200.0	11675
chr1	844	4	2	200	100.0	509
chr1	844	5	2	200	100.0	1901
chr1	845	5	1	200	200.0	1846
chr1	845	6	1	200	200.0	11372
chr1	846	5	2	200	100.0	2009
chr1	847	4	1	200	200.0	511
chr1	847	5	2	200	100.0	2094
chr1	847	6	1	200	200.0	12054
chr1	848	5	1	200	200.0	1932
chr1	849	4	2	200	100.0	587
chr1	849	5	1	200	200.0	2019
chr1	849	6	1	200	200.0	10814
chr1	850	5	1	200	200.0	1946
chr1	852	5	2	200	100.0	1837
chr1	852	6	2	200	100.0	11923
chr1	853	5	1	200	200.0	1995
chr1	853	6	1	200	200.0	11911
chr1	855	5	1	200	200.0	2134
chr1	856	5	2	200	100.0	2004
chr1	857	5	2	200	100.0	2079
chr1	858	4	1	200	200.0	525
chr1	858	6	1	200	200.0	10455
chr1	861	5	1	200	200.0	2085
chr1	861	6	1	200	200.0	10953
chr1	862	5	1	200	200.0	1851
chr1	863	5	1	200	200.0	1846
chr1	865	5	1	200	200.0	2279
chr1	866	4	1	200	200.0	558
chr1	866	5	1	200	200.0	1982
chr1	868	5	1	200	200.0	1914
chr1	869	5	2	200	100.0	2007
chr1	869	6	1	200	200.0	11782
chr1	870	6	1	200	200.0	11692
chr1	871	5	4	200	50.0	2036
chr1	871	6	1	200	200.0	11481
chr1	872	5	3	200	66.66666666666667	1848
chr1	873	5	1	200	200.0	2074
chr1	874	4	1	200	200.0	500
chr1	874	5	1	200	200.0	1940
chr1	875	6	1	200	200.0	13473
chr1	876	4	1	200	200.0	560
chr1	877	4	1	200	200.0	485
chr1	877	5	3	200	66.66666666666667	1925
chr1	877	6	1	200	200.0	11912
chr1	878	4	1	200	200.0	537
chr1	878	5	1	200	200.0	1846
chr1	878	6	1	200	200.0	10667
chr1	880	4	1	200	200.0	520
chr1	880	6	1	200	200.0	12236
chr1	881	5	3	200	66.66666666666667	1969
chr1	882	4	1	200	200.0	473
chr1	882	5	1	200	200.0	1884
chr1	882	6	1	200	200.0	11510
chr1	883	6	1	200	200.0	11380
chr1	884	5	1	200	200.0	1847
chr1	884	6	1	200	200.0	11496
chr1	886	4	1	200	200.0	489
chr1	887	5	1	200	200.0	1879
chr1	887	6	1	200	200.0	11450
chr1	889	4	1	200	200.0	561
chr1	889	5	1	200	200.0	1917
chr1	890	4	1	200	200.0	533
chr1	890	5	1	200	200.0	1946
chr1	892	4	1	200	200.0	526
chr1	892	5	1	200	200.0	2049
chr1	893	6	1	200	200.0	12639
chr1	894	4	1	200	200.0	532
chr1	894	5	2	200	100.0	2005
chr1	894	6	1	200	200.0	10992
chr1	896	4	2	200	100.0	553
chr1	896	5	1	200	200.0	1910
chr1	898	4	1	200	200.0	511
chr1	899	5	1	200	200.0	2122
chr1	901	5	1	200	200.0	2128
chr1	902	5	1	200	200.0	2260
chr1	904	5	2	200	100.0	1987
chr1	904	6	1	200	200.0	11320
chr1	905	4	1	200	200.0	527
chr1	907	5	1	200	200.0	1903
chr1	907	6	1	200	200.0	11398
chr1	908	5	1	200	200.0	2090
chr1	909	5	1	200	200.0	2083
chr1	910	6	1	200	200.0	12606
chr1	912	5	1	200	200.0	1967
chr1	914	4	1	200	200.0	486
chr1	914	5	1	200	200.0	2052
chr1	915	4	1	200	200.0	514
chr1	916	5	2	200	100.0	1940
chr1	917	5	2	200	100.0	1969
chr1	918	5	1	200	200.0	1995
chr1	920	4	1	200	200.0	537
chr1	921	5	1	200	200.0	1951
chr1	921	6	2	200	100.0	13063
chr1	923	4	1	200	200.0	532
chr1	925	6	1	200	200.0	10248
chr1	926	5	1	200	200.0	1967
chr1	926	6	1	200	200.0	12041
chr1	931	4	1	200	200.0	536
chr1	931	5	1	200	200.0	1932
chr1	934	6	1	200	200.0	11383
chr1	938	5	1	200	200.0	1861
chr1	939	6	1	200	200.0	11364
chr1	940	6	1	200	200.0	10938
chr1	941	5	1	200	200.0	2086
chr1	942	5	1	200	200.0	2056
chr1	943	5	1	200	200.0	1961
chr1	944	5	1	200	200.0	1815
chr1	948	5	1	200	200.0	1888
chr1	949	5	1	200	200.0	1902
chr1	949	6	1	200	200.0	11657
chr1	950	5	1	200	200.0	1912
chr1	952	6	1	200	200.0	12209
chr1	953	6	1	200	200.0	11681
chr1	954	6	1	200	200.0	11345
chr1	959	5	1	200	200.0	1932
chr1	960	5	1	200	200.0	2065
chr1	960	6	1	200	200.0	11687
chr1	961	6	1	200	200.0	12626
chr1	962	5	1	200	200.0	1802
chr1	964	5	1	200	200.0	2009
chr1	964	6	1	200	200.0	11255
chr1	967	4	1	200	200.0	500
chr1	969	5	1	200	200.0	2061
chr1	971	5	1	200	200.0	1922
chr1	971	6	1	200	200.0	11530
chr1	972	5	1	200	200.0	1972
chr1	975	4	1	200	200.0	487
chr1	976	5	1	200	200.0	1799
chr1	978	4	1	200	200.0	518
chr1	979	5	1	200	200.0	1939
chr1	980	5	2	200	100.0	1987
chr1	983	5	1	200	200.0	2309
chr1	987	5	1	200	200.0	1921
chr1	992	6	1	200	200.0	12901
chr1	994	6	1	200	200.0	11359
chr1	997	4	1	200	200.0	517
chr1	997	5	1	200	200.0	2134
chr1	998	5	1	200	200.0	1857
chr1	1001	5	1	200	200.0	1952
chr1	1002	5	1	200	200.0	1901
chr1	1009	5	1	200	200.0	2213
chr1	1012	5	1	200	200.0	2058
chr1	1016	5	1	200	200.0	1916
chr1	1021	5	1	200	200.0	1999
chr1	1023	5	2	200	100.0	2158
chr1	1023	6	1	200	200.0	12624
chr1	1025	4	1	200	200.0	547
chr1	1028	4	1	200	200.0	547
chr1	1030	5	1	200	200.0	2026
chr1	1032	5	1	200	200.0	1776
chr1	1037	6	1	200	200.0	11994
chr1	1039	5	1	200	200.0	1805
chr1	1040	4	1	200	200.0	541
chr1	1044	5	1	200	200.0	1925
chr1	1047	4	1	200	200.0	541
chr1	1048	4	1	200	200.0	528
chr1	1048	6	1	200	200.0	11169
chr1	1049	5	1	200	200.0	1986
chr1	1056	6	1	200	200.0	11217
chr1	1060	5	1	200	200.0	2011
chr1	1063	6	1	200	200.0	12177
chr1	1064	5	1	200	200.0	1676
chr1	1066	5	1	200	200.0	2129
chr1	1067	4	1	200	200.0	525
chr1	1073	4	1	200	200.0	483
chr1	1075	5	1	200	200.0	1961
chr1	1079	5	1	200	200.0	1965
chr1	1081	6	1	200	200.0	14129
chr1	1084	4	1	200	200.0	504
chr1	1085	5	1	200	200.0	2203
chr1	1087	6	1	200	200.0	13415
chr1	1090	5	1	200	200.0	2000
chr1	1091	4	1	200	200.0	521
chr1	1096	5	1	200	200.0	1928
chr1	1100	6	1	200	200.0	10737
chr1	1108	4	1	200	200.0	553
chr1	1108	5	1	200	200.0	2045
chr1	1115	5	1	200	200.0	2050
chr1	1116	5	1	200	200.0	2004
chr1	1121	5	1	200	200.0	2075
chr1	1127	6	1	200	200.0	11759
chr1	1134	4	1	200	200.0	556
chr1	1138	5	1	200	200.0	2057
chr1	1142	6	1	200	200.0	12732
chr1	1144	4	1	200	200.0	532
chr1	1151	5	1	200	200.0	2084
chr1	1159	5	1	200	200.0	2009
chr1	1163	4	1	200	200.0	458
chr1	1164	4	1	200	200.0	541
chr1	1166	4	1	200	200.0	513
chr1	1169	6	1	200	200.0	12479
chr1	1171	3	1	200	200.0	524
chr1	1174	6	1	200	200.0	11340
chr1	1180	5	1	200	200.0	1981
chr1	1188	4	1	200	200.0	538
chr1	1188	6	1	200	200.0	12565
chr1	1190	6	1	200	200.0	11248
chr1	1210	6	1	200	200.0	12849
chr1	1228	5	1	200	200.0	1693
chr1	1234	6	1	200	200.0	12676
chr1	1249	6	1	200	200.0	12986
chr1	1251	5	1	200	200.0	2245
chr1	1283	4	1	200	200.0	525
chr1	1286	4	1	200	200.0	558
chr1	1290	5	1	200	200.0	1968
chr1	1310	6	1	200	200.0	11529
chr1	1322	4	1	200	200.0	523
chr1	1352	4	1	200	200.0	561
chr1	1362	5	1	200	200.0	2110
chr1	1368	5	1	200	200.0	2121
chr1	1372	5	1	200	200.0	2035
chr1	1413	5	1	200	200.0	1849
chr1	1472	5	1	200	200.0	2310
chr1	1518	5	1	200	200.0	2473
chr1	1542	5	1	200	200.0	1989
chr1	1551	6	1	200	200.0	12963
chr1	1611	5	1	200	200.0	2193
chr1	1626	5	1	200	200.0	2134
chr1	2077	6	1	200	200.0	14220
chr10	234	5	1	200	200.0	1337
chr10	259	8	1	200	200.0	420664
chr10	261	4	1	200	200.0	558
chr10	280	5	1	200	200.0	1336
chr10	287	4	1	200	200.0	533
chr10	292	4	1	200	200.0	592
chr10	293	3	1	200	200.0	552
chr10	293	4	1	200	200.0	607
chr10	295	5	1	200	200.0	1413
chr10	297	3	2	200	100.0	502
chr10	298	7	1	200	200.0	59571
chr10	299	4	1	200	200.0	555
chr10	300	4	1	200	200.0	539
chr10	300	5	1	200	200.0	1606
chr10	302	3	1	200	200.0	566
chr10	303	4	1	200	200.0	571
chr10	303	5	1	200	200.0	1548
chr10	305	4	2	200	100.0	541
chr10	306	4	1	200	200.0	571
chr10	307	4	1	200	200.0	550
chr10	307	5	1	200	200.0	1308
chr10	308	4	1	200	200.0	605
chr10	309	3	1	200	200.0	595
chr10	309	4	1	200	200.0	553
chr10	309	5	1	200	200.0	1362
chr10	310	4	2	200	100.0	541
chr10	310	5	1	200	200.0	1436
chr10	312	3	1	200	200.0	556
chr10	312	5	1	200	200.0	1266
chr10	315	3	1	200	200.0	553
chr10	315	5	1	200	200.0	1562
chr10	316	3	1	200	200.0	519
chr10	316	7	1	200	200.0	62445
chr10	317	4	1	200	200.0	569
chr10	317	5	1	200	200.0	1478
chr10	318	3	1	200	200.0	534
chr10	318	4	1	200	200.0	578
chr10	319	5	1	200	200.0	1364
chr10	320	6	1	200	200.0	9688
chr10	322	3	1	200	200.0	536
chr10	322	4	1	200	200.0	513
chr10	323	6	1	200	200.0	8353
chr10	324	3	1	200	200.0	590
chr10	325	3	1	200	200.0	509
chr10	325	5	2	200	100.0	1283
chr10	327	4	1	200	200.0	618
chr10	327	5	1	200	200.0	1493
chr10	328	3	2	200	100.0	570
chr10	329	5	1	200	200.0	1394
chr10	332	3	1	200	200.0	530
chr10	332	4	1	200	200.0	510
chr10	333	3	1	200	200.0	539
chr10	333	4	1	200	200.0	545
chr10	333	7	1	200	200.0	54802
chr10	334	4	1	200	200.0	577
chr10	335	3	1	200	200.0	521
chr10	335	4	1	200	200.0	552
chr10	337	4	1	200	200.0	534
chr10	337	6	1	200	200.0	11093
chr10	338	4	1	200	200.0	554
chr10	340	4	2	200	100.0	550
chr10	341	4	1	200	200.0	485
chr10	341	6	1	200	200.0	10357
chr10	342	4	1	200	200.0	555
chr10	343	3	1	200	200.0	529
chr10	343	4	1	200	200.0	545
chr10	344	4	3	200	66.66666666666667	554
chr10	345	3	1	200	200.0	586
chr10	345	5	1	200	200.0	1630
chr10	346	4	1	200	200.0	535
chr10	347	3	1	200	200.0	505
chr10	347	6	1	200	200.0	10663
chr10	348	3	1	200	200.0	498
chr10	348	4	4	200	50.0	597
chr10	349	4	1	200	200.0	527
chr10	349	5	1	200	200.0	1551
chr10	352	4	2	200	100.0	518
chr10	353	3	1	200	200.0	521
chr10	353	4	2	200	100.0	584
chr10	354	3	2	200	100.0	501
chr10	354	4	1	200	200.0	556
chr10	354	5	2	200	100.0	1578
chr10	354	6	1	200	200.0	9971
chr10	355	3	1	200	200.0	482
chr10	355	4	1	200	200.0	556
chr10	356	3	1	200	200.0	568
chr10	356	4	1	200	200.0	549
chr10	356	5	3	200	66.66666666666667	1455
chr10	357	3	2	200	100.0	484
chr10	357	4	2	200	100.0	538
chr10	358	3	1	200	200.0	553
chr10	358	4	1	200	200.0	509
chr10	359	3	2	200	100.0	543
chr10	360	3	1	200	200.0	518
chr10	360	4	3	200	66.66666666666667	485
chr10	361	3	1	200	200.0	513
chr10	361	4	1	200	200.0	508
chr10	362	3	1	200	200.0	556
chr10	362	4	1	200	200.0	505
chr10	362	5	1	200	200.0	1410
chr10	363	3	1	200	200.0	482
chr10	363	4	3	200	66.66666666666667	573
chr10	363	6	1	200	200.0	9348
chr10	364	3	1	200	200.0	545
chr10	364	4	2	200	100.0	507
chr10	364	5	2	200	100.0	1454
chr10	364	7	1	200	200.0	60960
chr10	365	3	1	200	200.0	526
chr10	365	4	1	200	200.0	485
chr10	366	4	1	200	200.0	543
chr10	366	5	1	200	200.0	1583
chr10	367	3	2	200	100.0	520
chr10	367	4	1	200	200.0	511
chr10	367	5	2	200	100.0	1475
chr10	368	3	3	200	66.66666666666667	508
chr10	368	4	3	200	66.66666666666667	570
chr10	370	3	1	200	200.0	560
chr10	370	4	3	200	66.66666666666667	504
chr10	370	5	1	200	200.0	1635
chr10	370	7	1	200	200.0	63447
chr10	371	3	1	200	200.0	516
chr10	371	4	2	200	100.0	551
chr10	372	3	1	200	200.0	556
chr10	372	4	3	200	66.66666666666667	510
chr10	372	5	2	200	100.0	1477
chr10	372	6	1	200	200.0	9865
chr10	373	3	1	200	200.0	550
chr10	373	6	1	200	200.0	11064
chr10	374	3	3	200	66.66666666666667	538
chr10	374	4	1	200	200.0	529
chr10	374	5	1	200	200.0	1437
chr10	375	3	1	200	200.0	504
chr10	375	4	1	200	200.0	453
chr10	376	4	3	200	66.66666666666667	571
chr10	376	5	1	200	200.0	1462
chr10	377	3	1	200	200.0	603
chr10	377	4	2	200	100.0	511
chr10	377	5	1	200	200.0	1571
chr10	378	3	2	200	100.0	514
chr10	378	4	2	200	100.0	487
chr10	379	4	3	200	66.66666666666667	524
chr10	380	3	2	200	100.0	544
chr10	380	4	4	200	50.0	490
chr10	381	4	2	200	100.0	528
chr10	381	5	1	200	200.0	1529
chr10	382	4	5	200	40.0	526
chr10	382	5	5	200	40.0	1505
chr10	383	3	1	200	200.0	556
chr10	383	4	6	200	33.333333333333336	536
chr10	385	4	1	200	200.0	513
chr10	386	3	4	200	50.0	491
chr10	386	4	3	200	66.66666666666667	539
chr10	386	5	1	200	200.0	1563
chr10	387	3	1	200	200.0	530
chr10	387	4	2	200	100.0	548
chr10	388	3	2	200	100.0	514
chr10	388	4	1	200	200.0	582
chr10	389	3	2	200	100.0	531
chr10	389	4	2	200	100.0	525
chr10	389	5	1	200	200.0	1650
chr10	390	3	3	200	66.66666666666667	509
chr10	390	4	3	200	66.66666666666667	529
chr10	391	3	2	200	100.0	557
chr10	391	4	3	200	66.66666666666667	541
chr10	391	5	4	200	50.0	1641
chr10	392	2	1	200	200.0	3201
chr10	392	4	2	200	100.0	543
chr10	392	5	1	200	200.0	1470
chr10	392	6	1	200	200.0	11122
chr10	393	3	1	200	200.0	520
chr10	393	4	1	200	200.0	521
chr10	395	4	1	200	200.0	555
chr10	395	5	2	200	100.0	1498
chr10	395	6	1	200	200.0	8736
chr10	396	3	2	200	100.0	582
chr10	396	4	1	200	200.0	460
chr10	396	5	2	200	100.0	1708
chr10	397	3	1	200	200.0	509
chr10	397	4	2	200	100.0	523
chr10	398	3	1	200	200.0	484
chr10	398	4	2	200	100.0	579
chr10	399	3	2	200	100.0	542
chr10	399	4	3	200	66.66666666666667	538
chr10	399	5	1	200	200.0	1573
chr10	399	6	2	200	100.0	10794
chr10	400	3	1	200	200.0	552
chr10	400	4	4	200	50.0	544
chr10	400	5	1	200	200.0	1472
chr10	401	3	2	200	100.0	515
chr10	401	4	4	200	50.0	483
chr10	401	5	1	200	200.0	1720
chr10	402	3	1	200	200.0	607
chr10	402	4	4	200	50.0	504
chr10	402	5	5	200	40.0	1563
chr10	403	3	2	200	100.0	506
chr10	403	4	1	200	200.0	518
chr10	403	5	1	200	200.0	1460
chr10	404	3	1	200	200.0	526
chr10	404	4	1	200	200.0	527
chr10	404	5	1	200	200.0	1581
chr10	405	3	6	200	33.333333333333336	540
chr10	405	4	2	200	100.0	478
chr10	405	5	1	200	200.0	1516
chr10	405	6	1	200	200.0	10510
chr10	406	3	1	200	200.0	520
chr10	406	4	1	200	200.0	533
chr10	406	5	2	200	100.0	1775
chr10	407	3	1	200	200.0	565
chr10	407	4	1	200	200.0	563
chr10	407	5	1	200	200.0	1731
chr10	408	3	1	200	200.0	550
chr10	408	4	7	200	28.571428571428573	532
chr10	409	2	1	200	200.0	4008
chr10	409	3	1	200	200.0	526
chr10	409	4	2	200	100.0	528
chr10	409	5	2	200	100.0	1649
chr10	410	3	1	200	200.0	485
chr10	410	4	1	200	200.0	547
chr10	411	3	1	200	200.0	537
chr10	411	4	4	200	50.0	564
chr10	411	5	1	200	200.0	1551
chr10	412	3	1	200	200.0	512
chr10	412	4	5	200	40.0	543
chr10	413	3	2	200	100.0	525
chr10	413	5	2	200	100.0	1583
chr10	414	3	5	200	40.0	533
chr10	414	5	2	200	100.0	1619
chr10	415	3	2	200	100.0	588
chr10	415	4	1	200	200.0	487
chr10	416	4	1	200	200.0	550
chr10	416	7	1	200	200.0	59890
chr10	417	3	2	200	100.0	577
chr10	417	4	3	200	66.66666666666667	541
chr10	417	5	2	200	100.0	1692
chr10	418	3	1	200	200.0	484
chr10	418	4	1	200	200.0	523
chr10	418	5	4	200	50.0	1539
chr10	419	3	1	200	200.0	569
chr10	419	4	4	200	50.0	496
chr10	420	4	3	200	66.66666666666667	562
chr10	420	5	1	200	200.0	1424
chr10	421	3	2	200	100.0	516
chr10	421	4	1	200	200.0	519
chr10	421	6	2	200	100.0	10413
chr10	422	4	4	200	50.0	491
chr10	422	6	2	200	100.0	11090
chr10	423	4	2	200	100.0	518
chr10	423	5	1	200	200.0	1566
chr10	424	3	2	200	100.0	547
chr10	424	4	5	200	40.0	472
chr10	425	4	2	200	100.0	546
chr10	425	6	1	200	200.0	10831
chr10	426	3	2	200	100.0	588
chr10	426	4	3	200	66.66666666666667	481
chr10	427	3	1	200	200.0	537
chr10	427	4	2	200	100.0	452
chr10	427	5	1	200	200.0	1682
chr10	427	6	1	200	200.0	10558
chr10	428	3	1	200	200.0	494
chr10	428	5	3	200	66.66666666666667	1493
chr10	428	6	1	200	200.0	11711
chr10	429	4	3	200	66.66666666666667	511
chr10	429	5	2	200	100.0	1575
chr10	430	4	1	200	200.0	523
chr10	431	4	3	200	66.66666666666667	532
chr10	431	5	3	200	66.66666666666667	1694
chr10	432	4	4	200	50.0	479
chr10	432	5	2	200	100.0	1663
chr10	433	4	4	200	50.0	465
chr10	434	3	4	200	50.0	512
chr10	434	4	3	200	66.66666666666667	519
chr10	434	5	3	200	66.66666666666667	1670
chr10	435	3	1	200	200.0	576
chr10	435	5	1	200	200.0	1575
chr10	436	3	1	200	200.0	482
chr10	436	4	1	200	200.0	497
chr10	436	5	2	200	100.0	1770
chr10	436	6	1	200	200.0	10758
chr10	437	3	1	200	200.0	511
chr10	437	6	1	200	200.0	9896
chr10	438	3	2	200	100.0	517
chr10	438	4	2	200	100.0	535
chr10	439	4	6	200	33.333333333333336	524
chr10	439	5	3	200	66.66666666666667	1586
chr10	440	3	1	200	200.0	555
chr10	440	5	1	200	200.0	1419
chr10	441	3	1	200	200.0	525
chr10	441	4	2	200	100.0	518
chr10	441	5	2	200	100.0	1573
chr10	442	4	6	200	33.333333333333336	468
chr10	443	3	3	200	66.66666666666667	532
chr10	443	4	5	200	40.0	480
chr10	444	4	1	200	200.0	494
chr10	444	5	1	200	200.0	1645
chr10	445	3	3	200	66.66666666666667	529
chr10	445	4	1	200	200.0	483
chr10	445	5	1	200	200.0	1738
chr10	446	3	1	200	200.0	540
chr10	446	5	1	200	200.0	1585
chr10	446	6	1	200	200.0	11766
chr10	447	3	1	200	200.0	547
chr10	447	4	2	200	100.0	486
chr10	447	5	1	200	200.0	1793
chr10	447	6	1	200	200.0	11090
chr10	448	4	3	200	66.66666666666667	508
chr10	448	5	1	200	200.0	1526
chr10	449	3	1	200	200.0	487
chr10	449	4	2	200	100.0	551
chr10	449	5	1	200	200.0	1617
chr10	450	4	3	200	66.66666666666667	483
chr10	450	5	1	200	200.0	1714
chr10	450	6	1	200	200.0	11287
chr10	451	3	1	200	200.0	470
chr10	451	5	2	200	100.0	1581
chr10	451	6	1	200	200.0	10524
chr10	452	3	2	200	100.0	509
chr10	452	4	3	200	66.66666666666667	543
chr10	452	5	3	200	66.66666666666667	1569
chr10	452	6	2	200	100.0	11793
chr10	453	4	3	200	66.66666666666667	543
chr10	453	6	2	200	100.0	11794
chr10	454	3	2	200	100.0	544
chr10	454	4	3	200	66.66666666666667	472
chr10	454	5	2	200	100.0	1657
chr10	455	3	1	200	200.0	469
chr10	455	4	5	200	40.0	480
chr10	456	3	1	200	200.0	472
chr10	456	4	3	200	66.66666666666667	494
chr10	457	4	1	200	200.0	531
chr10	457	5	2	200	100.0	1780
chr10	457	6	1	200	200.0	10477
chr10	458	4	1	200	200.0	494
chr10	458	5	2	200	100.0	1512
chr10	459	3	1	200	200.0	552
chr10	459	4	5	200	40.0	472
chr10	459	5	1	200	200.0	1894
chr10	459	6	1	200	200.0	10192
chr10	460	3	1	200	200.0	586
chr10	460	5	2	200	100.0	1680
chr10	461	4	1	200	200.0	505
chr10	461	6	1	200	200.0	12758
chr10	462	4	2	200	100.0	550
chr10	463	4	1	200	200.0	446
chr10	464	4	2	200	100.0	525
chr10	464	5	2	200	100.0	1643
chr10	465	4	1	200	200.0	501
chr10	465	5	1	200	200.0	1632
chr10	466	3	1	200	200.0	497
chr10	466	4	1	200	200.0	500
chr10	467	4	1	200	200.0	536
chr10	467	5	2	200	100.0	1597
chr10	467	6	2	200	100.0	11446
chr10	468	3	1	200	200.0	575
chr10	468	4	1	200	200.0	517
chr10	469	3	1	200	200.0	539
chr10	469	4	3	200	66.66666666666667	464
chr10	469	5	1	200	200.0	1751
chr10	470	4	1	200	200.0	446
chr10	470	5	2	200	100.0	1624
chr10	471	3	1	200	200.0	539
chr10	471	4	2	200	100.0	460
chr10	472	3	1	200	200.0	499
chr10	472	4	4	200	50.0	500
chr10	472	5	1	200	200.0	1819
chr10	472	6	1	200	200.0	11788
chr10	473	3	1	200	200.0	500
chr10	474	4	1	200	200.0	459
chr10	474	5	2	200	100.0	1637
chr10	475	3	1	200	200.0	532
chr10	475	4	2	200	100.0	518
chr10	475	5	2	200	100.0	1714
chr10	475	6	1	200	200.0	11998
chr10	476	3	1	200	200.0	577
chr10	476	4	6	200	33.333333333333336	519
chr10	476	5	1	200	200.0	1434
chr10	477	3	2	200	100.0	536
chr10	477	4	3	200	66.66666666666667	499
chr10	477	6	1	200	200.0	10821
chr10	478	3	1	200	200.0	540
chr10	478	5	1	200	200.0	1651
chr10	479	3	1	200	200.0	548
chr10	479	4	1	200	200.0	516
chr10	479	5	2	200	100.0	1675
chr10	480	3	2	200	100.0	513
chr10	480	4	1	200	200.0	462
chr10	480	5	1	200	200.0	1744
chr10	481	4	1	200	200.0	443
chr10	481	5	1	200	200.0	1553
chr10	481	6	1	200	200.0	11498
chr10	482	5	1	200	200.0	1465
chr10	483	3	1	200	200.0	514
chr10	483	4	1	200	200.0	519
chr10	483	5	1	200	200.0	1779
chr10	484	4	2	200	100.0	475
chr10	484	5	2	200	100.0	1592
chr10	485	4	4	200	50.0	474
chr10	485	5	1	200	200.0	1731
chr10	486	3	1	200	200.0	507
chr10	486	4	1	200	200.0	532
chr10	486	5	1	200	200.0	1758
chr10	487	4	1	200	200.0	526
chr10	487	5	3	200	66.66666666666667	1742
chr10	488	3	1	200	200.0	465
chr10	488	4	4	200	50.0	541
chr10	489	3	1	200	200.0	561
chr10	489	4	4	200	50.0	512
chr10	489	6	1	200	200.0	11445
chr10	490	4	2	200	100.0	528
chr10	490	5	1	200	200.0	1612
chr10	491	4	2	200	100.0	540
chr10	491	5	2	200	100.0	1676
chr10	492	3	1	200	200.0	502
chr10	492	4	1	200	200.0	556
chr10	493	3	1	200	200.0	490
chr10	493	4	1	200	200.0	482
chr10	493	5	1	200	200.0	1877
chr10	494	5	5	200	40.0	1726
chr10	495	5	1	200	200.0	1592
chr10	496	3	1	200	200.0	506
chr10	496	4	1	200	200.0	537
chr10	497	4	1	200	200.0	548
chr10	497	5	3	200	66.66666666666667	1498
chr10	498	3	1	200	200.0	536
chr10	498	4	5	200	40.0	494
chr10	498	5	3	200	66.66666666666667	1781
chr10	499	3	2	200	100.0	507
chr10	499	5	3	200	66.66666666666667	1718
chr10	500	3	1	200	200.0	534
chr10	500	4	2	200	100.0	489
chr10	500	5	1	200	200.0	1574
chr10	501	4	2	200	100.0	508
chr10	502	3	1	200	200.0	493
chr10	502	4	1	200	200.0	497
chr10	502	5	2	200	100.0	1611
chr10	503	5	1	200	200.0	1614
chr10	504	4	3	200	66.66666666666667	551
chr10	504	5	1	200	200.0	1552
chr10	504	6	1	200	200.0	12117
chr10	505	3	1	200	200.0	482
chr10	505	4	2	200	100.0	508
chr10	505	5	1	200	200.0	1498
chr10	506	4	1	200	200.0	538
chr10	507	3	1	200	200.0	520
chr10	507	4	1	200	200.0	471
chr10	507	5	1	200	200.0	1554
chr10	508	4	2	200	100.0	523
chr10	509	4	5	200	40.0	492
chr10	509	6	2	200	100.0	12095
chr10	510	4	1	200	200.0	517
chr10	510	5	3	200	66.66666666666667	1762
chr10	511	4	3	200	66.66666666666667	490
chr10	511	5	1	200	200.0	1692
chr10	512	4	2	200	100.0	472
chr10	512	6	1	200	200.0	11714
chr10	514	4	4	200	50.0	463
chr10	515	3	1	200	200.0	505
chr10	515	4	2	200	100.0	479
chr10	515	5	1	200	200.0	1651
chr10	516	3	1	200	200.0	515
chr10	516	4	2	200	100.0	483
chr10	516	5	2	200	100.0	1701
chr10	517	4	2	200	100.0	502
chr10	518	3	1	200	200.0	549
chr10	518	5	1	200	200.0	1779
chr10	518	6	1	200	200.0	13152
chr10	519	4	2	200	100.0	523
chr10	519	5	2	200	100.0	1751
chr10	519	6	1	200	200.0	11213
chr10	520	4	2	200	100.0	484
chr10	520	6	2	200	100.0	10303
chr10	521	6	1	200	200.0	11650
chr10	522	4	2	200	100.0	469
chr10	522	5	1	200	200.0	1802
chr10	522	6	1	200	200.0	11219
chr10	523	3	1	200	200.0	506
chr10	523	4	2	200	100.0	511
chr10	524	3	1	200	200.0	521
chr10	524	4	3	200	66.66666666666667	496
chr10	524	5	2	200	100.0	1678
chr10	525	4	2	200	100.0	516
chr10	525	5	1	200	200.0	1874
chr10	526	3	1	200	200.0	485
chr10	526	5	4	200	50.0	1617
chr10	526	6	1	200	200.0	11148
chr10	527	5	1	200	200.0	1686
chr10	527	6	1	200	200.0	11591
chr10	528	4	1	200	200.0	504
chr10	528	5	2	200	100.0	1643
chr10	528	6	1	200	200.0	11846
chr10	529	3	2	200	100.0	520
chr10	529	4	2	200	100.0	557
chr10	529	5	2	200	100.0	1626
chr10	530	4	3	200	66.66666666666667	458
chr10	530	5	3	200	66.66666666666667	1905
chr10	531	4	4	200	50.0	518
chr10	531	5	1	200	200.0	1738
chr10	531	6	1	200	200.0	12139
chr10	532	3	1	200	200.0	528
chr10	532	4	3	200	66.66666666666667	465
chr10	532	5	1	200	200.0	1811
chr10	533	4	1	200	200.0	475
chr10	535	4	2	200	100.0	455
chr10	535	5	2	200	100.0	1669
chr10	536	3	2	200	100.0	519
chr10	536	5	1	200	200.0	1843
chr10	536	6	1	200	200.0	11340
chr10	537	4	2	200	100.0	501
chr10	537	5	3	200	66.66666666666667	1750
chr10	538	3	1	200	200.0	538
chr10	538	4	5	200	40.0	494
chr10	538	5	1	200	200.0	1728
chr10	539	4	2	200	100.0	499
chr10	540	4	2	200	100.0	498
chr10	540	5	2	200	100.0	1705
chr10	541	4	2	200	100.0	524
chr10	541	6	1	200	200.0	12834
chr10	542	4	1	200	200.0	462
chr10	542	5	1	200	200.0	1666
chr10	543	5	1	200	200.0	1792
chr10	544	4	2	200	100.0	549
chr10	544	5	2	200	100.0	1735
chr10	545	3	1	200	200.0	519
chr10	545	4	4	200	50.0	526
chr10	546	4	1	200	200.0	476
chr10	546	5	4	200	50.0	1640
chr10	547	5	1	200	200.0	1736
chr10	547	7	1	200	200.0	63706
chr10	548	4	1	200	200.0	513
chr10	548	5	2	200	100.0	1638
chr10	549	4	2	200	100.0	488
chr10	549	6	2	200	100.0	12091
chr10	550	5	3	200	66.66666666666667	1665
chr10	550	6	1	200	200.0	10916
chr10	551	4	2	200	100.0	473
chr10	551	5	2	200	100.0	1768
chr10	552	4	1	200	200.0	486
chr10	552	5	5	200	40.0	1748
chr10	552	6	1	200	200.0	11259
chr10	553	3	1	200	200.0	524
chr10	553	6	1	200	200.0	13083
chr10	554	5	4	200	50.0	1779
chr10	555	4	1	200	200.0	498
chr10	556	3	1	200	200.0	555
chr10	557	4	4	200	50.0	471
chr10	557	5	2	200	100.0	1862
chr10	558	4	1	200	200.0	453
chr10	558	5	2	200	100.0	1896
chr10	559	4	2	200	100.0	535
chr10	559	5	1	200	200.0	1860
chr10	559	6	1	200	200.0	11635
chr10	560	3	1	200	200.0	519
chr10	560	4	7	200	28.571428571428573	494
chr10	560	5	1	200	200.0	1729
chr10	560	6	1	200	200.0	11650
chr10	561	3	1	200	200.0	550
chr10	561	4	1	200	200.0	554
chr10	561	5	1	200	200.0	1585
chr10	561	6	1	200	200.0	12587
chr10	563	6	1	200	200.0	11979
chr10	564	5	2	200	100.0	1743
chr10	565	4	3	200	66.66666666666667	526
chr10	565	5	1	200	200.0	1712
chr10	567	4	3	200	66.66666666666667	461
chr10	568	3	1	200	200.0	535
chr10	568	4	1	200	200.0	463
chr10	569	3	1	200	200.0	461
chr10	570	5	4	200	50.0	1843
chr10	571	5	1	200	200.0	1663
chr10	572	4	2	200	100.0	508
chr10	572	6	1	200	200.0	12645
chr10	573	3	1	200	200.0	567
chr10	574	4	2	200	100.0	489
chr10	575	6	1	200	200.0	12014
chr10	576	4	1	200	200.0	491
chr10	576	5	1	200	200.0	1827
chr10	577	4	2	200	100.0	510
chr10	577	5	1	200	200.0	1746
chr10	578	3	1	200	200.0	558
chr10	578	4	1	200	200.0	464
chr10	578	5	1	200	200.0	1675
chr10	579	3	1	200	200.0	490
chr10	579	4	1	200	200.0	473
chr10	579	5	1	200	200.0	1715
chr10	580	4	2	200	100.0	514
chr10	583	3	2	200	100.0	472
chr10	583	5	2	200	100.0	1585
chr10	583	6	1	200	200.0	10628
chr10	584	4	4	200	50.0	477
chr10	584	5	2	200	100.0	1615
chr10	585	4	2	200	100.0	473
chr10	585	6	1	200	200.0	11947
chr10	586	4	1	200	200.0	490
chr10	586	5	2	200	100.0	1591
chr10	587	4	1	200	200.0	443
chr10	587	5	1	200	200.0	1792
chr10	588	4	3	200	66.66666666666667	485
chr10	588	5	1	200	200.0	1579
chr10	589	4	4	200	50.0	506
chr10	590	4	2	200	100.0	502
chr10	591	5	1	200	200.0	2000
chr10	591	6	1	200	200.0	12100
chr10	592	3	1	200	200.0	548
chr10	592	5	2	200	100.0	1675
chr10	592	6	1	200	200.0	12536
chr10	593	4	1	200	200.0	481
chr10	593	6	1	200	200.0	11834
chr10	594	4	1	200	200.0	498
chr10	594	5	1	200	200.0	1822
chr10	595	4	1	200	200.0	440
chr10	595	5	1	200	200.0	1570
chr10	595	6	1	200	200.0	12184
chr10	596	5	4	200	50.0	1676
chr10	596	6	1	200	200.0	13234
chr10	597	4	3	200	66.66666666666667	504
chr10	597	5	3	200	66.66666666666667	1866
chr10	598	4	1	200	200.0	493
chr10	598	6	1	200	200.0	11262
chr10	598	7	1	200	200.0	72715
chr10	599	5	3	200	66.66666666666667	1964
chr10	599	6	1	200	200.0	12156
chr10	600	4	1	200	200.0	487
chr10	600	5	1	200	200.0	1782
chr10	601	5	2	200	100.0	1774
chr10	602	4	1	200	200.0	521
chr10	602	5	3	200	66.66666666666667	2075
chr10	603	3	3	200	66.66666666666667	473
chr10	603	4	2	200	100.0	526
chr10	604	4	2	200	100.0	485
chr10	604	5	1	200	200.0	1652
chr10	605	5	2	200	100.0	1859
chr10	605	6	1	200	200.0	13425
chr10	606	4	3	200	66.66666666666667	458
chr10	607	4	1	200	200.0	494
chr10	608	4	1	200	200.0	527
chr10	608	5	2	200	100.0	1619
chr10	608	6	1	200	200.0	12153
chr10	609	3	1	200	200.0	500
chr10	609	4	2	200	100.0	483
chr10	609	5	1	200	200.0	1841
chr10	610	5	2	200	100.0	1669
chr10	611	4	1	200	200.0	442
chr10	611	6	1	200	200.0	12336
chr10	612	5	1	200	200.0	1954
chr10	613	3	1	200	200.0	486
chr10	613	4	1	200	200.0	443
chr10	614	4	1	200	200.0	500
chr10	614	5	3	200	66.66666666666667	1926
chr10	615	6	1	200	200.0	12951
chr10	616	4	2	200	100.0	493
chr10	616	5	1	200	200.0	1830
chr10	616	6	1	200	200.0	12074
chr10	617	4	4	200	50.0	495
chr10	617	6	1	200	200.0	12941
chr10	618	4	1	200	200.0	522
chr10	618	5	1	200	200.0	1863
chr10	619	5	1	200	200.0	1976
chr10	620	4	2	200	100.0	485
chr10	620	5	1	200	200.0	1768
chr10	621	3	1	200	200.0	505
chr10	621	4	1	200	200.0	516
chr10	622	5	1	200	200.0	1753
chr10	623	4	1	200	200.0	501
chr10	623	6	1	200	200.0	11914
chr10	624	3	2	200	100.0	533
chr10	624	5	1	200	200.0	1575
chr10	625	4	1	200	200.0	499
chr10	625	5	1	200	200.0	1897
chr10	626	4	4	200	50.0	512
chr10	627	5	2	200	100.0	1717
chr10	629	5	1	200	200.0	1693
chr10	629	6	1	200	200.0	12841
chr10	630	4	4	200	50.0	512
chr10	630	5	3	200	66.66666666666667	1939
chr10	631	4	1	200	200.0	504
chr10	631	5	1	200	200.0	1658
chr10	632	4	2	200	100.0	456
chr10	632	5	1	200	200.0	1939
chr10	633	7	1	200	200.0	73669
chr10	634	4	2	200	100.0	444
chr10	634	5	1	200	200.0	1909
chr10	635	5	1	200	200.0	1857
chr10	637	4	1	200	200.0	469
chr10	638	4	2	200	100.0	507
chr10	638	5	4	200	50.0	1879
chr10	639	5	1	200	200.0	1812
chr10	640	5	1	200	200.0	1962
chr10	641	3	1	200	200.0	487
chr10	641	6	1	200	200.0	11857
chr10	642	6	1	200	200.0	13514
chr10	643	4	3	200	66.66666666666667	472
chr10	643	5	3	200	66.66666666666667	2044
chr10	643	6	1	200	200.0	11589
chr10	644	3	1	200	200.0	508
chr10	644	4	1	200	200.0	495
chr10	644	5	1	200	200.0	1601
chr10	645	4	1	200	200.0	471
chr10	646	4	1	200	200.0	469
chr10	646	5	2	200	100.0	1781
chr10	646	6	1	200	200.0	12556
chr10	647	4	1	200	200.0	470
chr10	648	4	1	200	200.0	503
chr10	648	5	1	200	200.0	1565
chr10	649	4	1	200	200.0	504
chr10	649	6	1	200	200.0	12011
chr10	650	4	1	200	200.0	489
chr10	650	5	1	200	200.0	1927
chr10	650	6	1	200	200.0	12033
chr10	651	4	1	200	200.0	537
chr10	651	5	1	200	200.0	1781
chr10	652	5	1	200	200.0	1569
chr10	653	5	1	200	200.0	1541
chr10	654	5	1	200	200.0	1645
chr10	655	5	1	200	200.0	1704
chr10	656	5	1	200	200.0	1990
chr10	657	4	3	200	66.66666666666667	479
chr10	657	5	2	200	100.0	1991
chr10	658	6	1	200	200.0	12593
chr10	659	5	1	200	200.0	1903
chr10	660	5	1	200	200.0	1763
chr10	661	4	2	200	100.0	466
chr10	661	6	1	200	200.0	12079
chr10	663	5	1	200	200.0	1635
chr10	664	5	2	200	100.0	1772
chr10	665	4	1	200	200.0	486
chr10	665	5	1	200	200.0	1746
chr10	666	4	1	200	200.0	495
chr10	666	5	1	200	200.0	1922
chr10	667	5	1	200	200.0	1782
chr10	667	6	1	200	200.0	13219
chr10	668	4	1	200	200.0	495
chr10	668	5	1	200	200.0	1643
chr10	668	6	1	200	200.0	12141
chr10	669	4	1	200	200.0	493
chr10	669	5	3	200	66.66666666666667	1824
chr10	669	6	1	200	200.0	12207
chr10	670	5	1	200	200.0	1964
chr10	670	6	1	200	200.0	13126
chr10	671	5	1	200	200.0	1910
chr10	671	6	1	200	200.0	11738
chr10	672	5	1	200	200.0	1926
chr10	673	6	1	200	200.0	13857
chr10	674	6	1	200	200.0	12357
chr10	675	4	1	200	200.0	454
chr10	676	6	1	200	200.0	12542
chr10	677	4	1	200	200.0	477
chr10	677	5	1	200	200.0	2088
chr10	677	6	1	200	200.0	14362
chr10	679	4	1	200	200.0	494
chr10	679	5	1	200	200.0	1810
chr10	680	4	3	200	66.66666666666667	507
chr10	680	5	1	200	200.0	1800
chr10	681	4	2	200	100.0	461
chr10	683	4	3	200	66.66666666666667	541
chr10	683	6	1	200	200.0	14238
chr10	684	4	2	200	100.0	466
chr10	685	4	1	200	200.0	474
chr10	686	4	1	200	200.0	470
chr10	688	5	2	200	100.0	1925
chr10	688	6	1	200	200.0	11568
chr10	689	4	1	200	200.0	455
chr10	689	5	1	200	200.0	1968
chr10	689	6	2	200	100.0	11484
chr10	690	4	1	200	200.0	459
chr10	691	6	1	200	200.0	13735
chr10	692	4	1	200	200.0	509
chr10	692	5	3	200	66.66666666666667	1895
chr10	694	5	2	200	100.0	1994
chr10	695	4	1	200	200.0	510
chr10	695	5	2	200	100.0	1697
chr10	696	4	1	200	200.0	447
chr10	697	4	2	200	100.0	486
chr10	697	5	1	200	200.0	1880
chr10	699	4	1	200	200.0	469
chr10	700	3	1	200	200.0	543
chr10	700	5	3	200	66.66666666666667	1678
chr10	701	5	1	200	200.0	1743
chr10	702	4	2	200	100.0	510
chr10	704	4	2	200	100.0	513
chr10	704	5	1	200	200.0	1775
chr10	705	4	1	200	200.0	461
chr10	705	5	2	200	100.0	1695
chr10	706	5	2	200	100.0	2004
chr10	706	6	1	200	200.0	12388
chr10	707	4	1	200	200.0	545
chr10	708	3	1	200	200.0	512
chr10	708	4	2	200	100.0	512
chr10	709	5	1	200	200.0	1908
chr10	711	4	1	200	200.0	433
chr10	713	5	2	200	100.0	1953
chr10	713	6	1	200	200.0	13361
chr10	714	5	1	200	200.0	1785
chr10	715	5	1	200	200.0	2042
chr10	716	4	1	200	200.0	480
chr10	716	5	1	200	200.0	1786
chr10	717	5	2	200	100.0	2072
chr10	718	3	1	200	200.0	501
chr10	718	5	2	200	100.0	1628
chr10	719	4	1	200	200.0	477
chr10	720	5	2	200	100.0	1780
chr10	723	4	1	200	200.0	486
chr10	725	5	1	200	200.0	1642
chr10	727	4	1	200	200.0	461
chr10	727	7	1	200	200.0	73781
chr10	728	5	1	200	200.0	1950
chr10	729	5	1	200	200.0	1843
chr10	730	4	2	200	100.0	456
chr10	731	5	3	200	66.66666666666667	1836
chr10	732	4	1	200	200.0	479
chr10	733	4	1	200	200.0	461
chr10	733	5	2	200	100.0	1823
chr10	734	5	1	200	200.0	1724
chr10	735	6	1	200	200.0	12219
chr10	736	5	2	200	100.0	1971
chr10	737	6	1	200	200.0	12442
chr10	738	5	1	200	200.0	2073
chr10	740	4	1	200	200.0	472
chr10	740	5	1	200	200.0	1873
chr10	740	6	2	200	100.0	12163
chr10	742	6	1	200	200.0	14003
chr10	747	5	1	200	200.0	1823
chr10	749	4	1	200	200.0	500
chr10	750	4	1	200	200.0	514
chr10	750	5	1	200	200.0	1999
chr10	751	4	1	200	200.0	523
chr10	751	5	1	200	200.0	1803
chr10	752	5	1	200	200.0	1774
chr10	753	5	1	200	200.0	2156
chr10	753	6	1	200	200.0	13693
chr10	754	6	1	200	200.0	14109
chr10	755	5	2	200	100.0	1745
chr10	756	4	1	200	200.0	488
chr10	756	5	1	200	200.0	1882
chr10	757	4	1	200	200.0	458
chr10	759	5	1	200	200.0	2192
chr10	762	5	1	200	200.0	1832
chr10	763	5	2	200	100.0	1792
chr10	768	4	1	200	200.0	438
chr10	769	5	1	200	200.0	2170
chr10	769	6	1	200	200.0	14634
chr10	771	4	1	200	200.0	460
chr10	771	5	1	200	200.0	1767
chr10	772	5	1	200	200.0	1791
chr10	773	5	2	200	100.0	1867
chr10	773	6	1	200	200.0	13021
chr10	774	4	1	200	200.0	487
chr10	775	4	1	200	200.0	438
chr10	776	4	1	200	200.0	531
chr10	776	5	1	200	200.0	1889
chr10	777	5	1	200	200.0	1944
chr10	779	4	1	200	200.0	477
chr10	780	4	1	200	200.0	475
chr10	780	5	1	200	200.0	1857
chr10	780	6	1	200	200.0	13279
chr10	781	5	1	200	200.0	1913
chr10	783	5	1	200	200.0	2159
chr10	785	5	1	200	200.0	1862
chr10	786	5	1	200	200.0	2004
chr10	787	4	1	200	200.0	477
chr10	787	5	1	200	200.0	1816
chr10	789	6	1	200	200.0	13126
chr10	790	5	1	200	200.0	1651
chr10	792	7	1	200	200.0	85061
chr10	793	6	1	200	200.0	13076
chr10	794	4	1	200	200.0	482
chr10	794	5	1	200	200.0	2067
chr10	796	5	2	200	100.0	1798
chr10	799	4	1	200	200.0	456
chr10	801	5	2	200	100.0	1641
chr10	801	6	1	200	200.0	14788
chr10	803	5	1	200	200.0	1939
chr10	804	5	1	200	200.0	1908
chr10	808	5	1	200	200.0	2125
chr10	809	4	1	200	200.0	481
chr10	810	4	1	200	200.0	490
chr10	814	5	1	200	200.0	1644
chr10	815	4	1	200	200.0	444
chr10	815	5	1	200	200.0	2138
chr10	815	6	1	200	200.0	12296
chr10	818	5	1	200	200.0	1925
chr10	819	5	1	200	200.0	2071
chr10	819	6	1	200	200.0	13224
chr10	820	4	1	200	200.0	477
chr10	820	5	1	200	200.0	2261
chr10	824	4	1	200	200.0	508
chr10	828	6	1	200	200.0	14777
chr10	829	4	1	200	200.0	491
chr10	829	6	1	200	200.0	12381
chr10	830	4	1	200	200.0	495
chr10	831	6	1	200	200.0	12743
chr10	832	5	3	200	66.66666666666667	1832
chr10	833	5	1	200	200.0	1949
chr10	836	6	1	200	200.0	13899
chr10	840	6	1	200	200.0	12416
chr10	842	5	1	200	200.0	1958
chr10	844	4	1	200	200.0	509
chr10	847	5	1	200	200.0	1689
chr10	850	5	1	200	200.0	1669
chr10	853	5	1	200	200.0	2322
chr10	854	5	1	200	200.0	1948
chr10	854	6	1	200	200.0	13834
chr10	857	5	1	200	200.0	2031
chr10	857	6	1	200	200.0	12807
chr10	859	5	1	200	200.0	2130
chr10	860	5	3	200	66.66666666666667	1809
chr10	864	4	1	200	200.0	506
chr10	864	6	1	200	200.0	14255
chr10	865	5	1	200	200.0	2003
chr10	867	4	1	200	200.0	466
chr10	867	6	1	200	200.0	12846
chr10	868	5	2	200	100.0	1847
chr10	876	5	1	200	200.0	1722
chr10	876	6	1	200	200.0	13944
chr10	877	5	1	200	200.0	2253
chr10	878	6	1	200	200.0	14281
chr10	880	5	1	200	200.0	2142
chr10	882	4	1	200	200.0	483
chr10	885	4	1	200	200.0	464
chr10	886	5	1	200	200.0	1917
chr10	891	6	1	200	200.0	14573
chr10	896	5	1	200	200.0	1865
chr10	896	6	1	200	200.0	15715
chr10	906	3	1	200	200.0	459
chr10	906	5	1	200	200.0	1880
chr10	914	5	1	200	200.0	1709
chr10	917	4	1	200	200.0	428
chr10	919	5	1	200	200.0	2023
chr10	923	4	1	200	200.0	520
chr10	926	5	1	200	200.0	2053
chr10	928	5	1	200	200.0	2102
chr10	939	4	1	200	200.0	477
chr10	943	5	1	200	200.0	2147
chr10	950	5	1	200	200.0	1866
chr10	955	5	1	200	200.0	2357
chr10	958	4	1	200	200.0	474
chr10	958	5	1	200	200.0	1944
chr10	961	5	1	200	200.0	2001
chr10	968	6	1	200	200.0	12719
chr10	977	6	1	200	200.0	15741
chr10	981	4	1	200	200.0	493
chr10	998	6	1	200	200.0	14488
chr10	1006	5	1	200	200.0	1836
chr10	1008	4	1	200	200.0	479
chr10	1016	5	1	200	200.0	2009
chr10	1019	5	1	200	200.0	2048
chr10	1023	4	1	200	200.0	494
chr10	1028	5	1	200	200.0	1943
chr10	1036	5	1	200	200.0	1980
chr10	1043	5	1	200	200.0	2080
chr10	1080	6	1	200	200.0	15315
chr10	1087	6	1	200	200.0	13685
chr10	1093	6	1	200	200.0	15952
chr10	1094	5	2	200	100.0	2006
chr10	1109	5	1	200	200.0	2035
chr10	1120	5	1	200	200.0	2205
chr10	1121	6	1	200	200.0	13950
chr10	1152	5	1	200	200.0	2242
chr10	1201	5	1	200	200.0	1994
chr10	1203	5	1	200	200.0	2033
chr10	1336	5	1	200	200.0	2097
chr10	1383	5	1	200	200.0	2137
chr10	1397	5	1	200	200.0	2096
chr10	1507	7	1	200	200.0	176646
chr10	1671	6	1	200	200.0	20151
chr10	1860	5	1	200	200.0	2101
chr11	224	5	1	200	200.0	1400
chr11	240	4	1	200	200.0	652
chr11	249	6	1	200	200.0	6843
chr11	266	4	2	200	100.0	652
chr11	271	6	1	200	200.0	6544
chr11	272	5	1	200	200.0	1381
chr11	274	7	1	200	200.0	44657
chr11	278	4	1	200	200.0	583
chr11	284	6	1	200	200.0	6772
chr11	287	6	1	200	200.0	7131
chr11	291	3	1	200	200.0	515
chr11	291	5	1	200	200.0	1349
chr11	292	3	1	200	200.0	487
chr11	294	5	1	200	200.0	1460
chr11	298	5	1	200	200.0	1445
chr11	300	4	1	200	200.0	577
chr11	301	4	1	200	200.0	577
chr11	301	5	1	200	200.0	1399
chr11	302	4	1	200	200.0	594
chr11	303	5	1	200	200.0	1378
chr11	306	4	1	200	200.0	676
chr11	306	6	1	200	200.0	5898
chr11	307	5	1	200	200.0	1354
chr11	310	5	2	200	100.0	1487
chr11	313	4	1	200	200.0	537
chr11	313	5	1	200	200.0	1477
chr11	314	4	1	200	200.0	617
chr11	315	4	1	200	200.0	548
chr11	316	5	2	200	100.0	1470
chr11	317	6	1	200	200.0	6845
chr11	318	4	1	200	200.0	627
chr11	320	4	1	200	200.0	641
chr11	321	5	2	200	100.0	1489
chr11	321	6	1	200	200.0	7145
chr11	323	4	1	200	200.0	629
chr11	328	5	1	200	200.0	1487
chr11	329	4	1	200	200.0	541
chr11	329	5	1	200	200.0	1555
chr11	330	4	2	200	100.0	603
chr11	333	5	1	200	200.0	1367
chr11	334	4	2	200	100.0	567
chr11	334	5	1	200	200.0	1226
chr11	334	6	1	200	200.0	6783
chr11	335	3	2	200	100.0	504
chr11	335	4	1	200	200.0	611
chr11	336	5	1	200	200.0	1434
chr11	337	4	1	200	200.0	561
chr11	339	5	1	200	200.0	1590
chr11	341	5	1	200	200.0	1466
chr11	341	6	1	200	200.0	7125
chr11	342	7	1	200	200.0	57217
chr11	343	4	2	200	100.0	669
chr11	345	4	1	200	200.0	546
chr11	345	5	1	200	200.0	1546
chr11	346	3	1	200	200.0	533
chr11	346	4	3	200	66.66666666666667	596
chr11	347	5	1	200	200.0	1525
chr11	348	3	1	200	200.0	457
chr11	348	4	1	200	200.0	568
chr11	349	4	1	200	200.0	557
chr11	351	3	1	200	200.0	515
chr11	351	4	2	200	100.0	550
chr11	352	6	2	200	100.0	7365
chr11	353	3	1	200	200.0	484
chr11	353	4	2	200	100.0	579
chr11	354	4	2	200	100.0	644
chr11	354	5	3	200	66.66666666666667	1420
chr11	354	6	1	200	200.0	7489
chr11	355	3	2	200	100.0	488
chr11	355	4	1	200	200.0	594
chr11	356	3	1	200	200.0	536
chr11	356	5	1	200	200.0	1536
chr11	357	3	1	200	200.0	537
chr11	357	4	1	200	200.0	593
chr11	357	5	1	200	200.0	1527
chr11	357	6	1	200	200.0	6979
chr11	358	5	1	200	200.0	1813
chr11	359	4	2	200	100.0	562
chr11	359	5	1	200	200.0	1656
chr11	360	3	1	200	200.0	481
chr11	360	4	1	200	200.0	538
chr11	361	3	2	200	100.0	531
chr11	361	4	3	200	66.66666666666667	572
chr11	361	5	2	200	100.0	1622
chr11	362	3	1	200	200.0	489
chr11	362	4	1	200	200.0	518
chr11	362	5	1	200	200.0	1288
chr11	363	5	1	200	200.0	1611
chr11	364	4	1	200	200.0	595
chr11	365	3	1	200	200.0	478
chr11	365	5	1	200	200.0	1461
chr11	365	7	1	200	200.0	57117
chr11	366	2	1	200	200.0	3281
chr11	367	4	1	200	200.0	588
chr11	367	5	2	200	100.0	1622
chr11	367	6	2	200	100.0	7857
chr11	368	3	2	200	100.0	506
chr11	368	5	1	200	200.0	1547
chr11	369	4	1	200	200.0	591
chr11	369	5	1	200	200.0	1494
chr11	370	3	1	200	200.0	528
chr11	370	4	3	200	66.66666666666667	551
chr11	370	5	1	200	200.0	1673
chr11	370	6	1	200	200.0	7199
chr11	371	3	1	200	200.0	475
chr11	371	4	1	200	200.0	594
chr11	371	5	1	200	200.0	1487
chr11	372	3	1	200	200.0	522
chr11	372	4	1	200	200.0	565
chr11	372	5	2	200	100.0	1572
chr11	373	3	1	200	200.0	503
chr11	373	4	2	200	100.0	583
chr11	373	6	1	200	200.0	7419
chr11	374	3	1	200	200.0	550
chr11	374	4	4	200	50.0	493
chr11	375	2	1	200	200.0	3307
chr11	375	3	1	200	200.0	501
chr11	375	4	4	200	50.0	551
chr11	376	3	1	200	200.0	506
chr11	376	4	2	200	100.0	584
chr11	377	5	1	200	200.0	1695
chr11	378	4	2	200	100.0	586
chr11	378	5	1	200	200.0	1616
chr11	379	2	1	200	200.0	2969
chr11	379	3	1	200	200.0	495
chr11	379	4	2	200	100.0	567
chr11	379	5	1	200	200.0	1490
chr11	380	3	1	200	200.0	448
chr11	380	4	1	200	200.0	536
chr11	380	6	1	200	200.0	7681
chr11	381	4	3	200	66.66666666666667	593
chr11	381	5	2	200	100.0	1461
chr11	382	3	1	200	200.0	532
chr11	382	4	2	200	100.0	553
chr11	382	5	1	200	200.0	1506
chr11	383	3	2	200	100.0	479
chr11	383	4	2	200	100.0	582
chr11	384	4	2	200	100.0	582
chr11	385	3	2	200	100.0	533
chr11	385	4	3	200	66.66666666666667	541
chr11	385	5	1	200	200.0	1471
chr11	386	4	4	200	50.0	581
chr11	387	3	2	200	100.0	554
chr11	387	4	2	200	100.0	533
chr11	387	5	3	200	66.66666666666667	1648
chr11	388	3	2	200	100.0	473
chr11	388	4	2	200	100.0	582
chr11	388	5	2	200	100.0	1741
chr11	388	6	1	200	200.0	6835
chr11	389	4	3	200	66.66666666666667	595
chr11	389	5	2	200	100.0	1476
chr11	390	4	6	200	33.333333333333336	560
chr11	390	5	4	200	50.0	1418
chr11	391	3	2	200	100.0	470
chr11	391	4	4	200	50.0	565
chr11	391	5	1	200	200.0	1541
chr11	391	6	1	200	200.0	7353
chr11	392	4	2	200	100.0	570
chr11	393	3	2	200	100.0	509
chr11	393	4	3	200	66.66666666666667	555
chr11	394	4	3	200	66.66666666666667	522
chr11	394	5	2	200	100.0	1672
chr11	395	3	1	200	200.0	542
chr11	396	3	3	200	66.66666666666667	464
chr11	396	4	1	200	200.0	550
chr11	396	5	1	200	200.0	1502
chr11	397	3	1	200	200.0	541
chr11	397	4	2	200	100.0	548
chr11	397	5	4	200	50.0	1665
chr11	398	3	1	200	200.0	498
chr11	398	4	3	200	66.66666666666667	623
chr11	398	5	1	200	200.0	1530
chr11	398	6	1	200	200.0	6745
chr11	399	3	2	200	100.0	513
chr11	399	4	3	200	66.66666666666667	579
chr11	399	5	4	200	50.0	1418
chr11	400	3	1	200	200.0	537
chr11	400	4	2	200	100.0	524
chr11	400	5	1	200	200.0	1560
chr11	401	4	4	200	50.0	605
chr11	401	5	2	200	100.0	1591
chr11	401	6	1	200	200.0	6553
chr11	402	3	1	200	200.0	500
chr11	402	4	1	200	200.0	585
chr11	402	6	1	200	200.0	6988
chr11	403	3	2	200	100.0	526
chr11	403	4	1	200	200.0	576
chr11	403	5	1	200	200.0	1501
chr11	404	3	1	200	200.0	549
chr11	404	4	1	200	200.0	612
chr11	404	6	1	200	200.0	7684
chr11	404	7	1	200	200.0	53697
chr11	405	4	2	200	100.0	527
chr11	405	5	3	200	66.66666666666667	1801
chr11	406	4	3	200	66.66666666666667	579
chr11	406	5	1	200	200.0	1598
chr11	406	6	1	200	200.0	6950
chr11	407	3	1	200	200.0	551
chr11	407	4	1	200	200.0	529
chr11	407	5	4	200	50.0	1628
chr11	408	3	1	200	200.0	552
chr11	408	4	2	200	100.0	555
chr11	408	5	2	200	100.0	1534
chr11	408	6	2	200	100.0	7171
chr11	409	3	2	200	100.0	526
chr11	409	7	1	200	200.0	51730
chr11	410	5	1	200	200.0	1475
chr11	412	3	1	200	200.0	495
chr11	412	4	3	200	66.66666666666667	533
chr11	412	5	2	200	100.0	1441
chr11	413	3	2	200	100.0	523
chr11	413	4	5	200	40.0	603
chr11	413	5	1	200	200.0	1652
chr11	413	6	1	200	200.0	8216
chr11	414	4	3	200	66.66666666666667	536
chr11	415	4	1	200	200.0	511
chr11	415	6	1	200	200.0	7658
chr11	416	4	1	200	200.0	539
chr11	417	4	2	200	100.0	538
chr11	417	5	1	200	200.0	1582
chr11	417	6	1	200	200.0	7954
chr11	418	3	1	200	200.0	433
chr11	418	4	2	200	100.0	580
chr11	418	5	2	200	100.0	1628
chr11	419	3	1	200	200.0	461
chr11	419	4	5	200	40.0	489
chr11	419	6	1	200	200.0	7309
chr11	420	4	2	200	100.0	613
chr11	420	5	1	200	200.0	1574
chr11	420	6	1	200	200.0	7519
chr11	421	3	2	200	100.0	464
chr11	421	5	3	200	66.66666666666667	1627
chr11	422	3	5	200	40.0	482
chr11	422	4	1	200	200.0	522
chr11	422	5	1	200	200.0	1352
chr11	423	3	1	200	200.0	513
chr11	423	4	4	200	50.0	578
chr11	423	5	1	200	200.0	1733
chr11	424	3	2	200	100.0	477
chr11	424	4	2	200	100.0	485
chr11	425	5	2	200	100.0	1575
chr11	425	6	1	200	200.0	7604
chr11	426	3	4	200	50.0	508
chr11	426	4	9	200	22.22222222222222	559
chr11	426	6	1	200	200.0	7536
chr11	427	3	1	200	200.0	480
chr11	427	4	1	200	200.0	561
chr11	427	5	1	200	200.0	1446
chr11	428	3	1	200	200.0	541
chr11	428	4	4	200	50.0	565
chr11	428	5	1	200	200.0	1573
chr11	429	3	1	200	200.0	524
chr11	429	4	4	200	50.0	546
chr11	429	5	1	200	200.0	1618
chr11	429	6	1	200	200.0	8038
chr11	430	3	2	200	100.0	492
chr11	430	4	3	200	66.66666666666667	648
chr11	430	5	1	200	200.0	1739
chr11	431	4	2	200	100.0	535
chr11	431	5	3	200	66.66666666666667	1674
chr11	431	6	1	200	200.0	7655
chr11	431	7	1	200	200.0	58408
chr11	432	3	2	200	100.0	469
chr11	432	4	2	200	100.0	555
chr11	432	6	2	200	100.0	7934
chr11	433	4	3	200	66.66666666666667	559
chr11	433	5	1	200	200.0	1690
chr11	433	6	1	200	200.0	6591
chr11	434	3	1	200	200.0	485
chr11	434	4	3	200	66.66666666666667	607
chr11	434	5	3	200	66.66666666666667	1764
chr11	435	3	4	200	50.0	492
chr11	435	4	1	200	200.0	541
chr11	435	6	2	200	100.0	7963
chr11	436	3	1	200	200.0	531
chr11	436	4	1	200	200.0	565
chr11	436	5	1	200	200.0	1408
chr11	436	6	1	200	200.0	7731
chr11	437	4	3	200	66.66666666666667	577
chr11	437	6	1	200	200.0	7766
chr11	438	3	2	200	100.0	479
chr11	438	4	1	200	200.0	521
chr11	438	6	1	200	200.0	7416
chr11	439	4	2	200	100.0	593
chr11	439	5	1	200	200.0	1659
chr11	439	6	1	200	200.0	7651
chr11	440	3	1	200	200.0	469
chr11	440	4	6	200	33.333333333333336	566
chr11	440	6	1	200	200.0	7086
chr11	440	7	1	200	200.0	51197
chr11	441	3	2	200	100.0	466
chr11	441	4	1	200	200.0	561
chr11	441	6	1	200	200.0	7479
chr11	442	4	2	200	100.0	573
chr11	442	5	1	200	200.0	1399
chr11	442	6	1	200	200.0	7196
chr11	443	4	1	200	200.0	624
chr11	443	5	1	200	200.0	1591
chr11	443	6	1	200	200.0	7461
chr11	444	3	3	200	66.66666666666667	548
chr11	444	4	3	200	66.66666666666667	576
chr11	444	5	1	200	200.0	1451
chr11	444	6	1	200	200.0	7525
chr11	445	4	8	200	25.0	551
chr11	445	5	1	200	200.0	1588
chr11	445	6	1	200	200.0	8113
chr11	446	6	1	200	200.0	7670
chr11	447	3	1	200	200.0	499
chr11	447	4	5	200	40.0	534
chr11	447	5	1	200	200.0	1757
chr11	448	3	1	200	200.0	485
chr11	448	4	2	200	100.0	574
chr11	449	5	4	200	50.0	1874
chr11	449	6	2	200	100.0	7614
chr11	450	3	1	200	200.0	472
chr11	450	4	2	200	100.0	595
chr11	450	5	2	200	100.0	1420
chr11	451	3	1	200	200.0	486
chr11	451	4	3	200	66.66666666666667	584
chr11	451	5	1	200	200.0	1577
chr11	451	6	1	200	200.0	8055
chr11	451	7	1	200	200.0	55757
chr11	452	3	1	200	200.0	499
chr11	452	4	3	200	66.66666666666667	570
chr11	452	6	1	200	200.0	7865
chr11	452	7	1	200	200.0	54065
chr11	453	4	4	200	50.0	623
chr11	453	5	2	200	100.0	1550
chr11	454	4	2	200	100.0	575
chr11	454	5	2	200	100.0	1535
chr11	455	5	2	200	100.0	1660
chr11	456	4	3	200	66.66666666666667	583
chr11	456	5	1	200	200.0	1750
chr11	457	3	1	200	200.0	556
chr11	457	4	3	200	66.66666666666667	555
chr11	457	5	1	200	200.0	1684
chr11	458	3	3	200	66.66666666666667	514
chr11	458	4	3	200	66.66666666666667	565
chr11	458	5	4	200	50.0	1557
chr11	459	3	3	200	66.66666666666667	482
chr11	459	4	3	200	66.66666666666667	526
chr11	459	5	1	200	200.0	1647
chr11	459	6	1	200	200.0	7104
chr11	460	4	2	200	100.0	509
chr11	460	5	1	200	200.0	1723
chr11	461	4	3	200	66.66666666666667	545
chr11	461	6	2	200	100.0	7191
chr11	462	4	1	200	200.0	567
chr11	463	4	2	200	100.0	579
chr11	463	5	3	200	66.66666666666667	1583
chr11	464	3	1	200	200.0	519
chr11	464	4	3	200	66.66666666666667	507
chr11	464	5	1	200	200.0	1466
chr11	465	3	1	200	200.0	586
chr11	465	4	2	200	100.0	518
chr11	465	5	1	200	200.0	1837
chr11	466	3	2	200	100.0	504
chr11	466	4	5	200	40.0	513
chr11	466	5	1	200	200.0	1617
chr11	467	4	1	200	200.0	576
chr11	467	5	3	200	66.66666666666667	1767
chr11	468	3	1	200	200.0	509
chr11	468	5	1	200	200.0	1703
chr11	469	4	1	200	200.0	536
chr11	470	4	1	200	200.0	546
chr11	470	6	1	200	200.0	7808
chr11	471	4	1	200	200.0	559
chr11	471	5	2	200	100.0	1762
chr11	472	3	1	200	200.0	500
chr11	472	4	3	200	66.66666666666667	496
chr11	472	5	2	200	100.0	1551
chr11	473	4	1	200	200.0	530
chr11	473	6	3	200	66.66666666666667	6387
chr11	474	4	1	200	200.0	543
chr11	474	5	1	200	200.0	1599
chr11	475	4	4	200	50.0	588
chr11	475	5	4	200	50.0	1655
chr11	476	3	1	200	200.0	495
chr11	476	4	1	200	200.0	511
chr11	476	5	1	200	200.0	1452
chr11	476	6	1	200	200.0	7234
chr11	477	3	1	200	200.0	542
chr11	477	4	2	200	100.0	519
chr11	477	5	2	200	100.0	1988
chr11	478	4	4	200	50.0	515
chr11	478	6	2	200	100.0	7497
chr11	479	3	1	200	200.0	531
chr11	479	5	3	200	66.66666666666667	1799
chr11	479	6	1	200	200.0	7886
chr11	480	4	2	200	100.0	556
chr11	480	5	1	200	200.0	1621
chr11	480	6	1	200	200.0	7622
chr11	481	4	4	200	50.0	541
chr11	481	5	2	200	100.0	1561
chr11	482	4	3	200	66.66666666666667	625
chr11	483	3	2	200	100.0	530
chr11	483	4	4	200	50.0	574
chr11	484	5	1	200	200.0	1539
chr11	485	5	1	200	200.0	1803
chr11	486	4	4	200	50.0	554
chr11	486	5	1	200	200.0	1798
chr11	487	5	1	200	200.0	1614
chr11	487	7	1	200	200.0	59556
chr11	488	3	1	200	200.0	504
chr11	488	4	1	200	200.0	548
chr11	488	6	2	200	100.0	7449
chr11	490	3	1	200	200.0	566
chr11	490	4	1	200	200.0	536
chr11	490	5	1	200	200.0	1695
chr11	490	6	2	200	100.0	6962
chr11	491	3	1	200	200.0	511
chr11	491	4	1	200	200.0	537
chr11	491	5	1	200	200.0	1595
chr11	491	6	2	200	100.0	7867
chr11	492	3	1	200	200.0	483
chr11	492	4	2	200	100.0	561
chr11	492	5	1	200	200.0	1621
chr11	493	5	5	200	40.0	1511
chr11	494	4	3	200	66.66666666666667	563
chr11	494	5	2	200	100.0	1840
chr11	494	6	1	200	200.0	7083
chr11	495	4	2	200	100.0	531
chr11	495	6	1	200	200.0	7833
chr11	496	4	3	200	66.66666666666667	510
chr11	496	5	2	200	100.0	1927
chr11	497	4	1	200	200.0	531
chr11	498	4	1	200	200.0	523
chr11	498	5	1	200	200.0	1742
chr11	498	6	1	200	200.0	7967
chr11	499	3	2	200	100.0	434
chr11	499	5	2	200	100.0	1665
chr11	500	3	3	200	66.66666666666667	481
chr11	500	4	4	200	50.0	539
chr11	500	5	2	200	100.0	1692
chr11	500	6	1	200	200.0	7622
chr11	501	4	1	200	200.0	572
chr11	501	5	3	200	66.66666666666667	1801
chr11	502	4	3	200	66.66666666666667	521
chr11	502	5	2	200	100.0	1703
chr11	503	3	1	200	200.0	468
chr11	503	4	1	200	200.0	513
chr11	503	5	1	200	200.0	1846
chr11	504	4	5	200	40.0	502
chr11	505	4	2	200	100.0	525
chr11	506	3	1	200	200.0	517
chr11	506	5	3	200	66.66666666666667	1446
chr11	506	6	1	200	200.0	7469
chr11	506	7	1	200	200.0	57100
chr11	507	3	2	200	100.0	515
chr11	507	4	1	200	200.0	563
chr11	507	5	1	200	200.0	1847
chr11	508	3	1	200	200.0	506
chr11	508	4	2	200	100.0	620
chr11	508	7	1	200	200.0	58190
chr11	509	3	1	200	200.0	518
chr11	509	4	2	200	100.0	535
chr11	509	5	3	200	66.66666666666667	1732
chr11	510	4	4	200	50.0	587
chr11	510	6	1	200	200.0	7952
chr11	511	3	1	200	200.0	528
chr11	511	4	5	200	40.0	520
chr11	511	5	1	200	200.0	1587
chr11	511	6	1	200	200.0	7450
chr11	512	4	5	200	40.0	531
chr11	512	5	1	200	200.0	1519
chr11	513	4	1	200	200.0	589
chr11	513	5	1	200	200.0	1687
chr11	514	4	3	200	66.66666666666667	527
chr11	515	4	1	200	200.0	533
chr11	515	5	1	200	200.0	1729
chr11	515	6	1	200	200.0	6898
chr11	516	4	1	200	200.0	584
chr11	516	5	1	200	200.0	1861
chr11	517	4	2	200	100.0	553
chr11	517	5	2	200	100.0	1715
chr11	518	4	2	200	100.0	593
chr11	518	5	2	200	100.0	1616
chr11	519	4	3	200	66.66666666666667	486
chr11	519	5	2	200	100.0	1830
chr11	519	6	1	200	200.0	7474
chr11	520	3	2	200	100.0	507
chr11	520	4	1	200	200.0	530
chr11	520	5	2	200	100.0	1516
chr11	520	6	1	200	200.0	7149
chr11	521	4	2	200	100.0	519
chr11	521	5	3	200	66.66666666666667	1618
chr11	522	3	2	200	100.0	524
chr11	522	5	5	200	40.0	1601
chr11	523	3	2	200	100.0	497
chr11	523	5	3	200	66.66666666666667	1881
chr11	523	6	1	200	200.0	8464
chr11	523	7	1	200	200.0	57353
chr11	524	3	1	200	200.0	510
chr11	524	4	2	200	100.0	547
chr11	525	4	4	200	50.0	502
chr11	525	5	1	200	200.0	1702
chr11	525	7	1	200	200.0	58514
chr11	526	3	1	200	200.0	526
chr11	526	4	4	200	50.0	598
chr11	526	5	3	200	66.66666666666667	1514
chr11	527	4	2	200	100.0	601
chr11	527	5	3	200	66.66666666666667	1683
chr11	528	4	1	200	200.0	560
chr11	529	3	2	200	100.0	492
chr11	529	5	1	200	200.0	1985
chr11	530	4	5	200	40.0	555
chr11	530	6	1	200	200.0	7230
chr11	531	4	5	200	40.0	503
chr11	532	4	3	200	66.66666666666667	552
chr11	532	5	1	200	200.0	1540
chr11	533	4	2	200	100.0	522
chr11	534	4	2	200	100.0	522
chr11	534	5	3	200	66.66666666666667	1748
chr11	534	6	1	200	200.0	7759
chr11	535	3	1	200	200.0	484
chr11	535	4	3	200	66.66666666666667	549
chr11	535	5	2	200	100.0	1694
chr11	535	6	1	200	200.0	7758
chr11	536	4	3	200	66.66666666666667	576
chr11	536	5	2	200	100.0	1576
chr11	537	4	2	200	100.0	593
chr11	537	5	1	200	200.0	1698
chr11	538	4	2	200	100.0	537
chr11	538	5	2	200	100.0	1596
chr11	539	3	1	200	200.0	497
chr11	539	4	1	200	200.0	547
chr11	540	6	1	200	200.0	7702
chr11	541	4	5	200	40.0	545
chr11	541	5	2	200	100.0	1638
chr11	542	3	1	200	200.0	468
chr11	542	4	2	200	100.0	596
chr11	542	5	2	200	100.0	1816
chr11	542	6	1	200	200.0	7726
chr11	543	4	2	200	100.0	576
chr11	543	5	4	200	50.0	1596
chr11	543	7	1	200	200.0	63069
chr11	545	4	2	200	100.0	501
chr11	545	5	1	200	200.0	1696
chr11	545	6	1	200	200.0	7534
chr11	546	3	1	200	200.0	496
chr11	546	4	2	200	100.0	569
chr11	546	6	2	200	100.0	7507
chr11	547	4	4	200	50.0	580
chr11	547	5	2	200	100.0	1751
chr11	548	4	1	200	200.0	572
chr11	548	6	3	200	66.66666666666667	8514
chr11	549	4	3	200	66.66666666666667	513
chr11	549	6	1	200	200.0	7514
chr11	550	7	1	200	200.0	56693
chr11	551	4	2	200	100.0	483
chr11	551	5	1	200	200.0	1893
chr11	551	6	1	200	200.0	7234
chr11	552	4	2	200	100.0	559
chr11	553	3	1	200	200.0	444
chr11	554	4	1	200	200.0	566
chr11	555	3	2	200	100.0	447
chr11	555	4	3	200	66.66666666666667	519
chr11	555	5	1	200	200.0	1759
chr11	556	4	1	200	200.0	581
chr11	556	5	2	200	100.0	1919
chr11	556	6	1	200	200.0	7395
chr11	556	7	1	200	200.0	76043
chr11	557	3	1	200	200.0	471
chr11	557	4	5	200	40.0	633
chr11	557	6	1	200	200.0	7396
chr11	558	4	1	200	200.0	624
chr11	558	5	1	200	200.0	1658
chr11	559	6	1	200	200.0	7330
chr11	559	7	1	200	200.0	66056
chr11	560	6	1	200	200.0	7576
chr11	561	4	1	200	200.0	590
chr11	561	5	3	200	66.66666666666667	1543
chr11	563	3	1	200	200.0	482
chr11	563	4	3	200	66.66666666666667	608
chr11	563	5	1	200	200.0	1758
chr11	564	4	1	200	200.0	534
chr11	565	4	4	200	50.0	543
chr11	565	6	1	200	200.0	7142
chr11	566	4	1	200	200.0	561
chr11	566	5	1	200	200.0	1654
chr11	567	4	1	200	200.0	585
chr11	567	5	3	200	66.66666666666667	1567
chr11	567	6	1	200	200.0	8764
chr11	568	4	1	200	200.0	554
chr11	569	4	2	200	100.0	594
chr11	570	4	1	200	200.0	536
chr11	570	5	3	200	66.66666666666667	1669
chr11	571	4	1	200	200.0	542
chr11	571	5	2	200	100.0	1809
chr11	572	4	1	200	200.0	555
chr11	572	5	1	200	200.0	1729
chr11	573	5	3	200	66.66666666666667	1734
chr11	573	7	1	200	200.0	60064
chr11	574	5	1	200	200.0	1734
chr11	575	4	1	200	200.0	502
chr11	576	3	1	200	200.0	450
chr11	576	4	1	200	200.0	511
chr11	576	5	1	200	200.0	1782
chr11	577	3	1	200	200.0	471
chr11	577	5	1	200	200.0	1661
chr11	578	5	2	200	100.0	1663
chr11	579	4	1	200	200.0	502
chr11	579	5	4	200	50.0	1907
chr11	579	6	1	200	200.0	8297
chr11	580	3	1	200	200.0	485
chr11	580	4	2	200	100.0	553
chr11	581	5	1	200	200.0	1534
chr11	582	4	2	200	100.0	573
chr11	582	5	1	200	200.0	1779
chr11	583	3	1	200	200.0	456
chr11	583	6	1	200	200.0	8614
chr11	584	4	2	200	100.0	511
chr11	584	5	1	200	200.0	1699
chr11	584	6	1	200	200.0	8547
chr11	585	4	2	200	100.0	514
chr11	585	5	2	200	100.0	1625
chr11	586	5	1	200	200.0	1739
chr11	587	4	3	200	66.66666666666667	515
chr11	587	5	2	200	100.0	1737
chr11	588	5	1	200	200.0	1972
chr11	589	4	1	200	200.0	509
chr11	589	5	1	200	200.0	1710
chr11	590	3	1	200	200.0	501
chr11	590	4	2	200	100.0	489
chr11	590	5	4	200	50.0	1717
chr11	590	6	1	200	200.0	7852
chr11	592	4	2	200	100.0	521
chr11	592	5	2	200	100.0	1686
chr11	593	4	3	200	66.66666666666667	546
chr11	593	5	1	200	200.0	1437
chr11	594	5	1	200	200.0	1485
chr11	595	3	1	200	200.0	503
chr11	595	5	2	200	100.0	1661
chr11	597	4	3	200	66.66666666666667	567
chr11	597	5	1	200	200.0	1587
chr11	598	4	1	200	200.0	554
chr11	598	5	1	200	200.0	1794
chr11	598	6	1	200	200.0	8675
chr11	598	7	1	200	200.0	63781
chr11	599	5	3	200	66.66666666666667	1735
chr11	599	6	1	200	200.0	7787
chr11	600	5	1	200	200.0	1833
chr11	601	4	2	200	100.0	527
chr11	601	5	4	200	50.0	1760
chr11	602	4	1	200	200.0	542
chr11	602	5	1	200	200.0	1744
chr11	603	4	2	200	100.0	549
chr11	603	5	1	200	200.0	1772
chr11	604	5	2	200	100.0	1634
chr11	605	4	1	200	200.0	577
chr11	605	5	3	200	66.66666666666667	1794
chr11	605	6	1	200	200.0	8388
chr11	606	4	2	200	100.0	595
chr11	606	5	1	200	200.0	1685
chr11	606	6	1	200	200.0	7539
chr11	607	4	1	200	200.0	585
chr11	608	4	3	200	66.66666666666667	535
chr11	608	5	1	200	200.0	1914
chr11	608	6	1	200	200.0	7419
chr11	609	4	1	200	200.0	530
chr11	609	5	1	200	200.0	1820
chr11	609	6	2	200	100.0	8369
chr11	610	4	2	200	100.0	542
chr11	610	5	2	200	100.0	1728
chr11	610	6	2	200	100.0	7223
chr11	610	7	1	200	200.0	76852
chr11	611	3	1	200	200.0	465
chr11	611	4	1	200	200.0	531
chr11	612	4	1	200	200.0	558
chr11	612	6	2	200	100.0	8559
chr11	613	5	1	200	200.0	1730
chr11	613	6	1	200	200.0	8254
chr11	614	3	1	200	200.0	484
chr11	614	5	1	200	200.0	1557
chr11	615	6	1	200	200.0	8704
chr11	616	4	3	200	66.66666666666667	589
chr11	617	5	2	200	100.0	1906
chr11	617	6	1	200	200.0	7970
chr11	618	4	2	200	100.0	550
chr11	618	6	3	200	66.66666666666667	8331
chr11	619	4	2	200	100.0	503
chr11	619	5	1	200	200.0	1826
chr11	620	3	1	200	200.0	479
chr11	620	4	2	200	100.0	554
chr11	620	5	3	200	66.66666666666667	1890
chr11	621	4	1	200	200.0	547
chr11	621	5	5	200	40.0	1702
chr11	622	5	1	200	200.0	1772
chr11	623	4	1	200	200.0	513
chr11	623	5	1	200	200.0	1752
chr11	624	3	1	200	200.0	476
chr11	624	4	1	200	200.0	578
chr11	624	5	1	200	200.0	1732
chr11	624	6	3	200	66.66666666666667	8108
chr11	624	7	1	200	200.0	68479
chr11	625	4	2	200	100.0	579
chr11	625	5	2	200	100.0	1818
chr11	626	4	1	200	200.0	538
chr11	626	6	1	200	200.0	7856
chr11	627	5	1	200	200.0	1742
chr11	627	6	1	200	200.0	7818
chr11	628	6	1	200	200.0	8235
chr11	630	4	1	200	200.0	575
chr11	630	5	2	200	100.0	1809
chr11	630	6	1	200	200.0	9176
chr11	631	4	2	200	100.0	544
chr11	631	5	3	200	66.66666666666667	1654
chr11	632	4	1	200	200.0	553
chr11	632	5	1	200	200.0	1591
chr11	632	6	1	200	200.0	7600
chr11	633	4	4	200	50.0	543
chr11	633	5	3	200	66.66666666666667	1987
chr11	633	6	1	200	200.0	7705
chr11	634	4	3	200	66.66666666666667	523
chr11	634	5	2	200	100.0	1593
chr11	635	4	1	200	200.0	492
chr11	635	5	1	200	200.0	1649
chr11	636	4	2	200	100.0	547
chr11	636	5	2	200	100.0	1705
chr11	636	6	3	200	66.66666666666667	7592
chr11	637	4	1	200	200.0	545
chr11	637	5	1	200	200.0	1838
chr11	637	7	1	200	200.0	60256
chr11	638	4	1	200	200.0	529
chr11	638	5	1	200	200.0	1676
chr11	639	4	1	200	200.0	532
chr11	639	5	3	200	66.66666666666667	1904
chr11	640	4	3	200	66.66666666666667	520
chr11	640	5	3	200	66.66666666666667	2030
chr11	640	6	1	200	200.0	8447
chr11	641	4	1	200	200.0	511
chr11	641	5	1	200	200.0	1772
chr11	642	4	1	200	200.0	506
chr11	642	6	2	200	100.0	8028
chr11	643	4	1	200	200.0	582
chr11	643	5	1	200	200.0	2070
chr11	644	4	4	200	50.0	568
chr11	644	6	2	200	100.0	7652
chr11	645	3	1	200	200.0	477
chr11	645	4	1	200	200.0	567
chr11	645	5	1	200	200.0	1849
chr11	646	3	1	200	200.0	473
chr11	646	4	1	200	200.0	522
chr11	646	6	1	200	200.0	8095
chr11	647	4	3	200	66.66666666666667	510
chr11	648	4	1	200	200.0	526
chr11	648	5	1	200	200.0	1785
chr11	649	3	1	200	200.0	440
chr11	649	4	1	200	200.0	552
chr11	650	5	2	200	100.0	1698
chr11	650	6	1	200	200.0	7103
chr11	651	4	1	200	200.0	490
chr11	651	5	3	200	66.66666666666667	1625
chr11	651	6	2	200	100.0	8333
chr11	651	7	1	200	200.0	71031
chr11	652	4	1	200	200.0	538
chr11	652	5	1	200	200.0	1595
chr11	652	6	1	200	200.0	8057
chr11	652	7	1	200	200.0	72565
chr11	653	4	2	200	100.0	613
chr11	653	5	1	200	200.0	1768
chr11	654	4	1	200	200.0	576
chr11	655	4	1	200	200.0	539
chr11	655	5	3	200	66.66666666666667	1786
chr11	655	6	1	200	200.0	7900
chr11	655	7	1	200	200.0	74726
chr11	656	4	3	200	66.66666666666667	488
chr11	656	5	2	200	100.0	1704
chr11	657	3	1	200	200.0	531
chr11	657	4	1	200	200.0	553
chr11	657	5	1	200	200.0	1599
chr11	657	6	1	200	200.0	8227
chr11	658	4	1	200	200.0	526
chr11	658	6	2	200	100.0	8522
chr11	659	4	1	200	200.0	517
chr11	659	5	1	200	200.0	2043
chr11	660	5	4	200	50.0	1751
chr11	661	3	1	200	200.0	464
chr11	661	4	2	200	100.0	577
chr11	661	5	1	200	200.0	1766
chr11	662	4	4	200	50.0	556
chr11	663	4	1	200	200.0	606
chr11	663	5	3	200	66.66666666666667	2000
chr11	663	6	1	200	200.0	8307
chr11	664	4	1	200	200.0	571
chr11	664	5	1	200	200.0	1699
chr11	665	5	1	200	200.0	1976
chr11	666	4	1	200	200.0	578
chr11	667	3	1	200	200.0	478
chr11	667	5	2	200	100.0	1660
chr11	667	6	1	200	200.0	8524
chr11	668	4	1	200	200.0	510
chr11	668	5	1	200	200.0	1720
chr11	669	4	2	200	100.0	587
chr11	669	5	1	200	200.0	1779
chr11	669	6	1	200	200.0	7324
chr11	670	4	1	200	200.0	612
chr11	670	5	3	200	66.66666666666667	1569
chr11	671	3	1	200	200.0	482
chr11	671	4	1	200	200.0	540
chr11	672	4	1	200	200.0	565
chr11	673	4	1	200	200.0	537
chr11	673	5	2	200	100.0	1921
chr11	674	4	3	200	66.66666666666667	567
chr11	674	5	1	200	200.0	1801
chr11	675	4	1	200	200.0	575
chr11	676	6	2	200	100.0	9381
chr11	677	5	1	200	200.0	1679
chr11	677	6	2	200	100.0	9119
chr11	678	5	1	200	200.0	1827
chr11	679	5	3	200	66.66666666666667	1812
chr11	679	6	1	200	200.0	8259
chr11	680	3	1	200	200.0	479
chr11	680	4	1	200	200.0	557
chr11	680	5	3	200	66.66666666666667	1938
chr11	681	4	4	200	50.0	562
chr11	681	6	1	200	200.0	7842
chr11	682	5	3	200	66.66666666666667	1797
chr11	682	6	2	200	100.0	8428
chr11	683	5	3	200	66.66666666666667	1761
chr11	683	6	1	200	200.0	7983
chr11	684	5	1	200	200.0	1673
chr11	684	6	1	200	200.0	8484
chr11	685	5	4	200	50.0	1713
chr11	686	4	1	200	200.0	573
chr11	687	5	2	200	100.0	1755
chr11	687	6	1	200	200.0	8912
chr11	689	4	2	200	100.0	512
chr11	689	5	2	200	100.0	1746
chr11	689	6	1	200	200.0	7712
chr11	690	4	1	200	200.0	504
chr11	690	5	3	200	66.66666666666667	1818
chr11	691	4	1	200	200.0	539
chr11	691	5	3	200	66.66666666666667	1712
chr11	692	5	3	200	66.66666666666667	1701
chr11	694	3	1	200	200.0	508
chr11	694	4	1	200	200.0	518
chr11	694	5	2	200	100.0	1881
chr11	694	6	1	200	200.0	7844
chr11	695	5	1	200	200.0	1737
chr11	695	6	1	200	200.0	7735
chr11	696	5	2	200	100.0	1687
chr11	697	4	2	200	100.0	545
chr11	697	6	1	200	200.0	8146
chr11	698	4	1	200	200.0	442
chr11	698	5	1	200	200.0	1626
chr11	699	4	1	200	200.0	580
chr11	699	5	2	200	100.0	1821
chr11	699	6	1	200	200.0	8021
chr11	700	5	1	200	200.0	1752
chr11	701	5	1	200	200.0	1843
chr11	701	6	1	200	200.0	7733
chr11	702	4	1	200	200.0	582
chr11	702	5	1	200	200.0	1870
chr11	702	6	1	200	200.0	8009
chr11	703	4	2	200	100.0	581
chr11	703	5	1	200	200.0	1684
chr11	703	6	2	200	100.0	8243
chr11	704	4	2	200	100.0	566
chr11	704	5	2	200	100.0	1658
chr11	705	5	2	200	100.0	1788
chr11	705	6	1	200	200.0	7696
chr11	706	4	1	200	200.0	580
chr11	706	5	1	200	200.0	1833
chr11	707	6	2	200	100.0	8824
chr11	708	3	1	200	200.0	466
chr11	708	6	1	200	200.0	9131
chr11	709	4	1	200	200.0	630
chr11	709	5	1	200	200.0	1744
chr11	710	4	1	200	200.0	499
chr11	711	4	1	200	200.0	546
chr11	711	5	1	200	200.0	1956
chr11	712	4	1	200	200.0	567
chr11	712	5	1	200	200.0	1964
chr11	713	5	1	200	200.0	1717
chr11	714	5	1	200	200.0	1554
chr11	715	6	1	200	200.0	8234
chr11	716	5	1	200	200.0	1951
chr11	717	4	1	200	200.0	586
chr11	717	5	3	200	66.66666666666667	1777
chr11	718	6	1	200	200.0	6736
chr11	719	4	1	200	200.0	575
chr11	719	5	2	200	100.0	1711
chr11	720	4	1	200	200.0	601
chr11	721	5	3	200	66.66666666666667	1841
chr11	722	5	1	200	200.0	1767
chr11	723	5	2	200	100.0	1779
chr11	723	6	1	200	200.0	8025
chr11	724	4	1	200	200.0	548
chr11	724	5	2	200	100.0	1621
chr11	725	6	1	200	200.0	7958
chr11	726	5	1	200	200.0	1511
chr11	727	4	1	200	200.0	570
chr11	727	6	1	200	200.0	7938
chr11	728	4	1	200	200.0	560
chr11	729	4	1	200	200.0	520
chr11	729	5	2	200	100.0	1625
chr11	730	5	1	200	200.0	1635
chr11	730	6	1	200	200.0	8536
chr11	731	4	1	200	200.0	571
chr11	732	5	1	200	200.0	1768
chr11	732	6	1	200	200.0	8386
chr11	733	5	2	200	100.0	1644
chr11	734	5	3	200	66.66666666666667	1825
chr11	735	4	1	200	200.0	569
chr11	736	6	1	200	200.0	9087
chr11	737	4	1	200	200.0	529
chr11	737	5	1	200	200.0	1899
chr11	738	5	2	200	100.0	2003
chr11	739	4	1	200	200.0	533
chr11	739	5	1	200	200.0	1575
chr11	739	7	1	200	200.0	76240
chr11	741	6	1	200	200.0	8611
chr11	743	4	1	200	200.0	575
chr11	743	5	1	200	200.0	2073
chr11	743	6	1	200	200.0	8213
chr11	744	5	1	200	200.0	1753
chr11	745	6	1	200	200.0	8281
chr11	746	4	1	200	200.0	551
chr11	746	5	1	200	200.0	1770
chr11	747	4	1	200	200.0	519
chr11	747	5	1	200	200.0	1862
chr11	748	4	4	200	50.0	522
chr11	748	5	1	200	200.0	1744
chr11	748	6	1	200	200.0	7848
chr11	749	3	1	200	200.0	465
chr11	749	4	2	200	100.0	519
chr11	749	5	1	200	200.0	1759
chr11	749	6	1	200	200.0	8892
chr11	750	5	1	200	200.0	1851
chr11	751	5	2	200	100.0	1672
chr11	752	5	1	200	200.0	1740
chr11	755	5	2	200	100.0	2074
chr11	755	6	1	200	200.0	8334
chr11	756	5	1	200	200.0	1942
chr11	756	6	1	200	200.0	8434
chr11	757	5	2	200	100.0	1797
chr11	758	3	1	200	200.0	472
chr11	759	6	1	200	200.0	8746
chr11	761	6	2	200	100.0	8158
chr11	763	6	1	200	200.0	8697
chr11	766	4	1	200	200.0	491
chr11	766	6	1	200	200.0	8424
chr11	767	4	1	200	200.0	548
chr11	768	6	1	200	200.0	8336
chr11	769	6	1	200	200.0	8272
chr11	770	5	1	200	200.0	1948
chr11	772	4	1	200	200.0	582
chr11	772	5	2	200	100.0	1836
chr11	773	5	2	200	100.0	1956
chr11	774	4	1	200	200.0	623
chr11	774	5	1	200	200.0	1646
chr11	775	6	1	200	200.0	9752
chr11	776	5	3	200	66.66666666666667	2007
chr11	776	6	1	200	200.0	7631
chr11	778	4	1	200	200.0	559
chr11	778	6	1	200	200.0	8111
chr11	779	4	1	200	200.0	507
chr11	780	6	1	200	200.0	7783
chr11	781	5	1	200	200.0	1804
chr11	783	6	1	200	200.0	8297
chr11	784	4	1	200	200.0	519
chr11	785	4	1	200	200.0	536
chr11	786	5	1	200	200.0	1814
chr11	787	6	1	200	200.0	7996
chr11	789	5	2	200	100.0	1742
chr11	790	6	1	200	200.0	8921
chr11	791	6	2	200	100.0	7862
chr11	792	5	2	200	100.0	1903
chr11	792	6	1	200	200.0	8828
chr11	793	4	1	200	200.0	584
chr11	793	5	2	200	100.0	1675
chr11	795	5	2	200	100.0	2019
chr11	795	6	1	200	200.0	7915
chr11	796	4	1	200	200.0	600
chr11	798	5	1	200	200.0	1708
chr11	801	5	1	200	200.0	1587
chr11	806	4	2	200	100.0	529
chr11	807	5	1	200	200.0	1818
chr11	808	5	3	200	66.66666666666667	1776
chr11	809	6	1	200	200.0	7364
chr11	811	5	1	200	200.0	1833
chr11	811	6	1	200	200.0	9317
chr11	812	4	1	200	200.0	544
chr11	812	5	4	200	50.0	1697
chr11	815	4	1	200	200.0	521
chr11	816	6	1	200	200.0	8678
chr11	817	5	1	200	200.0	2035
chr11	818	4	1	200	200.0	571
chr11	818	5	2	200	100.0	1786
chr11	821	5	2	200	100.0	1965
chr11	822	6	2	200	100.0	8390
chr11	826	4	2	200	100.0	540
chr11	826	5	1	200	200.0	1667
chr11	826	6	1	200	200.0	8397
chr11	827	5	2	200	100.0	1919
chr11	828	6	1	200	200.0	8717
chr11	831	5	1	200	200.0	1929
chr11	832	5	2	200	100.0	1753
chr11	833	5	1	200	200.0	1794
chr11	834	5	2	200	100.0	1749
chr11	835	5	1	200	200.0	1932
chr11	836	6	1	200	200.0	7961
chr11	838	5	1	200	200.0	1605
chr11	839	6	1	200	200.0	8897
chr11	840	4	1	200	200.0	524
chr11	840	5	1	200	200.0	1667
chr11	840	6	1	200	200.0	8499
chr11	841	5	2	200	100.0	1973
chr11	843	6	1	200	200.0	7883
chr11	847	6	1	200	200.0	8111
chr11	850	5	1	200	200.0	1853
chr11	851	5	1	200	200.0	1850
chr11	851	6	1	200	200.0	8715
chr11	852	5	1	200	200.0	1487
chr11	852	6	1	200	200.0	8594
chr11	854	5	2	200	100.0	1938
chr11	855	5	2	200	100.0	1612
chr11	855	6	1	200	200.0	9535
chr11	856	5	1	200	200.0	1699
chr11	858	6	1	200	200.0	8248
chr11	859	6	1	200	200.0	8210
chr11	860	6	2	200	100.0	8970
chr11	860	7	1	200	200.0	81797
chr11	861	5	1	200	200.0	1808
chr11	864	5	2	200	100.0	1611
chr11	864	6	1	200	200.0	7661
chr11	867	5	1	200	200.0	1793
chr11	869	5	1	200	200.0	1717
chr11	870	6	3	200	66.66666666666667	8447
chr11	873	6	1	200	200.0	8162
chr11	876	6	1	200	200.0	7705
chr11	877	5	1	200	200.0	1955
chr11	880	5	1	200	200.0	1905
chr11	882	5	2	200	100.0	1874
chr11	882	6	1	200	200.0	7871
chr11	883	5	1	200	200.0	1774
chr11	886	5	2	200	100.0	1739
chr11	887	5	1	200	200.0	2121
chr11	887	6	1	200	200.0	7867
chr11	892	5	2	200	100.0	2086
chr11	892	6	1	200	200.0	8456
chr11	895	4	1	200	200.0	547
chr11	897	5	2	200	100.0	1799
chr11	898	5	2	200	100.0	1797
chr11	899	5	1	200	200.0	2041
chr11	902	4	1	200	200.0	522
chr11	905	5	1	200	200.0	1823
chr11	911	4	1	200	200.0	534
chr11	911	5	1	200	200.0	1889
chr11	913	5	1	200	200.0	1969
chr11	913	6	1	200	200.0	8474
chr11	914	4	1	200	200.0	552
chr11	914	5	1	200	200.0	1899
chr11	914	6	1	200	200.0	8208
chr11	915	5	1	200	200.0	1841
chr11	915	6	1	200	200.0	8979
chr11	918	5	1	200	200.0	1857
chr11	927	5	1	200	200.0	1870
chr11	927	6	1	200	200.0	8652
chr11	931	6	1	200	200.0	9537
chr11	936	5	2	200	100.0	1811
chr11	936	6	1	200	200.0	7321
chr11	940	6	1	200	200.0	8081
chr11	942	6	1	200	200.0	9266
chr11	944	5	1	200	200.0	1918
chr11	945	6	1	200	200.0	8484
chr11	946	5	1	200	200.0	1906
chr11	946	6	1	200	200.0	8333
chr11	953	5	1	200	200.0	1734
chr11	954	5	1	200	200.0	1914
chr11	956	5	1	200	200.0	2010
chr11	960	5	1	200	200.0	1675
chr11	962	5	1	200	200.0	2007
chr11	965	5	1	200	200.0	1989
chr11	966	5	1	200	200.0	1925
chr11	969	4	1	200	200.0	490
chr11	970	5	2	200	100.0	1836
chr11	971	5	1	200	200.0	1929
chr11	972	6	1	200	200.0	8734
chr11	973	5	1	200	200.0	1946
chr11	976	4	1	200	200.0	491
chr11	976	5	1	200	200.0	1870
chr11	980	5	1	200	200.0	1670
chr11	982	7	1	200	200.0	89597
chr11	988	5	1	200	200.0	1664
chr11	988	6	1	200	200.0	9280
chr11	992	6	2	200	100.0	9404
chr11	997	4	1	200	200.0	499
chr11	999	4	1	200	200.0	538
chr11	1008	5	1	200	200.0	1858
chr11	1010	4	1	200	200.0	494
chr11	1012	4	1	200	200.0	508
chr11	1015	5	1	200	200.0	1770
chr11	1016	5	1	200	200.0	1908
chr11	1019	5	1	200	200.0	1814
chr11	1020	5	1	200	200.0	1812
chr11	1022	5	1	200	200.0	1942
chr11	1022	6	1	200	200.0	9294
chr11	1030	5	1	200	200.0	1987
chr11	1030	6	1	200	200.0	9282
chr11	1037	4	1	200	200.0	548
chr11	1037	5	1	200	200.0	1716
chr11	1045	5	1	200	200.0	1898
chr11	1047	4	1	200	200.0	552
chr11	1047	5	1	200	200.0	1698
chr11	1052	4	1	200	200.0	539
chr11	1054	6	1	200	200.0	8527
chr11	1057	5	1	200	200.0	1765
chr11	1063	5	1	200	200.0	1784
chr11	1089	5	1	200	200.0	1708
chr11	1094	6	1	200	200.0	10033
chr11	1124	4	1	200	200.0	524
chr11	1132	6	1	200	200.0	8525
chr11	1142	4	1	200	200.0	516
chr11	1159	6	1	200	200.0	10154
chr11	1166	4	1	200	200.0	591
chr11	1182	6	2	200	100.0	10367
chr11	1188	5	1	200	200.0	1913
chr11	1193	5	1	200	200.0	1967
chr11	1198	6	1	200	200.0	9071
chr11	1199	6	1	200	200.0	8215
chr11	1206	5	1	200	200.0	2034
chr11	1216	5	1	200	200.0	1679
chr11	1227	4	1	200	200.0	515
chr11	1243	5	1	200	200.0	2025
chr11	1260	5	1	200	200.0	1701
chr11	1269	6	1	200	200.0	9346
chr11	1331	6	1	200	200.0	9557
chr11	1351	4	1	200	200.0	529
chr11	1391	6	1	200	200.0	10051
chr11	1401	6	1	200	200.0	8925
chr11	1413	7	1	200	200.0	141220
chr11	1416	5	1	200	200.0	1693
chr11	1427	5	1	200	200.0	1952
chr11	1475	6	1	200	200.0	9652
chr11	1520	6	1	200	200.0	9290
chr11	1648	6	1	200	200.0	9679
chr11	1859	6	1	200	200.0	9993
chr12	256	5	1	200	200.0	1486
chr12	257	5	1	200	200.0	1509
chr12	265	5	1	200	200.0	1609
chr12	265	6	1	200	200.0	11473
chr12	267	4	1	200	200.0	617
chr12	267	5	1	200	200.0	1472
chr12	272	4	1	200	200.0	580
chr12	274	3	1	200	200.0	493
chr12	279	4	1	200	200.0	547
chr12	282	3	1	200	200.0	512
chr12	283	5	1	200	200.0	1451
chr12	289	6	1	200	200.0	11305
chr12	290	5	1	200	200.0	1593
chr12	291	4	1	200	200.0	583
chr12	292	4	1	200	200.0	594
chr12	293	5	1	200	200.0	1513
chr12	294	3	1	200	200.0	524
chr12	295	4	1	200	200.0	591
chr12	297	5	1	200	200.0	1505
chr12	298	3	1	200	200.0	537
chr12	298	4	1	200	200.0	539
chr12	299	3	1	200	200.0	503
chr12	302	5	1	200	200.0	1607
chr12	305	4	1	200	200.0	551
chr12	305	5	1	200	200.0	1427
chr12	307	4	1	200	200.0	556
chr12	307	6	1	200	200.0	10501
chr12	309	4	2	200	100.0	561
chr12	311	4	1	200	200.0	552
chr12	312	4	2	200	100.0	640
chr12	313	3	1	200	200.0	480
chr12	314	4	1	200	200.0	579
chr12	315	4	1	200	200.0	553
chr12	315	5	1	200	200.0	1709
chr12	316	4	1	200	200.0	604
chr12	316	5	1	200	200.0	1643
chr12	317	3	1	200	200.0	534
chr12	317	5	1	200	200.0	1583
chr12	318	4	1	200	200.0	616
chr12	320	4	1	200	200.0	570
chr12	321	4	1	200	200.0	540
chr12	322	4	1	200	200.0	659
chr12	323	4	2	200	100.0	546
chr12	325	4	1	200	200.0	562
chr12	326	4	1	200	200.0	570
chr12	327	3	1	200	200.0	503
chr12	327	5	1	200	200.0	1570
chr12	328	4	1	200	200.0	609
chr12	329	3	1	200	200.0	437
chr12	329	4	2	200	100.0	559
chr12	330	4	2	200	100.0	567
chr12	330	5	1	200	200.0	1530
chr12	331	4	1	200	200.0	579
chr12	332	3	2	200	100.0	450
chr12	332	4	2	200	100.0	578
chr12	332	5	2	200	100.0	1609
chr12	332	6	1	200	200.0	11666
chr12	333	4	1	200	200.0	573
chr12	334	4	2	200	100.0	535
chr12	334	5	1	200	200.0	1629
chr12	334	7	1	200	200.0	62273
chr12	335	3	1	200	200.0	465
chr12	335	4	1	200	200.0	560
chr12	336	3	1	200	200.0	473
chr12	337	4	1	200	200.0	560
chr12	338	4	1	200	200.0	568
chr12	338	5	1	200	200.0	1794
chr12	339	3	2	200	100.0	475
chr12	339	4	3	200	66.66666666666667	538
chr12	340	3	2	200	100.0	468
chr12	340	4	2	200	100.0	542
chr12	341	5	1	200	200.0	1739
chr12	342	3	1	200	200.0	512
chr12	342	4	2	200	100.0	513
chr12	342	5	1	200	200.0	1531
chr12	342	7	1	200	200.0	65914
chr12	343	3	1	200	200.0	448
chr12	343	5	1	200	200.0	1900
chr12	344	2	1	200	200.0	2398
chr12	344	3	1	200	200.0	460
chr12	344	4	2	200	100.0	606
chr12	345	3	1	200	200.0	476
chr12	345	4	3	200	66.66666666666667	553
chr12	346	3	2	200	100.0	460
chr12	346	5	1	200	200.0	1675
chr12	347	3	1	200	200.0	521
chr12	347	5	1	200	200.0	1663
chr12	348	4	1	200	200.0	591
chr12	349	3	1	200	200.0	473
chr12	349	4	1	200	200.0	549
chr12	351	3	1	200	200.0	481
chr12	351	4	1	200	200.0	554
chr12	352	4	2	200	100.0	566
chr12	353	3	2	200	100.0	494
chr12	354	4	1	200	200.0	543
chr12	354	6	1	200	200.0	12020
chr12	355	4	1	200	200.0	553
chr12	355	5	1	200	200.0	1626
chr12	356	3	1	200	200.0	454
chr12	356	4	2	200	100.0	563
chr12	357	4	2	200	100.0	530
chr12	358	4	1	200	200.0	549
chr12	358	7	1	200	200.0	68654
chr12	359	3	1	200	200.0	429
chr12	359	4	3	200	66.66666666666667	525
chr12	359	5	1	200	200.0	1811
chr12	360	2	1	200	200.0	2975
chr12	360	3	2	200	100.0	459
chr12	360	4	1	200	200.0	513
chr12	360	6	1	200	200.0	12099
chr12	361	3	1	200	200.0	519
chr12	361	4	3	200	66.66666666666667	621
chr12	362	3	2	200	100.0	495
chr12	362	4	1	200	200.0	543
chr12	362	5	1	200	200.0	1787
chr12	363	3	2	200	100.0	477
chr12	363	4	2	200	100.0	521
chr12	364	3	1	200	200.0	513
chr12	364	4	1	200	200.0	538
chr12	364	5	2	200	100.0	1848
chr12	364	7	1	200	200.0	66868
chr12	365	4	3	200	66.66666666666667	552
chr12	365	5	1	200	200.0	1785
chr12	366	3	1	200	200.0	479
chr12	366	4	1	200	200.0	591
chr12	366	5	3	200	66.66666666666667	1955
chr12	367	4	1	200	200.0	537
chr12	367	5	1	200	200.0	1646
chr12	368	3	1	200	200.0	541
chr12	368	4	1	200	200.0	571
chr12	368	5	1	200	200.0	1646
chr12	369	3	1	200	200.0	486
chr12	369	4	2	200	100.0	589
chr12	369	5	1	200	200.0	1578
chr12	370	4	5	200	40.0	547
chr12	371	4	4	200	50.0	571
chr12	371	5	2	200	100.0	2021
chr12	372	3	1	200	200.0	494
chr12	372	6	1	200	200.0	11800
chr12	373	4	2	200	100.0	536
chr12	373	5	1	200	200.0	2009
chr12	374	4	1	200	200.0	579
chr12	374	5	1	200	200.0	1834
chr12	374	6	2	200	100.0	12906
chr12	375	3	2	200	100.0	464
chr12	375	4	1	200	200.0	554
chr12	375	5	2	200	100.0	1879
chr12	376	3	1	200	200.0	487
chr12	376	4	2	200	100.0	562
chr12	376	5	1	200	200.0	1973
chr12	377	4	1	200	200.0	617
chr12	377	5	1	200	200.0	2125
chr12	377	7	1	200	200.0	66075
chr12	378	3	1	200	200.0	505
chr12	378	4	2	200	100.0	537
chr12	378	5	1	200	200.0	1929
chr12	378	6	1	200	200.0	11259
chr12	379	3	1	200	200.0	520
chr12	379	4	2	200	100.0	556
chr12	379	5	1	200	200.0	2002
chr12	380	3	3	200	66.66666666666667	495
chr12	380	4	2	200	100.0	551
chr12	381	4	2	200	100.0	474
chr12	381	6	1	200	200.0	11216
chr12	382	4	1	200	200.0	482
chr12	382	5	2	200	100.0	1911
chr12	383	4	2	200	100.0	560
chr12	383	5	1	200	200.0	1996
chr12	383	6	1	200	200.0	10283
chr12	384	3	3	200	66.66666666666667	472
chr12	384	4	1	200	200.0	502
chr12	384	5	2	200	100.0	1662
chr12	385	6	1	200	200.0	11768
chr12	385	7	1	200	200.0	60812
chr12	386	3	2	200	100.0	482
chr12	386	4	2	200	100.0	559
chr12	386	5	1	200	200.0	1766
chr12	387	4	4	200	50.0	497
chr12	387	5	2	200	100.0	2122
chr12	388	3	1	200	200.0	487
chr12	388	4	4	200	50.0	591
chr12	388	5	2	200	100.0	1800
chr12	388	6	1	200	200.0	12139
chr12	389	3	1	200	200.0	451
chr12	389	4	3	200	66.66666666666667	517
chr12	389	5	1	200	200.0	1892
chr12	390	3	2	200	100.0	504
chr12	390	4	2	200	100.0	511
chr12	390	5	1	200	200.0	1804
chr12	391	3	1	200	200.0	506
chr12	391	4	4	200	50.0	513
chr12	392	3	2	200	100.0	453
chr12	392	4	3	200	66.66666666666667	510
chr12	393	3	2	200	100.0	504
chr12	393	4	1	200	200.0	544
chr12	394	3	1	200	200.0	464
chr12	394	4	1	200	200.0	520
chr12	394	5	2	200	100.0	1731
chr12	394	6	2	200	100.0	13503
chr12	395	4	1	200	200.0	502
chr12	395	5	1	200	200.0	1844
chr12	396	3	1	200	200.0	510
chr12	396	4	1	200	200.0	550
chr12	396	5	1	200	200.0	1875
chr12	396	7	1	200	200.0	69093
chr12	397	4	3	200	66.66666666666667	503
chr12	398	3	1	200	200.0	449
chr12	398	4	1	200	200.0	577
chr12	398	5	1	200	200.0	1761
chr12	400	3	1	200	200.0	482
chr12	400	4	1	200	200.0	549
chr12	400	5	1	200	200.0	1694
chr12	401	5	1	200	200.0	2116
chr12	402	3	2	200	100.0	476
chr12	402	4	2	200	100.0	578
chr12	402	5	4	200	50.0	1713
chr12	403	3	2	200	100.0	454
chr12	403	4	4	200	50.0	614
chr12	404	3	3	200	66.66666666666667	456
chr12	404	4	3	200	66.66666666666667	524
chr12	404	5	2	200	100.0	2097
chr12	405	3	3	200	66.66666666666667	484
chr12	405	4	2	200	100.0	511
chr12	405	6	1	200	200.0	11471
chr12	406	4	1	200	200.0	546
chr12	406	5	3	200	66.66666666666667	1919
chr12	407	3	1	200	200.0	512
chr12	407	4	2	200	100.0	571
chr12	408	3	4	200	50.0	438
chr12	408	4	1	200	200.0	535
chr12	408	5	2	200	100.0	1756
chr12	409	3	1	200	200.0	495
chr12	409	4	1	200	200.0	569
chr12	411	3	3	200	66.66666666666667	441
chr12	411	6	1	200	200.0	11719
chr12	412	3	2	200	100.0	483
chr12	412	4	3	200	66.66666666666667	517
chr12	413	4	2	200	100.0	526
chr12	413	5	1	200	200.0	2298
chr12	414	3	4	200	50.0	522
chr12	414	4	1	200	200.0	575
chr12	414	6	1	200	200.0	12342
chr12	415	3	3	200	66.66666666666667	473
chr12	415	5	3	200	66.66666666666667	1974
chr12	416	3	1	200	200.0	486
chr12	416	4	4	200	50.0	528
chr12	416	5	1	200	200.0	1636
chr12	417	3	1	200	200.0	465
chr12	417	4	2	200	100.0	544
chr12	417	5	1	200	200.0	1878
chr12	418	3	1	200	200.0	485
chr12	418	4	5	200	40.0	527
chr12	418	5	3	200	66.66666666666667	2034
chr12	419	3	1	200	200.0	483
chr12	419	4	3	200	66.66666666666667	544
chr12	419	5	1	200	200.0	1771
chr12	420	3	3	200	66.66666666666667	499
chr12	420	4	2	200	100.0	498
chr12	420	5	1	200	200.0	1794
chr12	421	3	3	200	66.66666666666667	481
chr12	421	4	1	200	200.0	541
chr12	421	5	2	200	100.0	1946
chr12	421	6	1	200	200.0	13565
chr12	422	3	1	200	200.0	482
chr12	422	4	4	200	50.0	547
chr12	422	5	1	200	200.0	1816
chr12	422	6	1	200	200.0	14144
chr12	423	3	1	200	200.0	438
chr12	423	4	3	200	66.66666666666667	564
chr12	423	5	1	200	200.0	1814
chr12	424	3	1	200	200.0	523
chr12	424	4	2	200	100.0	531
chr12	424	6	1	200	200.0	12840
chr12	425	4	2	200	100.0	538
chr12	425	5	1	200	200.0	1792
chr12	426	3	2	200	100.0	509
chr12	426	4	1	200	200.0	533
chr12	427	3	2	200	100.0	477
chr12	427	4	2	200	100.0	577
chr12	427	5	1	200	200.0	1888
chr12	428	3	2	200	100.0	555
chr12	428	4	2	200	100.0	557
chr12	428	5	2	200	100.0	2029
chr12	429	4	4	200	50.0	529
chr12	430	3	2	200	100.0	482
chr12	430	4	5	200	40.0	571
chr12	430	5	3	200	66.66666666666667	2051
chr12	431	3	1	200	200.0	491
chr12	431	4	3	200	66.66666666666667	545
chr12	431	5	2	200	100.0	2054
chr12	432	3	2	200	100.0	494
chr12	432	4	4	200	50.0	446
chr12	432	5	1	200	200.0	1872
chr12	433	3	1	200	200.0	468
chr12	433	4	3	200	66.66666666666667	512
chr12	434	4	3	200	66.66666666666667	549
chr12	434	5	1	200	200.0	2148
chr12	435	4	2	200	100.0	525
chr12	435	5	1	200	200.0	2002
chr12	436	4	4	200	50.0	572
chr12	436	5	1	200	200.0	1826
chr12	437	4	4	200	50.0	538
chr12	437	5	2	200	100.0	2032
chr12	438	3	3	200	66.66666666666667	487
chr12	438	4	1	200	200.0	552
chr12	438	5	1	200	200.0	1668
chr12	439	3	2	200	100.0	460
chr12	439	4	3	200	66.66666666666667	531
chr12	439	5	2	200	100.0	1986
chr12	440	3	1	200	200.0	470
chr12	440	4	3	200	66.66666666666667	597
chr12	441	4	4	200	50.0	505
chr12	441	5	2	200	100.0	1905
chr12	442	3	1	200	200.0	463
chr12	442	4	2	200	100.0	496
chr12	442	5	1	200	200.0	1826
chr12	443	3	1	200	200.0	438
chr12	443	4	2	200	100.0	525
chr12	443	5	1	200	200.0	1764
chr12	443	6	1	200	200.0	12651
chr12	444	4	3	200	66.66666666666667	537
chr12	444	5	1	200	200.0	1670
chr12	445	3	1	200	200.0	437
chr12	445	4	5	200	40.0	484
chr12	446	3	1	200	200.0	480
chr12	446	4	4	200	50.0	534
chr12	447	3	1	200	200.0	472
chr12	447	4	4	200	50.0	519
chr12	447	5	3	200	66.66666666666667	2048
chr12	447	6	1	200	200.0	13147
chr12	448	3	1	200	200.0	486
chr12	448	4	5	200	40.0	529
chr12	449	3	3	200	66.66666666666667	464
chr12	449	4	2	200	100.0	501
chr12	449	5	3	200	66.66666666666667	1714
chr12	450	4	3	200	66.66666666666667	503
chr12	450	5	1	200	200.0	1990
chr12	451	3	1	200	200.0	459
chr12	451	4	3	200	66.66666666666667	510
chr12	451	6	1	200	200.0	12969
chr12	452	3	2	200	100.0	514
chr12	452	4	1	200	200.0	507
chr12	452	5	1	200	200.0	1942
chr12	453	4	4	200	50.0	486
chr12	453	5	1	200	200.0	2104
chr12	454	3	1	200	200.0	526
chr12	454	4	2	200	100.0	585
chr12	455	3	1	200	200.0	459
chr12	455	4	3	200	66.66666666666667	505
chr12	455	5	1	200	200.0	2000
chr12	455	6	1	200	200.0	12120
chr12	456	3	2	200	100.0	487
chr12	456	4	3	200	66.66666666666667	574
chr12	456	5	2	200	100.0	2017
chr12	457	4	1	200	200.0	500
chr12	457	5	2	200	100.0	1885
chr12	457	6	2	200	100.0	13136
chr12	458	4	3	200	66.66666666666667	549
chr12	458	5	1	200	200.0	1982
chr12	459	3	2	200	100.0	483
chr12	459	4	2	200	100.0	512
chr12	459	5	2	200	100.0	2013
chr12	460	3	1	200	200.0	470
chr12	460	4	3	200	66.66666666666667	486
chr12	460	5	3	200	66.66666666666667	1956
chr12	460	6	2	200	100.0	12480
chr12	461	4	3	200	66.66666666666667	517
chr12	462	3	1	200	200.0	496
chr12	462	4	5	200	40.0	502
chr12	462	6	2	200	100.0	14400
chr12	463	3	1	200	200.0	453
chr12	463	4	2	200	100.0	552
chr12	463	5	1	200	200.0	1937
chr12	464	4	1	200	200.0	574
chr12	464	6	1	200	200.0	12910
chr12	465	4	2	200	100.0	520
chr12	465	5	1	200	200.0	2108
chr12	465	6	1	200	200.0	14254
chr12	466	3	1	200	200.0	496
chr12	466	4	2	200	100.0	545
chr12	466	5	2	200	100.0	1807
chr12	466	6	1	200	200.0	13413
chr12	467	3	1	200	200.0	530
chr12	467	4	3	200	66.66666666666667	522
chr12	467	5	2	200	100.0	1852
chr12	467	7	1	200	200.0	80340
chr12	468	3	3	200	66.66666666666667	492
chr12	468	4	1	200	200.0	558
chr12	468	5	2	200	100.0	1862
chr12	468	6	1	200	200.0	12600
chr12	469	3	1	200	200.0	489
chr12	469	4	2	200	100.0	516
chr12	469	5	3	200	66.66666666666667	1934
chr12	470	3	2	200	100.0	522
chr12	470	4	3	200	66.66666666666667	595
chr12	471	4	3	200	66.66666666666667	548
chr12	471	6	1	200	200.0	14113
chr12	472	3	1	200	200.0	507
chr12	472	4	4	200	50.0	564
chr12	472	5	1	200	200.0	1680
chr12	473	3	2	200	100.0	473
chr12	473	4	2	200	100.0	551
chr12	473	5	2	200	100.0	1840
chr12	473	6	1	200	200.0	12846
chr12	474	4	3	200	66.66666666666667	504
chr12	474	5	2	200	100.0	2020
chr12	474	6	1	200	200.0	14410
chr12	475	4	2	200	100.0	537
chr12	475	5	1	200	200.0	1979
chr12	475	7	1	200	200.0	78128
chr12	476	4	1	200	200.0	518
chr12	476	6	1	200	200.0	11387
chr12	477	3	1	200	200.0	471
chr12	478	4	4	200	50.0	533
chr12	479	3	1	200	200.0	498
chr12	479	4	3	200	66.66666666666667	573
chr12	479	5	1	200	200.0	2075
chr12	480	3	1	200	200.0	489
chr12	480	6	1	200	200.0	11859
chr12	481	3	1	200	200.0	530
chr12	481	4	3	200	66.66666666666667	530
chr12	482	3	2	200	100.0	469
chr12	482	4	2	200	100.0	554
chr12	482	5	2	200	100.0	2021
chr12	482	6	1	200	200.0	13377
chr12	483	3	2	200	100.0	451
chr12	483	4	4	200	50.0	543
chr12	483	5	1	200	200.0	2010
chr12	485	4	2	200	100.0	535
chr12	485	5	2	200	100.0	2300
chr12	485	6	2	200	100.0	12221
chr12	486	3	2	200	100.0	476
chr12	487	3	1	200	200.0	549
chr12	487	4	5	200	40.0	541
chr12	487	5	2	200	100.0	1928
chr12	488	4	2	200	100.0	536
chr12	488	5	4	200	50.0	2001
chr12	489	3	1	200	200.0	463
chr12	489	4	4	200	50.0	529
chr12	489	5	1	200	200.0	2106
chr12	490	3	1	200	200.0	488
chr12	490	4	3	200	66.66666666666667	531
chr12	490	5	1	200	200.0	2073
chr12	491	4	3	200	66.66666666666667	503
chr12	492	3	1	200	200.0	459
chr12	492	4	3	200	66.66666666666667	508
chr12	492	6	1	200	200.0	14967
chr12	492	7	1	200	200.0	75985
chr12	493	3	1	200	200.0	495
chr12	493	4	2	200	100.0	560
chr12	493	5	1	200	200.0	2039
chr12	494	3	1	200	200.0	480
chr12	494	6	1	200	200.0	12190
chr12	495	4	1	200	200.0	474
chr12	495	5	1	200	200.0	1978
chr12	495	6	1	200	200.0	12381
chr12	496	4	1	200	200.0	543
chr12	496	5	2	200	100.0	2169
chr12	496	6	1	200	200.0	11999
chr12	497	3	1	200	200.0	508
chr12	497	4	6	200	33.333333333333336	515
chr12	497	5	1	200	200.0	2129
chr12	498	5	1	200	200.0	2232
chr12	499	3	2	200	100.0	452
chr12	499	4	4	200	50.0	511
chr12	499	5	1	200	200.0	2056
chr12	500	3	1	200	200.0	479
chr12	500	4	4	200	50.0	508
chr12	500	5	1	200	200.0	1948
chr12	501	3	1	200	200.0	455
chr12	502	4	4	200	50.0	519
chr12	503	4	1	200	200.0	517
chr12	503	5	1	200	200.0	2080
chr12	504	4	4	200	50.0	539
chr12	504	5	1	200	200.0	2120
chr12	504	6	1	200	200.0	13990
chr12	505	4	3	200	66.66666666666667	509
chr12	505	5	1	200	200.0	2136
chr12	506	3	1	200	200.0	450
chr12	506	4	4	200	50.0	544
chr12	507	3	2	200	100.0	469
chr12	507	4	1	200	200.0	521
chr12	507	5	1	200	200.0	2331
chr12	507	6	1	200	200.0	13026
chr12	508	4	1	200	200.0	525
chr12	509	3	1	200	200.0	454
chr12	509	4	2	200	100.0	542
chr12	509	6	1	200	200.0	15516
chr12	510	4	1	200	200.0	477
chr12	510	5	1	200	200.0	2080
chr12	510	6	1	200	200.0	12200
chr12	511	4	3	200	66.66666666666667	511
chr12	511	5	2	200	100.0	2056
chr12	511	7	1	200	200.0	79238
chr12	512	3	1	200	200.0	462
chr12	512	4	1	200	200.0	549
chr12	512	6	1	200	200.0	12767
chr12	513	4	1	200	200.0	479
chr12	513	5	3	200	66.66666666666667	2425
chr12	514	4	1	200	200.0	520
chr12	514	5	2	200	100.0	2052
chr12	515	3	3	200	66.66666666666667	484
chr12	515	4	1	200	200.0	557
chr12	515	5	2	200	100.0	2149
chr12	515	6	1	200	200.0	15117
chr12	516	3	1	200	200.0	457
chr12	516	4	5	200	40.0	484
chr12	516	6	2	200	100.0	14113
chr12	517	4	3	200	66.66666666666667	516
chr12	517	5	1	200	200.0	1882
chr12	518	3	1	200	200.0	437
chr12	518	4	2	200	100.0	533
chr12	519	4	1	200	200.0	451
chr12	519	5	1	200	200.0	2043
chr12	520	4	2	200	100.0	514
chr12	520	5	4	200	50.0	1909
chr12	521	4	1	200	200.0	539
chr12	521	6	1	200	200.0	11213
chr12	522	4	1	200	200.0	493
chr12	522	5	1	200	200.0	2111
chr12	522	6	1	200	200.0	13601
chr12	522	7	1	200	200.0	82373
chr12	523	3	2	200	100.0	464
chr12	523	4	3	200	66.66666666666667	565
chr12	525	4	5	200	40.0	500
chr12	525	5	4	200	50.0	1829
chr12	526	3	1	200	200.0	458
chr12	526	5	1	200	200.0	1968
chr12	526	6	2	200	100.0	13273
chr12	527	4	1	200	200.0	486
chr12	528	3	1	200	200.0	477
chr12	528	5	1	200	200.0	2023
chr12	528	6	1	200	200.0	13530
chr12	529	3	1	200	200.0	456
chr12	529	5	3	200	66.66666666666667	2179
chr12	529	7	1	200	200.0	84944
chr12	530	3	1	200	200.0	465
chr12	530	4	5	200	40.0	485
chr12	530	5	3	200	66.66666666666667	2269
chr12	530	6	1	200	200.0	12369
chr12	531	4	2	200	100.0	550
chr12	531	5	4	200	50.0	1765
chr12	532	4	2	200	100.0	484
chr12	532	7	1	200	200.0	92585
chr12	533	4	1	200	200.0	528
chr12	533	5	1	200	200.0	2051
chr12	534	3	1	200	200.0	461
chr12	534	4	2	200	100.0	517
chr12	534	7	1	200	200.0	78703
chr12	535	3	1	200	200.0	508
chr12	535	4	2	200	100.0	537
chr12	535	5	1	200	200.0	2219
chr12	536	5	1	200	200.0	2043
chr12	537	4	1	200	200.0	563
chr12	537	5	1	200	200.0	2047
chr12	538	4	1	200	200.0	487
chr12	538	5	1	200	200.0	2131
chr12	539	3	1	200	200.0	470
chr12	540	4	1	200	200.0	564
chr12	540	5	1	200	200.0	2221
chr12	541	4	2	200	100.0	488
chr12	541	5	2	200	100.0	2115
chr12	541	6	1	200	200.0	11864
chr12	542	4	6	200	33.333333333333336	467
chr12	542	5	1	200	200.0	1998
chr12	543	4	1	200	200.0	514
chr12	543	5	1	200	200.0	2132
chr12	544	4	1	200	200.0	561
chr12	544	5	1	200	200.0	1981
chr12	545	3	1	200	200.0	518
chr12	545	6	2	200	100.0	12640
chr12	547	4	2	200	100.0	487
chr12	547	5	2	200	100.0	2193
chr12	548	4	1	200	200.0	534
chr12	548	5	2	200	100.0	1962
chr12	549	4	2	200	100.0	564
chr12	549	5	1	200	200.0	2103
chr12	550	4	1	200	200.0	505
chr12	550	5	1	200	200.0	2098
chr12	551	4	2	200	100.0	467
chr12	551	5	1	200	200.0	2137
chr12	552	4	2	200	100.0	482
chr12	552	5	2	200	100.0	1835
chr12	553	3	1	200	200.0	476
chr12	553	4	4	200	50.0	448
chr12	553	6	1	200	200.0	13094
chr12	554	4	1	200	200.0	536
chr12	554	5	2	200	100.0	2198
chr12	555	3	1	200	200.0	443
chr12	555	5	3	200	66.66666666666667	2006
chr12	556	4	2	200	100.0	539
chr12	556	5	1	200	200.0	2122
chr12	556	6	2	200	100.0	14609
chr12	557	4	1	200	200.0	540
chr12	557	5	1	200	200.0	2051
chr12	558	4	2	200	100.0	467
chr12	558	5	4	200	50.0	2122
chr12	558	6	1	200	200.0	13138
chr12	559	3	1	200	200.0	471
chr12	559	4	2	200	100.0	565
chr12	559	5	2	200	100.0	2027
chr12	560	4	3	200	66.66666666666667	505
chr12	560	5	2	200	100.0	1813
chr12	561	4	2	200	100.0	487
chr12	561	5	2	200	100.0	2105
chr12	561	6	1	200	200.0	14157
chr12	562	4	3	200	66.66666666666667	537
chr12	562	5	1	200	200.0	1853
chr12	563	4	1	200	200.0	509
chr12	564	4	1	200	200.0	521
chr12	564	5	1	200	200.0	2066
chr12	565	4	5	200	40.0	513
chr12	566	3	2	200	100.0	432
chr12	566	4	1	200	200.0	518
chr12	567	4	3	200	66.66666666666667	489
chr12	567	5	1	200	200.0	2078
chr12	568	4	1	200	200.0	510
chr12	569	3	1	200	200.0	442
chr12	569	4	1	200	200.0	525
chr12	570	3	1	200	200.0	442
chr12	570	4	3	200	66.66666666666667	473
chr12	570	5	1	200	200.0	2161
chr12	571	4	1	200	200.0	457
chr12	571	5	2	200	100.0	2132
chr12	572	4	1	200	200.0	506
chr12	572	5	2	200	100.0	2179
chr12	573	4	1	200	200.0	466
chr12	574	3	1	200	200.0	445
chr12	574	4	2	200	100.0	524
chr12	574	5	3	200	66.66666666666667	2090
chr12	575	4	2	200	100.0	529
chr12	575	5	2	200	100.0	1896
chr12	576	3	1	200	200.0	490
chr12	576	4	2	200	100.0	465
chr12	576	5	1	200	200.0	2125
chr12	577	4	4	200	50.0	531
chr12	578	4	1	200	200.0	584
chr12	578	5	1	200	200.0	1983
chr12	579	4	2	200	100.0	522
chr12	579	5	1	200	200.0	1919
chr12	580	3	1	200	200.0	467
chr12	580	5	1	200	200.0	1959
chr12	580	6	1	200	200.0	13174
chr12	581	4	1	200	200.0	530
chr12	581	5	2	200	100.0	1885
chr12	582	4	1	200	200.0	505
chr12	582	5	1	200	200.0	2227
chr12	583	4	1	200	200.0	534
chr12	583	5	3	200	66.66666666666667	2168
chr12	585	3	2	200	100.0	484
chr12	585	5	2	200	100.0	2360
chr12	586	4	1	200	200.0	528
chr12	586	5	3	200	66.66666666666667	2297
chr12	587	4	2	200	100.0	506
chr12	587	5	1	200	200.0	2259
chr12	589	5	2	200	100.0	2247
chr12	589	6	1	200	200.0	13819
chr12	590	3	1	200	200.0	470
chr12	590	4	2	200	100.0	519
chr12	590	5	1	200	200.0	2096
chr12	590	6	2	200	100.0	13369
chr12	591	4	1	200	200.0	512
chr12	591	5	2	200	100.0	2039
chr12	592	5	1	200	200.0	2039
chr12	593	4	1	200	200.0	514
chr12	593	5	1	200	200.0	2108
chr12	594	4	1	200	200.0	554
chr12	594	6	2	200	100.0	13736
chr12	595	3	1	200	200.0	451
chr12	595	4	3	200	66.66666666666667	549
chr12	596	4	1	200	200.0	484
chr12	596	5	1	200	200.0	2142
chr12	597	5	1	200	200.0	2158
chr12	597	6	1	200	200.0	15808
chr12	597	7	1	200	200.0	93589
chr12	598	4	1	200	200.0	563
chr12	598	5	1	200	200.0	2085
chr12	599	5	3	200	66.66666666666667	2181
chr12	599	6	1	200	200.0	14433
chr12	600	4	2	200	100.0	529
chr12	600	5	2	200	100.0	2392
chr12	600	6	1	200	200.0	12983
chr12	601	4	2	200	100.0	514
chr12	601	5	3	200	66.66666666666667	2159
chr12	602	3	1	200	200.0	484
chr12	602	4	2	200	100.0	520
chr12	602	5	1	200	200.0	1934
chr12	603	3	1	200	200.0	409
chr12	603	4	1	200	200.0	518
chr12	603	5	1	200	200.0	2297
chr12	604	3	1	200	200.0	459
chr12	604	4	3	200	66.66666666666667	572
chr12	604	5	1	200	200.0	2231
chr12	605	4	1	200	200.0	554
chr12	605	5	1	200	200.0	2178
chr12	605	6	1	200	200.0	12554
chr12	606	4	2	200	100.0	522
chr12	606	5	1	200	200.0	2199
chr12	606	6	1	200	200.0	13687
chr12	607	5	1	200	200.0	2197
chr12	608	4	1	200	200.0	494
chr12	608	5	2	200	100.0	2216
chr12	609	4	2	200	100.0	493
chr12	609	5	1	200	200.0	2238
chr12	612	5	1	200	200.0	2403
chr12	612	6	1	200	200.0	14201
chr12	613	4	3	200	66.66666666666667	512
chr12	614	3	1	200	200.0	449
chr12	614	4	1	200	200.0	517
chr12	614	5	1	200	200.0	2407
chr12	615	4	1	200	200.0	471
chr12	615	5	1	200	200.0	2080
chr12	616	4	1	200	200.0	506
chr12	617	3	1	200	200.0	485
chr12	617	4	1	200	200.0	499
chr12	618	3	1	200	200.0	503
chr12	618	4	2	200	100.0	523
chr12	619	4	1	200	200.0	528
chr12	619	5	1	200	200.0	2137
chr12	620	4	2	200	100.0	509
chr12	620	5	1	200	200.0	2113
chr12	620	6	1	200	200.0	15815
chr12	622	4	1	200	200.0	491
chr12	622	5	1	200	200.0	1894
chr12	623	3	1	200	200.0	442
chr12	623	5	2	200	100.0	2089
chr12	624	4	3	200	66.66666666666667	528
chr12	624	5	2	200	100.0	2202
chr12	625	6	1	200	200.0	15394
chr12	626	4	1	200	200.0	536
chr12	626	5	1	200	200.0	1975
chr12	627	4	1	200	200.0	553
chr12	627	5	1	200	200.0	2190
chr12	628	4	4	200	50.0	484
chr12	628	6	2	200	100.0	14008
chr12	629	4	1	200	200.0	482
chr12	629	5	1	200	200.0	2092
chr12	630	5	2	200	100.0	1998
chr12	631	4	2	200	100.0	573
chr12	631	5	1	200	200.0	2017
chr12	632	4	2	200	100.0	502
chr12	633	6	1	200	200.0	13963
chr12	635	4	3	200	66.66666666666667	517
chr12	635	5	1	200	200.0	1969
chr12	635	6	1	200	200.0	12832
chr12	636	5	1	200	200.0	2090
chr12	637	5	1	200	200.0	2300
chr12	638	4	1	200	200.0	488
chr12	638	5	2	200	100.0	2083
chr12	639	5	1	200	200.0	2404
chr12	639	6	1	200	200.0	14630
chr12	640	4	1	200	200.0	504
chr12	640	6	1	200	200.0	14190
chr12	641	4	2	200	100.0	487
chr12	641	6	1	200	200.0	12305
chr12	642	4	1	200	200.0	523
chr12	642	5	2	200	100.0	2311
chr12	643	4	2	200	100.0	518
chr12	644	5	2	200	100.0	2114
chr12	645	4	2	200	100.0	522
chr12	645	5	1	200	200.0	2077
chr12	646	4	2	200	100.0	486
chr12	646	5	1	200	200.0	2169
chr12	647	3	1	200	200.0	476
chr12	647	4	1	200	200.0	565
chr12	647	5	2	200	100.0	2166
chr12	648	4	2	200	100.0	494
chr12	648	5	1	200	200.0	2040
chr12	649	5	2	200	100.0	2321
chr12	650	4	1	200	200.0	502
chr12	650	5	1	200	200.0	2203
chr12	651	3	1	200	200.0	476
chr12	651	4	2	200	100.0	488
chr12	651	6	1	200	200.0	14047
chr12	653	4	2	200	100.0	479
chr12	653	5	1	200	200.0	2030
chr12	654	3	1	200	200.0	474
chr12	654	5	1	200	200.0	2230
chr12	655	4	3	200	66.66666666666667	504
chr12	656	4	2	200	100.0	491
chr12	656	5	1	200	200.0	2114
chr12	657	4	2	200	100.0	461
chr12	657	5	1	200	200.0	2395
chr12	657	7	1	200	200.0	87555
chr12	658	5	1	200	200.0	2122
chr12	659	4	1	200	200.0	479
chr12	660	5	3	200	66.66666666666667	2020
chr12	660	6	1	200	200.0	14581
chr12	661	4	1	200	200.0	500
chr12	662	3	1	200	200.0	489
chr12	663	4	1	200	200.0	521
chr12	664	5	2	200	100.0	2291
chr12	667	4	1	200	200.0	513
chr12	667	5	1	200	200.0	2458
chr12	668	3	1	200	200.0	555
chr12	668	4	2	200	100.0	530
chr12	668	5	4	200	50.0	2408
chr12	668	6	1	200	200.0	17081
chr12	669	5	1	200	200.0	2134
chr12	671	4	1	200	200.0	513
chr12	672	5	2	200	100.0	2332
chr12	673	4	1	200	200.0	534
chr12	673	5	1	200	200.0	2438
chr12	674	4	2	200	100.0	521
chr12	674	6	1	200	200.0	13932
chr12	675	5	1	200	200.0	2165
chr12	676	4	2	200	100.0	515
chr12	676	5	1	200	200.0	2247
chr12	677	4	1	200	200.0	549
chr12	677	5	2	200	100.0	2216
chr12	679	4	1	200	200.0	484
chr12	679	5	2	200	100.0	2427
chr12	680	5	1	200	200.0	2063
chr12	681	4	1	200	200.0	481
chr12	682	5	2	200	100.0	2543
chr12	684	6	2	200	100.0	14079
chr12	686	4	3	200	66.66666666666667	537
chr12	686	6	1	200	200.0	14096
chr12	687	4	1	200	200.0	519
chr12	687	5	1	200	200.0	2085
chr12	688	5	2	200	100.0	2324
chr12	689	4	2	200	100.0	478
chr12	689	5	1	200	200.0	2297
chr12	689	6	1	200	200.0	14544
chr12	690	4	1	200	200.0	448
chr12	691	7	1	200	200.0	92804
chr12	693	3	1	200	200.0	440
chr12	693	6	1	200	200.0	13437
chr12	694	4	1	200	200.0	510
chr12	694	5	2	200	100.0	2411
chr12	696	4	1	200	200.0	508
chr12	696	5	2	200	100.0	2202
chr12	697	5	1	200	200.0	2170
chr12	697	6	1	200	200.0	12948
chr12	699	4	2	200	100.0	513
chr12	699	5	1	200	200.0	2036
chr12	700	4	1	200	200.0	476
chr12	700	6	1	200	200.0	12590
chr12	701	4	3	200	66.66666666666667	529
chr12	702	4	1	200	200.0	476
chr12	702	5	1	200	200.0	2258
chr12	703	4	2	200	100.0	516
chr12	703	5	3	200	66.66666666666667	2337
chr12	704	5	1	200	200.0	2098
chr12	705	5	1	200	200.0	2434
chr12	706	5	2	200	100.0	2081
chr12	707	4	2	200	100.0	527
chr12	707	5	1	200	200.0	2564
chr12	708	5	1	200	200.0	2089
chr12	709	4	1	200	200.0	503
chr12	709	5	1	200	200.0	2044
chr12	709	6	1	200	200.0	15754
chr12	710	5	1	200	200.0	2301
chr12	711	4	1	200	200.0	509
chr12	711	5	2	200	100.0	2502
chr12	714	3	1	200	200.0	466
chr12	715	4	1	200	200.0	504
chr12	715	5	1	200	200.0	2117
chr12	716	5	2	200	100.0	2162
chr12	716	6	2	200	100.0	14258
chr12	716	7	1	200	200.0	118488
chr12	717	5	1	200	200.0	2357
chr12	717	6	2	200	100.0	15197
chr12	718	5	1	200	200.0	2510
chr12	719	5	2	200	100.0	2183
chr12	720	4	1	200	200.0	539
chr12	720	5	1	200	200.0	2385
chr12	721	5	2	200	100.0	2292
chr12	722	5	2	200	100.0	2099
chr12	723	5	2	200	100.0	2121
chr12	724	4	1	200	200.0	495
chr12	725	3	1	200	200.0	473
chr12	725	4	1	200	200.0	524
chr12	725	5	2	200	100.0	2159
chr12	726	4	1	200	200.0	527
chr12	726	5	2	200	100.0	1983
chr12	726	6	1	200	200.0	15129
chr12	728	4	2	200	100.0	514
chr12	729	5	1	200	200.0	2415
chr12	729	6	2	200	100.0	14924
chr12	730	5	1	200	200.0	2438
chr12	731	4	1	200	200.0	484
chr12	731	5	2	200	100.0	2586
chr12	732	5	2	200	100.0	2633
chr12	733	5	1	200	200.0	2078
chr12	734	5	1	200	200.0	2270
chr12	736	5	1	200	200.0	2442
chr12	736	6	1	200	200.0	13896
chr12	739	5	1	200	200.0	2259
chr12	740	5	1	200	200.0	2469
chr12	740	6	1	200	200.0	15010
chr12	741	4	2	200	100.0	486
chr12	742	5	2	200	100.0	2436
chr12	743	5	1	200	200.0	2092
chr12	744	5	1	200	200.0	2253
chr12	746	4	1	200	200.0	511
chr12	746	5	1	200	200.0	2252
chr12	748	4	1	200	200.0	515
chr12	748	6	1	200	200.0	13463
chr12	750	5	2	200	100.0	2192
chr12	752	5	3	200	66.66666666666667	2292
chr12	754	4	1	200	200.0	526
chr12	755	4	1	200	200.0	486
chr12	755	5	1	200	200.0	2510
chr12	757	5	1	200	200.0	2284
chr12	758	4	1	200	200.0	516
chr12	759	5	1	200	200.0	2432
chr12	760	5	1	200	200.0	2160
chr12	762	4	1	200	200.0	469
chr12	763	5	1	200	200.0	2226
chr12	764	4	1	200	200.0	509
chr12	764	5	2	200	100.0	2524
chr12	765	4	1	200	200.0	518
chr12	767	4	1	200	200.0	524
chr12	767	5	3	200	66.66666666666667	2342
chr12	768	5	1	200	200.0	2332
chr12	769	5	1	200	200.0	2514
chr12	780	5	1	200	200.0	2357
chr12	783	6	1	200	200.0	15553
chr12	786	4	1	200	200.0	526
chr12	787	4	1	200	200.0	482
chr12	790	4	1	200	200.0	522
chr12	790	6	2	200	100.0	13957
chr12	791	5	2	200	100.0	2084
chr12	793	6	1	200	200.0	13064
chr12	796	4	1	200	200.0	483
chr12	798	5	1	200	200.0	2461
chr12	800	4	2	200	100.0	523
chr12	800	5	1	200	200.0	2399
chr12	801	5	1	200	200.0	2401
chr12	802	4	1	200	200.0	542
chr12	802	5	1	200	200.0	2362
chr12	802	6	1	200	200.0	16004
chr12	807	5	1	200	200.0	2338
chr12	808	4	1	200	200.0	476
chr12	808	5	1	200	200.0	2350
chr12	810	4	1	200	200.0	499
chr12	812	4	1	200	200.0	498
chr12	813	4	1	200	200.0	531
chr12	813	5	2	200	100.0	2455
chr12	815	4	1	200	200.0	537
chr12	816	5	1	200	200.0	2381
chr12	817	5	1	200	200.0	2412
chr12	818	5	1	200	200.0	2258
chr12	821	5	1	200	200.0	2290
chr12	822	5	1	200	200.0	2300
chr12	825	4	1	200	200.0	501
chr12	825	5	1	200	200.0	2370
chr12	831	6	1	200	200.0	15747
chr12	833	5	1	200	200.0	2316
chr12	835	5	1	200	200.0	2614
chr12	835	6	1	200	200.0	13709
chr12	839	5	1	200	200.0	2240
chr12	843	6	1	200	200.0	15429
chr12	844	5	1	200	200.0	2453
chr12	845	5	1	200	200.0	2211
chr12	846	6	1	200	200.0	15511
chr12	847	5	1	200	200.0	2324
chr12	847	6	2	200	100.0	14624
chr12	848	4	1	200	200.0	513
chr12	850	4	1	200	200.0	539
chr12	850	5	1	200	200.0	2346
chr12	851	6	1	200	200.0	14141
chr12	860	4	2	200	100.0	538
chr12	860	5	1	200	200.0	2440
chr12	862	5	1	200	200.0	2344
chr12	864	5	1	200	200.0	2445
chr12	868	5	1	200	200.0	2043
chr12	869	5	1	200	200.0	2341
chr12	871	4	1	200	200.0	544
chr12	872	6	1	200	200.0	16048
chr12	875	5	1	200	200.0	2199
chr12	878	5	2	200	100.0	2593
chr12	879	5	1	200	200.0	2492
chr12	880	5	1	200	200.0	2531
chr12	889	5	1	200	200.0	2384
chr12	892	4	1	200	200.0	516
chr12	894	5	1	200	200.0	2429
chr12	897	5	1	200	200.0	2395
chr12	901	5	1	200	200.0	2280
chr12	902	5	1	200	200.0	2257
chr12	920	6	1	200	200.0	17096
chr12	930	5	1	200	200.0	2325
chr12	932	4	1	200	200.0	553
chr12	938	5	1	200	200.0	2474
chr12	943	5	1	200	200.0	2357
chr12	945	6	1	200	200.0	15499
chr12	961	5	1	200	200.0	2708
chr12	978	5	1	200	200.0	2273
chr12	980	6	1	200	200.0	17519
chr12	981	5	1	200	200.0	2276
chr12	1009	5	1	200	200.0	2544
chr12	1010	5	1	200	200.0	2218
chr12	1012	5	1	200	200.0	2513
chr12	1015	5	1	200	200.0	2307
chr12	1025	5	1	200	200.0	2346
chr12	1026	6	1	200	200.0	15548
chr12	1075	5	1	200	200.0	2408
chr12	1080	5	1	200	200.0	2539
chr12	1085	5	1	200	200.0	2646
chr12	1087	5	1	200	200.0	2355
chr12	1117	5	1	200	200.0	2572
chr12	1177	5	1	200	200.0	2897
chr12	1213	5	1	200	200.0	2510
chr12	1222	6	1	200	200.0	15796
chr12	1243	6	1	200	200.0	17894
chr12	1254	6	1	200	200.0	16579
chr12	1260	5	1	200	200.0	2712
chr12	1286	4	1	200	200.0	502
chr12	1304	5	1	200	200.0	2473
chr12	1334	6	1	200	200.0	19373
chr12	1347	6	1	200	200.0	17807
chr12	1392	6	1	200	200.0	16702
chr12	1434	6	1	200	200.0	18035
chr12	1565	6	1	200	200.0	20573
chr12	1922	5	1	200	200.0	2779
chr13	263	3	1	200	200.0	465
chr13	264	4	1	200	200.0	813
chr13	272	4	1	200	200.0	799
chr13	281	3	1	200	200.0	485
chr13	287	5	1	200	200.0	3063
chr13	291	4	1	200	200.0	845
chr13	293	4	1	200	200.0	696
chr13	294	4	1	200	200.0	790
chr13	296	3	1	200	200.0	517
chr13	298	4	1	200	200.0	779
chr13	300	4	1	200	200.0	781
chr13	301	4	1	200	200.0	764
chr13	303	3	1	200	200.0	502
chr13	306	3	1	200	200.0	512
chr13	306	4	1	200	200.0	888
chr13	308	4	1	200	200.0	870
chr13	309	2	1	200	200.0	1477
chr13	314	3	1	200	200.0	546
chr13	314	4	1	200	200.0	720
chr13	316	3	1	200	200.0	510
chr13	316	4	2	200	100.0	769
chr13	317	5	1	200	200.0	2735
chr13	319	3	1	200	200.0	494
chr13	320	4	1	200	200.0	741
chr13	321	4	1	200	200.0	765
chr13	322	3	1	200	200.0	515
chr13	323	4	1	200	200.0	877
chr13	327	4	1	200	200.0	828
chr13	328	3	1	200	200.0	486
chr13	328	4	2	200	100.0	869
chr13	329	4	1	200	200.0	742
chr13	330	3	1	200	200.0	541
chr13	331	4	1	200	200.0	691
chr13	332	3	1	200	200.0	494
chr13	332	4	1	200	200.0	752
chr13	336	3	1	200	200.0	498
chr13	337	3	1	200	200.0	497
chr13	337	5	1	200	200.0	3304
chr13	338	4	1	200	200.0	788
chr13	340	3	1	200	200.0	527
chr13	340	5	1	200	200.0	2993
chr13	340	6	1	200	200.0	22539
chr13	342	4	1	200	200.0	753
chr13	343	4	2	200	100.0	789
chr13	344	4	1	200	200.0	776
chr13	345	5	1	200	200.0	3978
chr13	346	3	1	200	200.0	457
chr13	347	2	1	200	200.0	1888
chr13	347	4	1	200	200.0	670
chr13	348	3	1	200	200.0	487
chr13	348	4	2	200	100.0	771
chr13	349	4	4	200	50.0	748
chr13	350	3	1	200	200.0	543
chr13	350	5	1	200	200.0	3420
chr13	351	3	1	200	200.0	494
chr13	352	3	2	200	100.0	535
chr13	352	5	1	200	200.0	3276
chr13	353	3	2	200	100.0	500
chr13	353	4	3	200	66.66666666666667	710
chr13	354	3	2	200	100.0	518
chr13	354	4	1	200	200.0	786
chr13	356	3	1	200	200.0	476
chr13	358	3	1	200	200.0	499
chr13	358	6	1	200	200.0	25494
chr13	359	3	1	200	200.0	509
chr13	359	4	1	200	200.0	816
chr13	360	3	1	200	200.0	486
chr13	360	4	1	200	200.0	901
chr13	360	5	1	200	200.0	3468
chr13	360	6	1	200	200.0	22089
chr13	361	3	3	200	66.66666666666667	479
chr13	361	4	1	200	200.0	843
chr13	363	3	4	200	50.0	454
chr13	363	4	1	200	200.0	796
chr13	365	3	1	200	200.0	494
chr13	365	4	1	200	200.0	806
chr13	365	7	1	200	200.0	107841
chr13	367	3	1	200	200.0	468
chr13	367	4	1	200	200.0	848
chr13	368	3	1	200	200.0	454
chr13	369	3	1	200	200.0	502
chr13	370	5	1	200	200.0	3413
chr13	371	4	1	200	200.0	768
chr13	373	5	1	200	200.0	3478
chr13	374	4	1	200	200.0	770
chr13	374	5	1	200	200.0	3576
chr13	375	4	2	200	100.0	773
chr13	375	5	1	200	200.0	3853
chr13	375	6	1	200	200.0	27103
chr13	376	4	1	200	200.0	738
chr13	377	3	1	200	200.0	524
chr13	378	3	1	200	200.0	474
chr13	378	5	1	200	200.0	3308
chr13	379	3	1	200	200.0	489
chr13	380	3	2	200	100.0	461
chr13	381	4	1	200	200.0	763
chr13	382	2	1	200	200.0	2079
chr13	382	3	1	200	200.0	448
chr13	382	4	3	200	66.66666666666667	807
chr13	383	4	1	200	200.0	758
chr13	383	5	1	200	200.0	3148
chr13	384	3	1	200	200.0	498
chr13	384	5	1	200	200.0	3598
chr13	385	3	2	200	100.0	496
chr13	387	4	2	200	100.0	791
chr13	387	6	1	200	200.0	25439
chr13	390	3	1	200	200.0	446
chr13	390	4	1	200	200.0	753
chr13	391	4	2	200	100.0	845
chr13	392	4	1	200	200.0	754
chr13	393	3	1	200	200.0	483
chr13	393	4	2	200	100.0	740
chr13	393	5	1	200	200.0	3864
chr13	394	4	2	200	100.0	793
chr13	395	4	2	200	100.0	744
chr13	396	4	1	200	200.0	787
chr13	398	4	2	200	100.0	845
chr13	399	4	1	200	200.0	703
chr13	401	3	1	200	200.0	458
chr13	401	4	2	200	100.0	735
chr13	401	5	1	200	200.0	3959
chr13	402	3	1	200	200.0	468
chr13	402	4	2	200	100.0	764
chr13	402	5	1	200	200.0	3972
chr13	403	3	2	200	100.0	461
chr13	403	4	2	200	100.0	814
chr13	404	4	1	200	200.0	796
chr13	405	3	1	200	200.0	540
chr13	405	5	2	200	100.0	3796
chr13	406	4	1	200	200.0	715
chr13	407	3	1	200	200.0	528
chr13	407	4	1	200	200.0	745
chr13	409	3	3	200	66.66666666666667	516
chr13	411	5	1	200	200.0	3703
chr13	413	4	1	200	200.0	800
chr13	413	5	1	200	200.0	3474
chr13	413	6	1	200	200.0	27261
chr13	414	4	3	200	66.66666666666667	801
chr13	414	5	1	200	200.0	3871
chr13	416	3	1	200	200.0	474
chr13	417	5	1	200	200.0	3608
chr13	417	6	1	200	200.0	26973
chr13	417	7	1	200	200.0	117243
chr13	418	3	1	200	200.0	464
chr13	419	3	2	200	100.0	508
chr13	419	4	4	200	50.0	815
chr13	419	7	1	200	200.0	130705
chr13	420	4	6	200	33.333333333333336	651
chr13	421	3	1	200	200.0	480
chr13	421	4	2	200	100.0	706
chr13	421	5	1	200	200.0	4071
chr13	422	3	1	200	200.0	454
chr13	422	4	1	200	200.0	676
chr13	423	4	1	200	200.0	792
chr13	423	5	2	200	100.0	4322
chr13	424	4	5	200	40.0	694
chr13	424	7	1	200	200.0	104074
chr13	425	3	1	200	200.0	479
chr13	425	4	1	200	200.0	773
chr13	425	5	1	200	200.0	3836
chr13	426	3	2	200	100.0	477
chr13	427	3	2	200	100.0	522
chr13	427	4	3	200	66.66666666666667	728
chr13	428	5	1	200	200.0	3765
chr13	429	3	1	200	200.0	499
chr13	429	4	2	200	100.0	744
chr13	430	4	1	200	200.0	783
chr13	430	5	1	200	200.0	4057
chr13	431	4	2	200	100.0	736
chr13	431	5	2	200	100.0	3786
chr13	432	3	2	200	100.0	498
chr13	432	4	3	200	66.66666666666667	774
chr13	432	5	2	200	100.0	3783
chr13	433	3	1	200	200.0	481
chr13	433	4	1	200	200.0	722
chr13	434	3	2	200	100.0	536
chr13	434	5	1	200	200.0	4042
chr13	435	3	1	200	200.0	486
chr13	435	4	2	200	100.0	766
chr13	435	5	2	200	100.0	4363
chr13	435	6	1	200	200.0	25719
chr13	437	4	3	200	66.66666666666667	758
chr13	438	4	2	200	100.0	836
chr13	438	5	1	200	200.0	3922
chr13	439	4	2	200	100.0	739
chr13	440	5	1	200	200.0	3981
chr13	441	4	1	200	200.0	663
chr13	442	4	2	200	100.0	785
chr13	442	5	1	200	200.0	3943
chr13	442	6	1	200	200.0	23655
chr13	443	4	1	200	200.0	767
chr13	443	5	1	200	200.0	3632
chr13	444	5	2	200	100.0	3789
chr13	445	4	1	200	200.0	663
chr13	446	4	1	200	200.0	749
chr13	447	3	1	200	200.0	511
chr13	447	4	3	200	66.66666666666667	714
chr13	448	3	1	200	200.0	505
chr13	448	5	1	200	200.0	4118
chr13	449	3	1	200	200.0	522
chr13	451	4	1	200	200.0	690
chr13	452	3	1	200	200.0	526
chr13	452	4	1	200	200.0	731
chr13	453	3	1	200	200.0	507
chr13	454	3	1	200	200.0	478
chr13	454	4	2	200	100.0	777
chr13	454	5	1	200	200.0	4137
chr13	455	4	1	200	200.0	788
chr13	456	4	1	200	200.0	710
chr13	457	4	1	200	200.0	728
chr13	457	6	1	200	200.0	26628
chr13	458	3	1	200	200.0	489
chr13	458	4	4	200	50.0	837
chr13	458	5	1	200	200.0	3835
chr13	459	4	3	200	66.66666666666667	811
chr13	460	3	1	200	200.0	504
chr13	460	4	1	200	200.0	814
chr13	460	5	1	200	200.0	3964
chr13	462	5	1	200	200.0	3721
chr13	463	4	1	200	200.0	834
chr13	464	5	1	200	200.0	4146
chr13	465	4	1	200	200.0	733
chr13	466	3	2	200	100.0	455
chr13	466	4	1	200	200.0	730
chr13	466	5	2	200	100.0	3899
chr13	467	5	1	200	200.0	3927
chr13	468	5	1	200	200.0	4373
chr13	469	4	1	200	200.0	734
chr13	470	4	2	200	100.0	694
chr13	472	4	1	200	200.0	707
chr13	474	3	1	200	200.0	458
chr13	475	4	3	200	66.66666666666667	750
chr13	475	5	1	200	200.0	4239
chr13	477	3	1	200	200.0	468
chr13	477	4	2	200	100.0	823
chr13	477	6	1	200	200.0	23640
chr13	478	3	1	200	200.0	446
chr13	480	4	1	200	200.0	871
chr13	480	5	1	200	200.0	3935
chr13	481	4	1	200	200.0	676
chr13	482	4	1	200	200.0	699
chr13	483	4	2	200	100.0	771
chr13	483	5	1	200	200.0	4002
chr13	485	4	1	200	200.0	691
chr13	486	3	1	200	200.0	486
chr13	487	3	1	200	200.0	469
chr13	487	4	1	200	200.0	677
chr13	488	4	2	200	100.0	834
chr13	489	4	1	200	200.0	690
chr13	489	5	1	200	200.0	4520
chr13	490	3	1	200	200.0	534
chr13	490	4	1	200	200.0	722
chr13	491	6	1	200	200.0	27009
chr13	492	3	1	200	200.0	469
chr13	492	4	2	200	100.0	715
chr13	492	5	2	200	100.0	4086
chr13	494	3	1	200	200.0	481
chr13	494	6	1	200	200.0	28444
chr13	495	4	1	200	200.0	773
chr13	497	3	1	200	200.0	484
chr13	497	4	2	200	100.0	728
chr13	497	5	1	200	200.0	3894
chr13	500	4	1	200	200.0	747
chr13	500	6	1	200	200.0	25439
chr13	501	3	1	200	200.0	462
chr13	502	5	1	200	200.0	3810
chr13	503	5	1	200	200.0	4311
chr13	503	7	1	200	200.0	128103
chr13	504	3	1	200	200.0	460
chr13	504	4	2	200	100.0	728
chr13	504	5	2	200	100.0	4264
chr13	505	3	1	200	200.0	490
chr13	505	4	1	200	200.0	719
chr13	506	4	1	200	200.0	730
chr13	506	6	1	200	200.0	28733
chr13	507	4	3	200	66.66666666666667	727
chr13	509	4	2	200	100.0	728
chr13	510	4	1	200	200.0	703
chr13	511	4	1	200	200.0	851
chr13	512	3	1	200	200.0	475
chr13	513	3	2	200	100.0	407
chr13	513	5	1	200	200.0	4292
chr13	514	4	2	200	100.0	817
chr13	516	4	1	200	200.0	703
chr13	517	3	1	200	200.0	500
chr13	517	5	2	200	100.0	4377
chr13	518	4	1	200	200.0	734
chr13	520	4	1	200	200.0	737
chr13	521	3	1	200	200.0	499
chr13	521	4	1	200	200.0	872
chr13	521	5	1	200	200.0	4467
chr13	526	4	1	200	200.0	779
chr13	526	5	1	200	200.0	4099
chr13	527	4	1	200	200.0	749
chr13	528	4	1	200	200.0	752
chr13	528	5	1	200	200.0	4415
chr13	529	4	1	200	200.0	725
chr13	531	4	1	200	200.0	785
chr13	532	3	1	200	200.0	518
chr13	532	6	1	200	200.0	24434
chr13	533	4	2	200	100.0	836
chr13	536	3	1	200	200.0	459
chr13	537	5	2	200	100.0	4452
chr13	539	4	2	200	100.0	669
chr13	540	4	2	200	100.0	750
chr13	542	6	1	200	200.0	25934
chr13	543	4	1	200	200.0	708
chr13	543	6	1	200	200.0	27419
chr13	546	4	2	200	100.0	682
chr13	547	4	1	200	200.0	794
chr13	548	4	1	200	200.0	795
chr13	550	4	1	200	200.0	699
chr13	552	4	1	200	200.0	670
chr13	553	4	1	200	200.0	714
chr13	554	5	1	200	200.0	4597
chr13	556	4	2	200	100.0	760
chr13	557	5	1	200	200.0	4590
chr13	557	6	1	200	200.0	26327
chr13	558	5	1	200	200.0	4503
chr13	559	3	1	200	200.0	462
chr13	561	4	2	200	100.0	738
chr13	562	4	2	200	100.0	789
chr13	562	5	1	200	200.0	4139
chr13	563	3	2	200	100.0	472
chr13	563	6	1	200	200.0	27141
chr13	564	3	1	200	200.0	458
chr13	565	5	1	200	200.0	4652
chr13	567	5	1	200	200.0	4437
chr13	568	5	1	200	200.0	3931
chr13	569	5	1	200	200.0	4550
chr13	570	4	1	200	200.0	837
chr13	572	4	2	200	100.0	748
chr13	572	6	1	200	200.0	27574
chr13	573	5	1	200	200.0	4473
chr13	575	4	1	200	200.0	750
chr13	578	4	1	200	200.0	739
chr13	579	4	3	200	66.66666666666667	800
chr13	581	5	2	200	100.0	4845
chr13	581	6	1	200	200.0	27342
chr13	582	5	1	200	200.0	4144
chr13	583	4	1	200	200.0	707
chr13	584	4	1	200	200.0	700
chr13	587	5	1	200	200.0	4531
chr13	588	5	2	200	100.0	4147
chr13	590	4	3	200	66.66666666666667	702
chr13	590	5	3	200	66.66666666666667	4477
chr13	591	4	1	200	200.0	837
chr13	592	4	1	200	200.0	771
chr13	593	4	1	200	200.0	819
chr13	598	5	1	200	200.0	4660
chr13	598	6	1	200	200.0	27502
chr13	599	4	1	200	200.0	678
chr13	601	4	1	200	200.0	801
chr13	604	6	1	200	200.0	26606
chr13	605	4	2	200	100.0	714
chr13	605	5	1	200	200.0	4129
chr13	609	4	1	200	200.0	704
chr13	611	5	1	200	200.0	4660
chr13	614	5	1	200	200.0	4819
chr13	619	5	1	200	200.0	4410
chr13	621	4	1	200	200.0	702
chr13	621	5	1	200	200.0	4678
chr13	623	4	1	200	200.0	699
chr13	624	4	1	200	200.0	678
chr13	625	5	1	200	200.0	5482
chr13	627	4	4	200	50.0	741
chr13	628	5	1	200	200.0	4608
chr13	629	5	1	200	200.0	4895
chr13	631	4	1	200	200.0	767
chr13	631	6	1	200	200.0	29676
chr13	634	5	1	200	200.0	4615
chr13	634	6	1	200	200.0	26295
chr13	635	4	1	200	200.0	713
chr13	635	5	1	200	200.0	4927
chr13	636	5	1	200	200.0	4681
chr13	639	5	1	200	200.0	4386
chr13	641	5	2	200	100.0	4389
chr13	643	4	1	200	200.0	769
chr13	645	5	1	200	200.0	4575
chr13	650	4	1	200	200.0	836
chr13	652	5	1	200	200.0	4760
chr13	652	6	1	200	200.0	27655
chr13	653	4	1	200	200.0	746
chr13	654	5	1	200	200.0	5311
chr13	655	5	2	200	100.0	4659
chr13	657	3	1	200	200.0	490
chr13	658	4	1	200	200.0	738
chr13	658	5	2	200	100.0	5069
chr13	661	4	1	200	200.0	721
chr13	663	6	1	200	200.0	27968
chr13	664	4	1	200	200.0	708
chr13	666	5	1	200	200.0	4982
chr13	668	4	1	200	200.0	777
chr13	669	7	1	200	200.0	149145
chr13	672	4	1	200	200.0	755
chr13	674	4	1	200	200.0	783
chr13	674	6	1	200	200.0	29905
chr13	675	5	1	200	200.0	4937
chr13	677	4	1	200	200.0	760
chr13	683	4	1	200	200.0	783
chr13	684	4	1	200	200.0	683
chr13	685	4	1	200	200.0	748
chr13	688	5	1	200	200.0	5709
chr13	695	4	1	200	200.0	736
chr13	698	6	1	200	200.0	25965
chr13	700	6	1	200	200.0	28956
chr13	701	4	1	200	200.0	709
chr13	702	4	1	200	200.0	718
chr13	706	5	1	200	200.0	5059
chr13	711	4	1	200	200.0	749
chr13	717	4	1	200	200.0	808
chr13	726	4	1	200	200.0	907
chr13	729	3	1	200	200.0	441
chr13	735	4	1	200	200.0	696
chr13	736	5	1	200	200.0	4290
chr13	748	4	1	200	200.0	870
chr13	757	4	1	200	200.0	770
chr13	768	4	1	200	200.0	715
chr13	782	3	1	200	200.0	438
chr13	791	4	1	200	200.0	710
chr13	814	6	1	200	200.0	30189
chr13	821	4	1	200	200.0	749
chr13	861	4	1	200	200.0	737
chr13	909	3	1	200	200.0	396
chr13	934	5	1	200	200.0	4970
chr13	979	6	1	200	200.0	25879
chr13	987	5	1	200	200.0	5681
chr13	1025	5	1	200	200.0	5527
chr13	1374	5	1	200	200.0	6585
chr14	254	3	1	200	200.0	603
chr14	265	3	1	200	200.0	595
chr14	266	4	1	200	200.0	686
chr14	267	4	1	200	200.0	703
chr14	269	3	1	200	200.0	560
chr14	273	3	1	200	200.0	553
chr14	276	4	1	200	200.0	785
chr14	283	5	1	200	200.0	2124
chr14	290	3	1	200	200.0	577
chr14	292	3	1	200	200.0	587
chr14	293	3	1	200	200.0	606
chr14	295	5	1	200	200.0	2161
chr14	295	7	1	200	200.0	69916
chr14	298	3	2	200	100.0	617
chr14	299	4	3	200	66.66666666666667	694
chr14	302	5	1	200	200.0	1716
chr14	306	3	1	200	200.0	567
chr14	307	4	1	200	200.0	728
chr14	308	3	1	200	200.0	596
chr14	309	3	1	200	200.0	568
chr14	309	4	2	200	100.0	712
chr14	310	4	1	200	200.0	744
chr14	312	3	2	200	100.0	637
chr14	312	5	1	200	200.0	1899
chr14	316	4	1	200	200.0	681
chr14	318	5	2	200	100.0	2150
chr14	319	3	1	200	200.0	542
chr14	319	4	1	200	200.0	696
chr14	319	5	1	200	200.0	2048
chr14	320	4	1	200	200.0	692
chr14	320	5	1	200	200.0	1923
chr14	322	4	2	200	100.0	682
chr14	323	3	1	200	200.0	561
chr14	323	4	1	200	200.0	658
chr14	324	3	1	200	200.0	580
chr14	324	4	1	200	200.0	752
chr14	325	4	1	200	200.0	728
chr14	326	3	1	200	200.0	591
chr14	327	3	1	200	200.0	641
chr14	329	3	1	200	200.0	615
chr14	329	4	1	200	200.0	701
chr14	330	4	1	200	200.0	765
chr14	331	3	1	200	200.0	555
chr14	331	4	1	200	200.0	758
chr14	332	3	1	200	200.0	573
chr14	332	4	3	200	66.66666666666667	654
chr14	333	6	1	200	200.0	10604
chr14	334	3	2	200	100.0	574
chr14	334	5	2	200	100.0	2221
chr14	335	3	1	200	200.0	653
chr14	335	4	2	200	100.0	679
chr14	336	3	1	200	200.0	576
chr14	337	3	1	200	200.0	528
chr14	337	5	1	200	200.0	1948
chr14	338	7	1	200	200.0	78277
chr14	340	3	1	200	200.0	603
chr14	340	4	2	200	100.0	634
chr14	340	5	1	200	200.0	1995
chr14	341	3	1	200	200.0	590
chr14	341	5	1	200	200.0	2088
chr14	342	5	1	200	200.0	1791
chr14	343	3	2	200	100.0	594
chr14	343	6	1	200	200.0	10124
chr14	344	4	2	200	100.0	622
chr14	346	4	2	200	100.0	666
chr14	347	3	1	200	200.0	611
chr14	347	4	2	200	100.0	590
chr14	347	6	1	200	200.0	10788
chr14	348	3	2	200	100.0	553
chr14	348	4	2	200	100.0	717
chr14	349	3	1	200	200.0	552
chr14	350	3	1	200	200.0	542
chr14	351	4	1	200	200.0	719
chr14	351	5	1	200	200.0	2174
chr14	351	6	1	200	200.0	11591
chr14	352	3	1	200	200.0	567
chr14	352	6	1	200	200.0	9006
chr14	353	4	1	200	200.0	624
chr14	354	4	3	200	66.66666666666667	686
chr14	355	4	1	200	200.0	611
chr14	355	5	1	200	200.0	2179
chr14	356	4	1	200	200.0	682
chr14	357	3	2	200	100.0	545
chr14	357	5	1	200	200.0	1996
chr14	357	6	1	200	200.0	10510
chr14	358	3	1	200	200.0	590
chr14	358	4	1	200	200.0	586
chr14	359	4	1	200	200.0	660
chr14	360	3	1	200	200.0	638
chr14	361	3	1	200	200.0	572
chr14	361	4	4	200	50.0	652
chr14	361	5	1	200	200.0	2222
chr14	362	4	1	200	200.0	685
chr14	363	4	1	200	200.0	684
chr14	365	3	1	200	200.0	595
chr14	365	4	2	200	100.0	653
chr14	365	5	1	200	200.0	2288
chr14	366	3	2	200	100.0	585
chr14	366	4	1	200	200.0	622
chr14	366	5	1	200	200.0	2103
chr14	367	3	1	200	200.0	639
chr14	367	5	1	200	200.0	2090
chr14	368	4	1	200	200.0	790
chr14	368	5	1	200	200.0	1944
chr14	368	6	1	200	200.0	10875
chr14	368	7	1	200	200.0	78215
chr14	369	3	1	200	200.0	564
chr14	369	4	1	200	200.0	688
chr14	370	4	2	200	100.0	708
chr14	371	3	1	200	200.0	563
chr14	371	4	1	200	200.0	664
chr14	372	3	1	200	200.0	642
chr14	373	3	1	200	200.0	557
chr14	373	4	1	200	200.0	726
chr14	373	5	2	200	100.0	2463
chr14	374	3	2	200	100.0	593
chr14	374	4	3	200	66.66666666666667	688
chr14	375	4	1	200	200.0	637
chr14	376	3	1	200	200.0	554
chr14	376	4	1	200	200.0	625
chr14	376	5	2	200	100.0	2266
chr14	377	3	1	200	200.0	560
chr14	377	4	1	200	200.0	709
chr14	377	5	1	200	200.0	2249
chr14	377	6	1	200	200.0	9741
chr14	378	3	1	200	200.0	581
chr14	379	3	3	200	66.66666666666667	567
chr14	379	4	3	200	66.66666666666667	704
chr14	379	5	1	200	200.0	2277
chr14	380	4	2	200	100.0	600
chr14	380	5	2	200	100.0	2091
chr14	381	4	2	200	100.0	721
chr14	381	5	1	200	200.0	1997
chr14	382	3	1	200	200.0	548
chr14	382	4	1	200	200.0	650
chr14	382	5	1	200	200.0	2112
chr14	383	3	2	200	100.0	574
chr14	383	4	4	200	50.0	660
chr14	383	5	1	200	200.0	2528
chr14	383	7	1	200	200.0	78960
chr14	384	4	1	200	200.0	613
chr14	385	3	1	200	200.0	557
chr14	386	3	2	200	100.0	568
chr14	386	4	4	200	50.0	720
chr14	386	5	1	200	200.0	2119
chr14	387	4	2	200	100.0	692
chr14	387	6	1	200	200.0	11174
chr14	388	3	1	200	200.0	544
chr14	388	4	3	200	66.66666666666667	705
chr14	389	3	3	200	66.66666666666667	589
chr14	389	5	1	200	200.0	1876
chr14	390	4	1	200	200.0	710
chr14	390	5	1	200	200.0	2195
chr14	392	3	1	200	200.0	614
chr14	392	4	2	200	100.0	724
chr14	392	6	1	200	200.0	10539
chr14	393	3	1	200	200.0	565
chr14	393	4	4	200	50.0	699
chr14	394	3	2	200	100.0	546
chr14	394	7	1	200	200.0	72997
chr14	395	3	1	200	200.0	587
chr14	395	4	2	200	100.0	602
chr14	396	3	1	200	200.0	578
chr14	396	4	1	200	200.0	746
chr14	396	5	2	200	100.0	2337
chr14	397	3	3	200	66.66666666666667	625
chr14	397	4	1	200	200.0	675
chr14	397	5	1	200	200.0	2560
chr14	397	6	1	200	200.0	10948
chr14	399	3	1	200	200.0	599
chr14	399	4	1	200	200.0	711
chr14	399	5	1	200	200.0	2468
chr14	400	4	2	200	100.0	631
chr14	400	5	1	200	200.0	2496
chr14	401	3	3	200	66.66666666666667	582
chr14	402	4	1	200	200.0	596
chr14	403	3	1	200	200.0	581
chr14	403	4	2	200	100.0	662
chr14	403	6	1	200	200.0	9755
chr14	403	7	1	200	200.0	72916
chr14	404	3	1	200	200.0	595
chr14	404	4	1	200	200.0	601
chr14	404	5	1	200	200.0	2432
chr14	405	3	1	200	200.0	582
chr14	405	5	1	200	200.0	2454
chr14	406	3	1	200	200.0	563
chr14	406	4	4	200	50.0	704
chr14	406	5	1	200	200.0	2482
chr14	407	4	1	200	200.0	586
chr14	408	4	1	200	200.0	653
chr14	409	3	1	200	200.0	588
chr14	409	4	1	200	200.0	672
chr14	410	4	4	200	50.0	642
chr14	411	3	1	200	200.0	548
chr14	411	4	1	200	200.0	645
chr14	412	4	1	200	200.0	651
chr14	413	3	1	200	200.0	521
chr14	414	4	2	200	100.0	648
chr14	414	5	1	200	200.0	2420
chr14	415	4	1	200	200.0	644
chr14	415	5	1	200	200.0	2507
chr14	415	6	1	200	200.0	10964
chr14	416	4	4	200	50.0	711
chr14	417	4	3	200	66.66666666666667	751
chr14	417	5	1	200	200.0	2203
chr14	418	4	2	200	100.0	662
chr14	419	3	1	200	200.0	513
chr14	419	4	2	200	100.0	625
chr14	419	5	1	200	200.0	2208
chr14	419	6	1	200	200.0	9828
chr14	420	3	1	200	200.0	589
chr14	421	3	1	200	200.0	515
chr14	422	3	1	200	200.0	636
chr14	422	4	3	200	66.66666666666667	673
chr14	422	5	1	200	200.0	2149
chr14	422	7	1	200	200.0	70586
chr14	423	3	1	200	200.0	548
chr14	423	4	4	200	50.0	609
chr14	423	6	2	200	100.0	10592
chr14	424	3	1	200	200.0	544
chr14	424	4	1	200	200.0	685
chr14	425	4	1	200	200.0	642
chr14	425	5	1	200	200.0	2218
chr14	426	5	1	200	200.0	2143
chr14	427	4	5	200	40.0	638
chr14	428	4	2	200	100.0	665
chr14	429	3	2	200	100.0	583
chr14	429	4	4	200	50.0	630
chr14	429	6	2	200	100.0	11522
chr14	430	3	1	200	200.0	554
chr14	430	4	1	200	200.0	673
chr14	431	3	1	200	200.0	545
chr14	432	3	1	200	200.0	522
chr14	432	4	1	200	200.0	615
chr14	432	5	1	200	200.0	2185
chr14	433	3	2	200	100.0	569
chr14	433	4	1	200	200.0	692
chr14	434	4	3	200	66.66666666666667	631
chr14	434	6	1	200	200.0	10403
chr14	435	3	2	200	100.0	546
chr14	435	4	1	200	200.0	675
chr14	435	5	3	200	66.66666666666667	2351
chr14	435	6	1	200	200.0	10267
chr14	436	3	1	200	200.0	522
chr14	436	5	1	200	200.0	2503
chr14	437	3	1	200	200.0	604
chr14	437	4	1	200	200.0	638
chr14	438	3	1	200	200.0	573
chr14	438	5	3	200	66.66666666666667	2183
chr14	439	4	3	200	66.66666666666667	706
chr14	439	5	1	200	200.0	2297
chr14	440	4	1	200	200.0	690
chr14	440	5	1	200	200.0	2378
chr14	440	6	1	200	200.0	10507
chr14	441	4	1	200	200.0	684
chr14	441	5	1	200	200.0	2332
chr14	442	3	1	200	200.0	592
chr14	442	6	1	200	200.0	10375
chr14	443	3	3	200	66.66666666666667	519
chr14	443	4	2	200	100.0	601
chr14	443	6	1	200	200.0	10123
chr14	444	4	1	200	200.0	640
chr14	444	6	1	200	200.0	10323
chr14	445	3	1	200	200.0	621
chr14	445	5	1	200	200.0	2598
chr14	446	3	1	200	200.0	559
chr14	446	6	1	200	200.0	11044
chr14	447	3	1	200	200.0	560
chr14	447	4	3	200	66.66666666666667	590
chr14	447	5	1	200	200.0	2473
chr14	448	4	2	200	100.0	653
chr14	448	6	1	200	200.0	11071
chr14	449	5	2	200	100.0	2208
chr14	449	6	2	200	100.0	9609
chr14	450	3	1	200	200.0	510
chr14	450	4	3	200	66.66666666666667	636
chr14	451	4	2	200	100.0	625
chr14	451	6	1	200	200.0	8862
chr14	452	5	2	200	100.0	2600
chr14	453	4	5	200	40.0	685
chr14	453	5	1	200	200.0	2239
chr14	454	4	2	200	100.0	693
chr14	454	5	2	200	100.0	2375
chr14	454	6	3	200	66.66666666666667	11679
chr14	455	5	1	200	200.0	2407
chr14	456	3	2	200	100.0	554
chr14	456	4	3	200	66.66666666666667	639
chr14	456	5	1	200	200.0	2293
chr14	457	3	1	200	200.0	574
chr14	457	4	2	200	100.0	637
chr14	457	7	1	200	200.0	69008
chr14	458	4	1	200	200.0	761
chr14	458	5	2	200	100.0	2126
chr14	459	4	1	200	200.0	597
chr14	460	4	1	200	200.0	613
chr14	461	3	2	200	100.0	543
chr14	462	3	1	200	200.0	538
chr14	462	4	1	200	200.0	633
chr14	462	5	1	200	200.0	2220
chr14	463	4	2	200	100.0	676
chr14	463	6	2	200	100.0	10371
chr14	464	4	1	200	200.0	650
chr14	464	6	1	200	200.0	11223
chr14	465	3	2	200	100.0	611
chr14	465	4	1	200	200.0	676
chr14	465	5	1	200	200.0	2434
chr14	466	3	1	200	200.0	541
chr14	466	4	1	200	200.0	705
chr14	467	4	1	200	200.0	581
chr14	468	4	2	200	100.0	638
chr14	468	6	2	200	100.0	11491
chr14	469	3	1	200	200.0	522
chr14	469	5	1	200	200.0	2251
chr14	471	4	1	200	200.0	605
chr14	472	4	3	200	66.66666666666667	584
chr14	472	5	1	200	200.0	2773
chr14	473	3	1	200	200.0	555
chr14	473	4	2	200	100.0	681
chr14	474	4	2	200	100.0	622
chr14	475	4	2	200	100.0	653
chr14	475	5	2	200	100.0	2472
chr14	476	4	2	200	100.0	662
chr14	476	5	1	200	200.0	2349
chr14	477	3	1	200	200.0	545
chr14	477	4	1	200	200.0	657
chr14	477	6	1	200	200.0	10522
chr14	478	4	2	200	100.0	642
chr14	478	6	1	200	200.0	11446
chr14	479	4	2	200	100.0	667
chr14	479	5	1	200	200.0	2318
chr14	480	4	1	200	200.0	640
chr14	480	6	1	200	200.0	10119
chr14	482	4	2	200	100.0	633
chr14	482	5	2	200	100.0	2668
chr14	483	4	1	200	200.0	661
chr14	484	3	1	200	200.0	597
chr14	484	4	1	200	200.0	651
chr14	484	5	1	200	200.0	2430
chr14	484	6	1	200	200.0	9798
chr14	485	3	2	200	100.0	567
chr14	485	4	2	200	100.0	615
chr14	485	7	1	200	200.0	75523
chr14	486	3	1	200	200.0	536
chr14	486	4	3	200	66.66666666666667	720
chr14	487	4	1	200	200.0	686
chr14	487	5	1	200	200.0	2431
chr14	487	6	1	200	200.0	10984
chr14	488	4	1	200	200.0	643
chr14	489	3	1	200	200.0	600
chr14	489	4	1	200	200.0	597
chr14	489	5	2	200	100.0	2259
chr14	490	4	1	200	200.0	638
chr14	490	6	1	200	200.0	10760
chr14	491	3	1	200	200.0	530
chr14	491	4	1	200	200.0	612
chr14	491	7	1	200	200.0	80196
chr14	492	4	4	200	50.0	649
chr14	492	5	1	200	200.0	2147
chr14	493	4	4	200	50.0	697
chr14	493	5	1	200	200.0	2260
chr14	494	4	2	200	100.0	636
chr14	495	4	2	200	100.0	636
chr14	495	5	1	200	200.0	2813
chr14	495	7	1	200	200.0	81652
chr14	496	3	1	200	200.0	588
chr14	496	4	2	200	100.0	669
chr14	496	6	1	200	200.0	10133
chr14	497	7	1	200	200.0	72422
chr14	498	7	1	200	200.0	81270
chr14	499	5	1	200	200.0	2431
chr14	500	5	1	200	200.0	2377
chr14	500	6	1	200	200.0	12233
chr14	501	4	1	200	200.0	658
chr14	501	5	2	200	100.0	2396
chr14	503	4	3	200	66.66666666666667	644
chr14	503	5	4	200	50.0	2255
chr14	504	3	1	200	200.0	540
chr14	504	5	3	200	66.66666666666667	2440
chr14	504	6	1	200	200.0	9173
chr14	505	4	2	200	100.0	658
chr14	506	4	1	200	200.0	633
chr14	507	4	1	200	200.0	687
chr14	507	5	1	200	200.0	2363
chr14	508	5	2	200	100.0	2323
chr14	508	6	1	200	200.0	11884
chr14	509	4	2	200	100.0	637
chr14	509	5	3	200	66.66666666666667	2324
chr14	510	4	2	200	100.0	616
chr14	510	6	1	200	200.0	11451
chr14	511	4	1	200	200.0	649
chr14	511	5	2	200	100.0	2343
chr14	511	6	1	200	200.0	10702
chr14	512	6	1	200	200.0	11119
chr14	513	4	1	200	200.0	580
chr14	513	5	2	200	100.0	2656
chr14	514	3	1	200	200.0	600
chr14	514	4	1	200	200.0	568
chr14	514	5	1	200	200.0	2430
chr14	514	6	1	200	200.0	11926
chr14	515	4	1	200	200.0	684
chr14	515	5	2	200	100.0	2712
chr14	516	3	2	200	100.0	575
chr14	516	4	1	200	200.0	616
chr14	516	5	1	200	200.0	2401
chr14	517	6	1	200	200.0	10488
chr14	518	4	3	200	66.66666666666667	718
chr14	518	5	1	200	200.0	2372
chr14	519	3	1	200	200.0	549
chr14	519	4	3	200	66.66666666666667	667
chr14	519	5	1	200	200.0	2504
chr14	519	6	2	200	100.0	10275
chr14	520	4	1	200	200.0	680
chr14	521	5	1	200	200.0	2384
chr14	521	6	1	200	200.0	12384
chr14	523	4	1	200	200.0	566
chr14	523	5	1	200	200.0	2565
chr14	524	4	1	200	200.0	659
chr14	525	3	1	200	200.0	585
chr14	525	5	1	200	200.0	2736
chr14	525	6	1	200	200.0	10399
chr14	526	5	2	200	100.0	2301
chr14	527	3	1	200	200.0	536
chr14	528	4	1	200	200.0	669
chr14	528	5	1	200	200.0	2625
chr14	529	4	1	200	200.0	636
chr14	530	4	3	200	66.66666666666667	608
chr14	531	3	1	200	200.0	548
chr14	531	4	1	200	200.0	650
chr14	532	4	1	200	200.0	663
chr14	532	5	1	200	200.0	2387
chr14	533	4	1	200	200.0	632
chr14	534	5	2	200	100.0	2351
chr14	535	4	1	200	200.0	596
chr14	535	5	2	200	100.0	2513
chr14	535	6	1	200	200.0	11507
chr14	536	4	1	200	200.0	708
chr14	536	7	1	200	200.0	82631
chr14	538	4	2	200	100.0	653
chr14	538	5	1	200	200.0	2144
chr14	540	4	1	200	200.0	642
chr14	540	5	1	200	200.0	2180
chr14	541	5	1	200	200.0	2676
chr14	542	4	1	200	200.0	670
chr14	542	7	1	200	200.0	81231
chr14	543	5	1	200	200.0	2667
chr14	543	6	1	200	200.0	10474
chr14	544	3	1	200	200.0	623
chr14	544	5	2	200	100.0	2480
chr14	544	6	1	200	200.0	10234
chr14	545	3	1	200	200.0	557
chr14	545	4	2	200	100.0	613
chr14	546	4	2	200	100.0	649
chr14	546	5	1	200	200.0	2732
chr14	547	4	1	200	200.0	684
chr14	547	5	1	200	200.0	2603
chr14	548	4	3	200	66.66666666666667	612
chr14	548	6	1	200	200.0	10554
chr14	549	4	1	200	200.0	633
chr14	549	5	1	200	200.0	2384
chr14	549	6	2	200	100.0	11086
chr14	550	4	1	200	200.0	625
chr14	550	5	2	200	100.0	2638
chr14	552	3	1	200	200.0	574
chr14	552	4	1	200	200.0	651
chr14	553	5	1	200	200.0	2728
chr14	554	5	1	200	200.0	2724
chr14	555	5	1	200	200.0	2401
chr14	556	4	2	200	100.0	652
chr14	557	5	2	200	100.0	2399
chr14	558	5	1	200	200.0	2478
chr14	558	6	1	200	200.0	12049
chr14	559	4	3	200	66.66666666666667	628
chr14	559	5	1	200	200.0	2764
chr14	561	4	1	200	200.0	607
chr14	561	5	2	200	100.0	2495
chr14	561	6	1	200	200.0	10930
chr14	562	5	1	200	200.0	2816
chr14	563	4	1	200	200.0	581
chr14	564	4	1	200	200.0	609
chr14	564	5	1	200	200.0	2480
chr14	564	6	1	200	200.0	12458
chr14	565	4	2	200	100.0	607
chr14	565	5	1	200	200.0	2410
chr14	566	5	1	200	200.0	2423
chr14	567	4	3	200	66.66666666666667	574
chr14	567	5	1	200	200.0	2254
chr14	567	6	1	200	200.0	11255
chr14	568	5	1	200	200.0	2395
chr14	569	4	1	200	200.0	633
chr14	569	6	1	200	200.0	11142
chr14	571	3	1	200	200.0	575
chr14	571	4	1	200	200.0	734
chr14	571	5	1	200	200.0	2471
chr14	575	4	1	200	200.0	661
chr14	575	5	1	200	200.0	2412
chr14	577	4	1	200	200.0	607
chr14	577	5	1	200	200.0	2455
chr14	578	4	2	200	100.0	620
chr14	579	3	1	200	200.0	534
chr14	579	5	2	200	100.0	2545
chr14	580	4	1	200	200.0	653
chr14	581	5	1	200	200.0	2546
chr14	582	4	1	200	200.0	741
chr14	583	5	2	200	100.0	2387
chr14	584	4	1	200	200.0	664
chr14	584	5	2	200	100.0	2305
chr14	585	3	1	200	200.0	584
chr14	585	5	3	200	66.66666666666667	2508
chr14	585	6	1	200	200.0	11366
chr14	589	4	1	200	200.0	672
chr14	590	4	1	200	200.0	629
chr14	590	5	1	200	200.0	2848
chr14	590	6	1	200	200.0	10491
chr14	592	4	2	200	100.0	696
chr14	593	5	2	200	100.0	2602
chr14	594	4	3	200	66.66666666666667	660
chr14	598	4	1	200	200.0	650
chr14	598	5	1	200	200.0	2904
chr14	599	4	1	200	200.0	610
chr14	599	5	4	200	50.0	2923
chr14	599	6	1	200	200.0	11434
chr14	601	4	1	200	200.0	627
chr14	601	5	1	200	200.0	2431
chr14	601	6	1	200	200.0	12506
chr14	604	4	1	200	200.0	649
chr14	604	5	1	200	200.0	2428
chr14	605	4	1	200	200.0	690
chr14	606	5	1	200	200.0	2610
chr14	607	5	1	200	200.0	2447
chr14	608	5	1	200	200.0	2510
chr14	608	6	1	200	200.0	11287
chr14	609	5	1	200	200.0	2977
chr14	610	4	1	200	200.0	555
chr14	611	6	2	200	100.0	10808
chr14	612	3	1	200	200.0	553
chr14	613	3	1	200	200.0	591
chr14	613	4	2	200	100.0	597
chr14	614	4	1	200	200.0	598
chr14	614	7	1	200	200.0	87426
chr14	615	6	1	200	200.0	11655
chr14	616	4	1	200	200.0	659
chr14	616	5	1	200	200.0	2558
chr14	617	4	1	200	200.0	611
chr14	618	4	1	200	200.0	655
chr14	618	5	1	200	200.0	2762
chr14	620	4	2	200	100.0	615
chr14	621	5	2	200	100.0	2690
chr14	623	3	1	200	200.0	521
chr14	623	4	1	200	200.0	686
chr14	625	4	1	200	200.0	618
chr14	625	5	3	200	66.66666666666667	2272
chr14	626	4	2	200	100.0	634
chr14	626	6	2	200	100.0	13277
chr14	629	5	1	200	200.0	2746
chr14	630	4	1	200	200.0	600
chr14	631	5	1	200	200.0	2613
chr14	632	4	1	200	200.0	585
chr14	633	5	1	200	200.0	2512
chr14	635	4	1	200	200.0	605
chr14	636	5	2	200	100.0	2497
chr14	636	6	2	200	100.0	12684
chr14	637	5	1	200	200.0	2337
chr14	638	5	1	200	200.0	2343
chr14	639	5	1	200	200.0	2449
chr14	641	4	1	200	200.0	615
chr14	641	5	1	200	200.0	2338
chr14	641	6	1	200	200.0	13110
chr14	642	6	1	200	200.0	12034
chr14	643	4	1	200	200.0	684
chr14	643	5	1	200	200.0	3085
chr14	646	5	2	200	100.0	2458
chr14	647	4	4	200	50.0	607
chr14	647	5	1	200	200.0	2619
chr14	650	5	1	200	200.0	2807
chr14	652	4	1	200	200.0	684
chr14	652	5	1	200	200.0	2429
chr14	652	6	1	200	200.0	12058
chr14	653	4	2	200	100.0	637
chr14	654	3	1	200	200.0	548
chr14	655	4	1	200	200.0	673
chr14	657	3	1	200	200.0	539
chr14	658	4	1	200	200.0	600
chr14	659	4	1	200	200.0	646
chr14	659	5	1	200	200.0	2623
chr14	660	4	1	200	200.0	575
chr14	662	4	2	200	100.0	640
chr14	663	4	1	200	200.0	625
chr14	663	5	1	200	200.0	2761
chr14	666	4	1	200	200.0	623
chr14	667	5	1	200	200.0	2651
chr14	668	4	1	200	200.0	647
chr14	668	6	2	200	100.0	10438
chr14	669	5	1	200	200.0	2395
chr14	669	6	1	200	200.0	11456
chr14	670	5	1	200	200.0	2573
chr14	673	4	1	200	200.0	630
chr14	674	5	1	200	200.0	2516
chr14	675	4	2	200	100.0	580
chr14	677	5	1	200	200.0	2728
chr14	681	4	1	200	200.0	678
chr14	681	5	2	200	100.0	2625
chr14	682	5	2	200	100.0	2606
chr14	682	6	1	200	200.0	14051
chr14	686	5	1	200	200.0	2782
chr14	688	6	1	200	200.0	12214
chr14	689	4	3	200	66.66666666666667	558
chr14	690	4	1	200	200.0	618
chr14	690	6	1	200	200.0	11185
chr14	697	7	1	200	200.0	90425
chr14	699	5	1	200	200.0	2826
chr14	701	4	1	200	200.0	620
chr14	702	5	1	200	200.0	2649
chr14	703	6	1	200	200.0	11883
chr14	706	5	1	200	200.0	2709
chr14	708	6	1	200	200.0	11969
chr14	710	4	1	200	200.0	688
chr14	715	4	1	200	200.0	552
chr14	716	5	1	200	200.0	2750
chr14	719	5	1	200	200.0	2545
chr14	725	5	1	200	200.0	2838
chr14	726	3	1	200	200.0	587
chr14	727	5	1	200	200.0	2553
chr14	732	4	1	200	200.0	632
chr14	733	4	1	200	200.0	566
chr14	734	5	1	200	200.0	2668
chr14	735	5	1	200	200.0	2919
chr14	736	4	1	200	200.0	573
chr14	739	4	1	200	200.0	610
chr14	739	5	1	200	200.0	2816
chr14	740	4	1	200	200.0	591
chr14	741	5	1	200	200.0	2665
chr14	744	5	1	200	200.0	2779
chr14	747	6	1	200	200.0	10853
chr14	750	6	1	200	200.0	14795
chr14	751	5	1	200	200.0	2563
chr14	754	4	1	200	200.0	571
chr14	754	5	1	200	200.0	2835
chr14	756	5	1	200	200.0	2476
chr14	757	5	1	200	200.0	2694
chr14	758	6	1	200	200.0	12197
chr14	758	7	1	200	200.0	97105
chr14	759	5	1	200	200.0	2544
chr14	759	6	1	200	200.0	13524
chr14	761	5	1	200	200.0	2838
chr14	766	6	1	200	200.0	12268
chr14	767	5	1	200	200.0	2540
chr14	769	4	1	200	200.0	632
chr14	773	5	1	200	200.0	2826
chr14	777	5	1	200	200.0	2615
chr14	783	4	1	200	200.0	628
chr14	785	4	1	200	200.0	577
chr14	785	6	1	200	200.0	13727
chr14	786	5	2	200	100.0	2550
chr14	790	5	1	200	200.0	2474
chr14	792	5	1	200	200.0	2551
chr14	794	5	1	200	200.0	2500
chr14	795	4	1	200	200.0	630
chr14	796	5	1	200	200.0	2891
chr14	798	6	1	200	200.0	12576
chr14	801	4	1	200	200.0	690
chr14	801	5	1	200	200.0	2687
chr14	804	4	1	200	200.0	623
chr14	806	5	1	200	200.0	2637
chr14	808	6	2	200	100.0	12295
chr14	812	4	1	200	200.0	636
chr14	815	5	1	200	200.0	2853
chr14	824	4	1	200	200.0	670
chr14	826	6	1	200	200.0	11634
chr14	831	5	1	200	200.0	2684
chr14	833	5	1	200	200.0	2748
chr14	836	4	1	200	200.0	566
chr14	837	6	1	200	200.0	13067
chr14	842	5	1	200	200.0	2594
chr14	848	4	1	200	200.0	604
chr14	856	5	1	200	200.0	2417
chr14	856	6	1	200	200.0	12528
chr14	864	6	1	200	200.0	13778
chr14	868	5	1	200	200.0	2538
chr14	870	6	1	200	200.0	12831
chr14	879	6	1	200	200.0	13558
chr14	881	5	1	200	200.0	2625
chr14	907	5	1	200	200.0	2980
chr14	922	4	1	200	200.0	548
chr14	941	4	1	200	200.0	597
chr14	984	6	1	200	200.0	12415
chr14	999	4	1	200	200.0	639
chr14	1015	5	1	200	200.0	2721
chr14	1020	7	1	200	200.0	127951
chr14	1025	5	1	200	200.0	2921
chr14	1061	5	1	200	200.0	3011
chr14	1088	4	1	200	200.0	615
chr14	1089	5	1	200	200.0	2627
chr14	1127	5	1	200	200.0	2603
chr14	1158	6	1	200	200.0	13096
chr14	1164	5	1	200	200.0	2637
chr14	1164	6	1	200	200.0	11700
chr14	1224	6	1	200	200.0	14208
chr14	1227	6	1	200	200.0	13331
chr14	1277	4	1	200	200.0	652
chr14	1390	4	1	200	200.0	534
chr14	1401	5	1	200	200.0	2985
chr14	1436	5	1	200	200.0	2827
chr15	231	6	1	200	200.0	9432
chr15	275	5	1	200	200.0	1641
chr15	286	3	1	200	200.0	625
chr15	291	3	1	200	200.0	650
chr15	292	4	1	200	200.0	647
chr15	293	3	1	200	200.0	614
chr15	294	3	1	200	200.0	666
chr15	300	4	1	200	200.0	612
chr15	303	6	1	200	200.0	10445
chr15	303	7	1	200	200.0	75279
chr15	304	5	1	200	200.0	1423
chr15	306	4	1	200	200.0	601
chr15	308	3	1	200	200.0	646
chr15	310	6	1	200	200.0	10194
chr15	314	4	1	200	200.0	622
chr15	314	6	1	200	200.0	11379
chr15	316	3	1	200	200.0	640
chr15	316	4	1	200	200.0	619
chr15	318	4	1	200	200.0	635
chr15	319	4	2	200	100.0	625
chr15	320	3	1	200	200.0	679
chr15	320	4	1	200	200.0	674
chr15	321	4	1	200	200.0	692
chr15	322	4	1	200	200.0	647
chr15	322	5	1	200	200.0	1526
chr15	323	4	1	200	200.0	580
chr15	324	5	1	200	200.0	1554
chr15	325	4	1	200	200.0	559
chr15	326	3	2	200	100.0	696
chr15	329	3	2	200	100.0	703
chr15	329	4	1	200	200.0	611
chr15	329	6	1	200	200.0	11237
chr15	331	3	1	200	200.0	652
chr15	332	3	1	200	200.0	631
chr15	332	4	2	200	100.0	613
chr15	332	5	1	200	200.0	1471
chr15	332	6	1	200	200.0	10685
chr15	334	5	1	200	200.0	1649
chr15	335	3	1	200	200.0	690
chr15	337	4	1	200	200.0	602
chr15	338	3	1	200	200.0	649
chr15	339	5	1	200	200.0	1811
chr15	340	4	3	200	66.66666666666667	609
chr15	340	5	1	200	200.0	1717
chr15	341	4	2	200	100.0	585
chr15	341	6	1	200	200.0	11276
chr15	343	4	1	200	200.0	622
chr15	343	5	1	200	200.0	1619
chr15	346	4	1	200	200.0	580
chr15	347	3	1	200	200.0	587
chr15	347	5	1	200	200.0	1844
chr15	348	3	1	200	200.0	646
chr15	350	4	1	200	200.0	577
chr15	351	4	1	200	200.0	639
chr15	352	4	1	200	200.0	570
chr15	352	5	1	200	200.0	1505
chr15	353	4	1	200	200.0	605
chr15	354	6	1	200	200.0	11093
chr15	355	3	1	200	200.0	638
chr15	355	4	2	200	100.0	602
chr15	356	3	1	200	200.0	688
chr15	356	4	3	200	66.66666666666667	573
chr15	357	3	1	200	200.0	757
chr15	357	5	1	200	200.0	1869
chr15	358	3	1	200	200.0	646
chr15	359	3	1	200	200.0	691
chr15	359	5	1	200	200.0	1654
chr15	359	6	1	200	200.0	12152
chr15	360	5	1	200	200.0	1590
chr15	360	7	1	200	200.0	64627
chr15	362	3	1	200	200.0	685
chr15	362	4	1	200	200.0	625
chr15	363	3	1	200	200.0	684
chr15	363	4	3	200	66.66666666666667	567
chr15	363	7	1	200	200.0	71804
chr15	365	4	2	200	100.0	651
chr15	365	5	1	200	200.0	1748
chr15	366	4	3	200	66.66666666666667	615
chr15	367	4	1	200	200.0	606
chr15	368	3	2	200	100.0	697
chr15	370	5	1	200	200.0	1790
chr15	371	3	1	200	200.0	626
chr15	372	3	1	200	200.0	660
chr15	372	4	2	200	100.0	616
chr15	374	3	2	200	100.0	715
chr15	374	4	2	200	100.0	588
chr15	374	6	1	200	200.0	13386
chr15	375	3	1	200	200.0	734
chr15	375	4	1	200	200.0	610
chr15	376	4	2	200	100.0	550
chr15	377	4	1	200	200.0	619
chr15	377	5	1	200	200.0	1580
chr15	378	3	2	200	100.0	642
chr15	378	4	1	200	200.0	608
chr15	378	5	2	200	100.0	1625
chr15	379	3	1	200	200.0	626
chr15	379	4	3	200	66.66666666666667	595
chr15	379	5	1	200	200.0	1652
chr15	379	6	1	200	200.0	12622
chr15	380	4	3	200	66.66666666666667	628
chr15	380	5	1	200	200.0	1627
chr15	381	3	2	200	100.0	625
chr15	381	4	1	200	200.0	623
chr15	381	5	1	200	200.0	1818
chr15	382	4	1	200	200.0	614
chr15	383	5	1	200	200.0	1790
chr15	384	4	2	200	100.0	622
chr15	384	5	1	200	200.0	1585
chr15	385	5	1	200	200.0	1777
chr15	386	4	1	200	200.0	630
chr15	386	5	1	200	200.0	1714
chr15	387	3	1	200	200.0	727
chr15	387	4	1	200	200.0	569
chr15	387	5	1	200	200.0	1650
chr15	388	5	2	200	100.0	1682
chr15	389	4	3	200	66.66666666666667	653
chr15	390	5	2	200	100.0	1708
chr15	391	5	1	200	200.0	1723
chr15	391	6	1	200	200.0	12691
chr15	392	6	1	200	200.0	14429
chr15	393	3	1	200	200.0	638
chr15	393	4	2	200	100.0	628
chr15	393	6	1	200	200.0	12634
chr15	394	3	1	200	200.0	651
chr15	394	5	1	200	200.0	1928
chr15	394	6	1	200	200.0	12344
chr15	395	2	1	200	200.0	4997
chr15	395	3	1	200	200.0	736
chr15	395	4	2	200	100.0	624
chr15	395	5	1	200	200.0	1721
chr15	396	4	3	200	66.66666666666667	625
chr15	396	5	2	200	100.0	1547
chr15	397	3	1	200	200.0	653
chr15	397	4	3	200	66.66666666666667	557
chr15	398	5	1	200	200.0	1997
chr15	399	3	1	200	200.0	686
chr15	399	4	1	200	200.0	648
chr15	399	5	2	200	100.0	1727
chr15	400	3	1	200	200.0	582
chr15	400	4	3	200	66.66666666666667	617
chr15	401	4	2	200	100.0	617
chr15	401	5	1	200	200.0	1865
chr15	402	3	1	200	200.0	696
chr15	402	4	1	200	200.0	614
chr15	402	5	1	200	200.0	1818
chr15	403	4	3	200	66.66666666666667	626
chr15	404	3	1	200	200.0	586
chr15	404	4	3	200	66.66666666666667	597
chr15	404	5	1	200	200.0	1687
chr15	405	3	1	200	200.0	616
chr15	405	4	3	200	66.66666666666667	537
chr15	405	5	2	200	100.0	1660
chr15	406	4	1	200	200.0	586
chr15	406	5	3	200	66.66666666666667	1833
chr15	407	3	1	200	200.0	788
chr15	407	5	1	200	200.0	1777
chr15	407	6	1	200	200.0	13122
chr15	408	4	1	200	200.0	579
chr15	410	4	1	200	200.0	692
chr15	410	5	1	200	200.0	1779
chr15	411	3	2	200	100.0	642
chr15	411	5	1	200	200.0	1953
chr15	412	5	1	200	200.0	1577
chr15	412	6	1	200	200.0	12534
chr15	413	3	1	200	200.0	653
chr15	413	4	1	200	200.0	628
chr15	413	5	1	200	200.0	1826
chr15	414	4	3	200	66.66666666666667	633
chr15	414	5	1	200	200.0	1788
chr15	415	4	1	200	200.0	632
chr15	416	3	1	200	200.0	665
chr15	416	4	1	200	200.0	607
chr15	417	4	2	200	100.0	680
chr15	417	5	1	200	200.0	1898
chr15	418	3	1	200	200.0	689
chr15	418	4	3	200	66.66666666666667	562
chr15	418	6	1	200	200.0	11672
chr15	419	4	5	200	40.0	601
chr15	420	3	3	200	66.66666666666667	610
chr15	420	4	2	200	100.0	643
chr15	420	6	1	200	200.0	13342
chr15	420	7	1	200	200.0	72588
chr15	421	3	1	200	200.0	600
chr15	421	4	2	200	100.0	585
chr15	422	4	3	200	66.66666666666667	686
chr15	422	5	2	200	100.0	1908
chr15	423	4	1	200	200.0	597
chr15	424	5	2	200	100.0	1722
chr15	425	4	3	200	66.66666666666667	609
chr15	425	5	1	200	200.0	1921
chr15	425	6	1	200	200.0	12806
chr15	426	4	1	200	200.0	621
chr15	426	5	1	200	200.0	1855
chr15	427	4	2	200	100.0	615
chr15	428	3	1	200	200.0	738
chr15	428	4	4	200	50.0	614
chr15	429	4	3	200	66.66666666666667	588
chr15	430	4	2	200	100.0	628
chr15	430	6	1	200	200.0	12716
chr15	431	3	1	200	200.0	634
chr15	431	4	5	200	40.0	581
chr15	431	5	2	200	100.0	1675
chr15	431	6	1	200	200.0	11548
chr15	432	4	1	200	200.0	581
chr15	432	5	2	200	100.0	1952
chr15	432	7	1	200	200.0	70198
chr15	433	3	1	200	200.0	691
chr15	434	3	1	200	200.0	626
chr15	434	4	1	200	200.0	540
chr15	434	5	1	200	200.0	1699
chr15	434	6	2	200	100.0	12855
chr15	435	3	3	200	66.66666666666667	633
chr15	435	4	1	200	200.0	599
chr15	435	5	1	200	200.0	1949
chr15	435	6	1	200	200.0	12051
chr15	436	3	1	200	200.0	672
chr15	436	4	1	200	200.0	589
chr15	436	5	2	200	100.0	1917
chr15	437	4	1	200	200.0	619
chr15	437	7	1	200	200.0	66975
chr15	438	5	2	200	100.0	1709
chr15	439	5	3	200	66.66666666666667	1715
chr15	440	4	1	200	200.0	614
chr15	440	5	1	200	200.0	1793
chr15	441	3	1	200	200.0	702
chr15	441	4	1	200	200.0	587
chr15	441	5	1	200	200.0	1898
chr15	442	3	3	200	66.66666666666667	662
chr15	442	4	1	200	200.0	563
chr15	443	3	1	200	200.0	652
chr15	443	5	1	200	200.0	2018
chr15	443	6	1	200	200.0	12138
chr15	444	3	1	200	200.0	709
chr15	444	4	2	200	100.0	585
chr15	444	5	1	200	200.0	1788
chr15	445	5	1	200	200.0	1757
chr15	446	4	1	200	200.0	639
chr15	446	5	1	200	200.0	1711
chr15	447	3	2	200	100.0	636
chr15	447	4	2	200	100.0	564
chr15	447	5	1	200	200.0	1940
chr15	448	4	1	200	200.0	598
chr15	448	6	1	200	200.0	12793
chr15	449	4	3	200	66.66666666666667	570
chr15	449	5	1	200	200.0	1859
chr15	450	3	1	200	200.0	628
chr15	450	4	1	200	200.0	576
chr15	452	6	1	200	200.0	12830
chr15	453	4	2	200	100.0	667
chr15	453	5	1	200	200.0	1947
chr15	454	6	1	200	200.0	12765
chr15	455	4	1	200	200.0	586
chr15	456	4	1	200	200.0	622
chr15	456	5	1	200	200.0	1625
chr15	457	3	1	200	200.0	662
chr15	457	4	1	200	200.0	580
chr15	457	5	1	200	200.0	1782
chr15	457	6	1	200	200.0	13410
chr15	458	3	2	200	100.0	692
chr15	458	4	1	200	200.0	627
chr15	458	5	1	200	200.0	1894
chr15	459	3	1	200	200.0	711
chr15	459	4	1	200	200.0	614
chr15	459	5	1	200	200.0	1847
chr15	460	3	2	200	100.0	737
chr15	460	4	2	200	100.0	591
chr15	460	7	1	200	200.0	73630
chr15	461	3	2	200	100.0	675
chr15	461	4	1	200	200.0	619
chr15	461	5	1	200	200.0	1998
chr15	462	4	2	200	100.0	579
chr15	462	6	1	200	200.0	13358
chr15	463	4	2	200	100.0	543
chr15	463	5	1	200	200.0	1822
chr15	464	3	1	200	200.0	679
chr15	464	4	2	200	100.0	636
chr15	464	5	1	200	200.0	1887
chr15	464	6	1	200	200.0	13206
chr15	465	4	1	200	200.0	632
chr15	465	5	2	200	100.0	1811
chr15	465	6	1	200	200.0	12703
chr15	466	3	1	200	200.0	618
chr15	466	4	3	200	66.66666666666667	600
chr15	467	3	1	200	200.0	578
chr15	467	4	1	200	200.0	575
chr15	467	5	3	200	66.66666666666667	1815
chr15	468	5	1	200	200.0	1767
chr15	469	4	2	200	100.0	596
chr15	469	5	1	200	200.0	2054
chr15	470	4	3	200	66.66666666666667	539
chr15	470	5	2	200	100.0	1978
chr15	471	4	3	200	66.66666666666667	548
chr15	472	4	1	200	200.0	567
chr15	472	5	1	200	200.0	1988
chr15	473	3	1	200	200.0	705
chr15	473	4	1	200	200.0	619
chr15	473	5	1	200	200.0	1720
chr15	474	3	2	200	100.0	723
chr15	474	5	1	200	200.0	1678
chr15	475	4	2	200	100.0	580
chr15	475	6	1	200	200.0	13217
chr15	476	3	2	200	100.0	705
chr15	476	5	1	200	200.0	1951
chr15	476	7	1	200	200.0	73224
chr15	477	4	1	200	200.0	565
chr15	478	3	2	200	100.0	641
chr15	478	4	1	200	200.0	633
chr15	478	5	1	200	200.0	1591
chr15	479	4	2	200	100.0	593
chr15	479	5	2	200	100.0	1897
chr15	480	3	2	200	100.0	622
chr15	480	4	3	200	66.66666666666667	588
chr15	480	5	2	200	100.0	1697
chr15	481	3	1	200	200.0	673
chr15	481	4	2	200	100.0	618
chr15	482	4	3	200	66.66666666666667	558
chr15	483	4	2	200	100.0	602
chr15	483	5	1	200	200.0	1822
chr15	484	3	1	200	200.0	695
chr15	484	4	3	200	66.66666666666667	616
chr15	484	5	1	200	200.0	1784
chr15	485	3	2	200	100.0	627
chr15	485	4	1	200	200.0	597
chr15	485	5	1	200	200.0	1905
chr15	486	4	1	200	200.0	581
chr15	487	3	1	200	200.0	632
chr15	487	5	2	200	100.0	1913
chr15	487	6	1	200	200.0	13526
chr15	488	4	4	200	50.0	628
chr15	488	5	1	200	200.0	1758
chr15	488	6	1	200	200.0	11412
chr15	489	4	1	200	200.0	602
chr15	490	4	3	200	66.66666666666667	597
chr15	491	4	2	200	100.0	606
chr15	491	5	2	200	100.0	1864
chr15	492	4	3	200	66.66666666666667	592
chr15	492	5	2	200	100.0	1679
chr15	493	4	2	200	100.0	623
chr15	493	6	1	200	200.0	12468
chr15	494	3	1	200	200.0	654
chr15	494	4	3	200	66.66666666666667	607
chr15	494	5	1	200	200.0	1660
chr15	494	6	1	200	200.0	14274
chr15	495	4	2	200	100.0	602
chr15	495	5	1	200	200.0	1855
chr15	496	4	1	200	200.0	588
chr15	496	5	2	200	100.0	1831
chr15	496	7	1	200	200.0	72471
chr15	497	4	1	200	200.0	573
chr15	497	5	1	200	200.0	1915
chr15	498	3	3	200	66.66666666666667	593
chr15	498	4	3	200	66.66666666666667	585
chr15	499	4	1	200	200.0	579
chr15	500	4	3	200	66.66666666666667	598
chr15	500	5	1	200	200.0	2092
chr15	501	3	1	200	200.0	647
chr15	501	4	1	200	200.0	586
chr15	501	5	2	200	100.0	1827
chr15	501	6	1	200	200.0	13095
chr15	502	4	1	200	200.0	546
chr15	503	3	1	200	200.0	675
chr15	503	4	4	200	50.0	601
chr15	503	5	1	200	200.0	1860
chr15	504	4	1	200	200.0	580
chr15	504	5	3	200	66.66666666666667	1742
chr15	504	6	1	200	200.0	13064
chr15	505	3	1	200	200.0	741
chr15	505	4	3	200	66.66666666666667	523
chr15	505	5	1	200	200.0	2197
chr15	505	6	1	200	200.0	11659
chr15	505	7	1	200	200.0	86716
chr15	506	4	3	200	66.66666666666667	556
chr15	506	5	2	200	100.0	2082
chr15	507	3	1	200	200.0	668
chr15	507	4	2	200	100.0	520
chr15	507	5	1	200	200.0	1964
chr15	508	5	1	200	200.0	1789
chr15	509	5	2	200	100.0	1892
chr15	510	4	1	200	200.0	566
chr15	510	5	1	200	200.0	1845
chr15	511	4	3	200	66.66666666666667	585
chr15	511	5	2	200	100.0	1974
chr15	512	4	5	200	40.0	518
chr15	512	5	2	200	100.0	1984
chr15	513	4	1	200	200.0	589
chr15	513	5	2	200	100.0	1821
chr15	514	3	1	200	200.0	638
chr15	514	5	1	200	200.0	1898
chr15	515	5	3	200	66.66666666666667	1994
chr15	516	3	2	200	100.0	679
chr15	516	6	1	200	200.0	11681
chr15	517	3	1	200	200.0	703
chr15	517	4	3	200	66.66666666666667	555
chr15	517	5	1	200	200.0	1668
chr15	517	6	1	200	200.0	14308
chr15	518	3	1	200	200.0	637
chr15	518	4	1	200	200.0	611
chr15	518	5	1	200	200.0	1999
chr15	519	3	1	200	200.0	722
chr15	519	4	1	200	200.0	568
chr15	519	5	1	200	200.0	2034
chr15	520	5	1	200	200.0	1928
chr15	521	5	1	200	200.0	1694
chr15	522	4	3	200	66.66666666666667	539
chr15	522	5	1	200	200.0	1929
chr15	524	5	1	200	200.0	1965
chr15	525	4	2	200	100.0	612
chr15	525	5	1	200	200.0	1873
chr15	526	4	2	200	100.0	491
chr15	526	5	3	200	66.66666666666667	1752
chr15	528	4	2	200	100.0	607
chr15	528	5	1	200	200.0	1957
chr15	529	5	3	200	66.66666666666667	1783
chr15	529	6	1	200	200.0	14997
chr15	530	4	1	200	200.0	557
chr15	530	5	1	200	200.0	1881
chr15	531	5	1	200	200.0	1922
chr15	532	3	1	200	200.0	629
chr15	532	4	1	200	200.0	615
chr15	532	5	1	200	200.0	1964
chr15	532	6	1	200	200.0	13799
chr15	533	4	2	200	100.0	605
chr15	533	5	1	200	200.0	1983
chr15	533	7	1	200	200.0	76680
chr15	534	4	2	200	100.0	503
chr15	534	5	1	200	200.0	1976
chr15	535	5	1	200	200.0	1942
chr15	535	6	1	200	200.0	13270
chr15	537	3	1	200	200.0	663
chr15	537	4	3	200	66.66666666666667	566
chr15	538	5	2	200	100.0	1853
chr15	539	4	1	200	200.0	562
chr15	540	4	5	200	40.0	577
chr15	540	5	1	200	200.0	1890
chr15	540	6	1	200	200.0	12754
chr15	541	4	2	200	100.0	613
chr15	542	4	3	200	66.66666666666667	567
chr15	542	5	2	200	100.0	1994
chr15	543	5	2	200	100.0	2048
chr15	544	4	1	200	200.0	541
chr15	544	5	1	200	200.0	1791
chr15	546	5	2	200	100.0	1896
chr15	546	6	1	200	200.0	14560
chr15	547	5	2	200	100.0	1829
chr15	548	4	1	200	200.0	598
chr15	548	5	2	200	100.0	1722
chr15	549	4	1	200	200.0	526
chr15	550	4	3	200	66.66666666666667	541
chr15	550	5	2	200	100.0	1737
chr15	550	6	1	200	200.0	13630
chr15	551	4	1	200	200.0	598
chr15	552	4	2	200	100.0	586
chr15	553	4	1	200	200.0	553
chr15	553	7	1	200	200.0	83026
chr15	554	3	1	200	200.0	683
chr15	554	4	1	200	200.0	578
chr15	555	4	1	200	200.0	504
chr15	555	5	1	200	200.0	2032
chr15	555	6	2	200	100.0	14244
chr15	556	4	1	200	200.0	570
chr15	556	5	1	200	200.0	2069
chr15	557	4	3	200	66.66666666666667	548
chr15	557	5	2	200	100.0	1931
chr15	557	6	1	200	200.0	13699
chr15	558	6	1	200	200.0	13562
chr15	559	4	1	200	200.0	565
chr15	559	5	1	200	200.0	1914
chr15	560	4	1	200	200.0	562
chr15	560	5	2	200	100.0	1955
chr15	561	5	2	200	100.0	1787
chr15	562	4	2	200	100.0	594
chr15	562	5	1	200	200.0	1820
chr15	563	4	2	200	100.0	532
chr15	563	5	1	200	200.0	1843
chr15	564	4	1	200	200.0	614
chr15	564	5	2	200	100.0	1769
chr15	564	6	1	200	200.0	13159
chr15	565	4	1	200	200.0	585
chr15	565	6	1	200	200.0	13443
chr15	567	4	3	200	66.66666666666667	579
chr15	568	5	1	200	200.0	1985
chr15	569	4	1	200	200.0	567
chr15	569	5	2	200	100.0	2049
chr15	570	4	1	200	200.0	592
chr15	572	5	2	200	100.0	2076
chr15	573	3	1	200	200.0	645
chr15	573	4	1	200	200.0	548
chr15	573	5	1	200	200.0	1984
chr15	575	4	1	200	200.0	576
chr15	576	4	1	200	200.0	578
chr15	576	5	1	200	200.0	1646
chr15	577	4	1	200	200.0	598
chr15	577	5	1	200	200.0	1937
chr15	579	4	1	200	200.0	617
chr15	579	5	1	200	200.0	2368
chr15	579	6	1	200	200.0	13801
chr15	580	3	1	200	200.0	663
chr15	580	4	1	200	200.0	590
chr15	580	5	1	200	200.0	1964
chr15	581	3	1	200	200.0	738
chr15	581	4	2	200	100.0	540
chr15	581	5	1	200	200.0	1807
chr15	582	4	1	200	200.0	598
chr15	583	4	6	200	33.333333333333336	536
chr15	584	5	3	200	66.66666666666667	1976
chr15	585	4	1	200	200.0	610
chr15	586	4	1	200	200.0	587
chr15	587	4	2	200	100.0	613
chr15	587	5	2	200	100.0	2050
chr15	588	4	2	200	100.0	573
chr15	588	5	1	200	200.0	1927
chr15	588	6	1	200	200.0	13868
chr15	589	3	1	200	200.0	584
chr15	589	5	1	200	200.0	1982
chr15	591	4	2	200	100.0	488
chr15	591	5	1	200	200.0	2067
chr15	591	6	1	200	200.0	13088
chr15	592	3	1	200	200.0	677
chr15	593	4	1	200	200.0	610
chr15	593	5	1	200	200.0	2025
chr15	594	5	1	200	200.0	1791
chr15	596	4	1	200	200.0	544
chr15	596	5	1	200	200.0	1927
chr15	596	6	1	200	200.0	11263
chr15	597	3	1	200	200.0	686
chr15	597	5	2	200	100.0	1975
chr15	599	4	1	200	200.0	601
chr15	599	6	1	200	200.0	14103
chr15	600	5	1	200	200.0	1828
chr15	600	6	1	200	200.0	13335
chr15	601	4	1	200	200.0	623
chr15	602	4	1	200	200.0	587
chr15	602	7	1	200	200.0	85541
chr15	603	4	2	200	100.0	607
chr15	604	3	1	200	200.0	627
chr15	604	5	1	200	200.0	1904
chr15	605	4	1	200	200.0	579
chr15	606	5	1	200	200.0	1979
chr15	607	4	1	200	200.0	518
chr15	608	5	2	200	100.0	2005
chr15	608	6	1	200	200.0	12961
chr15	609	5	2	200	100.0	2093
chr15	610	5	2	200	100.0	2017
chr15	611	5	1	200	200.0	2204
chr15	611	6	1	200	200.0	12880
chr15	612	4	2	200	100.0	529
chr15	612	5	1	200	200.0	1952
chr15	612	6	1	200	200.0	15199
chr15	613	4	1	200	200.0	584
chr15	614	5	1	200	200.0	2426
chr15	614	6	1	200	200.0	13074
chr15	615	4	1	200	200.0	590
chr15	615	5	3	200	66.66666666666667	2194
chr15	617	5	1	200	200.0	1963
chr15	618	4	1	200	200.0	553
chr15	619	3	2	200	100.0	625
chr15	619	6	1	200	200.0	13554
chr15	621	4	1	200	200.0	600
chr15	622	3	1	200	200.0	674
chr15	622	4	1	200	200.0	568
chr15	622	5	1	200	200.0	2162
chr15	624	4	2	200	100.0	575
chr15	625	5	1	200	200.0	2139
chr15	626	5	1	200	200.0	1785
chr15	627	4	2	200	100.0	524
chr15	627	6	1	200	200.0	14631
chr15	628	3	1	200	200.0	676
chr15	628	4	1	200	200.0	562
chr15	628	6	2	200	100.0	14841
chr15	629	4	1	200	200.0	516
chr15	629	5	1	200	200.0	1928
chr15	630	4	1	200	200.0	579
chr15	631	5	1	200	200.0	2201
chr15	633	4	1	200	200.0	566
chr15	634	5	1	200	200.0	2039
chr15	635	5	2	200	100.0	2174
chr15	635	7	1	200	200.0	84411
chr15	636	5	2	200	100.0	2059
chr15	637	4	1	200	200.0	600
chr15	637	5	1	200	200.0	2096
chr15	638	3	2	200	100.0	662
chr15	638	4	2	200	100.0	580
chr15	638	5	1	200	200.0	1746
chr15	639	5	3	200	66.66666666666667	2200
chr15	640	6	2	200	100.0	15990
chr15	641	4	3	200	66.66666666666667	521
chr15	643	5	2	200	100.0	2138
chr15	644	4	1	200	200.0	555
chr15	644	5	1	200	200.0	1903
chr15	646	3	1	200	200.0	611
chr15	647	5	3	200	66.66666666666667	2116
chr15	647	6	1	200	200.0	13858
chr15	648	4	1	200	200.0	619
chr15	650	7	1	200	200.0	90263
chr15	652	4	1	200	200.0	565
chr15	654	6	1	200	200.0	14581
chr15	655	4	1	200	200.0	572
chr15	655	5	1	200	200.0	2073
chr15	655	6	1	200	200.0	13783
chr15	657	6	1	200	200.0	13831
chr15	658	4	3	200	66.66666666666667	541
chr15	658	5	1	200	200.0	1788
chr15	659	3	1	200	200.0	667
chr15	659	4	1	200	200.0	537
chr15	661	4	1	200	200.0	531
chr15	662	4	1	200	200.0	566
chr15	663	5	2	200	100.0	1871
chr15	664	3	1	200	200.0	696
chr15	666	4	3	200	66.66666666666667	535
chr15	668	5	1	200	200.0	2136
chr15	668	6	1	200	200.0	16044
chr15	669	4	1	200	200.0	523
chr15	669	5	3	200	66.66666666666667	2080
chr15	670	5	3	200	66.66666666666667	1889
chr15	671	4	1	200	200.0	531
chr15	671	5	1	200	200.0	2059
chr15	672	4	2	200	100.0	548
chr15	672	5	2	200	100.0	1862
chr15	673	3	1	200	200.0	745
chr15	673	4	1	200	200.0	607
chr15	673	6	1	200	200.0	15106
chr15	674	5	1	200	200.0	1929
chr15	675	5	1	200	200.0	2020
chr15	676	5	1	200	200.0	1795
chr15	676	6	1	200	200.0	13201
chr15	678	4	1	200	200.0	541
chr15	678	6	1	200	200.0	15558
chr15	680	6	1	200	200.0	14365
chr15	681	5	2	200	100.0	2195
chr15	682	5	1	200	200.0	2305
chr15	685	5	1	200	200.0	2362
chr15	687	5	5	200	40.0	2122
chr15	688	5	1	200	200.0	1789
chr15	690	4	1	200	200.0	545
chr15	691	4	1	200	200.0	604
chr15	693	5	1	200	200.0	2125
chr15	694	5	3	200	66.66666666666667	2217
chr15	695	6	1	200	200.0	12896
chr15	696	4	2	200	100.0	600
chr15	697	5	1	200	200.0	1864
chr15	697	6	1	200	200.0	16134
chr15	698	5	1	200	200.0	2005
chr15	699	5	2	200	100.0	2117
chr15	699	6	1	200	200.0	15596
chr15	701	5	2	200	100.0	2027
chr15	702	4	2	200	100.0	584
chr15	703	4	1	200	200.0	585
chr15	705	4	3	200	66.66666666666667	549
chr15	705	5	1	200	200.0	1993
chr15	707	4	1	200	200.0	586
chr15	707	5	2	200	100.0	2126
chr15	708	4	1	200	200.0	550
chr15	708	5	1	200	200.0	2167
chr15	710	5	1	200	200.0	1825
chr15	711	5	3	200	66.66666666666667	1883
chr15	712	4	2	200	100.0	544
chr15	712	5	1	200	200.0	2232
chr15	713	4	2	200	100.0	619
chr15	714	4	1	200	200.0	566
chr15	715	4	2	200	100.0	566
chr15	715	5	1	200	200.0	2029
chr15	716	4	1	200	200.0	543
chr15	716	5	1	200	200.0	2193
chr15	717	5	1	200	200.0	2279
chr15	717	6	1	200	200.0	15016
chr15	718	5	1	200	200.0	1862
chr15	718	6	1	200	200.0	15671
chr15	719	4	1	200	200.0	566
chr15	720	4	1	200	200.0	574
chr15	720	5	1	200	200.0	1874
chr15	720	6	1	200	200.0	14516
chr15	721	5	2	200	100.0	2013
chr15	722	5	2	200	100.0	1916
chr15	723	5	1	200	200.0	2072
chr15	723	6	1	200	200.0	12735
chr15	724	4	1	200	200.0	540
chr15	724	7	1	200	200.0	103437
chr15	728	5	1	200	200.0	2286
chr15	729	5	1	200	200.0	1966
chr15	730	5	1	200	200.0	2120
chr15	731	5	2	200	100.0	2036
chr15	733	5	1	200	200.0	2077
chr15	734	5	2	200	100.0	1981
chr15	735	7	1	200	200.0	104478
chr15	737	5	1	200	200.0	2065
chr15	738	4	2	200	100.0	587
chr15	738	5	1	200	200.0	2082
chr15	738	6	1	200	200.0	13158
chr15	741	5	1	200	200.0	2160
chr15	743	4	1	200	200.0	539
chr15	744	4	1	200	200.0	546
chr15	745	5	1	200	200.0	2142
chr15	746	5	1	200	200.0	2038
chr15	747	6	1	200	200.0	16038
chr15	750	4	2	200	100.0	572
chr15	750	5	1	200	200.0	1877
chr15	751	5	1	200	200.0	1929
chr15	752	5	2	200	100.0	1962
chr15	753	5	2	200	100.0	2014
chr15	755	5	1	200	200.0	1911
chr15	756	5	1	200	200.0	1956
chr15	757	5	1	200	200.0	2029
chr15	758	5	2	200	100.0	2084
chr15	759	4	1	200	200.0	593
chr15	759	5	1	200	200.0	2032
chr15	760	3	1	200	200.0	613
chr15	760	5	1	200	200.0	1860
chr15	765	5	1	200	200.0	1970
chr15	766	5	1	200	200.0	2079
chr15	767	5	1	200	200.0	2135
chr15	770	4	1	200	200.0	544
chr15	770	5	1	200	200.0	2177
chr15	772	4	1	200	200.0	546
chr15	774	4	1	200	200.0	500
chr15	774	6	1	200	200.0	16868
chr15	775	4	1	200	200.0	511
chr15	775	6	1	200	200.0	14774
chr15	776	5	1	200	200.0	2256
chr15	776	6	1	200	200.0	15998
chr15	778	6	1	200	200.0	15054
chr15	779	4	1	200	200.0	544
chr15	780	4	1	200	200.0	578
chr15	781	5	1	200	200.0	2194
chr15	783	5	1	200	200.0	2155
chr15	784	5	1	200	200.0	2017
chr15	784	6	2	200	100.0	16537
chr15	787	4	1	200	200.0	547
chr15	788	6	1	200	200.0	16734
chr15	789	6	1	200	200.0	16548
chr15	792	5	1	200	200.0	2209
chr15	797	5	2	200	100.0	2130
chr15	798	5	1	200	200.0	2244
chr15	801	5	1	200	200.0	2303
chr15	802	5	1	200	200.0	2129
chr15	805	5	1	200	200.0	2102
chr15	807	5	1	200	200.0	2221
chr15	811	5	1	200	200.0	1928
chr15	814	5	1	200	200.0	2153
chr15	815	6	1	200	200.0	15904
chr15	818	5	1	200	200.0	2316
chr15	821	4	1	200	200.0	550
chr15	824	4	1	200	200.0	556
chr15	825	5	1	200	200.0	1917
chr15	837	4	1	200	200.0	621
chr15	837	7	1	200	200.0	115696
chr15	840	4	1	200	200.0	503
chr15	841	5	1	200	200.0	2275
chr15	843	5	1	200	200.0	2026
chr15	844	5	1	200	200.0	1878
chr15	850	5	1	200	200.0	2136
chr15	851	5	1	200	200.0	2110
chr15	855	5	1	200	200.0	1978
chr15	857	6	1	200	200.0	15789
chr15	872	5	1	200	200.0	2148
chr15	873	6	1	200	200.0	14800
chr15	875	5	1	200	200.0	2072
chr15	877	4	2	200	100.0	535
chr15	878	5	1	200	200.0	2391
chr15	884	5	1	200	200.0	2248
chr15	885	5	1	200	200.0	2187
chr15	886	6	1	200	200.0	15435
chr15	888	5	1	200	200.0	2168
chr15	892	6	1	200	200.0	16166
chr15	897	4	1	200	200.0	552
chr15	905	4	1	200	200.0	578
chr15	908	3	1	200	200.0	656
chr15	908	5	1	200	200.0	2193
chr15	917	5	2	200	100.0	1905
chr15	919	5	1	200	200.0	2361
chr15	921	5	1	200	200.0	2085
chr15	937	4	1	200	200.0	582
chr15	938	4	1	200	200.0	578
chr15	941	6	1	200	200.0	14925
chr15	947	4	1	200	200.0	546
chr15	952	5	1	200	200.0	2012
chr15	961	5	1	200	200.0	2129
chr15	967	5	1	200	200.0	2114
chr15	967	7	1	200	200.0	133393
chr15	971	5	1	200	200.0	2308
chr15	976	5	1	200	200.0	2133
chr15	982	4	1	200	200.0	570
chr15	994	5	1	200	200.0	2359
chr15	998	3	1	200	200.0	615
chr15	1013	6	1	200	200.0	17499
chr15	1024	4	1	200	200.0	586
chr15	1025	6	1	200	200.0	16045
chr15	1027	6	1	200	200.0	17566
chr15	1028	5	1	200	200.0	2340
chr15	1030	6	1	200	200.0	16182
chr15	1035	5	1	200	200.0	2309
chr15	1043	4	1	200	200.0	557
chr15	1093	6	1	200	200.0	17663
chr15	1104	5	1	200	200.0	2221
chr15	1113	5	1	200	200.0	1910
chr15	1146	4	1	200	200.0	598
chr15	1167	6	1	200	200.0	18694
chr15	1178	5	1	200	200.0	2211
chr15	1198	4	1	200	200.0	558
chr15	1210	5	1	200	200.0	2504
chr15	1214	5	1	200	200.0	2097
chr15	1300	4	1	200	200.0	537
chr15	1442	5	1	200	200.0	2393
chr15	1448	5	1	200	200.0	2176
chr15	1502	6	1	200	200.0	17631
chr15	1513	6	1	200	200.0	20176
chr16	250	4	1	200	200.0	561
chr16	250	6	1	200	200.0	4310
chr16	263	6	1	200	200.0	4098
chr16	270	4	1	200	200.0	530
chr16	270	5	1	200	200.0	1045
chr16	275	4	1	200	200.0	556
chr16	280	4	1	200	200.0	546
chr16	280	5	1	200	200.0	965
chr16	282	5	1	200	200.0	937
chr16	288	5	1	200	200.0	975
chr16	291	5	1	200	200.0	1112
chr16	294	4	1	200	200.0	558
chr16	295	4	2	200	100.0	514
chr16	297	5	1	200	200.0	1129
chr16	299	5	1	200	200.0	1172
chr16	302	6	1	200	200.0	4657
chr16	303	5	1	200	200.0	1064
chr16	304	5	1	200	200.0	1037
chr16	307	5	1	200	200.0	1080
chr16	312	4	1	200	200.0	557
chr16	313	3	1	200	200.0	753
chr16	315	5	2	200	100.0	1021
chr16	316	4	1	200	200.0	556
chr16	316	6	1	200	200.0	4589
chr16	319	5	2	200	100.0	1173
chr16	320	5	1	200	200.0	1058
chr16	320	7	1	200	200.0	35749
chr16	321	5	1	200	200.0	1126
chr16	323	4	1	200	200.0	579
chr16	325	4	1	200	200.0	477
chr16	325	5	2	200	100.0	1250
chr16	326	3	1	200	200.0	866
chr16	326	5	1	200	200.0	1148
chr16	327	5	1	200	200.0	1220
chr16	328	7	2	200	100.0	34888
chr16	331	5	1	200	200.0	1125
chr16	333	4	1	200	200.0	583
chr16	336	4	1	200	200.0	546
chr16	336	5	1	200	200.0	1201
chr16	336	7	1	200	200.0	32782
chr16	337	4	2	200	100.0	565
chr16	337	6	1	200	200.0	4265
chr16	338	3	1	200	200.0	847
chr16	338	4	2	200	100.0	510
chr16	339	3	1	200	200.0	829
chr16	340	5	2	200	100.0	985
chr16	342	4	1	200	200.0	501
chr16	342	5	1	200	200.0	1121
chr16	343	4	1	200	200.0	518
chr16	343	6	1	200	200.0	4511
chr16	345	3	1	200	200.0	887
chr16	345	4	1	200	200.0	564
chr16	346	4	1	200	200.0	549
chr16	346	5	1	200	200.0	924
chr16	347	6	1	200	200.0	4469
chr16	348	5	2	200	100.0	1166
chr16	348	8	1	200	200.0	338683
chr16	349	3	1	200	200.0	829
chr16	350	4	1	200	200.0	481
chr16	351	4	1	200	200.0	491
chr16	351	5	1	200	200.0	1206
chr16	352	5	2	200	100.0	1183
chr16	353	5	2	200	100.0	1067
chr16	354	4	1	200	200.0	520
chr16	354	5	2	200	100.0	1056
chr16	355	4	3	200	66.66666666666667	511
chr16	355	5	1	200	200.0	1107
chr16	355	6	1	200	200.0	4238
chr16	356	4	2	200	100.0	519
chr16	356	5	1	200	200.0	1025
chr16	357	4	1	200	200.0	504
chr16	358	5	1	200	200.0	1050
chr16	359	3	1	200	200.0	773
chr16	359	4	1	200	200.0	505
chr16	359	5	2	200	100.0	1098
chr16	360	4	2	200	100.0	476
chr16	360	6	1	200	200.0	4528
chr16	361	4	2	200	100.0	531
chr16	361	5	1	200	200.0	1055
chr16	362	4	1	200	200.0	570
chr16	362	5	1	200	200.0	1106
chr16	363	4	2	200	100.0	497
chr16	363	5	1	200	200.0	1279
chr16	364	4	1	200	200.0	506
chr16	366	4	1	200	200.0	524
chr16	367	3	1	200	200.0	920
chr16	367	6	1	200	200.0	4472
chr16	368	4	1	200	200.0	521
chr16	370	5	1	200	200.0	1191
chr16	371	4	5	200	40.0	522
chr16	372	5	1	200	200.0	1086
chr16	374	4	1	200	200.0	458
chr16	374	5	2	200	100.0	1158
chr16	374	6	1	200	200.0	4691
chr16	375	4	1	200	200.0	502
chr16	376	4	1	200	200.0	498
chr16	376	5	1	200	200.0	1104
chr16	377	5	1	200	200.0	1110
chr16	378	4	4	200	50.0	516
chr16	378	5	1	200	200.0	1222
chr16	379	4	2	200	100.0	558
chr16	379	5	1	200	200.0	1193
chr16	379	6	1	200	200.0	5278
chr16	380	3	1	200	200.0	856
chr16	380	4	1	200	200.0	500
chr16	381	3	1	200	200.0	785
chr16	381	4	1	200	200.0	596
chr16	381	5	1	200	200.0	1050
chr16	382	4	1	200	200.0	527
chr16	383	6	2	200	100.0	4036
chr16	383	8	1	200	200.0	323998
chr16	384	3	1	200	200.0	809
chr16	384	5	1	200	200.0	1149
chr16	384	6	1	200	200.0	5010
chr16	385	5	1	200	200.0	1226
chr16	385	7	1	200	200.0	31960
chr16	386	3	1	200	200.0	845
chr16	386	4	1	200	200.0	523
chr16	386	5	1	200	200.0	1233
chr16	387	4	1	200	200.0	535
chr16	387	5	2	200	100.0	1187
chr16	388	4	3	200	66.66666666666667	583
chr16	389	3	1	200	200.0	935
chr16	389	5	1	200	200.0	1183
chr16	389	7	1	200	200.0	32030
chr16	390	3	2	200	100.0	954
chr16	390	4	1	200	200.0	529
chr16	391	4	1	200	200.0	490
chr16	391	6	1	200	200.0	4955
chr16	393	4	1	200	200.0	481
chr16	393	5	1	200	200.0	1257
chr16	394	4	1	200	200.0	472
chr16	394	6	2	200	100.0	4667
chr16	395	3	1	200	200.0	930
chr16	396	3	1	200	200.0	808
chr16	396	4	2	200	100.0	548
chr16	396	5	2	200	100.0	1172
chr16	396	6	2	200	100.0	4858
chr16	397	3	1	200	200.0	945
chr16	397	7	1	200	200.0	37113
chr16	398	4	1	200	200.0	563
chr16	398	5	1	200	200.0	1175
chr16	400	4	2	200	100.0	548
chr16	401	4	2	200	100.0	518
chr16	401	5	1	200	200.0	1229
chr16	401	6	1	200	200.0	4637
chr16	403	3	1	200	200.0	859
chr16	403	4	1	200	200.0	499
chr16	403	5	1	200	200.0	1118
chr16	404	4	4	200	50.0	481
chr16	404	5	4	200	50.0	1017
chr16	404	7	1	200	200.0	37445
chr16	405	4	2	200	100.0	471
chr16	406	3	1	200	200.0	892
chr16	406	4	1	200	200.0	486
chr16	406	5	1	200	200.0	1123
chr16	407	5	1	200	200.0	1160
chr16	408	4	3	200	66.66666666666667	481
chr16	408	5	3	200	66.66666666666667	1155
chr16	409	3	1	200	200.0	837
chr16	409	4	1	200	200.0	453
chr16	410	4	1	200	200.0	512
chr16	410	5	1	200	200.0	1270
chr16	410	6	1	200	200.0	4485
chr16	411	4	2	200	100.0	504
chr16	411	6	1	200	200.0	4741
chr16	412	4	2	200	100.0	550
chr16	412	7	1	200	200.0	38058
chr16	413	3	1	200	200.0	939
chr16	413	4	1	200	200.0	535
chr16	413	5	1	200	200.0	1231
chr16	414	4	1	200	200.0	461
chr16	414	5	2	200	100.0	1065
chr16	414	7	1	200	200.0	35425
chr16	415	3	1	200	200.0	896
chr16	415	5	1	200	200.0	1168
chr16	416	4	1	200	200.0	555
chr16	416	5	1	200	200.0	1054
chr16	416	6	1	200	200.0	4652
chr16	417	6	1	200	200.0	4871
chr16	418	6	2	200	100.0	4579
chr16	419	4	2	200	100.0	488
chr16	419	5	3	200	66.66666666666667	1168
chr16	419	6	1	200	200.0	4640
chr16	420	4	1	200	200.0	463
chr16	421	5	2	200	100.0	1134
chr16	421	6	1	200	200.0	4123
chr16	422	5	2	200	100.0	1134
chr16	423	3	1	200	200.0	850
chr16	423	4	5	200	40.0	519
chr16	423	5	1	200	200.0	1160
chr16	424	4	3	200	66.66666666666667	511
chr16	424	5	1	200	200.0	1204
chr16	424	6	1	200	200.0	4309
chr16	425	3	1	200	200.0	838
chr16	425	4	2	200	100.0	533
chr16	425	5	1	200	200.0	1233
chr16	425	6	1	200	200.0	4743
chr16	426	4	2	200	100.0	490
chr16	426	6	1	200	200.0	4419
chr16	426	7	1	200	200.0	33161
chr16	427	3	3	200	66.66666666666667	828
chr16	427	4	1	200	200.0	481
chr16	427	5	2	200	100.0	1302
chr16	428	4	1	200	200.0	465
chr16	428	5	2	200	100.0	1167
chr16	429	4	1	200	200.0	491
chr16	429	5	2	200	100.0	1175
chr16	430	4	2	200	100.0	475
chr16	430	5	2	200	100.0	1206
chr16	431	4	1	200	200.0	496
chr16	431	5	2	200	100.0	1249
chr16	431	6	1	200	200.0	4690
chr16	432	4	1	200	200.0	483
chr16	432	5	1	200	200.0	1191
chr16	433	4	3	200	66.66666666666667	544
chr16	433	5	1	200	200.0	1260
chr16	434	4	1	200	200.0	445
chr16	434	5	1	200	200.0	1275
chr16	434	6	1	200	200.0	4716
chr16	435	3	1	200	200.0	860
chr16	435	4	1	200	200.0	547
chr16	435	5	1	200	200.0	1319
chr16	436	4	2	200	100.0	520
chr16	436	5	1	200	200.0	1254
chr16	437	4	1	200	200.0	529
chr16	437	6	2	200	100.0	4695
chr16	438	4	2	200	100.0	456
chr16	438	5	2	200	100.0	1320
chr16	438	6	1	200	200.0	4818
chr16	439	3	1	200	200.0	886
chr16	439	4	1	200	200.0	478
chr16	439	5	1	200	200.0	1156
chr16	440	5	1	200	200.0	1355
chr16	441	3	1	200	200.0	815
chr16	441	5	1	200	200.0	1226
chr16	442	4	2	200	100.0	510
chr16	442	5	2	200	100.0	1179
chr16	442	7	1	200	200.0	39873
chr16	443	4	2	200	100.0	514
chr16	443	5	2	200	100.0	1202
chr16	444	4	1	200	200.0	477
chr16	444	5	1	200	200.0	1207
chr16	444	6	3	200	66.66666666666667	5090
chr16	445	4	2	200	100.0	464
chr16	445	5	1	200	200.0	1273
chr16	446	4	2	200	100.0	458
chr16	447	3	1	200	200.0	808
chr16	447	4	1	200	200.0	505
chr16	447	5	1	200	200.0	1220
chr16	448	4	1	200	200.0	525
chr16	448	6	1	200	200.0	4923
chr16	449	4	2	200	100.0	515
chr16	449	5	3	200	66.66666666666667	1194
chr16	449	6	1	200	200.0	4746
chr16	450	4	5	200	40.0	546
chr16	451	3	1	200	200.0	937
chr16	451	4	1	200	200.0	499
chr16	451	5	1	200	200.0	1155
chr16	451	6	1	200	200.0	5675
chr16	452	4	2	200	100.0	514
chr16	452	5	1	200	200.0	1169
chr16	453	3	1	200	200.0	769
chr16	453	4	1	200	200.0	485
chr16	453	5	1	200	200.0	1210
chr16	454	3	1	200	200.0	790
chr16	454	4	1	200	200.0	467
chr16	454	5	3	200	66.66666666666667	1181
chr16	455	4	1	200	200.0	507
chr16	455	5	3	200	66.66666666666667	1248
chr16	455	6	1	200	200.0	4878
chr16	456	4	2	200	100.0	521
chr16	456	5	3	200	66.66666666666667	1165
chr16	457	5	1	200	200.0	1310
chr16	457	6	1	200	200.0	4479
chr16	457	7	1	200	200.0	40326
chr16	458	4	1	200	200.0	465
chr16	459	4	2	200	100.0	475
chr16	459	5	1	200	200.0	1195
chr16	459	6	1	200	200.0	4709
chr16	460	4	2	200	100.0	519
chr16	460	5	1	200	200.0	1075
chr16	461	4	2	200	100.0	486
chr16	461	5	1	200	200.0	1262
chr16	461	6	2	200	100.0	5136
chr16	463	4	1	200	200.0	445
chr16	463	5	3	200	66.66666666666667	1338
chr16	463	7	1	200	200.0	41265
chr16	464	4	1	200	200.0	521
chr16	464	5	1	200	200.0	1134
chr16	465	3	1	200	200.0	771
chr16	465	4	3	200	66.66666666666667	491
chr16	465	5	3	200	66.66666666666667	1420
chr16	465	6	1	200	200.0	4721
chr16	466	3	1	200	200.0	817
chr16	466	4	2	200	100.0	489
chr16	467	4	2	200	100.0	533
chr16	467	5	1	200	200.0	1071
chr16	467	6	1	200	200.0	4236
chr16	468	4	1	200	200.0	503
chr16	468	5	1	200	200.0	1150
chr16	468	6	1	200	200.0	4567
chr16	470	6	1	200	200.0	4600
chr16	471	4	2	200	100.0	478
chr16	471	5	1	200	200.0	1260
chr16	471	6	1	200	200.0	4876
chr16	472	4	2	200	100.0	485
chr16	473	4	1	200	200.0	483
chr16	473	5	1	200	200.0	1266
chr16	474	3	1	200	200.0	792
chr16	474	4	2	200	100.0	499
chr16	474	5	2	200	100.0	1140
chr16	475	4	3	200	66.66666666666667	470
chr16	475	6	2	200	100.0	4707
chr16	476	4	4	200	50.0	477
chr16	476	5	1	200	200.0	1302
chr16	477	4	1	200	200.0	479
chr16	478	5	1	200	200.0	1118
chr16	479	3	1	200	200.0	782
chr16	479	4	1	200	200.0	503
chr16	480	4	3	200	66.66666666666667	459
chr16	480	5	3	200	66.66666666666667	1234
chr16	480	6	1	200	200.0	4500
chr16	481	5	1	200	200.0	1217
chr16	482	3	1	200	200.0	954
chr16	482	4	1	200	200.0	482
chr16	482	6	1	200	200.0	4998
chr16	483	4	1	200	200.0	492
chr16	483	5	2	200	100.0	1250
chr16	484	4	4	200	50.0	443
chr16	484	5	1	200	200.0	1368
chr16	485	4	1	200	200.0	443
chr16	485	5	3	200	66.66666666666667	1234
chr16	486	4	2	200	100.0	475
chr16	486	5	1	200	200.0	1250
chr16	487	5	1	200	200.0	1254
chr16	487	7	1	200	200.0	39226
chr16	488	4	2	200	100.0	452
chr16	488	5	2	200	100.0	1185
chr16	488	6	1	200	200.0	5103
chr16	489	4	3	200	66.66666666666667	491
chr16	489	7	1	200	200.0	40338
chr16	490	5	1	200	200.0	1360
chr16	491	4	1	200	200.0	530
chr16	491	5	1	200	200.0	1172
chr16	491	6	1	200	200.0	5137
chr16	491	7	1	200	200.0	37845
chr16	492	4	2	200	100.0	484
chr16	492	5	3	200	66.66666666666667	1208
chr16	493	4	2	200	100.0	500
chr16	493	5	2	200	100.0	1286
chr16	495	3	2	200	100.0	902
chr16	495	4	2	200	100.0	452
chr16	496	4	1	200	200.0	480
chr16	498	4	1	200	200.0	498
chr16	498	5	2	200	100.0	1181
chr16	499	4	2	200	100.0	500
chr16	500	5	2	200	100.0	1208
chr16	500	6	1	200	200.0	4807
chr16	501	5	2	200	100.0	1259
chr16	502	4	3	200	66.66666666666667	484
chr16	502	5	1	200	200.0	1391
chr16	503	4	1	200	200.0	498
chr16	503	5	1	200	200.0	1281
chr16	503	6	1	200	200.0	4464
chr16	504	4	1	200	200.0	521
chr16	504	7	1	200	200.0	46274
chr16	505	4	2	200	100.0	444
chr16	505	5	2	200	100.0	1205
chr16	505	6	1	200	200.0	4552
chr16	506	4	1	200	200.0	470
chr16	506	5	3	200	66.66666666666667	1216
chr16	507	5	1	200	200.0	1325
chr16	507	6	1	200	200.0	5119
chr16	508	3	1	200	200.0	764
chr16	508	4	1	200	200.0	447
chr16	509	3	1	200	200.0	826
chr16	509	4	3	200	66.66666666666667	479
chr16	509	5	1	200	200.0	1293
chr16	509	6	1	200	200.0	4493
chr16	510	4	1	200	200.0	500
chr16	511	4	3	200	66.66666666666667	416
chr16	511	5	2	200	100.0	1351
chr16	512	4	3	200	66.66666666666667	480
chr16	512	5	4	200	50.0	1202
chr16	513	4	1	200	200.0	503
chr16	514	3	1	200	200.0	929
chr16	514	4	1	200	200.0	441
chr16	514	5	2	200	100.0	1101
chr16	515	4	1	200	200.0	459
chr16	515	6	2	200	100.0	4661
chr16	516	4	1	200	200.0	495
chr16	516	5	2	200	100.0	1344
chr16	516	6	1	200	200.0	4587
chr16	517	5	1	200	200.0	1219
chr16	518	5	1	200	200.0	1339
chr16	519	5	1	200	200.0	1361
chr16	520	4	1	200	200.0	457
chr16	520	5	1	200	200.0	1149
chr16	520	6	1	200	200.0	5299
chr16	521	4	4	200	50.0	497
chr16	521	6	1	200	200.0	4731
chr16	522	4	2	200	100.0	515
chr16	522	5	2	200	100.0	1353
chr16	523	4	1	200	200.0	531
chr16	523	5	1	200	200.0	1326
chr16	524	3	1	200	200.0	842
chr16	524	4	2	200	100.0	489
chr16	524	6	1	200	200.0	4498
chr16	525	4	1	200	200.0	477
chr16	526	4	1	200	200.0	444
chr16	526	5	7	200	28.571428571428573	1278
chr16	527	6	1	200	200.0	4478
chr16	528	5	1	200	200.0	1262
chr16	529	4	1	200	200.0	489
chr16	529	5	1	200	200.0	1334
chr16	530	5	1	200	200.0	1270
chr16	531	4	1	200	200.0	451
chr16	531	6	1	200	200.0	4810
chr16	532	5	1	200	200.0	1378
chr16	532	6	1	200	200.0	4474
chr16	533	5	2	200	100.0	1210
chr16	534	6	1	200	200.0	4945
chr16	535	4	1	200	200.0	459
chr16	535	5	1	200	200.0	1264
chr16	535	6	1	200	200.0	4576
chr16	536	4	2	200	100.0	442
chr16	537	4	1	200	200.0	470
chr16	538	4	1	200	200.0	505
chr16	538	5	2	200	100.0	1072
chr16	538	6	1	200	200.0	5786
chr16	539	5	2	200	100.0	1188
chr16	540	5	2	200	100.0	1080
chr16	540	7	1	200	200.0	37505
chr16	541	3	1	200	200.0	887
chr16	541	5	1	200	200.0	1172
chr16	541	6	1	200	200.0	4374
chr16	542	4	1	200	200.0	507
chr16	542	5	2	200	100.0	1263
chr16	542	6	1	200	200.0	5036
chr16	543	4	1	200	200.0	459
chr16	543	6	1	200	200.0	4305
chr16	544	6	1	200	200.0	4926
chr16	545	5	3	200	66.66666666666667	1323
chr16	545	6	1	200	200.0	4616
chr16	546	4	1	200	200.0	504
chr16	547	4	1	200	200.0	495
chr16	547	5	2	200	100.0	1307
chr16	548	3	1	200	200.0	870
chr16	548	6	1	200	200.0	5290
chr16	549	5	1	200	200.0	1203
chr16	550	5	1	200	200.0	1091
chr16	551	3	1	200	200.0	775
chr16	551	4	1	200	200.0	429
chr16	551	5	1	200	200.0	1159
chr16	551	6	1	200	200.0	4719
chr16	554	4	3	200	66.66666666666667	437
chr16	555	4	1	200	200.0	453
chr16	555	5	2	200	100.0	1297
chr16	555	6	2	200	100.0	5146
chr16	556	4	1	200	200.0	444
chr16	557	5	1	200	200.0	1342
chr16	558	4	1	200	200.0	437
chr16	558	6	1	200	200.0	4651
chr16	559	3	1	200	200.0	773
chr16	559	5	2	200	100.0	1214
chr16	559	6	2	200	100.0	4935
chr16	561	4	2	200	100.0	458
chr16	561	5	1	200	200.0	1322
chr16	562	5	3	200	66.66666666666667	1288
chr16	563	4	2	200	100.0	470
chr16	563	5	1	200	200.0	1334
chr16	564	4	1	200	200.0	452
chr16	564	5	4	200	50.0	1211
chr16	565	5	1	200	200.0	1173
chr16	565	6	1	200	200.0	4943
chr16	566	4	1	200	200.0	474
chr16	566	5	2	200	100.0	1201
chr16	566	6	1	200	200.0	4701
chr16	567	5	1	200	200.0	1305
chr16	568	6	2	200	100.0	4882
chr16	569	4	1	200	200.0	517
chr16	570	5	1	200	200.0	1430
chr16	570	6	1	200	200.0	4432
chr16	571	5	1	200	200.0	1290
chr16	572	4	2	200	100.0	437
chr16	573	5	2	200	100.0	1309
chr16	574	4	1	200	200.0	486
chr16	574	5	1	200	200.0	1117
chr16	574	6	1	200	200.0	4161
chr16	575	5	2	200	100.0	1374
chr16	575	7	1	200	200.0	50959
chr16	576	4	1	200	200.0	486
chr16	577	4	1	200	200.0	485
chr16	577	5	2	200	100.0	1379
chr16	577	6	2	200	100.0	4797
chr16	578	4	2	200	100.0	473
chr16	578	5	1	200	200.0	1369
chr16	579	4	1	200	200.0	484
chr16	579	5	1	200	200.0	1358
chr16	579	6	2	200	100.0	4562
chr16	580	4	1	200	200.0	454
chr16	580	5	2	200	100.0	1277
chr16	581	5	1	200	200.0	1152
chr16	582	4	2	200	100.0	474
chr16	582	5	2	200	100.0	1165
chr16	583	4	1	200	200.0	465
chr16	583	5	1	200	200.0	1240
chr16	584	4	2	200	100.0	462
chr16	584	5	2	200	100.0	1340
chr16	585	4	1	200	200.0	486
chr16	585	6	1	200	200.0	4990
chr16	586	5	2	200	100.0	1162
chr16	586	6	1	200	200.0	4634
chr16	587	4	1	200	200.0	468
chr16	587	5	1	200	200.0	1297
chr16	588	5	1	200	200.0	1253
chr16	589	3	1	200	200.0	867
chr16	589	4	1	200	200.0	440
chr16	589	5	2	200	100.0	1218
chr16	589	6	2	200	100.0	5437
chr16	590	5	1	200	200.0	1336
chr16	591	4	1	200	200.0	467
chr16	591	5	1	200	200.0	1288
chr16	591	6	1	200	200.0	4658
chr16	593	4	1	200	200.0	456
chr16	594	3	1	200	200.0	904
chr16	594	4	1	200	200.0	510
chr16	595	4	4	200	50.0	482
chr16	595	5	1	200	200.0	1161
chr16	595	6	1	200	200.0	5348
chr16	596	4	1	200	200.0	477
chr16	596	5	3	200	66.66666666666667	1300
chr16	596	6	1	200	200.0	4970
chr16	597	3	1	200	200.0	840
chr16	597	4	2	200	100.0	494
chr16	597	5	1	200	200.0	1339
chr16	597	6	1	200	200.0	5757
chr16	598	5	1	200	200.0	1197
chr16	599	4	2	200	100.0	454
chr16	599	5	1	200	200.0	1194
chr16	600	4	1	200	200.0	443
chr16	600	6	1	200	200.0	5220
chr16	601	5	1	200	200.0	1402
chr16	602	3	1	200	200.0	952
chr16	602	5	2	200	100.0	1300
chr16	603	5	1	200	200.0	1497
chr16	604	5	1	200	200.0	1161
chr16	605	4	3	200	66.66666666666667	527
chr16	605	6	1	200	200.0	4697
chr16	606	4	1	200	200.0	482
chr16	606	5	1	200	200.0	1241
chr16	606	6	1	200	200.0	5311
chr16	607	4	1	200	200.0	436
chr16	608	4	1	200	200.0	441
chr16	608	5	1	200	200.0	1318
chr16	608	6	3	200	66.66666666666667	5364
chr16	609	4	1	200	200.0	491
chr16	609	7	1	200	200.0	43209
chr16	610	4	1	200	200.0	457
chr16	610	5	3	200	66.66666666666667	1255
chr16	611	5	1	200	200.0	1278
chr16	611	6	2	200	100.0	5432
chr16	612	5	1	200	200.0	1163
chr16	612	7	1	200	200.0	46473
chr16	614	4	1	200	200.0	473
chr16	615	4	1	200	200.0	451
chr16	615	5	1	200	200.0	1383
chr16	615	7	1	200	200.0	44998
chr16	616	4	1	200	200.0	474
chr16	616	5	3	200	66.66666666666667	1161
chr16	616	7	1	200	200.0	46233
chr16	617	4	1	200	200.0	504
chr16	618	4	1	200	200.0	465
chr16	619	4	1	200	200.0	493
chr16	619	5	2	200	100.0	1182
chr16	620	4	1	200	200.0	492
chr16	621	4	1	200	200.0	498
chr16	621	6	1	200	200.0	4823
chr16	622	4	1	200	200.0	495
chr16	622	6	1	200	200.0	5016
chr16	622	7	1	200	200.0	44751
chr16	623	4	1	200	200.0	456
chr16	624	4	1	200	200.0	530
chr16	624	5	1	200	200.0	1310
chr16	625	4	1	200	200.0	495
chr16	628	4	1	200	200.0	454
chr16	628	5	1	200	200.0	1119
chr16	630	4	1	200	200.0	440
chr16	630	6	1	200	200.0	5627
chr16	631	6	2	200	100.0	4928
chr16	632	4	2	200	100.0	452
chr16	633	4	1	200	200.0	512
chr16	634	6	2	200	100.0	5287
chr16	635	3	1	200	200.0	876
chr16	636	4	1	200	200.0	441
chr16	636	5	2	200	100.0	1432
chr16	637	4	2	200	100.0	465
chr16	638	4	4	200	50.0	474
chr16	638	5	2	200	100.0	1361
chr16	639	4	2	200	100.0	519
chr16	640	5	3	200	66.66666666666667	1273
chr16	640	6	1	200	200.0	4852
chr16	641	5	1	200	200.0	1292
chr16	641	6	1	200	200.0	5435
chr16	642	4	1	200	200.0	480
chr16	642	5	1	200	200.0	1243
chr16	642	6	1	200	200.0	4920
chr16	643	4	1	200	200.0	473
chr16	644	5	1	200	200.0	1170
chr16	644	6	1	200	200.0	4494
chr16	645	4	1	200	200.0	485
chr16	645	6	1	200	200.0	4769
chr16	646	4	1	200	200.0	474
chr16	648	4	1	200	200.0	470
chr16	648	5	1	200	200.0	1270
chr16	648	6	1	200	200.0	5235
chr16	649	4	1	200	200.0	456
chr16	649	5	3	200	66.66666666666667	1344
chr16	650	5	2	200	100.0	1304
chr16	650	6	2	200	100.0	4630
chr16	651	4	1	200	200.0	486
chr16	652	4	2	200	100.0	459
chr16	652	6	1	200	200.0	5123
chr16	653	4	1	200	200.0	445
chr16	653	6	1	200	200.0	4295
chr16	654	4	1	200	200.0	486
chr16	655	7	1	200	200.0	49789
chr16	656	5	4	200	50.0	1264
chr16	657	4	1	200	200.0	465
chr16	657	5	3	200	66.66666666666667	1342
chr16	659	5	1	200	200.0	1344
chr16	660	4	1	200	200.0	472
chr16	660	5	2	200	100.0	1404
chr16	661	6	1	200	200.0	4644
chr16	662	4	4	200	50.0	474
chr16	662	6	1	200	200.0	5238
chr16	663	4	2	200	100.0	543
chr16	663	5	2	200	100.0	1229
chr16	663	6	1	200	200.0	4191
chr16	664	4	1	200	200.0	523
chr16	664	5	1	200	200.0	1180
chr16	665	6	1	200	200.0	4903
chr16	666	5	1	200	200.0	1131
chr16	667	6	1	200	200.0	5641
chr16	668	4	1	200	200.0	441
chr16	668	5	1	200	200.0	1317
chr16	668	6	1	200	200.0	4717
chr16	669	5	4	200	50.0	1434
chr16	670	5	1	200	200.0	1365
chr16	670	6	2	200	100.0	5257
chr16	671	5	2	200	100.0	1247
chr16	672	4	1	200	200.0	481
chr16	672	7	1	200	200.0	44028
chr16	673	4	1	200	200.0	453
chr16	674	4	1	200	200.0	498
chr16	674	6	1	200	200.0	5263
chr16	675	4	2	200	100.0	468
chr16	675	5	1	200	200.0	1317
chr16	677	5	1	200	200.0	1265
chr16	677	6	1	200	200.0	5532
chr16	678	4	2	200	100.0	463
chr16	678	6	1	200	200.0	5281
chr16	679	5	3	200	66.66666666666667	1388
chr16	680	3	1	200	200.0	839
chr16	680	4	1	200	200.0	437
chr16	680	5	1	200	200.0	1142
chr16	681	6	3	200	66.66666666666667	4451
chr16	682	4	1	200	200.0	456
chr16	682	5	2	200	100.0	1414
chr16	683	5	1	200	200.0	1440
chr16	684	5	2	200	100.0	1257
chr16	685	4	2	200	100.0	444
chr16	686	4	1	200	200.0	457
chr16	686	5	1	200	200.0	1281
chr16	686	6	1	200	200.0	5264
chr16	687	4	2	200	100.0	497
chr16	688	6	1	200	200.0	4534
chr16	688	7	1	200	200.0	49647
chr16	689	4	1	200	200.0	451
chr16	689	5	1	200	200.0	1310
chr16	690	5	1	200	200.0	1205
chr16	690	7	1	200	200.0	46229
chr16	692	3	1	200	200.0	839
chr16	692	5	3	200	66.66666666666667	1201
chr16	692	6	2	200	100.0	5097
chr16	692	7	1	200	200.0	48346
chr16	693	5	3	200	66.66666666666667	1377
chr16	694	5	1	200	200.0	1367
chr16	694	6	1	200	200.0	4583
chr16	696	5	1	200	200.0	1285
chr16	697	5	1	200	200.0	1458
chr16	697	6	1	200	200.0	5414
chr16	699	5	1	200	200.0	1128
chr16	700	6	2	200	100.0	4926
chr16	702	4	1	200	200.0	489
chr16	702	5	2	200	100.0	1350
chr16	702	6	1	200	200.0	4989
chr16	703	4	1	200	200.0	471
chr16	703	5	1	200	200.0	1281
chr16	703	6	1	200	200.0	4872
chr16	704	4	1	200	200.0	460
chr16	704	5	1	200	200.0	1151
chr16	704	6	1	200	200.0	4925
chr16	705	4	1	200	200.0	439
chr16	705	5	1	200	200.0	1365
chr16	706	4	1	200	200.0	507
chr16	707	5	1	200	200.0	1406
chr16	707	6	1	200	200.0	4874
chr16	708	4	1	200	200.0	517
chr16	708	5	2	200	100.0	1345
chr16	709	4	1	200	200.0	452
chr16	710	4	1	200	200.0	451
chr16	711	5	1	200	200.0	1519
chr16	712	4	1	200	200.0	453
chr16	712	6	1	200	200.0	5465
chr16	713	5	1	200	200.0	1384
chr16	715	5	1	200	200.0	1316
chr16	715	6	1	200	200.0	5127
chr16	716	6	2	200	100.0	5060
chr16	717	5	1	200	200.0	1471
chr16	719	4	1	200	200.0	496
chr16	719	5	1	200	200.0	1253
chr16	720	6	1	200	200.0	5539
chr16	722	5	2	200	100.0	1362
chr16	723	4	1	200	200.0	445
chr16	725	5	1	200	200.0	1275
chr16	726	5	1	200	200.0	1349
chr16	726	6	1	200	200.0	5157
chr16	727	5	1	200	200.0	1369
chr16	727	6	1	200	200.0	5613
chr16	728	4	1	200	200.0	451
chr16	730	4	1	200	200.0	437
chr16	731	5	1	200	200.0	1421
chr16	732	6	1	200	200.0	4878
chr16	734	5	1	200	200.0	1316
chr16	735	5	1	200	200.0	1415
chr16	736	5	2	200	100.0	1311
chr16	737	4	1	200	200.0	437
chr16	737	6	1	200	200.0	5165
chr16	738	4	1	200	200.0	523
chr16	738	7	1	200	200.0	46151
chr16	739	6	1	200	200.0	5162
chr16	740	4	1	200	200.0	467
chr16	740	5	1	200	200.0	1327
chr16	741	5	1	200	200.0	1268
chr16	742	5	1	200	200.0	1458
chr16	746	5	1	200	200.0	1303
chr16	748	5	2	200	100.0	1278
chr16	748	6	1	200	200.0	4954
chr16	749	5	1	200	200.0	1444
chr16	749	6	1	200	200.0	5531
chr16	750	5	1	200	200.0	1477
chr16	751	4	1	200	200.0	485
chr16	752	6	1	200	200.0	4967
chr16	752	7	1	200	200.0	48220
chr16	753	4	2	200	100.0	424
chr16	754	4	1	200	200.0	459
chr16	754	6	1	200	200.0	4744
chr16	755	4	1	200	200.0	453
chr16	755	5	1	200	200.0	1288
chr16	757	7	1	200	200.0	47375
chr16	758	4	1	200	200.0	467
chr16	760	4	1	200	200.0	501
chr16	760	6	2	200	100.0	4777
chr16	761	5	2	200	100.0	1236
chr16	761	6	1	200	200.0	5007
chr16	762	5	1	200	200.0	1452
chr16	763	6	1	200	200.0	5287
chr16	764	5	1	200	200.0	1351
chr16	764	6	1	200	200.0	5411
chr16	766	5	1	200	200.0	1427
chr16	766	6	1	200	200.0	4928
chr16	767	6	1	200	200.0	5450
chr16	768	5	1	200	200.0	1438
chr16	768	6	1	200	200.0	5092
chr16	771	4	1	200	200.0	464
chr16	772	6	2	200	100.0	4320
chr16	774	4	1	200	200.0	443
chr16	775	7	1	200	200.0	54741
chr16	776	6	1	200	200.0	5140
chr16	777	5	1	200	200.0	1347
chr16	778	5	1	200	200.0	1225
chr16	779	4	1	200	200.0	495
chr16	780	6	1	200	200.0	5385
chr16	780	7	1	200	200.0	46220
chr16	781	4	1	200	200.0	453
chr16	781	5	1	200	200.0	1485
chr16	782	5	2	200	100.0	1382
chr16	782	6	2	200	100.0	5857
chr16	783	6	1	200	200.0	5602
chr16	784	5	1	200	200.0	1323
chr16	788	5	2	200	100.0	1274
chr16	789	5	1	200	200.0	1362
chr16	789	6	1	200	200.0	4645
chr16	791	6	1	200	200.0	5547
chr16	792	4	1	200	200.0	437
chr16	792	5	1	200	200.0	1380
chr16	792	6	1	200	200.0	4940
chr16	793	5	1	200	200.0	1339
chr16	794	6	1	200	200.0	5495
chr16	796	5	1	200	200.0	1162
chr16	797	5	1	200	200.0	1333
chr16	797	6	1	200	200.0	5345
chr16	799	6	1	200	200.0	5456
chr16	800	5	1	200	200.0	1433
chr16	801	4	1	200	200.0	447
chr16	801	5	2	200	100.0	1206
chr16	803	4	1	200	200.0	441
chr16	803	5	1	200	200.0	1314
chr16	804	5	1	200	200.0	1299
chr16	805	5	1	200	200.0	1362
chr16	806	5	2	200	100.0	1379
chr16	807	6	1	200	200.0	5104
chr16	810	4	1	200	200.0	430
chr16	810	5	1	200	200.0	1211
chr16	814	5	1	200	200.0	1402
chr16	815	5	1	200	200.0	1391
chr16	815	6	1	200	200.0	4927
chr16	821	6	1	200	200.0	5460
chr16	822	6	1	200	200.0	5581
chr16	824	6	3	200	66.66666666666667	5163
chr16	825	5	1	200	200.0	1511
chr16	827	5	2	200	100.0	1316
chr16	828	5	2	200	100.0	1511
chr16	829	6	1	200	200.0	5585
chr16	837	4	1	200	200.0	488
chr16	837	5	1	200	200.0	1380
chr16	837	6	1	200	200.0	4529
chr16	838	4	1	200	200.0	459
chr16	838	5	1	200	200.0	1355
chr16	840	5	1	200	200.0	1422
chr16	844	6	1	200	200.0	5328
chr16	846	6	1	200	200.0	4998
chr16	855	5	1	200	200.0	1436
chr16	858	5	1	200	200.0	1347
chr16	858	6	1	200	200.0	5057
chr16	862	6	1	200	200.0	5259
chr16	863	6	2	200	100.0	4636
chr16	864	5	1	200	200.0	1347
chr16	864	6	2	200	100.0	5342
chr16	865	5	1	200	200.0	1433
chr16	866	6	1	200	200.0	4982
chr16	871	3	1	200	200.0	807
chr16	871	4	1	200	200.0	448
chr16	872	5	1	200	200.0	1369
chr16	877	5	1	200	200.0	1259
chr16	879	4	2	200	100.0	456
chr16	881	5	1	200	200.0	1388
chr16	881	7	1	200	200.0	51876
chr16	885	5	1	200	200.0	1311
chr16	889	5	1	200	200.0	1449
chr16	890	6	1	200	200.0	5613
chr16	891	5	1	200	200.0	1162
chr16	897	6	1	200	200.0	5907
chr16	914	5	1	200	200.0	1254
chr16	920	3	1	200	200.0	907
chr16	921	5	1	200	200.0	1423
chr16	921	6	1	200	200.0	5605
chr16	924	5	1	200	200.0	1376
chr16	929	5	1	200	200.0	1271
chr16	930	6	2	200	100.0	5556
chr16	938	6	1	200	200.0	5754
chr16	946	5	1	200	200.0	1306
chr16	949	5	1	200	200.0	1370
chr16	952	7	1	200	200.0	62585
chr16	962	5	1	200	200.0	1334
chr16	968	5	1	200	200.0	1346
chr16	968	6	2	200	100.0	5702
chr16	984	6	1	200	200.0	5216
chr16	985	5	1	200	200.0	1350
chr16	988	6	1	200	200.0	4985
chr16	989	6	1	200	200.0	6309
chr16	995	6	1	200	200.0	5039
chr16	998	5	1	200	200.0	1335
chr16	1003	5	1	200	200.0	1564
chr16	1004	5	1	200	200.0	1340
chr16	1010	5	1	200	200.0	1311
chr16	1013	5	1	200	200.0	1444
chr16	1020	4	1	200	200.0	393
chr16	1024	5	1	200	200.0	1487
chr16	1025	5	1	200	200.0	1347
chr16	1039	5	1	200	200.0	1336
chr16	1045	5	1	200	200.0	1196
chr16	1053	6	1	200	200.0	5724
chr16	1055	6	1	200	200.0	5532
chr16	1062	5	1	200	200.0	1472
chr16	1068	4	1	200	200.0	440
chr16	1073	4	1	200	200.0	433
chr16	1083	6	1	200	200.0	5539
chr16	1098	4	1	200	200.0	489
chr16	1105	6	1	200	200.0	5774
chr16	1117	7	1	200	200.0	63680
chr16	1137	4	1	200	200.0	490
chr16	1153	6	1	200	200.0	5450
chr16	1164	5	1	200	200.0	1444
chr16	1173	5	1	200	200.0	1420
chr16	1197	5	1	200	200.0	1340
chr16	1210	6	1	200	200.0	5891
chr16	1232	4	1	200	200.0	403
chr16	1232	6	1	200	200.0	6263
chr16	1249	6	1	200	200.0	7161
chr16	1253	5	1	200	200.0	1445
chr16	1260	5	1	200	200.0	1498
chr16	1344	6	1	200	200.0	6198
chr16	1464	6	1	200	200.0	5760
chr16	1538	7	1	200	200.0	92578
chr16	1602	5	1	200	200.0	1604
chr16	1618	5	1	200	200.0	1446
chr16	1652	5	1	200	200.0	1594
chr17	258	4	1	200	200.0	595
chr17	267	4	1	200	200.0	540
chr17	272	5	1	200	200.0	890
chr17	272	6	1	200	200.0	3581
chr17	277	4	2	200	100.0	538
chr17	285	5	1	200	200.0	799
chr17	288	4	1	200	200.0	527
chr17	290	4	1	200	200.0	568
chr17	291	7	1	200	200.0	27604
chr17	295	5	1	200	200.0	845
chr17	295	6	1	200	200.0	3497
chr17	298	3	1	200	200.0	757
chr17	301	3	2	200	100.0	898
chr17	301	5	1	200	200.0	893
chr17	302	6	1	200	200.0	3612
chr17	303	4	1	200	200.0	536
chr17	303	5	1	200	200.0	747
chr17	305	3	1	200	200.0	815
chr17	307	4	1	200	200.0	517
chr17	308	6	1	200	200.0	3532
chr17	309	5	2	200	100.0	865
chr17	310	5	1	200	200.0	780
chr17	313	5	1	200	200.0	851
chr17	314	5	1	200	200.0	817
chr17	314	6	1	200	200.0	3454
chr17	315	4	1	200	200.0	508
chr17	316	5	1	200	200.0	806
chr17	318	4	1	200	200.0	539
chr17	319	3	1	200	200.0	833
chr17	320	4	1	200	200.0	565
chr17	321	5	1	200	200.0	861
chr17	325	5	1	200	200.0	745
chr17	325	6	1	200	200.0	3830
chr17	325	7	1	200	200.0	27628
chr17	326	5	1	200	200.0	822
chr17	326	6	1	200	200.0	4110
chr17	328	4	1	200	200.0	515
chr17	329	5	1	200	200.0	871
chr17	330	4	3	200	66.66666666666667	564
chr17	332	4	1	200	200.0	537
chr17	333	3	1	200	200.0	764
chr17	334	4	1	200	200.0	528
chr17	335	5	2	200	100.0	816
chr17	335	6	1	200	200.0	3508
chr17	337	3	1	200	200.0	859
chr17	337	4	1	200	200.0	507
chr17	338	4	1	200	200.0	575
chr17	338	5	2	200	100.0	806
chr17	340	6	1	200	200.0	4066
chr17	341	3	1	200	200.0	836
chr17	342	5	1	200	200.0	743
chr17	342	6	1	200	200.0	3435
chr17	343	3	1	200	200.0	798
chr17	344	4	1	200	200.0	586
chr17	344	5	1	200	200.0	852
chr17	345	5	2	200	100.0	809
chr17	345	6	2	200	100.0	3609
chr17	346	4	1	200	200.0	510
chr17	346	5	1	200	200.0	881
chr17	347	4	1	200	200.0	515
chr17	347	5	1	200	200.0	801
chr17	351	3	2	200	100.0	816
chr17	352	5	1	200	200.0	757
chr17	354	4	3	200	66.66666666666667	529
chr17	356	5	2	200	100.0	988
chr17	357	3	1	200	200.0	876
chr17	357	4	2	200	100.0	520
chr17	358	4	3	200	66.66666666666667	545
chr17	358	5	1	200	200.0	781
chr17	359	3	1	200	200.0	791
chr17	359	4	2	200	100.0	543
chr17	359	5	2	200	100.0	849
chr17	361	7	1	200	200.0	26348
chr17	362	6	2	200	100.0	3931
chr17	363	5	2	200	100.0	867
chr17	364	5	2	200	100.0	835
chr17	365	4	1	200	200.0	483
chr17	365	6	1	200	200.0	3358
chr17	366	4	1	200	200.0	477
chr17	366	6	1	200	200.0	3636
chr17	367	3	1	200	200.0	799
chr17	368	4	2	200	100.0	512
chr17	368	5	1	200	200.0	815
chr17	369	3	1	200	200.0	913
chr17	369	4	2	200	100.0	501
chr17	369	5	2	200	100.0	931
chr17	370	5	1	200	200.0	831
chr17	370	6	2	200	100.0	3600
chr17	371	5	3	200	66.66666666666667	829
chr17	371	6	1	200	200.0	3863
chr17	372	4	1	200	200.0	544
chr17	372	5	2	200	100.0	807
chr17	372	6	2	200	100.0	4469
chr17	373	4	1	200	200.0	527
chr17	374	4	1	200	200.0	508
chr17	374	5	1	200	200.0	878
chr17	375	3	1	200	200.0	742
chr17	375	4	3	200	66.66666666666667	475
chr17	375	5	1	200	200.0	894
chr17	376	4	1	200	200.0	509
chr17	376	6	1	200	200.0	4334
chr17	377	4	1	200	200.0	521
chr17	378	3	1	200	200.0	809
chr17	378	4	3	200	66.66666666666667	520
chr17	378	5	1	200	200.0	805
chr17	379	5	2	200	100.0	854
chr17	380	3	1	200	200.0	899
chr17	380	4	1	200	200.0	514
chr17	380	5	3	200	66.66666666666667	931
chr17	381	5	1	200	200.0	970
chr17	383	3	1	200	200.0	798
chr17	383	5	1	200	200.0	889
chr17	383	7	1	200	200.0	30066
chr17	384	4	1	200	200.0	542
chr17	385	4	3	200	66.66666666666667	513
chr17	385	5	1	200	200.0	936
chr17	386	5	1	200	200.0	837
chr17	387	3	1	200	200.0	772
chr17	387	4	3	200	66.66666666666667	488
chr17	387	5	1	200	200.0	978
chr17	388	3	1	200	200.0	901
chr17	388	4	1	200	200.0	510
chr17	388	5	1	200	200.0	819
chr17	389	4	2	200	100.0	526
chr17	389	5	2	200	100.0	923
chr17	390	4	1	200	200.0	499
chr17	390	6	1	200	200.0	3616
chr17	391	3	1	200	200.0	835
chr17	391	4	3	200	66.66666666666667	519
chr17	391	5	2	200	100.0	878
chr17	392	4	1	200	200.0	523
chr17	393	3	1	200	200.0	856
chr17	393	6	1	200	200.0	4023
chr17	394	4	1	200	200.0	472
chr17	394	6	1	200	200.0	3990
chr17	395	3	1	200	200.0	831
chr17	395	4	1	200	200.0	491
chr17	395	5	1	200	200.0	929
chr17	396	3	1	200	200.0	872
chr17	396	4	1	200	200.0	498
chr17	396	5	3	200	66.66666666666667	921
chr17	397	3	1	200	200.0	898
chr17	397	4	2	200	100.0	490
chr17	397	5	1	200	200.0	855
chr17	398	4	1	200	200.0	485
chr17	398	5	4	200	50.0	905
chr17	398	6	1	200	200.0	3672
chr17	399	3	1	200	200.0	870
chr17	399	4	2	200	100.0	452
chr17	399	5	1	200	200.0	877
chr17	399	7	1	200	200.0	30001
chr17	401	3	2	200	100.0	744
chr17	401	5	3	200	66.66666666666667	791
chr17	402	3	2	200	100.0	881
chr17	402	5	2	200	100.0	872
chr17	402	7	1	200	200.0	30247
chr17	403	3	1	200	200.0	748
chr17	403	4	1	200	200.0	521
chr17	403	6	1	200	200.0	3758
chr17	404	3	2	200	100.0	835
chr17	404	5	1	200	200.0	879
chr17	404	6	1	200	200.0	3986
chr17	405	3	1	200	200.0	915
chr17	405	4	2	200	100.0	496
chr17	405	5	1	200	200.0	943
chr17	405	6	1	200	200.0	3604
chr17	406	4	1	200	200.0	512
chr17	406	5	1	200	200.0	859
chr17	407	3	1	200	200.0	873
chr17	407	4	3	200	66.66666666666667	551
chr17	407	6	1	200	200.0	4645
chr17	407	7	1	200	200.0	31885
chr17	408	4	1	200	200.0	459
chr17	408	5	3	200	66.66666666666667	916
chr17	408	6	2	200	100.0	4475
chr17	409	4	2	200	100.0	550
chr17	410	4	1	200	200.0	479
chr17	411	4	1	200	200.0	514
chr17	412	3	1	200	200.0	843
chr17	412	5	2	200	100.0	969
chr17	412	6	2	200	100.0	4165
chr17	413	3	1	200	200.0	796
chr17	413	4	1	200	200.0	522
chr17	413	5	1	200	200.0	943
chr17	413	6	1	200	200.0	3899
chr17	415	4	2	200	100.0	526
chr17	415	5	2	200	100.0	917
chr17	416	3	3	200	66.66666666666667	767
chr17	416	4	2	200	100.0	507
chr17	416	5	2	200	100.0	898
chr17	416	6	1	200	200.0	4229
chr17	417	4	2	200	100.0	505
chr17	417	5	2	200	100.0	814
chr17	418	3	2	200	100.0	847
chr17	418	4	2	200	100.0	507
chr17	418	5	3	200	66.66666666666667	914
chr17	419	3	2	200	100.0	861
chr17	419	4	1	200	200.0	452
chr17	419	6	1	200	200.0	4306
chr17	420	3	1	200	200.0	830
chr17	420	4	1	200	200.0	499
chr17	420	5	1	200	200.0	798
chr17	421	3	1	200	200.0	857
chr17	421	4	2	200	100.0	507
chr17	421	5	3	200	66.66666666666667	927
chr17	421	6	2	200	100.0	4100
chr17	422	4	2	200	100.0	559
chr17	422	6	1	200	200.0	3937
chr17	423	3	2	200	100.0	852
chr17	423	4	1	200	200.0	481
chr17	423	6	2	200	100.0	3808
chr17	424	4	2	200	100.0	497
chr17	424	5	2	200	100.0	1010
chr17	425	4	2	200	100.0	475
chr17	425	6	1	200	200.0	3353
chr17	426	4	3	200	66.66666666666667	489
chr17	427	4	2	200	100.0	501
chr17	427	6	1	200	200.0	4100
chr17	428	4	2	200	100.0	449
chr17	429	3	2	200	100.0	852
chr17	429	4	3	200	66.66666666666667	490
chr17	429	5	1	200	200.0	820
chr17	429	6	1	200	200.0	3504
chr17	430	4	2	200	100.0	475
chr17	430	5	1	200	200.0	853
chr17	430	6	1	200	200.0	3646
chr17	431	3	1	200	200.0	864
chr17	431	4	3	200	66.66666666666667	495
chr17	431	5	1	200	200.0	955
chr17	432	3	1	200	200.0	843
chr17	432	4	4	200	50.0	503
chr17	432	5	1	200	200.0	923
chr17	433	4	1	200	200.0	469
chr17	433	5	1	200	200.0	1011
chr17	433	6	2	200	100.0	3818
chr17	434	4	1	200	200.0	539
chr17	434	5	2	200	100.0	768
chr17	434	7	1	200	200.0	32865
chr17	435	3	1	200	200.0	811
chr17	436	3	1	200	200.0	881
chr17	436	4	2	200	100.0	492
chr17	436	5	1	200	200.0	876
chr17	438	5	1	200	200.0	870
chr17	439	3	2	200	100.0	835
chr17	439	6	1	200	200.0	4176
chr17	439	7	1	200	200.0	27194
chr17	440	4	3	200	66.66666666666667	453
chr17	440	5	2	200	100.0	842
chr17	441	3	1	200	200.0	842
chr17	441	4	1	200	200.0	471
chr17	441	5	1	200	200.0	877
chr17	442	3	1	200	200.0	841
chr17	442	4	2	200	100.0	486
chr17	442	5	1	200	200.0	936
chr17	442	6	1	200	200.0	4758
chr17	443	4	2	200	100.0	474
chr17	443	5	4	200	50.0	831
chr17	443	6	1	200	200.0	3739
chr17	443	7	1	200	200.0	33241
chr17	444	3	1	200	200.0	801
chr17	444	4	2	200	100.0	482
chr17	444	5	1	200	200.0	928
chr17	445	3	1	200	200.0	869
chr17	445	4	3	200	66.66666666666667	484
chr17	445	5	2	200	100.0	868
chr17	445	6	1	200	200.0	3796
chr17	446	3	1	200	200.0	863
chr17	446	4	3	200	66.66666666666667	460
chr17	446	5	1	200	200.0	894
chr17	447	4	3	200	66.66666666666667	471
chr17	447	5	2	200	100.0	908
chr17	448	4	2	200	100.0	471
chr17	448	5	1	200	200.0	963
chr17	448	6	2	200	100.0	4030
chr17	449	5	1	200	200.0	826
chr17	449	6	1	200	200.0	4145
chr17	450	3	1	200	200.0	936
chr17	450	4	2	200	100.0	473
chr17	450	5	6	200	33.333333333333336	947
chr17	451	3	2	200	100.0	855
chr17	451	4	2	200	100.0	474
chr17	451	7	1	200	200.0	31173
chr17	452	5	4	200	50.0	914
chr17	452	6	1	200	200.0	4090
chr17	452	7	1	200	200.0	31149
chr17	453	5	3	200	66.66666666666667	846
chr17	453	6	1	200	200.0	4151
chr17	454	4	2	200	100.0	553
chr17	454	5	2	200	100.0	908
chr17	455	4	3	200	66.66666666666667	509
chr17	455	5	1	200	200.0	877
chr17	455	6	1	200	200.0	3288
chr17	456	4	3	200	66.66666666666667	452
chr17	457	3	1	200	200.0	860
chr17	457	4	5	200	40.0	507
chr17	457	5	2	200	100.0	936
chr17	457	7	1	200	200.0	29159
chr17	458	3	1	200	200.0	916
chr17	458	5	3	200	66.66666666666667	884
chr17	458	6	1	200	200.0	3794
chr17	459	4	3	200	66.66666666666667	454
chr17	459	5	3	200	66.66666666666667	909
chr17	459	6	1	200	200.0	4021
chr17	460	4	1	200	200.0	513
chr17	460	5	3	200	66.66666666666667	937
chr17	460	6	1	200	200.0	3836
chr17	460	7	1	200	200.0	29127
chr17	461	3	1	200	200.0	783
chr17	461	4	1	200	200.0	472
chr17	461	6	1	200	200.0	3659
chr17	462	3	1	200	200.0	885
chr17	462	4	4	200	50.0	503
chr17	462	5	1	200	200.0	939
chr17	462	6	2	200	100.0	4234
chr17	463	4	1	200	200.0	474
chr17	463	7	1	200	200.0	34959
chr17	464	3	1	200	200.0	862
chr17	464	4	2	200	100.0	549
chr17	464	5	2	200	100.0	853
chr17	464	6	1	200	200.0	3613
chr17	465	3	2	200	100.0	846
chr17	465	5	2	200	100.0	835
chr17	465	6	1	200	200.0	3855
chr17	466	5	1	200	200.0	976
chr17	467	3	2	200	100.0	903
chr17	467	4	2	200	100.0	510
chr17	467	5	2	200	100.0	939
chr17	467	6	1	200	200.0	4124
chr17	468	3	1	200	200.0	845
chr17	468	4	4	200	50.0	490
chr17	468	5	2	200	100.0	963
chr17	469	4	1	200	200.0	477
chr17	469	5	2	200	100.0	983
chr17	470	4	1	200	200.0	447
chr17	470	5	5	200	40.0	898
chr17	470	6	1	200	200.0	4141
chr17	471	3	2	200	100.0	815
chr17	471	4	2	200	100.0	457
chr17	471	5	2	200	100.0	910
chr17	472	3	1	200	200.0	893
chr17	472	4	2	200	100.0	542
chr17	472	5	3	200	66.66666666666667	839
chr17	472	6	1	200	200.0	4803
chr17	473	4	2	200	100.0	476
chr17	473	6	2	200	100.0	3641
chr17	474	4	1	200	200.0	478
chr17	474	5	1	200	200.0	815
chr17	475	5	4	200	50.0	987
chr17	476	4	2	200	100.0	498
chr17	476	5	3	200	66.66666666666667	883
chr17	477	4	1	200	200.0	461
chr17	477	5	1	200	200.0	937
chr17	477	6	2	200	100.0	4638
chr17	478	4	3	200	66.66666666666667	504
chr17	478	6	1	200	200.0	4300
chr17	479	4	3	200	66.66666666666667	469
chr17	479	5	3	200	66.66666666666667	941
chr17	480	5	2	200	100.0	925
chr17	481	3	1	200	200.0	876
chr17	481	4	1	200	200.0	481
chr17	481	5	1	200	200.0	806
chr17	482	3	1	200	200.0	847
chr17	482	5	2	200	100.0	876
chr17	482	6	1	200	200.0	3808
chr17	483	4	1	200	200.0	482
chr17	483	5	1	200	200.0	962
chr17	483	6	1	200	200.0	3900
chr17	485	6	1	200	200.0	4286
chr17	486	4	2	200	100.0	474
chr17	486	5	1	200	200.0	846
chr17	487	4	3	200	66.66666666666667	492
chr17	487	5	1	200	200.0	932
chr17	487	6	1	200	200.0	4265
chr17	488	3	1	200	200.0	823
chr17	488	4	1	200	200.0	517
chr17	488	5	1	200	200.0	849
chr17	489	3	1	200	200.0	818
chr17	489	4	4	200	50.0	488
chr17	490	4	4	200	50.0	465
chr17	490	5	1	200	200.0	921
chr17	490	7	1	200	200.0	29905
chr17	491	3	1	200	200.0	823
chr17	491	4	4	200	50.0	454
chr17	491	5	1	200	200.0	861
chr17	491	6	1	200	200.0	4170
chr17	492	4	3	200	66.66666666666667	509
chr17	492	5	2	200	100.0	976
chr17	493	5	2	200	100.0	1009
chr17	493	6	2	200	100.0	4074
chr17	494	4	3	200	66.66666666666667	536
chr17	494	5	1	200	200.0	859
chr17	495	3	2	200	100.0	786
chr17	495	4	2	200	100.0	429
chr17	496	3	1	200	200.0	754
chr17	496	4	1	200	200.0	470
chr17	496	5	2	200	100.0	841
chr17	496	6	4	200	50.0	4144
chr17	497	3	1	200	200.0	911
chr17	497	4	2	200	100.0	454
chr17	497	5	3	200	66.66666666666667	881
chr17	497	6	1	200	200.0	4147
chr17	498	5	5	200	40.0	948
chr17	498	6	1	200	200.0	3939
chr17	499	4	2	200	100.0	520
chr17	499	5	1	200	200.0	895
chr17	500	4	2	200	100.0	422
chr17	500	5	2	200	100.0	830
chr17	500	6	1	200	200.0	3869
chr17	501	4	3	200	66.66666666666667	450
chr17	501	5	1	200	200.0	956
chr17	501	6	1	200	200.0	4304
chr17	502	4	4	200	50.0	515
chr17	502	5	2	200	100.0	810
chr17	502	7	1	200	200.0	30619
chr17	503	5	1	200	200.0	901
chr17	503	6	1	200	200.0	4167
chr17	504	4	2	200	100.0	502
chr17	504	5	2	200	100.0	858
chr17	505	5	3	200	66.66666666666667	940
chr17	505	6	1	200	200.0	3928
chr17	506	4	1	200	200.0	495
chr17	506	5	1	200	200.0	943
chr17	507	4	1	200	200.0	558
chr17	507	5	1	200	200.0	875
chr17	507	6	1	200	200.0	3960
chr17	508	4	1	200	200.0	516
chr17	508	5	2	200	100.0	891
chr17	509	3	1	200	200.0	845
chr17	509	4	1	200	200.0	479
chr17	509	5	1	200	200.0	824
chr17	509	6	1	200	200.0	3746
chr17	510	5	3	200	66.66666666666667	926
chr17	511	5	1	200	200.0	968
chr17	512	3	1	200	200.0	811
chr17	512	4	4	200	50.0	446
chr17	512	5	1	200	200.0	889
chr17	513	4	3	200	66.66666666666667	470
chr17	513	5	5	200	40.0	977
chr17	513	6	2	200	100.0	4417
chr17	514	4	3	200	66.66666666666667	449
chr17	514	5	3	200	66.66666666666667	926
chr17	514	6	1	200	200.0	4151
chr17	515	4	3	200	66.66666666666667	512
chr17	515	5	2	200	100.0	879
chr17	515	7	1	200	200.0	32909
chr17	516	4	2	200	100.0	490
chr17	516	5	1	200	200.0	941
chr17	516	6	1	200	200.0	4136
chr17	517	5	1	200	200.0	995
chr17	517	7	1	200	200.0	35100
chr17	518	4	2	200	100.0	481
chr17	518	6	1	200	200.0	4360
chr17	519	4	2	200	100.0	485
chr17	519	5	2	200	100.0	887
chr17	520	4	1	200	200.0	442
chr17	521	4	2	200	100.0	465
chr17	521	5	1	200	200.0	897
chr17	521	6	1	200	200.0	4315
chr17	522	4	2	200	100.0	451
chr17	522	6	2	200	100.0	4321
chr17	523	4	1	200	200.0	496
chr17	524	4	2	200	100.0	499
chr17	524	5	1	200	200.0	1074
chr17	525	4	2	200	100.0	488
chr17	525	5	6	200	33.333333333333336	899
chr17	525	6	2	200	100.0	3941
chr17	526	3	1	200	200.0	812
chr17	526	4	2	200	100.0	499
chr17	526	5	1	200	200.0	928
chr17	527	5	3	200	66.66666666666667	872
chr17	527	7	1	200	200.0	33862
chr17	528	4	2	200	100.0	443
chr17	528	5	1	200	200.0	873
chr17	528	6	1	200	200.0	4152
chr17	529	4	1	200	200.0	506
chr17	529	5	1	200	200.0	851
chr17	529	6	1	200	200.0	3854
chr17	530	5	3	200	66.66666666666667	963
chr17	530	6	2	200	100.0	4276
chr17	531	5	6	200	33.333333333333336	1008
chr17	531	6	2	200	100.0	4212
chr17	532	4	3	200	66.66666666666667	452
chr17	533	4	3	200	66.66666666666667	456
chr17	533	5	1	200	200.0	935
chr17	533	6	2	200	100.0	4392
chr17	534	4	1	200	200.0	460
chr17	534	5	3	200	66.66666666666667	937
chr17	534	6	2	200	100.0	4048
chr17	535	4	2	200	100.0	456
chr17	535	5	2	200	100.0	925
chr17	536	3	2	200	100.0	828
chr17	536	4	1	200	200.0	486
chr17	536	5	1	200	200.0	986
chr17	537	4	2	200	100.0	451
chr17	537	7	1	200	200.0	29479
chr17	538	3	1	200	200.0	837
chr17	539	4	2	200	100.0	467
chr17	539	5	1	200	200.0	881
chr17	540	4	1	200	200.0	446
chr17	540	5	1	200	200.0	876
chr17	541	5	2	200	100.0	1018
chr17	542	4	1	200	200.0	466
chr17	542	5	1	200	200.0	964
chr17	542	6	2	200	100.0	4397
chr17	543	3	1	200	200.0	798
chr17	543	4	2	200	100.0	464
chr17	543	5	1	200	200.0	884
chr17	543	6	1	200	200.0	3998
chr17	544	4	1	200	200.0	528
chr17	545	4	1	200	200.0	444
chr17	546	4	2	200	100.0	471
chr17	546	5	2	200	100.0	991
chr17	547	4	2	200	100.0	484
chr17	547	5	2	200	100.0	958
chr17	547	6	1	200	200.0	4213
chr17	547	7	1	200	200.0	34314
chr17	548	4	1	200	200.0	439
chr17	548	5	3	200	66.66666666666667	934
chr17	549	4	2	200	100.0	488
chr17	549	5	2	200	100.0	899
chr17	550	3	1	200	200.0	837
chr17	550	4	1	200	200.0	467
chr17	550	5	2	200	100.0	889
chr17	550	6	1	200	200.0	4149
chr17	551	4	1	200	200.0	435
chr17	551	5	2	200	100.0	862
chr17	551	6	1	200	200.0	4588
chr17	552	5	4	200	50.0	960
chr17	553	4	1	200	200.0	434
chr17	553	5	1	200	200.0	921
chr17	554	4	3	200	66.66666666666667	512
chr17	555	4	2	200	100.0	457
chr17	555	5	3	200	66.66666666666667	949
chr17	555	6	1	200	200.0	4595
chr17	555	7	1	200	200.0	35616
chr17	556	5	1	200	200.0	930
chr17	556	6	1	200	200.0	3878
chr17	557	4	1	200	200.0	475
chr17	557	5	1	200	200.0	899
chr17	557	6	3	200	66.66666666666667	4099
chr17	559	4	4	200	50.0	488
chr17	559	5	2	200	100.0	1006
chr17	559	6	1	200	200.0	4254
chr17	560	5	2	200	100.0	935
chr17	560	6	2	200	100.0	4353
chr17	561	5	2	200	100.0	946
chr17	562	4	4	200	50.0	491
chr17	563	4	2	200	100.0	478
chr17	563	5	2	200	100.0	853
chr17	563	6	1	200	200.0	3813
chr17	564	3	1	200	200.0	902
chr17	564	4	1	200	200.0	516
chr17	564	5	1	200	200.0	872
chr17	564	6	1	200	200.0	4271
chr17	564	7	1	200	200.0	35452
chr17	565	4	2	200	100.0	455
chr17	565	5	1	200	200.0	850
chr17	565	6	1	200	200.0	4451
chr17	566	4	2	200	100.0	477
chr17	566	5	2	200	100.0	813
chr17	567	4	5	200	40.0	470
chr17	567	5	1	200	200.0	921
chr17	567	7	1	200	200.0	31778
chr17	568	4	1	200	200.0	525
chr17	568	5	1	200	200.0	991
chr17	568	6	1	200	200.0	4397
chr17	569	4	2	200	100.0	484
chr17	569	5	3	200	66.66666666666667	1022
chr17	571	3	1	200	200.0	824
chr17	571	7	1	200	200.0	34610
chr17	572	4	3	200	66.66666666666667	491
chr17	573	4	3	200	66.66666666666667	486
chr17	573	5	1	200	200.0	914
chr17	573	6	1	200	200.0	4381
chr17	574	4	2	200	100.0	459
chr17	574	5	1	200	200.0	1048
chr17	575	6	2	200	100.0	4276
chr17	576	4	2	200	100.0	463
chr17	576	5	4	200	50.0	896
chr17	577	4	1	200	200.0	458
chr17	577	5	4	200	50.0	956
chr17	578	4	2	200	100.0	516
chr17	578	5	3	200	66.66666666666667	954
chr17	578	6	2	200	100.0	3965
chr17	579	4	1	200	200.0	490
chr17	579	5	1	200	200.0	1016
chr17	579	6	1	200	200.0	4311
chr17	580	4	3	200	66.66666666666667	488
chr17	580	5	2	200	100.0	874
chr17	581	3	2	200	100.0	868
chr17	581	4	1	200	200.0	472
chr17	581	6	1	200	200.0	4228
chr17	582	4	3	200	66.66666666666667	479
chr17	582	5	2	200	100.0	928
chr17	582	6	2	200	100.0	4211
chr17	583	4	2	200	100.0	512
chr17	583	5	2	200	100.0	904
chr17	584	4	3	200	66.66666666666667	513
chr17	584	5	1	200	200.0	973
chr17	585	4	1	200	200.0	455
chr17	585	5	1	200	200.0	941
chr17	585	6	2	200	100.0	4181
chr17	586	3	1	200	200.0	833
chr17	586	4	1	200	200.0	476
chr17	586	5	2	200	100.0	995
chr17	586	6	1	200	200.0	3896
chr17	587	5	2	200	100.0	916
chr17	587	6	1	200	200.0	3952
chr17	588	5	1	200	200.0	1024
chr17	588	6	2	200	100.0	4631
chr17	589	4	2	200	100.0	468
chr17	589	5	2	200	100.0	952
chr17	589	6	2	200	100.0	4379
chr17	589	7	1	200	200.0	36966
chr17	590	5	2	200	100.0	981
chr17	590	6	1	200	200.0	4418
chr17	591	5	1	200	200.0	941
chr17	591	7	1	200	200.0	31596
chr17	592	4	1	200	200.0	475
chr17	592	5	2	200	100.0	965
chr17	592	6	1	200	200.0	4385
chr17	593	3	1	200	200.0	916
chr17	593	4	1	200	200.0	456
chr17	593	5	2	200	100.0	851
chr17	593	6	1	200	200.0	4175
chr17	594	4	3	200	66.66666666666667	439
chr17	594	5	1	200	200.0	932
chr17	595	3	1	200	200.0	763
chr17	595	4	1	200	200.0	489
chr17	595	5	4	200	50.0	1015
chr17	595	6	1	200	200.0	4348
chr17	596	6	2	200	100.0	3809
chr17	597	5	1	200	200.0	872
chr17	598	5	1	200	200.0	855
chr17	599	5	4	200	50.0	844
chr17	600	4	2	200	100.0	422
chr17	600	5	3	200	66.66666666666667	1074
chr17	601	4	2	200	100.0	497
chr17	601	5	1	200	200.0	862
chr17	602	4	2	200	100.0	468
chr17	602	5	1	200	200.0	939
chr17	603	4	1	200	200.0	472
chr17	603	6	2	200	100.0	4816
chr17	604	5	3	200	66.66666666666667	973
chr17	605	5	4	200	50.0	908
chr17	606	4	1	200	200.0	458
chr17	606	5	1	200	200.0	905
chr17	607	3	1	200	200.0	917
chr17	607	5	1	200	200.0	884
chr17	608	4	1	200	200.0	424
chr17	608	6	2	200	100.0	4106
chr17	609	5	1	200	200.0	876
chr17	610	4	1	200	200.0	499
chr17	610	5	1	200	200.0	970
chr17	611	5	1	200	200.0	1001
chr17	611	6	2	200	100.0	4164
chr17	611	7	1	200	200.0	33762
chr17	612	6	1	200	200.0	4100
chr17	612	7	1	200	200.0	34181
chr17	613	4	1	200	200.0	551
chr17	613	6	1	200	200.0	4074
chr17	614	4	2	200	100.0	451
chr17	615	3	1	200	200.0	891
chr17	615	4	2	200	100.0	446
chr17	615	7	2	200	100.0	36190
chr17	616	4	2	200	100.0	516
chr17	616	5	2	200	100.0	849
chr17	617	4	1	200	200.0	433
chr17	617	5	1	200	200.0	854
chr17	617	6	1	200	200.0	4172
chr17	618	6	1	200	200.0	4667
chr17	619	3	1	200	200.0	891
chr17	619	4	1	200	200.0	487
chr17	619	5	1	200	200.0	891
chr17	620	5	2	200	100.0	945
chr17	620	6	1	200	200.0	4485
chr17	620	7	1	200	200.0	37196
chr17	621	3	1	200	200.0	896
chr17	621	5	4	200	50.0	860
chr17	622	3	1	200	200.0	842
chr17	622	4	3	200	66.66666666666667	434
chr17	622	5	1	200	200.0	845
chr17	623	4	1	200	200.0	465
chr17	623	5	3	200	66.66666666666667	910
chr17	624	4	2	200	100.0	500
chr17	624	5	1	200	200.0	927
chr17	624	6	2	200	100.0	4108
chr17	625	5	1	200	200.0	1031
chr17	626	4	1	200	200.0	452
chr17	626	5	1	200	200.0	842
chr17	627	4	2	200	100.0	508
chr17	627	5	3	200	66.66666666666667	930
chr17	627	6	1	200	200.0	4673
chr17	628	5	1	200	200.0	963
chr17	628	6	1	200	200.0	4512
chr17	629	4	2	200	100.0	452
chr17	629	7	1	200	200.0	39155
chr17	630	4	2	200	100.0	516
chr17	630	5	1	200	200.0	997
chr17	631	5	2	200	100.0	934
chr17	632	4	1	200	200.0	433
chr17	632	6	2	200	100.0	4132
chr17	632	7	1	200	200.0	34314
chr17	633	4	1	200	200.0	504
chr17	633	6	1	200	200.0	3879
chr17	634	4	1	200	200.0	502
chr17	634	5	1	200	200.0	1006
chr17	634	7	1	200	200.0	38953
chr17	635	5	1	200	200.0	1036
chr17	635	6	1	200	200.0	4497
chr17	635	7	1	200	200.0	30647
chr17	636	4	1	200	200.0	467
chr17	637	5	1	200	200.0	857
chr17	638	5	2	200	100.0	961
chr17	638	6	1	200	200.0	4709
chr17	639	4	1	200	200.0	502
chr17	639	5	1	200	200.0	891
chr17	640	4	2	200	100.0	444
chr17	640	5	1	200	200.0	938
chr17	640	6	3	200	66.66666666666667	4148
chr17	641	5	3	200	66.66666666666667	812
chr17	642	4	1	200	200.0	459
chr17	643	5	3	200	66.66666666666667	996
chr17	644	4	1	200	200.0	437
chr17	645	5	1	200	200.0	974
chr17	645	6	2	200	100.0	4442
chr17	646	5	1	200	200.0	1038
chr17	647	5	1	200	200.0	810
chr17	648	3	1	200	200.0	817
chr17	648	5	2	200	100.0	941
chr17	649	4	1	200	200.0	471
chr17	649	5	1	200	200.0	920
chr17	650	4	1	200	200.0	443
chr17	650	5	3	200	66.66666666666667	967
chr17	650	6	2	200	100.0	5033
chr17	651	4	1	200	200.0	453
chr17	652	4	1	200	200.0	485
chr17	652	5	1	200	200.0	834
chr17	652	6	1	200	200.0	4408
chr17	653	5	1	200	200.0	801
chr17	653	6	1	200	200.0	4486
chr17	654	4	2	200	100.0	475
chr17	654	5	1	200	200.0	881
chr17	654	6	1	200	200.0	4344
chr17	654	7	1	200	200.0	35042
chr17	655	4	1	200	200.0	471
chr17	655	5	1	200	200.0	934
chr17	655	6	1	200	200.0	4851
chr17	656	4	1	200	200.0	427
chr17	656	5	3	200	66.66666666666667	990
chr17	657	5	1	200	200.0	929
chr17	658	6	1	200	200.0	4419
chr17	658	7	1	200	200.0	38784
chr17	659	3	1	200	200.0	833
chr17	659	4	3	200	66.66666666666667	488
chr17	659	5	1	200	200.0	1008
chr17	661	5	1	200	200.0	889
chr17	661	6	1	200	200.0	4104
chr17	662	4	1	200	200.0	438
chr17	662	6	1	200	200.0	4063
chr17	663	5	2	200	100.0	936
chr17	664	5	2	200	100.0	967
chr17	664	6	2	200	100.0	4074
chr17	665	5	1	200	200.0	990
chr17	665	7	2	200	100.0	36482
chr17	666	5	2	200	100.0	926
chr17	667	4	1	200	200.0	459
chr17	667	5	2	200	100.0	905
chr17	668	6	2	200	100.0	4723
chr17	669	5	6	200	33.333333333333336	887
chr17	669	6	1	200	200.0	4776
chr17	669	7	1	200	200.0	37631
chr17	670	4	2	200	100.0	441
chr17	670	5	2	200	100.0	882
chr17	670	6	1	200	200.0	4537
chr17	671	4	1	200	200.0	453
chr17	671	5	1	200	200.0	987
chr17	672	4	1	200	200.0	484
chr17	672	5	1	200	200.0	1014
chr17	673	4	2	200	100.0	461
chr17	673	5	2	200	100.0	947
chr17	673	6	1	200	200.0	4535
chr17	674	5	3	200	66.66666666666667	886
chr17	675	4	2	200	100.0	467
chr17	675	5	3	200	66.66666666666667	860
chr17	676	5	1	200	200.0	972
chr17	677	5	2	200	100.0	907
chr17	678	5	2	200	100.0	894
chr17	679	5	2	200	100.0	928
chr17	680	4	1	200	200.0	435
chr17	680	5	1	200	200.0	880
chr17	680	7	1	200	200.0	36115
chr17	681	4	1	200	200.0	474
chr17	681	5	1	200	200.0	942
chr17	681	6	1	200	200.0	4547
chr17	682	4	2	200	100.0	435
chr17	683	6	1	200	200.0	4949
chr17	684	3	1	200	200.0	822
chr17	684	4	1	200	200.0	473
chr17	684	5	2	200	100.0	1043
chr17	685	5	1	200	200.0	929
chr17	685	6	1	200	200.0	4753
chr17	686	5	1	200	200.0	924
chr17	687	4	2	200	100.0	499
chr17	688	4	2	200	100.0	488
chr17	688	5	1	200	200.0	989
chr17	688	6	1	200	200.0	4976
chr17	689	4	1	200	200.0	421
chr17	689	5	2	200	100.0	1101
chr17	690	5	1	200	200.0	982
chr17	692	4	1	200	200.0	434
chr17	693	6	1	200	200.0	4786
chr17	694	4	1	200	200.0	452
chr17	694	5	2	200	100.0	937
chr17	695	5	2	200	100.0	939
chr17	695	6	2	200	100.0	4259
chr17	696	4	1	200	200.0	512
chr17	696	5	2	200	100.0	942
chr17	697	5	3	200	66.66666666666667	847
chr17	698	4	1	200	200.0	486
chr17	698	6	1	200	200.0	4258
chr17	699	4	1	200	200.0	434
chr17	699	5	3	200	66.66666666666667	865
chr17	700	5	1	200	200.0	1026
chr17	700	6	1	200	200.0	4558
chr17	701	4	1	200	200.0	459
chr17	702	4	1	200	200.0	482
chr17	702	6	1	200	200.0	4428
chr17	703	5	1	200	200.0	964
chr17	704	5	1	200	200.0	956
chr17	705	5	1	200	200.0	1019
chr17	705	6	1	200	200.0	4318
chr17	706	4	2	200	100.0	468
chr17	707	4	1	200	200.0	494
chr17	707	5	3	200	66.66666666666667	890
chr17	708	5	4	200	50.0	1019
chr17	708	6	1	200	200.0	4397
chr17	710	6	1	200	200.0	4071
chr17	710	7	1	200	200.0	36617
chr17	711	5	1	200	200.0	898
chr17	712	4	1	200	200.0	491
chr17	712	5	1	200	200.0	894
chr17	712	6	2	200	100.0	4959
chr17	713	7	1	200	200.0	37725
chr17	715	6	1	200	200.0	4387
chr17	717	4	1	200	200.0	422
chr17	717	5	1	200	200.0	1062
chr17	717	6	2	200	100.0	4000
chr17	719	4	1	200	200.0	470
chr17	719	5	1	200	200.0	949
chr17	719	6	1	200	200.0	4512
chr17	720	5	2	200	100.0	1004
chr17	721	4	1	200	200.0	492
chr17	721	5	4	200	50.0	903
chr17	721	6	2	200	100.0	4499
chr17	722	5	1	200	200.0	976
chr17	723	5	2	200	100.0	982
chr17	724	4	1	200	200.0	465
chr17	724	5	3	200	66.66666666666667	891
chr17	726	5	2	200	100.0	941
chr17	726	6	1	200	200.0	4672
chr17	727	5	1	200	200.0	915
chr17	728	4	4	200	50.0	486
chr17	728	5	2	200	100.0	942
chr17	728	6	3	200	66.66666666666667	4257
chr17	730	4	1	200	200.0	484
chr17	731	6	1	200	200.0	4399
chr17	732	5	2	200	100.0	931
chr17	733	5	1	200	200.0	962
chr17	734	5	1	200	200.0	836
chr17	734	6	1	200	200.0	4592
chr17	735	5	3	200	66.66666666666667	939
chr17	735	6	1	200	200.0	4327
chr17	736	4	1	200	200.0	498
chr17	736	5	1	200	200.0	1009
chr17	736	6	1	200	200.0	4626
chr17	738	4	1	200	200.0	456
chr17	738	6	1	200	200.0	4796
chr17	739	4	3	200	66.66666666666667	467
chr17	739	5	4	200	50.0	940
chr17	739	6	2	200	100.0	4950
chr17	740	4	1	200	200.0	425
chr17	740	5	3	200	66.66666666666667	795
chr17	741	5	3	200	66.66666666666667	907
chr17	742	5	1	200	200.0	996
chr17	742	6	1	200	200.0	4700
chr17	743	5	1	200	200.0	942
chr17	743	6	2	200	100.0	4642
chr17	744	6	1	200	200.0	3881
chr17	746	5	1	200	200.0	887
chr17	747	5	1	200	200.0	1002
chr17	748	5	2	200	100.0	956
chr17	749	4	1	200	200.0	438
chr17	749	5	2	200	100.0	1036
chr17	750	4	1	200	200.0	453
chr17	750	6	1	200	200.0	4298
chr17	752	5	1	200	200.0	886
chr17	752	6	1	200	200.0	4922
chr17	753	4	2	200	100.0	465
chr17	753	5	1	200	200.0	936
chr17	756	5	1	200	200.0	901
chr17	757	6	1	200	200.0	4729
chr17	758	4	1	200	200.0	477
chr17	759	4	1	200	200.0	432
chr17	760	5	1	200	200.0	970
chr17	761	5	1	200	200.0	956
chr17	763	5	1	200	200.0	1036
chr17	764	4	1	200	200.0	429
chr17	764	5	1	200	200.0	882
chr17	767	4	1	200	200.0	437
chr17	767	5	4	200	50.0	874
chr17	767	6	1	200	200.0	3907
chr17	768	6	1	200	200.0	3802
chr17	769	5	1	200	200.0	883
chr17	770	4	1	200	200.0	450
chr17	771	4	1	200	200.0	463
chr17	771	5	1	200	200.0	1043
chr17	772	4	1	200	200.0	491
chr17	772	6	2	200	100.0	5061
chr17	774	6	1	200	200.0	4394
chr17	775	7	1	200	200.0	41013
chr17	776	5	1	200	200.0	944
chr17	777	4	1	200	200.0	498
chr17	777	5	1	200	200.0	956
chr17	777	6	1	200	200.0	4925
chr17	778	5	1	200	200.0	890
chr17	779	5	1	200	200.0	1044
chr17	779	6	1	200	200.0	4826
chr17	779	7	1	200	200.0	37784
chr17	780	6	1	200	200.0	4546
chr17	781	5	1	200	200.0	1035
chr17	783	6	1	200	200.0	4405
chr17	784	4	1	200	200.0	447
chr17	784	5	1	200	200.0	890
chr17	789	5	1	200	200.0	979
chr17	790	5	1	200	200.0	1046
chr17	790	6	1	200	200.0	4279
chr17	791	5	2	200	100.0	1052
chr17	791	6	1	200	200.0	4873
chr17	792	5	2	200	100.0	999
chr17	793	4	2	200	100.0	480
chr17	794	4	1	200	200.0	512
chr17	794	5	1	200	200.0	906
chr17	795	5	1	200	200.0	980
chr17	796	5	1	200	200.0	992
chr17	796	6	1	200	200.0	4517
chr17	797	5	1	200	200.0	881
chr17	798	5	2	200	100.0	919
chr17	801	4	1	200	200.0	425
chr17	801	6	1	200	200.0	4285
chr17	802	5	2	200	100.0	941
chr17	805	5	1	200	200.0	1117
chr17	806	5	1	200	200.0	860
chr17	807	5	1	200	200.0	897
chr17	807	6	1	200	200.0	4456
chr17	808	4	1	200	200.0	424
chr17	808	6	1	200	200.0	4701
chr17	809	4	1	200	200.0	516
chr17	809	5	1	200	200.0	1033
chr17	810	5	1	200	200.0	1045
chr17	811	6	1	200	200.0	4542
chr17	812	5	1	200	200.0	1057
chr17	813	6	1	200	200.0	4770
chr17	815	5	1	200	200.0	968
chr17	816	5	1	200	200.0	1032
chr17	820	5	1	200	200.0	987
chr17	822	5	1	200	200.0	958
chr17	824	5	1	200	200.0	959
chr17	827	6	1	200	200.0	4745
chr17	828	6	1	200	200.0	4929
chr17	829	6	1	200	200.0	4598
chr17	830	5	1	200	200.0	993
chr17	831	5	1	200	200.0	1085
chr17	833	6	1	200	200.0	4767
chr17	834	4	2	200	100.0	441
chr17	834	6	1	200	200.0	5415
chr17	836	6	1	200	200.0	4189
chr17	837	5	1	200	200.0	1132
chr17	837	6	1	200	200.0	4844
chr17	839	7	1	200	200.0	40749
chr17	842	5	2	200	100.0	969
chr17	843	4	1	200	200.0	462
chr17	844	4	1	200	200.0	456
chr17	845	5	1	200	200.0	967
chr17	845	6	1	200	200.0	4449
chr17	846	5	1	200	200.0	995
chr17	848	5	1	200	200.0	974
chr17	850	6	2	200	100.0	4589
chr17	852	6	1	200	200.0	4590
chr17	853	6	1	200	200.0	4534
chr17	855	5	1	200	200.0	979
chr17	859	5	1	200	200.0	1071
chr17	860	6	1	200	200.0	4430
chr17	861	5	1	200	200.0	905
chr17	862	7	2	200	100.0	38962
chr17	864	5	1	200	200.0	940
chr17	867	6	1	200	200.0	5305
chr17	868	5	3	200	66.66666666666667	978
chr17	870	6	1	200	200.0	3765
chr17	871	5	2	200	100.0	913
chr17	872	5	1	200	200.0	1054
chr17	873	6	2	200	100.0	4384
chr17	874	6	1	200	200.0	4695
chr17	876	6	1	200	200.0	4486
chr17	877	5	1	200	200.0	1027
chr17	878	5	1	200	200.0	1053
chr17	880	5	1	200	200.0	901
chr17	880	6	1	200	200.0	4278
chr17	884	5	1	200	200.0	1059
chr17	885	6	2	200	100.0	4368
chr17	892	5	1	200	200.0	992
chr17	897	6	1	200	200.0	4224
chr17	900	6	1	200	200.0	4937
chr17	901	5	1	200	200.0	1026
chr17	901	6	1	200	200.0	4750
chr17	902	4	1	200	200.0	420
chr17	902	5	1	200	200.0	895
chr17	907	5	1	200	200.0	913
chr17	908	4	1	200	200.0	426
chr17	908	6	1	200	200.0	4938
chr17	910	6	1	200	200.0	4437
chr17	910	7	1	200	200.0	43533
chr17	913	5	1	200	200.0	951
chr17	914	6	1	200	200.0	5351
chr17	919	5	1	200	200.0	948
chr17	920	5	1	200	200.0	1014
chr17	920	6	1	200	200.0	4923
chr17	922	4	1	200	200.0	484
chr17	923	5	2	200	100.0	968
chr17	929	6	1	200	200.0	4763
chr17	932	5	1	200	200.0	1074
chr17	934	5	1	200	200.0	853
chr17	936	5	1	200	200.0	968
chr17	936	6	1	200	200.0	5140
chr17	937	6	1	200	200.0	4755
chr17	939	5	1	200	200.0	938
chr17	947	6	1	200	200.0	4605
chr17	955	5	2	200	100.0	1024
chr17	962	6	1	200	200.0	4574
chr17	967	5	1	200	200.0	890
chr17	969	5	1	200	200.0	914
chr17	973	6	1	200	200.0	4804
chr17	981	6	1	200	200.0	4480
chr17	988	5	1	200	200.0	957
chr17	993	6	1	200	200.0	4853
chr17	996	5	1	200	200.0	896
chr17	1000	5	1	200	200.0	965
chr17	1003	6	1	200	200.0	4797
chr17	1006	5	1	200	200.0	1048
chr17	1007	5	1	200	200.0	928
chr17	1010	5	1	200	200.0	857
chr17	1010	6	1	200	200.0	4827
chr17	1022	4	1	200	200.0	456
chr17	1023	5	1	200	200.0	1069
chr17	1024	5	1	200	200.0	1041
chr17	1026	4	1	200	200.0	424
chr17	1026	6	1	200	200.0	5701
chr17	1036	5	1	200	200.0	907
chr17	1065	5	1	200	200.0	962
chr17	1065	6	1	200	200.0	4348
chr17	1068	5	1	200	200.0	914
chr17	1076	6	1	200	200.0	4359
chr17	1102	4	1	200	200.0	414
chr17	1107	6	1	200	200.0	4775
chr17	1108	5	1	200	200.0	982
chr17	1127	6	1	200	200.0	4824
chr17	1130	5	1	200	200.0	1010
chr17	1145	6	1	200	200.0	4918
chr17	1146	5	1	200	200.0	974
chr17	1177	6	1	200	200.0	4961
chr17	1186	5	1	200	200.0	1026
chr17	1203	6	1	200	200.0	4862
chr17	1204	5	1	200	200.0	941
chr17	1260	6	1	200	200.0	4540
chr17	1282	6	1	200	200.0	4919
chr17	1286	5	1	200	200.0	1042
chr17	1331	6	1	200	200.0	5070
chr17	1349	5	1	200	200.0	913
chr17	1393	4	1	200	200.0	425
chr17	1428	6	1	200	200.0	5251
chr17	1441	5	1	200	200.0	1021
chr17	1461	5	1	200	200.0	976
chr17	1504	6	1	200	200.0	4889
chr18	276	5	1	200	200.0	1995
chr18	285	4	1	200	200.0	652
chr18	286	4	1	200	200.0	680
chr18	288	4	1	200	200.0	712
chr18	290	5	1	200	200.0	2615
chr18	292	6	1	200	200.0	18054
chr18	293	3	1	200	200.0	452
chr18	297	4	1	200	200.0	655
chr18	298	4	1	200	200.0	684
chr18	299	3	1	200	200.0	497
chr18	300	3	1	200	200.0	482
chr18	304	4	1	200	200.0	656
chr18	305	6	1	200	200.0	17209
chr18	313	3	1	200	200.0	484
chr18	313	5	1	200	200.0	2460
chr18	316	4	3	200	66.66666666666667	670
chr18	318	4	1	200	200.0	639
chr18	320	3	1	200	200.0	488
chr18	324	5	1	200	200.0	2039
chr18	325	3	1	200	200.0	429
chr18	325	4	2	200	100.0	615
chr18	326	4	1	200	200.0	667
chr18	328	3	2	200	100.0	509
chr18	332	3	1	200	200.0	497
chr18	335	3	2	200	100.0	462
chr18	335	4	1	200	200.0	635
chr18	336	4	1	200	200.0	672
chr18	336	5	1	200	200.0	2098
chr18	337	4	1	200	200.0	588
chr18	338	4	1	200	200.0	616
chr18	338	5	1	200	200.0	2654
chr18	344	4	1	200	200.0	568
chr18	346	3	1	200	200.0	475
chr18	346	4	1	200	200.0	570
chr18	348	4	1	200	200.0	598
chr18	350	3	1	200	200.0	528
chr18	351	4	1	200	200.0	579
chr18	351	5	1	200	200.0	2307
chr18	352	4	1	200	200.0	611
chr18	354	4	1	200	200.0	614
chr18	355	3	1	200	200.0	495
chr18	355	4	3	200	66.66666666666667	639
chr18	356	4	2	200	100.0	599
chr18	357	4	3	200	66.66666666666667	616
chr18	360	4	1	200	200.0	547
chr18	360	5	1	200	200.0	2404
chr18	361	3	1	200	200.0	476
chr18	362	4	2	200	100.0	586
chr18	362	5	1	200	200.0	2280
chr18	363	5	1	200	200.0	2495
chr18	364	3	1	200	200.0	523
chr18	367	4	1	200	200.0	655
chr18	367	5	1	200	200.0	2625
chr18	368	3	1	200	200.0	480
chr18	369	3	1	200	200.0	432
chr18	369	5	1	200	200.0	2541
chr18	370	4	1	200	200.0	603
chr18	371	4	2	200	100.0	556
chr18	372	3	1	200	200.0	482
chr18	372	4	1	200	200.0	533
chr18	372	5	1	200	200.0	2301
chr18	373	3	1	200	200.0	512
chr18	373	4	5	200	40.0	629
chr18	374	3	3	200	66.66666666666667	461
chr18	374	4	3	200	66.66666666666667	561
chr18	375	4	1	200	200.0	567
chr18	375	5	1	200	200.0	2623
chr18	376	3	1	200	200.0	473
chr18	376	4	2	200	100.0	591
chr18	377	3	4	200	50.0	456
chr18	377	4	1	200	200.0	599
chr18	378	4	1	200	200.0	600
chr18	378	5	1	200	200.0	2436
chr18	378	7	1	200	200.0	84721
chr18	379	3	1	200	200.0	457
chr18	379	4	1	200	200.0	583
chr18	379	5	1	200	200.0	2690
chr18	380	3	1	200	200.0	460
chr18	380	5	1	200	200.0	2305
chr18	381	4	1	200	200.0	574
chr18	381	6	1	200	200.0	23740
chr18	382	3	1	200	200.0	460
chr18	382	4	2	200	100.0	629
chr18	383	4	1	200	200.0	635
chr18	384	4	1	200	200.0	599
chr18	385	3	1	200	200.0	485
chr18	385	4	2	200	100.0	685
chr18	386	3	1	200	200.0	428
chr18	386	5	1	200	200.0	2357
chr18	386	7	1	200	200.0	88968
chr18	387	3	1	200	200.0	493
chr18	387	4	2	200	100.0	610
chr18	388	3	1	200	200.0	468
chr18	389	2	1	200	200.0	2639
chr18	389	3	1	200	200.0	486
chr18	389	4	2	200	100.0	555
chr18	390	4	2	200	100.0	577
chr18	392	4	1	200	200.0	572
chr18	392	5	2	200	100.0	2657
chr18	393	5	1	200	200.0	2418
chr18	394	3	1	200	200.0	458
chr18	394	4	1	200	200.0	631
chr18	394	5	1	200	200.0	2535
chr18	395	4	1	200	200.0	689
chr18	395	6	1	200	200.0	19427
chr18	396	3	1	200	200.0	525
chr18	396	4	1	200	200.0	627
chr18	397	5	1	200	200.0	2922
chr18	398	3	2	200	100.0	484
chr18	400	3	1	200	200.0	462
chr18	400	4	1	200	200.0	622
chr18	400	5	1	200	200.0	2590
chr18	401	2	1	200	200.0	2173
chr18	401	4	2	200	100.0	599
chr18	403	3	2	200	100.0	461
chr18	404	3	3	200	66.66666666666667	489
chr18	405	3	1	200	200.0	467
chr18	406	3	1	200	200.0	467
chr18	406	4	1	200	200.0	615
chr18	407	5	1	200	200.0	2685
chr18	407	6	1	200	200.0	19640
chr18	408	3	2	200	100.0	495
chr18	408	4	3	200	66.66666666666667	578
chr18	409	3	1	200	200.0	450
chr18	410	4	3	200	66.66666666666667	600
chr18	411	3	1	200	200.0	435
chr18	411	4	1	200	200.0	607
chr18	411	5	1	200	200.0	2459
chr18	412	4	2	200	100.0	541
chr18	412	5	1	200	200.0	2350
chr18	413	3	1	200	200.0	521
chr18	413	4	1	200	200.0	586
chr18	414	4	3	200	66.66666666666667	636
chr18	414	5	1	200	200.0	2913
chr18	415	5	1	200	200.0	2540
chr18	416	4	1	200	200.0	586
chr18	418	3	1	200	200.0	443
chr18	419	4	1	200	200.0	618
chr18	420	4	1	200	200.0	575
chr18	421	3	1	200	200.0	508
chr18	422	4	1	200	200.0	600
chr18	423	3	2	200	100.0	462
chr18	423	5	1	200	200.0	2780
chr18	424	3	1	200	200.0	465
chr18	424	4	1	200	200.0	565
chr18	425	6	1	200	200.0	21387
chr18	426	3	2	200	100.0	446
chr18	427	4	2	200	100.0	568
chr18	428	3	1	200	200.0	468
chr18	428	4	1	200	200.0	614
chr18	429	3	2	200	100.0	448
chr18	429	4	2	200	100.0	598
chr18	430	4	1	200	200.0	644
chr18	430	5	1	200	200.0	2410
chr18	431	5	1	200	200.0	2641
chr18	432	3	1	200	200.0	502
chr18	433	4	1	200	200.0	619
chr18	434	4	1	200	200.0	536
chr18	434	5	2	200	100.0	2476
chr18	435	4	1	200	200.0	519
chr18	435	6	1	200	200.0	20112
chr18	436	4	1	200	200.0	562
chr18	437	3	1	200	200.0	478
chr18	437	4	3	200	66.66666666666667	587
chr18	438	3	1	200	200.0	437
chr18	439	4	1	200	200.0	582
chr18	439	5	2	200	100.0	2447
chr18	441	3	1	200	200.0	459
chr18	441	4	1	200	200.0	589
chr18	442	4	3	200	66.66666666666667	598
chr18	443	5	1	200	200.0	3071
chr18	444	4	1	200	200.0	615
chr18	446	4	2	200	100.0	631
chr18	446	5	1	200	200.0	2869
chr18	446	6	1	200	200.0	22494
chr18	447	3	1	200	200.0	469
chr18	448	4	4	200	50.0	603
chr18	449	3	2	200	100.0	488
chr18	449	4	2	200	100.0	618
chr18	451	4	1	200	200.0	621
chr18	451	5	1	200	200.0	2513
chr18	451	6	1	200	200.0	21918
chr18	453	4	2	200	100.0	570
chr18	453	5	1	200	200.0	2749
chr18	454	3	2	200	100.0	454
chr18	454	4	3	200	66.66666666666667	578
chr18	455	3	1	200	200.0	453
chr18	456	3	1	200	200.0	461
chr18	456	4	2	200	100.0	604
chr18	457	3	1	200	200.0	472
chr18	457	4	1	200	200.0	568
chr18	457	5	1	200	200.0	2638
chr18	458	3	1	200	200.0	462
chr18	458	4	2	200	100.0	564
chr18	459	3	1	200	200.0	472
chr18	459	4	1	200	200.0	597
chr18	460	4	1	200	200.0	524
chr18	461	3	2	200	100.0	497
chr18	461	4	3	200	66.66666666666667	605
chr18	461	5	1	200	200.0	2687
chr18	462	3	1	200	200.0	456
chr18	463	5	2	200	100.0	2643
chr18	465	3	1	200	200.0	447
chr18	465	4	2	200	100.0	589
chr18	465	5	1	200	200.0	2817
chr18	466	3	2	200	100.0	415
chr18	466	4	1	200	200.0	562
chr18	466	5	1	200	200.0	2494
chr18	467	5	1	200	200.0	2596
chr18	467	6	1	200	200.0	20829
chr18	468	4	3	200	66.66666666666667	545
chr18	470	3	2	200	100.0	481
chr18	470	4	1	200	200.0	607
chr18	471	4	2	200	100.0	598
chr18	471	5	2	200	100.0	2900
chr18	472	4	1	200	200.0	538
chr18	473	3	1	200	200.0	435
chr18	473	4	1	200	200.0	560
chr18	474	3	1	200	200.0	456
chr18	474	4	1	200	200.0	613
chr18	474	5	1	200	200.0	2988
chr18	476	3	1	200	200.0	434
chr18	476	4	1	200	200.0	571
chr18	476	5	1	200	200.0	2559
chr18	477	4	1	200	200.0	601
chr18	478	3	1	200	200.0	486
chr18	478	4	2	200	100.0	660
chr18	479	3	1	200	200.0	468
chr18	479	4	2	200	100.0	554
chr18	479	5	1	200	200.0	2833
chr18	480	4	1	200	200.0	598
chr18	481	4	1	200	200.0	698
chr18	482	3	1	200	200.0	433
chr18	483	3	1	200	200.0	454
chr18	483	4	1	200	200.0	643
chr18	484	3	1	200	200.0	478
chr18	484	4	3	200	66.66666666666667	572
chr18	485	4	3	200	66.66666666666667	594
chr18	486	4	1	200	200.0	595
chr18	486	6	1	200	200.0	21712
chr18	487	3	1	200	200.0	551
chr18	487	4	1	200	200.0	634
chr18	488	4	1	200	200.0	609
chr18	488	5	1	200	200.0	2666
chr18	489	3	2	200	100.0	423
chr18	490	4	2	200	100.0	564
chr18	491	4	1	200	200.0	592
chr18	491	5	1	200	200.0	2701
chr18	492	4	1	200	200.0	537
chr18	493	4	1	200	200.0	599
chr18	494	3	3	200	66.66666666666667	480
chr18	495	3	2	200	100.0	510
chr18	496	4	1	200	200.0	636
chr18	497	4	1	200	200.0	567
chr18	498	4	1	200	200.0	599
chr18	499	4	1	200	200.0	601
chr18	499	5	1	200	200.0	3070
chr18	500	3	1	200	200.0	482
chr18	500	4	1	200	200.0	600
chr18	501	3	1	200	200.0	491
chr18	501	5	1	200	200.0	3117
chr18	503	4	1	200	200.0	595
chr18	504	4	1	200	200.0	590
chr18	504	5	2	200	100.0	2676
chr18	504	7	1	200	200.0	101725
chr18	505	4	2	200	100.0	554
chr18	505	6	1	200	200.0	21735
chr18	507	4	1	200	200.0	605
chr18	507	5	1	200	200.0	2694
chr18	508	3	1	200	200.0	464
chr18	508	5	1	200	200.0	2713
chr18	509	5	2	200	100.0	3047
chr18	511	4	1	200	200.0	518
chr18	512	4	1	200	200.0	603
chr18	512	5	1	200	200.0	2781
chr18	513	3	1	200	200.0	429
chr18	514	3	1	200	200.0	480
chr18	514	6	1	200	200.0	21118
chr18	516	5	3	200	66.66666666666667	2801
chr18	517	4	1	200	200.0	660
chr18	518	3	1	200	200.0	448
chr18	518	5	1	200	200.0	2810
chr18	519	4	2	200	100.0	628
chr18	520	5	1	200	200.0	2607
chr18	521	4	2	200	100.0	550
chr18	521	6	1	200	200.0	20960
chr18	523	5	2	200	100.0	2874
chr18	524	5	1	200	200.0	3058
chr18	525	4	1	200	200.0	595
chr18	525	7	1	200	200.0	105976
chr18	526	4	1	200	200.0	580
chr18	529	4	1	200	200.0	631
chr18	530	5	1	200	200.0	2604
chr18	531	4	1	200	200.0	541
chr18	531	5	1	200	200.0	3029
chr18	533	4	1	200	200.0	564
chr18	533	5	2	200	100.0	3008
chr18	534	5	1	200	200.0	2528
chr18	536	3	1	200	200.0	443
chr18	536	5	2	200	100.0	2890
chr18	540	4	4	200	50.0	585
chr18	541	4	1	200	200.0	597
chr18	541	5	1	200	200.0	2989
chr18	542	3	1	200	200.0	478
chr18	544	4	1	200	200.0	590
chr18	545	5	1	200	200.0	2797
chr18	546	5	1	200	200.0	2890
chr18	547	3	1	200	200.0	442
chr18	547	4	1	200	200.0	548
chr18	548	4	1	200	200.0	611
chr18	548	5	2	200	100.0	2692
chr18	549	5	1	200	200.0	2921
chr18	552	4	1	200	200.0	600
chr18	552	5	1	200	200.0	3162
chr18	553	4	2	200	100.0	584
chr18	554	4	2	200	100.0	573
chr18	555	4	1	200	200.0	551
chr18	555	6	1	200	200.0	21128
chr18	557	4	1	200	200.0	534
chr18	558	4	2	200	100.0	573
chr18	559	4	1	200	200.0	603
chr18	560	4	1	200	200.0	579
chr18	561	4	1	200	200.0	602
chr18	561	5	1	200	200.0	3106
chr18	562	4	2	200	100.0	570
chr18	564	4	1	200	200.0	600
chr18	565	3	1	200	200.0	483
chr18	566	3	1	200	200.0	459
chr18	567	3	1	200	200.0	453
chr18	569	4	2	200	100.0	546
chr18	569	6	1	200	200.0	22382
chr18	571	4	2	200	100.0	611
chr18	571	5	1	200	200.0	2859
chr18	573	4	2	200	100.0	565
chr18	573	5	1	200	200.0	3219
chr18	574	4	2	200	100.0	523
chr18	574	5	1	200	200.0	2814
chr18	581	4	1	200	200.0	520
chr18	583	3	1	200	200.0	445
chr18	584	4	1	200	200.0	553
chr18	585	3	1	200	200.0	444
chr18	585	5	1	200	200.0	3173
chr18	586	5	2	200	100.0	2968
chr18	587	3	1	200	200.0	392
chr18	587	4	2	200	100.0	579
chr18	587	5	1	200	200.0	2931
chr18	588	4	1	200	200.0	637
chr18	588	6	1	200	200.0	26356
chr18	589	4	1	200	200.0	550
chr18	589	6	1	200	200.0	21657
chr18	590	4	3	200	66.66666666666667	574
chr18	595	3	1	200	200.0	470
chr18	596	5	2	200	100.0	2863
chr18	597	5	1	200	200.0	3152
chr18	598	4	1	200	200.0	555
chr18	599	5	1	200	200.0	2929
chr18	603	4	1	200	200.0	572
chr18	604	5	1	200	200.0	3267
chr18	605	4	1	200	200.0	518
chr18	608	3	1	200	200.0	430
chr18	608	4	1	200	200.0	565
chr18	609	5	1	200	200.0	3043
chr18	609	6	1	200	200.0	24287
chr18	610	6	1	200	200.0	23734
chr18	611	4	1	200	200.0	568
chr18	611	5	1	200	200.0	2974
chr18	612	3	1	200	200.0	441
chr18	612	6	1	200	200.0	23007
chr18	614	6	1	200	200.0	28131
chr18	617	4	1	200	200.0	597
chr18	618	5	1	200	200.0	2954
chr18	620	5	1	200	200.0	3091
chr18	624	5	1	200	200.0	2706
chr18	625	5	1	200	200.0	3098
chr18	626	3	1	200	200.0	443
chr18	629	4	1	200	200.0	585
chr18	633	4	2	200	100.0	576
chr18	635	5	1	200	200.0	2951
chr18	636	5	1	200	200.0	3539
chr18	637	5	1	200	200.0	3026
chr18	638	4	1	200	200.0	557
chr18	639	5	1	200	200.0	3057
chr18	640	4	1	200	200.0	564
chr18	646	4	1	200	200.0	592
chr18	647	4	1	200	200.0	543
chr18	648	4	1	200	200.0	575
chr18	649	6	1	200	200.0	23915
chr18	651	4	1	200	200.0	610
chr18	651	5	1	200	200.0	3179
chr18	652	3	1	200	200.0	444
chr18	654	3	1	200	200.0	400
chr18	659	4	2	200	100.0	620
chr18	659	5	2	200	100.0	3086
chr18	660	5	1	200	200.0	2964
chr18	661	5	1	200	200.0	3203
chr18	663	3	1	200	200.0	460
chr18	663	5	1	200	200.0	3313
chr18	664	6	1	200	200.0	22851
chr18	665	4	1	200	200.0	562
chr18	665	5	1	200	200.0	3052
chr18	667	4	1	200	200.0	581
chr18	667	5	1	200	200.0	2913
chr18	668	4	1	200	200.0	554
chr18	668	6	1	200	200.0	24935
chr18	670	6	2	200	100.0	22899
chr18	671	4	1	200	200.0	598
chr18	673	3	1	200	200.0	414
chr18	677	4	2	200	100.0	584
chr18	678	4	1	200	200.0	585
chr18	678	5	1	200	200.0	3133
chr18	681	4	2	200	100.0	638
chr18	682	4	1	200	200.0	577
chr18	682	5	1	200	200.0	3101
chr18	683	4	1	200	200.0	573
chr18	688	4	1	200	200.0	619
chr18	690	5	1	200	200.0	3585
chr18	691	5	1	200	200.0	3656
chr18	692	4	1	200	200.0	567
chr18	692	5	1	200	200.0	2937
chr18	694	6	1	200	200.0	27129
chr18	695	5	1	200	200.0	3492
chr18	704	4	1	200	200.0	614
chr18	709	3	1	200	200.0	426
chr18	709	4	1	200	200.0	603
chr18	713	4	1	200	200.0	568
chr18	715	5	1	200	200.0	3159
chr18	727	5	1	200	200.0	3096
chr18	729	4	1	200	200.0	590
chr18	736	5	1	200	200.0	3293
chr18	738	5	1	200	200.0	2984
chr18	741	5	2	200	100.0	3509
chr18	743	4	1	200	200.0	568
chr18	745	3	1	200	200.0	456
chr18	745	6	1	200	200.0	25732
chr18	748	5	1	200	200.0	3340
chr18	749	3	1	200	200.0	437
chr18	759	4	1	200	200.0	585
chr18	776	3	1	200	200.0	458
chr18	778	4	1	200	200.0	561
chr18	796	4	1	200	200.0	638
chr18	798	4	1	200	200.0	574
chr18	808	4	1	200	200.0	555
chr18	815	4	1	200	200.0	550
chr18	856	6	1	200	200.0	24835
chr18	859	5	1	200	200.0	3477
chr18	878	5	1	200	200.0	3608
chr18	915	4	1	200	200.0	564
chr18	918	4	1	200	200.0	580
chr18	944	5	1	200	200.0	3704
chr18	989	6	1	200	200.0	27660
chr18	1063	6	1	200	200.0	29347
chr18	1111	4	1	200	200.0	560
chr19	257	5	1	200	200.0	584
chr19	268	5	1	200	200.0	622
chr19	270	4	1	200	200.0	556
chr19	274	5	1	200	200.0	644
chr19	278	4	1	200	200.0	557
chr19	279	4	1	200	200.0	566
chr19	286	6	1	200	200.0	2205
chr19	287	7	1	200	200.0	14420
chr19	289	6	1	200	200.0	2226
chr19	296	5	1	200	200.0	588
chr19	298	4	1	200	200.0	530
chr19	299	5	2	200	100.0	625
chr19	300	5	1	200	200.0	659
chr19	301	5	1	200	200.0	609
chr19	305	6	1	200	200.0	2119
chr19	306	5	1	200	200.0	689
chr19	308	5	1	200	200.0	643
chr19	309	4	1	200	200.0	575
chr19	312	5	1	200	200.0	615
chr19	312	6	1	200	200.0	2162
chr19	314	4	1	200	200.0	560
chr19	316	5	1	200	200.0	629
chr19	322	5	1	200	200.0	649
chr19	322	8	1	200	200.0	153699
chr19	323	5	1	200	200.0	642
chr19	325	5	1	200	200.0	641
chr19	325	6	1	200	200.0	2495
chr19	326	5	1	200	200.0	670
chr19	327	5	2	200	100.0	636
chr19	327	6	1	200	200.0	2327
chr19	328	5	2	200	100.0	656
chr19	329	5	1	200	200.0	595
chr19	331	3	1	200	200.0	1377
chr19	331	4	1	200	200.0	581
chr19	334	5	1	200	200.0	669
chr19	335	4	1	200	200.0	595
chr19	335	5	3	200	66.66666666666667	731
chr19	335	6	1	200	200.0	2340
chr19	336	5	1	200	200.0	655
chr19	337	4	2	200	100.0	503
chr19	338	3	1	200	200.0	1320
chr19	339	5	1	200	200.0	571
chr19	340	4	1	200	200.0	555
chr19	341	5	1	200	200.0	680
chr19	342	4	1	200	200.0	568
chr19	342	5	1	200	200.0	600
chr19	342	6	1	200	200.0	2444
chr19	343	4	3	200	66.66666666666667	523
chr19	345	5	1	200	200.0	679
chr19	346	5	1	200	200.0	689
chr19	346	6	1	200	200.0	2148
chr19	347	4	2	200	100.0	520
chr19	348	4	1	200	200.0	565
chr19	348	5	1	200	200.0	649
chr19	349	5	1	200	200.0	624
chr19	350	3	1	200	200.0	1453
chr19	351	3	1	200	200.0	1354
chr19	351	5	1	200	200.0	677
chr19	352	4	1	200	200.0	558
chr19	352	5	2	200	100.0	674
chr19	352	7	1	200	200.0	15964
chr19	353	5	2	200	100.0	697
chr19	354	3	1	200	200.0	1334
chr19	354	5	1	200	200.0	594
chr19	355	4	2	200	100.0	478
chr19	355	5	2	200	100.0	708
chr19	356	4	1	200	200.0	528
chr19	356	6	2	200	100.0	2220
chr19	357	4	1	200	200.0	539
chr19	357	5	3	200	66.66666666666667	651
chr19	358	4	1	200	200.0	513
chr19	359	7	1	200	200.0	17220
chr19	360	5	4	200	50.0	646
chr19	361	4	1	200	200.0	533
chr19	362	4	1	200	200.0	550
chr19	362	5	1	200	200.0	688
chr19	362	7	1	200	200.0	16242
chr19	363	4	1	200	200.0	529
chr19	363	5	2	200	100.0	690
chr19	364	3	1	200	200.0	1446
chr19	364	4	1	200	200.0	578
chr19	365	5	1	200	200.0	651
chr19	365	6	1	200	200.0	2276
chr19	366	5	1	200	200.0	656
chr19	367	4	1	200	200.0	558
chr19	370	5	1	200	200.0	653
chr19	371	4	1	200	200.0	523
chr19	371	5	1	200	200.0	628
chr19	372	4	1	200	200.0	531
chr19	372	6	2	200	100.0	2584
chr19	373	4	1	200	200.0	521
chr19	374	6	1	200	200.0	2044
chr19	375	3	1	200	200.0	1419
chr19	375	4	2	200	100.0	549
chr19	376	4	1	200	200.0	548
chr19	377	4	1	200	200.0	564
chr19	377	5	1	200	200.0	668
chr19	377	7	1	200	200.0	17020
chr19	378	5	2	200	100.0	696
chr19	379	4	1	200	200.0	511
chr19	379	5	1	200	200.0	676
chr19	380	4	1	200	200.0	542
chr19	380	5	2	200	100.0	668
chr19	380	6	1	200	200.0	2275
chr19	381	4	1	200	200.0	511
chr19	381	6	1	200	200.0	2386
chr19	381	7	1	200	200.0	19361
chr19	382	5	1	200	200.0	660
chr19	382	7	1	200	200.0	18830
chr19	383	4	1	200	200.0	530
chr19	384	5	1	200	200.0	714
chr19	384	6	1	200	200.0	2552
chr19	385	5	1	200	200.0	668
chr19	386	4	1	200	200.0	591
chr19	386	5	1	200	200.0	643
chr19	386	6	1	200	200.0	2416
chr19	387	5	1	200	200.0	743
chr19	388	4	1	200	200.0	600
chr19	388	5	1	200	200.0	602
chr19	388	6	2	200	100.0	2101
chr19	389	5	2	200	100.0	685
chr19	389	6	1	200	200.0	2237
chr19	390	4	1	200	200.0	527
chr19	390	5	3	200	66.66666666666667	731
chr19	391	4	1	200	200.0	498
chr19	391	5	1	200	200.0	650
chr19	391	6	1	200	200.0	2237
chr19	392	4	1	200	200.0	536
chr19	392	5	3	200	66.66666666666667	695
chr19	393	4	2	200	100.0	546
chr19	393	5	3	200	66.66666666666667	644
chr19	395	4	1	200	200.0	552
chr19	395	5	1	200	200.0	645
chr19	396	4	2	200	100.0	505
chr19	396	5	3	200	66.66666666666667	614
chr19	397	5	2	200	100.0	674
chr19	397	6	1	200	200.0	2289
chr19	398	5	2	200	100.0	683
chr19	399	5	1	200	200.0	649
chr19	400	5	1	200	200.0	692
chr19	401	4	3	200	66.66666666666667	522
chr19	401	6	2	200	100.0	2477
chr19	402	4	1	200	200.0	544
chr19	402	5	2	200	100.0	658
chr19	403	4	2	200	100.0	476
chr19	403	6	1	200	200.0	2567
chr19	404	4	3	200	66.66666666666667	600
chr19	404	5	1	200	200.0	597
chr19	405	5	1	200	200.0	639
chr19	406	4	2	200	100.0	533
chr19	406	5	4	200	50.0	635
chr19	406	7	1	200	200.0	18784
chr19	407	5	2	200	100.0	657
chr19	408	4	2	200	100.0	464
chr19	408	5	1	200	200.0	678
chr19	408	6	1	200	200.0	2271
chr19	409	5	1	200	200.0	662
chr19	409	6	1	200	200.0	2145
chr19	410	5	1	200	200.0	638
chr19	411	4	1	200	200.0	508
chr19	411	5	1	200	200.0	686
chr19	412	4	2	200	100.0	513
chr19	412	5	1	200	200.0	698
chr19	412	7	1	200	200.0	19519
chr19	413	4	3	200	66.66666666666667	485
chr19	413	5	1	200	200.0	677
chr19	413	6	1	200	200.0	2359
chr19	414	4	1	200	200.0	570
chr19	414	5	2	200	100.0	588
chr19	415	3	1	200	200.0	1335
chr19	415	4	2	200	100.0	458
chr19	415	6	1	200	200.0	2137
chr19	416	4	1	200	200.0	476
chr19	416	5	3	200	66.66666666666667	656
chr19	416	6	1	200	200.0	2228
chr19	417	3	1	200	200.0	1386
chr19	417	5	2	200	100.0	686
chr19	418	4	1	200	200.0	546
chr19	418	5	2	200	100.0	596
chr19	419	4	1	200	200.0	475
chr19	419	6	1	200	200.0	2477
chr19	420	3	1	200	200.0	1369
chr19	420	5	2	200	100.0	666
chr19	420	6	1	200	200.0	2505
chr19	421	5	3	200	66.66666666666667	647
chr19	421	6	2	200	100.0	2284
chr19	422	5	2	200	100.0	688
chr19	422	6	1	200	200.0	2251
chr19	423	5	3	200	66.66666666666667	638
chr19	423	6	1	200	200.0	2135
chr19	424	4	2	200	100.0	553
chr19	424	5	3	200	66.66666666666667	647
chr19	424	6	1	200	200.0	2265
chr19	425	5	1	200	200.0	731
chr19	426	6	1	200	200.0	2288
chr19	427	5	1	200	200.0	712
chr19	428	5	2	200	100.0	677
chr19	428	6	1	200	200.0	2493
chr19	429	4	3	200	66.66666666666667	499
chr19	429	6	1	200	200.0	2409
chr19	430	6	1	200	200.0	2473
chr19	431	4	1	200	200.0	479
chr19	432	3	1	200	200.0	1328
chr19	432	4	1	200	200.0	512
chr19	432	5	1	200	200.0	615
chr19	433	4	1	200	200.0	501
chr19	433	5	2	200	100.0	728
chr19	434	4	3	200	66.66666666666667	471
chr19	434	5	1	200	200.0	615
chr19	434	6	1	200	200.0	2357
chr19	435	4	2	200	100.0	476
chr19	435	5	2	200	100.0	671
chr19	436	4	1	200	200.0	479
chr19	436	5	1	200	200.0	644
chr19	436	6	2	200	100.0	2273
chr19	437	4	2	200	100.0	489
chr19	437	6	1	200	200.0	2286
chr19	438	4	1	200	200.0	537
chr19	438	5	3	200	66.66666666666667	649
chr19	439	4	1	200	200.0	532
chr19	439	6	1	200	200.0	2449
chr19	440	4	1	200	200.0	470
chr19	440	5	2	200	100.0	643
chr19	440	7	1	200	200.0	15567
chr19	441	3	1	200	200.0	1228
chr19	441	4	1	200	200.0	482
chr19	441	5	2	200	100.0	725
chr19	441	6	2	200	100.0	2446
chr19	442	4	1	200	200.0	549
chr19	442	5	1	200	200.0	634
chr19	442	6	1	200	200.0	2683
chr19	443	5	1	200	200.0	665
chr19	443	6	1	200	200.0	2281
chr19	444	4	1	200	200.0	518
chr19	444	5	2	200	100.0	702
chr19	445	4	3	200	66.66666666666667	483
chr19	445	5	1	200	200.0	702
chr19	445	6	1	200	200.0	2134
chr19	446	4	1	200	200.0	524
chr19	446	5	1	200	200.0	619
chr19	446	6	1	200	200.0	2374
chr19	447	4	2	200	100.0	526
chr19	447	6	1	200	200.0	2510
chr19	448	4	3	200	66.66666666666667	541
chr19	448	5	2	200	100.0	591
chr19	448	6	3	200	66.66666666666667	2347
chr19	449	3	1	200	200.0	1419
chr19	449	4	2	200	100.0	550
chr19	450	4	3	200	66.66666666666667	559
chr19	450	6	2	200	100.0	2680
chr19	451	5	2	200	100.0	741
chr19	452	5	3	200	66.66666666666667	612
chr19	453	4	2	200	100.0	537
chr19	453	5	3	200	66.66666666666667	663
chr19	454	4	2	200	100.0	507
chr19	454	5	1	200	200.0	657
chr19	454	7	1	200	200.0	19396
chr19	455	3	1	200	200.0	1311
chr19	455	4	1	200	200.0	465
chr19	455	5	2	200	100.0	636
chr19	455	6	2	200	100.0	2579
chr19	456	5	1	200	200.0	667
chr19	456	6	1	200	200.0	2080
chr19	457	4	1	200	200.0	477
chr19	457	5	3	200	66.66666666666667	625
chr19	458	4	1	200	200.0	486
chr19	458	5	2	200	100.0	728
chr19	458	6	1	200	200.0	2483
chr19	459	4	2	200	100.0	445
chr19	459	6	1	200	200.0	2200
chr19	459	7	1	200	200.0	18659
chr19	460	4	1	200	200.0	508
chr19	460	5	1	200	200.0	644
chr19	460	6	2	200	100.0	2333
chr19	462	4	1	200	200.0	505
chr19	462	5	2	200	100.0	652
chr19	463	4	1	200	200.0	516
chr19	463	5	2	200	100.0	744
chr19	463	6	2	200	100.0	2612
chr19	464	4	2	200	100.0	513
chr19	464	5	2	200	100.0	662
chr19	464	6	1	200	200.0	2446
chr19	465	4	3	200	66.66666666666667	490
chr19	466	4	1	200	200.0	532
chr19	466	5	1	200	200.0	557
chr19	467	4	1	200	200.0	508
chr19	468	4	4	200	50.0	514
chr19	468	5	3	200	66.66666666666667	717
chr19	468	6	1	200	200.0	2572
chr19	468	7	1	200	200.0	18143
chr19	469	4	2	200	100.0	503
chr19	469	5	1	200	200.0	802
chr19	469	6	1	200	200.0	2212
chr19	470	4	2	200	100.0	504
chr19	470	5	2	200	100.0	695
chr19	470	6	1	200	200.0	1992
chr19	471	4	2	200	100.0	499
chr19	471	6	1	200	200.0	2439
chr19	472	4	1	200	200.0	544
chr19	472	6	1	200	200.0	2455
chr19	472	7	1	200	200.0	17591
chr19	473	4	2	200	100.0	545
chr19	473	5	1	200	200.0	655
chr19	474	5	4	200	50.0	674
chr19	474	6	1	200	200.0	2371
chr19	475	5	3	200	66.66666666666667	658
chr19	475	6	3	200	66.66666666666667	2642
chr19	476	4	1	200	200.0	517
chr19	476	5	4	200	50.0	748
chr19	476	6	1	200	200.0	2498
chr19	477	4	4	200	50.0	498
chr19	477	5	2	200	100.0	663
chr19	477	7	1	200	200.0	22077
chr19	478	3	1	200	200.0	1528
chr19	478	5	2	200	100.0	682
chr19	478	6	1	200	200.0	2232
chr19	479	5	4	200	50.0	635
chr19	479	6	1	200	200.0	2552
chr19	480	5	1	200	200.0	709
chr19	480	7	1	200	200.0	19694
chr19	481	4	3	200	66.66666666666667	542
chr19	481	5	2	200	100.0	736
chr19	481	6	1	200	200.0	2228
chr19	482	5	4	200	50.0	600
chr19	482	6	1	200	200.0	2348
chr19	483	5	2	200	100.0	641
chr19	484	4	2	200	100.0	491
chr19	484	5	2	200	100.0	674
chr19	484	6	1	200	200.0	2468
chr19	485	4	1	200	200.0	495
chr19	485	6	1	200	200.0	2335
chr19	486	4	1	200	200.0	514
chr19	486	5	1	200	200.0	658
chr19	486	6	1	200	200.0	2461
chr19	487	4	5	200	40.0	473
chr19	487	5	2	200	100.0	681
chr19	488	4	1	200	200.0	541
chr19	488	5	3	200	66.66666666666667	569
chr19	488	7	1	200	200.0	20083
chr19	489	5	3	200	66.66666666666667	701
chr19	490	4	1	200	200.0	471
chr19	490	5	2	200	100.0	686
chr19	491	4	1	200	200.0	481
chr19	491	6	2	200	100.0	2643
chr19	492	4	2	200	100.0	527
chr19	492	5	1	200	200.0	665
chr19	492	6	2	200	100.0	2670
chr19	493	4	2	200	100.0	501
chr19	493	5	1	200	200.0	657
chr19	493	6	1	200	200.0	2255
chr19	494	4	1	200	200.0	480
chr19	494	5	2	200	100.0	611
chr19	495	4	3	200	66.66666666666667	501
chr19	495	5	3	200	66.66666666666667	753
chr19	495	6	2	200	100.0	2390
chr19	496	4	1	200	200.0	518
chr19	496	5	1	200	200.0	623
chr19	497	5	3	200	66.66666666666667	631
chr19	497	6	1	200	200.0	2485
chr19	498	4	3	200	66.66666666666667	497
chr19	498	5	2	200	100.0	667
chr19	499	4	1	200	200.0	535
chr19	499	5	1	200	200.0	646
chr19	500	3	1	200	200.0	1437
chr19	500	5	2	200	100.0	602
chr19	500	6	2	200	100.0	2440
chr19	501	4	1	200	200.0	481
chr19	501	5	4	200	50.0	629
chr19	502	4	1	200	200.0	487
chr19	502	5	1	200	200.0	686
chr19	502	6	1	200	200.0	2456
chr19	503	4	3	200	66.66666666666667	499
chr19	503	5	2	200	100.0	676
chr19	503	6	1	200	200.0	2338
chr19	504	5	3	200	66.66666666666667	634
chr19	505	3	1	200	200.0	1521
chr19	505	4	1	200	200.0	561
chr19	505	5	5	200	40.0	724
chr19	505	6	1	200	200.0	2812
chr19	506	4	3	200	66.66666666666667	491
chr19	506	5	4	200	50.0	678
chr19	506	6	2	200	100.0	2640
chr19	507	5	1	200	200.0	642
chr19	507	6	1	200	200.0	2620
chr19	508	4	1	200	200.0	541
chr19	508	5	3	200	66.66666666666667	617
chr19	508	6	1	200	200.0	2447
chr19	509	3	1	200	200.0	1428
chr19	509	4	2	200	100.0	480
chr19	509	5	5	200	40.0	622
chr19	509	6	1	200	200.0	2312
chr19	510	4	2	200	100.0	487
chr19	511	6	1	200	200.0	2583
chr19	512	4	1	200	200.0	475
chr19	512	5	1	200	200.0	665
chr19	512	6	2	200	100.0	2557
chr19	512	7	1	200	200.0	20223
chr19	513	5	2	200	100.0	656
chr19	514	4	1	200	200.0	566
chr19	514	5	1	200	200.0	717
chr19	515	4	3	200	66.66666666666667	556
chr19	515	5	2	200	100.0	659
chr19	516	4	2	200	100.0	527
chr19	516	5	2	200	100.0	665
chr19	517	3	1	200	200.0	1426
chr19	517	4	2	200	100.0	512
chr19	517	5	3	200	66.66666666666667	702
chr19	518	5	1	200	200.0	663
chr19	519	4	4	200	50.0	519
chr19	519	5	4	200	50.0	635
chr19	520	4	1	200	200.0	522
chr19	520	5	2	200	100.0	647
chr19	520	6	2	200	100.0	2446
chr19	521	4	3	200	66.66666666666667	494
chr19	521	5	2	200	100.0	651
chr19	522	4	1	200	200.0	480
chr19	522	6	1	200	200.0	2342
chr19	523	4	2	200	100.0	459
chr19	523	5	1	200	200.0	719
chr19	524	5	1	200	200.0	719
chr19	524	6	1	200	200.0	2260
chr19	525	5	3	200	66.66666666666667	680
chr19	525	6	2	200	100.0	2654
chr19	526	5	4	200	50.0	677
chr19	527	5	1	200	200.0	633
chr19	527	6	1	200	200.0	2252
chr19	528	5	3	200	66.66666666666667	718
chr19	529	5	2	200	100.0	683
chr19	530	4	1	200	200.0	546
chr19	530	5	2	200	100.0	701
chr19	530	6	1	200	200.0	2511
chr19	530	7	1	200	200.0	17922
chr19	531	6	2	200	100.0	2254
chr19	532	5	4	200	50.0	636
chr19	533	4	1	200	200.0	510
chr19	533	5	1	200	200.0	788
chr19	534	5	3	200	66.66666666666667	683
chr19	534	6	1	200	200.0	2298
chr19	535	5	2	200	100.0	717
chr19	535	6	1	200	200.0	2586
chr19	536	5	1	200	200.0	722
chr19	536	6	1	200	200.0	2527
chr19	537	4	1	200	200.0	433
chr19	537	5	1	200	200.0	635
chr19	537	6	2	200	100.0	2186
chr19	538	5	4	200	50.0	713
chr19	539	4	3	200	66.66666666666667	489
chr19	539	5	3	200	66.66666666666667	731
chr19	539	6	1	200	200.0	2346
chr19	540	4	1	200	200.0	479
chr19	540	6	1	200	200.0	2318
chr19	541	4	2	200	100.0	554
chr19	541	5	3	200	66.66666666666667	818
chr19	541	6	1	200	200.0	2524
chr19	542	3	1	200	200.0	1534
chr19	542	5	1	200	200.0	724
chr19	543	4	2	200	100.0	503
chr19	543	5	4	200	50.0	654
chr19	543	6	3	200	66.66666666666667	2249
chr19	544	5	2	200	100.0	653
chr19	544	6	1	200	200.0	2588
chr19	545	6	1	200	200.0	2389
chr19	545	7	1	200	200.0	21063
chr19	546	4	1	200	200.0	499
chr19	546	5	1	200	200.0	673
chr19	546	6	1	200	200.0	2015
chr19	547	4	1	200	200.0	488
chr19	547	5	1	200	200.0	681
chr19	547	6	1	200	200.0	2598
chr19	548	5	3	200	66.66666666666667	618
chr19	549	4	1	200	200.0	471
chr19	549	5	2	200	100.0	697
chr19	550	4	3	200	66.66666666666667	477
chr19	550	5	2	200	100.0	736
chr19	551	4	1	200	200.0	497
chr19	552	4	1	200	200.0	455
chr19	552	5	2	200	100.0	694
chr19	553	5	1	200	200.0	707
chr19	553	7	1	200	200.0	21166
chr19	554	4	1	200	200.0	458
chr19	554	5	2	200	100.0	654
chr19	555	4	1	200	200.0	503
chr19	555	5	1	200	200.0	676
chr19	556	5	3	200	66.66666666666667	651
chr19	556	6	1	200	200.0	2201
chr19	557	5	3	200	66.66666666666667	638
chr19	557	6	1	200	200.0	2205
chr19	558	4	2	200	100.0	527
chr19	558	5	3	200	66.66666666666667	745
chr19	558	6	2	200	100.0	2584
chr19	558	7	1	200	200.0	20786
chr19	559	4	4	200	50.0	485
chr19	559	5	1	200	200.0	680
chr19	559	6	1	200	200.0	2452
chr19	560	4	1	200	200.0	507
chr19	560	5	2	200	100.0	662
chr19	560	6	1	200	200.0	2232
chr19	561	4	3	200	66.66666666666667	488
chr19	561	5	3	200	66.66666666666667	699
chr19	561	6	2	200	100.0	2711
chr19	562	4	2	200	100.0	493
chr19	562	5	3	200	66.66666666666667	583
chr19	562	6	1	200	200.0	2380
chr19	563	4	4	200	50.0	487
chr19	563	5	1	200	200.0	740
chr19	563	7	1	200	200.0	22610
chr19	564	5	1	200	200.0	612
chr19	564	6	1	200	200.0	2320
chr19	565	3	1	200	200.0	1449
chr19	565	6	2	200	100.0	2652
chr19	566	4	2	200	100.0	484
chr19	566	6	1	200	200.0	2653
chr19	567	5	1	200	200.0	693
chr19	568	4	1	200	200.0	473
chr19	568	5	1	200	200.0	665
chr19	568	6	2	200	100.0	2626
chr19	569	4	1	200	200.0	499
chr19	569	5	1	200	200.0	666
chr19	569	6	1	200	200.0	2306
chr19	570	5	2	200	100.0	730
chr19	570	6	3	200	66.66666666666667	2664
chr19	571	5	4	200	50.0	575
chr19	571	6	1	200	200.0	2406
chr19	572	5	1	200	200.0	720
chr19	573	4	1	200	200.0	499
chr19	573	5	2	200	100.0	665
chr19	573	6	1	200	200.0	2434
chr19	575	4	2	200	100.0	460
chr19	575	5	1	200	200.0	709
chr19	576	3	1	200	200.0	1541
chr19	576	4	1	200	200.0	577
chr19	576	5	2	200	100.0	709
chr19	576	6	1	200	200.0	2347
chr19	577	5	3	200	66.66666666666667	719
chr19	578	6	3	200	66.66666666666667	2419
chr19	579	4	2	200	100.0	543
chr19	579	5	3	200	66.66666666666667	666
chr19	579	6	1	200	200.0	2573
chr19	580	4	3	200	66.66666666666667	501
chr19	580	5	1	200	200.0	749
chr19	581	5	3	200	66.66666666666667	690
chr19	582	3	1	200	200.0	1537
chr19	582	7	1	200	200.0	20254
chr19	583	5	2	200	100.0	599
chr19	583	6	1	200	200.0	2505
chr19	584	4	1	200	200.0	531
chr19	585	4	2	200	100.0	537
chr19	585	5	4	200	50.0	711
chr19	585	6	1	200	200.0	2077
chr19	586	3	1	200	200.0	1507
chr19	586	5	2	200	100.0	649
chr19	586	6	1	200	200.0	2464
chr19	587	4	1	200	200.0	495
chr19	587	5	1	200	200.0	718
chr19	587	6	2	200	100.0	2321
chr19	588	5	2	200	100.0	687
chr19	589	5	1	200	200.0	699
chr19	590	5	1	200	200.0	648
chr19	590	6	1	200	200.0	2096
chr19	591	4	1	200	200.0	458
chr19	591	5	1	200	200.0	630
chr19	592	5	1	200	200.0	671
chr19	593	4	1	200	200.0	535
chr19	593	5	1	200	200.0	659
chr19	594	5	1	200	200.0	605
chr19	594	6	1	200	200.0	2401
chr19	595	4	2	200	100.0	477
chr19	595	5	1	200	200.0	680
chr19	595	6	1	200	200.0	2592
chr19	596	4	1	200	200.0	434
chr19	596	5	1	200	200.0	743
chr19	596	6	1	200	200.0	2512
chr19	597	5	1	200	200.0	681
chr19	597	6	1	200	200.0	2553
chr19	598	4	1	200	200.0	540
chr19	598	5	2	200	100.0	672
chr19	599	5	1	200	200.0	655
chr19	599	6	1	200	200.0	2524
chr19	600	5	2	200	100.0	673
chr19	600	6	2	200	100.0	2277
chr19	601	4	3	200	66.66666666666667	458
chr19	601	5	3	200	66.66666666666667	679
chr19	601	6	1	200	200.0	2460
chr19	602	4	1	200	200.0	532
chr19	602	5	1	200	200.0	736
chr19	602	6	1	200	200.0	2439
chr19	603	5	3	200	66.66666666666667	726
chr19	603	6	4	200	50.0	2403
chr19	604	4	4	200	50.0	490
chr19	605	5	2	200	100.0	681
chr19	608	3	1	200	200.0	1388
chr19	608	4	3	200	66.66666666666667	537
chr19	608	5	1	200	200.0	679
chr19	609	4	1	200	200.0	420
chr19	609	5	1	200	200.0	759
chr19	610	4	1	200	200.0	514
chr19	610	6	4	200	50.0	2096
chr19	611	4	1	200	200.0	412
chr19	611	5	3	200	66.66666666666667	655
chr19	612	5	2	200	100.0	677
chr19	613	5	4	200	50.0	671
chr19	613	6	1	200	200.0	2345
chr19	614	5	4	200	50.0	732
chr19	614	6	1	200	200.0	2565
chr19	615	4	1	200	200.0	417
chr19	615	5	3	200	66.66666666666667	729
chr19	616	5	1	200	200.0	666
chr19	616	7	1	200	200.0	21866
chr19	617	3	1	200	200.0	1322
chr19	617	5	1	200	200.0	732
chr19	618	4	1	200	200.0	488
chr19	618	5	2	200	100.0	642
chr19	619	6	2	200	100.0	2491
chr19	620	5	1	200	200.0	669
chr19	621	5	3	200	66.66666666666667	697
chr19	621	6	1	200	200.0	2594
chr19	621	7	1	200	200.0	20648
chr19	622	4	1	200	200.0	476
chr19	622	6	1	200	200.0	2542
chr19	623	5	3	200	66.66666666666667	714
chr19	624	6	1	200	200.0	2782
chr19	625	4	2	200	100.0	526
chr19	625	5	1	200	200.0	695
chr19	625	6	1	200	200.0	2393
chr19	626	4	1	200	200.0	468
chr19	626	6	1	200	200.0	2504
chr19	627	4	1	200	200.0	436
chr19	627	5	3	200	66.66666666666667	673
chr19	628	5	3	200	66.66666666666667	622
chr19	628	6	2	200	100.0	2595
chr19	629	4	1	200	200.0	415
chr19	629	6	1	200	200.0	2302
chr19	630	4	2	200	100.0	495
chr19	631	5	2	200	100.0	712
chr19	631	6	2	200	100.0	2703
chr19	632	5	4	200	50.0	636
chr19	633	4	1	200	200.0	482
chr19	633	5	2	200	100.0	651
chr19	633	6	2	200	100.0	2258
chr19	634	4	2	200	100.0	450
chr19	634	5	2	200	100.0	559
chr19	634	6	2	200	100.0	2536
chr19	635	6	2	200	100.0	2470
chr19	636	4	1	200	200.0	470
chr19	636	5	4	200	50.0	665
chr19	637	5	1	200	200.0	675
chr19	638	4	1	200	200.0	497
chr19	639	5	1	200	200.0	718
chr19	639	6	2	200	100.0	2350
chr19	640	5	1	200	200.0	650
chr19	640	6	1	200	200.0	2461
chr19	641	5	1	200	200.0	731
chr19	642	5	2	200	100.0	631
chr19	642	6	1	200	200.0	2322
chr19	643	4	3	200	66.66666666666667	535
chr19	643	5	5	200	40.0	690
chr19	645	4	1	200	200.0	455
chr19	645	5	1	200	200.0	753
chr19	645	6	1	200	200.0	2594
chr19	646	4	2	200	100.0	479
chr19	646	5	5	200	40.0	673
chr19	646	6	1	200	200.0	2220
chr19	647	5	3	200	66.66666666666667	674
chr19	647	6	3	200	66.66666666666667	2507
chr19	648	5	1	200	200.0	680
chr19	649	5	1	200	200.0	721
chr19	650	4	1	200	200.0	499
chr19	650	5	1	200	200.0	656
chr19	650	6	1	200	200.0	2536
chr19	651	4	2	200	100.0	451
chr19	651	6	1	200	200.0	2436
chr19	652	5	5	200	40.0	677
chr19	653	4	1	200	200.0	437
chr19	653	5	2	200	100.0	659
chr19	653	6	2	200	100.0	2201
chr19	654	5	1	200	200.0	627
chr19	655	5	2	200	100.0	683
chr19	655	6	1	200	200.0	2887
chr19	656	4	1	200	200.0	497
chr19	656	5	2	200	100.0	630
chr19	656	6	1	200	200.0	2323
chr19	657	4	2	200	100.0	470
chr19	657	5	4	200	50.0	634
chr19	657	6	2	200	100.0	2633
chr19	658	4	1	200	200.0	504
chr19	658	5	1	200	200.0	750
chr19	658	6	3	200	66.66666666666667	2563
chr19	659	5	2	200	100.0	723
chr19	659	7	1	200	200.0	24549
chr19	660	5	1	200	200.0	695
chr19	660	6	2	200	100.0	2789
chr19	661	6	1	200	200.0	2469
chr19	662	5	1	200	200.0	638
chr19	662	6	1	200	200.0	2295
chr19	663	5	1	200	200.0	720
chr19	664	4	1	200	200.0	467
chr19	664	5	1	200	200.0	693
chr19	664	6	2	200	100.0	2554
chr19	665	5	2	200	100.0	621
chr19	666	5	2	200	100.0	701
chr19	666	6	3	200	66.66666666666667	2354
chr19	667	4	1	200	200.0	492
chr19	667	5	4	200	50.0	747
chr19	668	6	2	200	100.0	2394
chr19	669	7	1	200	200.0	24036
chr19	670	5	1	200	200.0	768
chr19	671	6	3	200	66.66666666666667	2486
chr19	672	5	4	200	50.0	746
chr19	672	6	1	200	200.0	2630
chr19	673	5	3	200	66.66666666666667	629
chr19	674	5	1	200	200.0	713
chr19	675	5	2	200	100.0	695
chr19	675	6	1	200	200.0	2398
chr19	676	6	1	200	200.0	2448
chr19	678	5	2	200	100.0	683
chr19	678	6	1	200	200.0	2642
chr19	679	5	2	200	100.0	699
chr19	679	6	3	200	66.66666666666667	2518
chr19	680	5	1	200	200.0	684
chr19	681	4	1	200	200.0	470
chr19	681	5	2	200	100.0	700
chr19	681	6	1	200	200.0	2438
chr19	682	5	1	200	200.0	683
chr19	684	5	1	200	200.0	652
chr19	684	6	1	200	200.0	2408
chr19	685	4	1	200	200.0	458
chr19	685	5	1	200	200.0	665
chr19	685	6	1	200	200.0	2801
chr19	686	5	4	200	50.0	691
chr19	686	6	2	200	100.0	2814
chr19	688	4	1	200	200.0	530
chr19	688	5	2	200	100.0	646
chr19	689	5	2	200	100.0	649
chr19	690	4	1	200	200.0	486
chr19	690	6	2	200	100.0	2480
chr19	692	5	1	200	200.0	680
chr19	692	6	1	200	200.0	2612
chr19	693	5	2	200	100.0	726
chr19	694	5	5	200	40.0	691
chr19	694	6	1	200	200.0	2620
chr19	695	4	1	200	200.0	449
chr19	695	5	2	200	100.0	809
chr19	696	5	1	200	200.0	720
chr19	696	6	1	200	200.0	2374
chr19	697	6	1	200	200.0	2628
chr19	698	4	1	200	200.0	506
chr19	698	5	1	200	200.0	783
chr19	699	6	1	200	200.0	2584
chr19	701	5	1	200	200.0	564
chr19	702	5	1	200	200.0	687
chr19	703	5	2	200	100.0	702
chr19	703	7	1	200	200.0	22602
chr19	704	5	1	200	200.0	720
chr19	704	6	1	200	200.0	2356
chr19	705	5	1	200	200.0	688
chr19	705	6	1	200	200.0	2404
chr19	706	5	2	200	100.0	674
chr19	706	6	3	200	66.66666666666667	2694
chr19	707	4	1	200	200.0	424
chr19	707	6	1	200	200.0	3022
chr19	708	6	1	200	200.0	2486
chr19	709	5	2	200	100.0	639
chr19	710	5	1	200	200.0	667
chr19	712	5	2	200	100.0	658
chr19	713	5	3	200	66.66666666666667	730
chr19	714	4	1	200	200.0	459
chr19	714	5	2	200	100.0	631
chr19	714	6	2	200	100.0	2585
chr19	715	5	1	200	200.0	722
chr19	716	5	2	200	100.0	696
chr19	717	4	1	200	200.0	475
chr19	717	5	1	200	200.0	671
chr19	718	6	1	200	200.0	2207
chr19	719	4	1	200	200.0	430
chr19	720	5	2	200	100.0	690
chr19	720	6	1	200	200.0	2775
chr19	721	4	1	200	200.0	477
chr19	721	5	3	200	66.66666666666667	727
chr19	722	5	1	200	200.0	694
chr19	723	5	1	200	200.0	638
chr19	724	5	2	200	100.0	624
chr19	724	6	1	200	200.0	2668
chr19	726	4	1	200	200.0	468
chr19	726	5	1	200	200.0	691
chr19	727	4	1	200	200.0	492
chr19	727	5	1	200	200.0	697
chr19	728	7	1	200	200.0	22887
chr19	729	6	1	200	200.0	2677
chr19	730	4	1	200	200.0	459
chr19	730	6	1	200	200.0	2591
chr19	731	5	2	200	100.0	675
chr19	732	4	1	200	200.0	482
chr19	732	5	2	200	100.0	653
chr19	732	6	1	200	200.0	2777
chr19	733	5	2	200	100.0	670
chr19	733	6	1	200	200.0	2455
chr19	734	5	2	200	100.0	661
chr19	735	5	1	200	200.0	765
chr19	735	7	1	200	200.0	24734
chr19	736	5	3	200	66.66666666666667	679
chr19	736	6	1	200	200.0	2506
chr19	739	5	2	200	100.0	664
chr19	740	4	2	200	100.0	454
chr19	740	5	1	200	200.0	721
chr19	741	5	2	200	100.0	690
chr19	742	4	1	200	200.0	473
chr19	743	5	3	200	66.66666666666667	627
chr19	744	5	1	200	200.0	681
chr19	744	6	1	200	200.0	2291
chr19	745	5	2	200	100.0	630
chr19	746	5	2	200	100.0	647
chr19	746	6	2	200	100.0	2463
chr19	748	6	1	200	200.0	2634
chr19	750	6	1	200	200.0	2735
chr19	751	5	2	200	100.0	709
chr19	752	5	2	200	100.0	686
chr19	753	5	1	200	200.0	583
chr19	753	6	3	200	66.66666666666667	2481
chr19	754	5	1	200	200.0	650
chr19	755	5	1	200	200.0	648
chr19	755	6	1	200	200.0	2402
chr19	756	5	1	200	200.0	686
chr19	758	5	1	200	200.0	634
chr19	759	3	1	200	200.0	1474
chr19	759	5	3	200	66.66666666666667	724
chr19	760	5	1	200	200.0	691
chr19	760	6	1	200	200.0	2754
chr19	761	6	1	200	200.0	2628
chr19	762	5	1	200	200.0	740
chr19	763	4	1	200	200.0	482
chr19	764	4	2	200	100.0	478
chr19	765	5	1	200	200.0	693
chr19	766	5	1	200	200.0	632
chr19	767	5	1	200	200.0	696
chr19	768	6	1	200	200.0	2688
chr19	770	5	2	200	100.0	682
chr19	770	6	1	200	200.0	2191
chr19	771	5	2	200	100.0	676
chr19	772	6	2	200	100.0	2262
chr19	773	5	1	200	200.0	694
chr19	773	6	2	200	100.0	2567
chr19	775	5	1	200	200.0	717
chr19	775	6	1	200	200.0	2334
chr19	777	6	3	200	66.66666666666667	2620
chr19	778	5	2	200	100.0	725
chr19	779	5	4	200	50.0	655
chr19	780	6	1	200	200.0	2458
chr19	781	4	1	200	200.0	499
chr19	781	6	1	200	200.0	2580
chr19	782	4	1	200	200.0	474
chr19	782	5	4	200	50.0	705
chr19	782	6	2	200	100.0	2608
chr19	783	5	1	200	200.0	693
chr19	785	4	1	200	200.0	512
chr19	786	5	1	200	200.0	680
chr19	788	6	1	200	200.0	2534
chr19	790	6	1	200	200.0	2966
chr19	792	5	1	200	200.0	737
chr19	793	5	2	200	100.0	649
chr19	793	7	1	200	200.0	28445
chr19	794	5	1	200	200.0	724
chr19	794	6	1	200	200.0	2728
chr19	795	5	1	200	200.0	714
chr19	795	6	1	200	200.0	2662
chr19	796	5	1	200	200.0	606
chr19	797	5	2	200	100.0	729
chr19	799	6	1	200	200.0	2895
chr19	801	6	1	200	200.0	2912
chr19	805	5	4	200	50.0	726
chr19	805	6	2	200	100.0	2459
chr19	806	4	1	200	200.0	526
chr19	806	6	1	200	200.0	2867
chr19	807	4	1	200	200.0	466
chr19	809	6	1	200	200.0	2221
chr19	811	6	1	200	200.0	2398
chr19	812	5	2	200	100.0	696
chr19	815	4	1	200	200.0	504
chr19	817	6	1	200	200.0	2366
chr19	821	5	1	200	200.0	643
chr19	822	5	1	200	200.0	673
chr19	823	4	1	200	200.0	459
chr19	824	6	1	200	200.0	2934
chr19	826	5	1	200	200.0	710
chr19	827	6	1	200	200.0	2920
chr19	830	5	1	200	200.0	665
chr19	830	6	1	200	200.0	2735
chr19	831	6	2	200	100.0	2502
chr19	833	5	1	200	200.0	640
chr19	834	5	1	200	200.0	633
chr19	835	4	1	200	200.0	480
chr19	835	6	1	200	200.0	2424
chr19	836	6	1	200	200.0	2539
chr19	837	4	1	200	200.0	459
chr19	838	5	1	200	200.0	685
chr19	839	5	2	200	100.0	689
chr19	840	5	1	200	200.0	698
chr19	843	5	2	200	100.0	641
chr19	845	6	1	200	200.0	2405
chr19	846	6	1	200	200.0	2472
chr19	847	6	1	200	200.0	2602
chr19	850	5	2	200	100.0	668
chr19	852	6	1	200	200.0	2332
chr19	853	5	1	200	200.0	678
chr19	857	5	1	200	200.0	657
chr19	858	6	1	200	200.0	3071
chr19	861	6	1	200	200.0	2606
chr19	864	4	1	200	200.0	478
chr19	865	5	1	200	200.0	664
chr19	866	5	1	200	200.0	704
chr19	871	6	1	200	200.0	2574
chr19	875	5	1	200	200.0	618
chr19	878	6	1	200	200.0	2501
chr19	881	6	1	200	200.0	2786
chr19	882	6	1	200	200.0	3076
chr19	883	4	1	200	200.0	481
chr19	888	6	2	200	100.0	2793
chr19	893	5	1	200	200.0	651
chr19	894	6	1	200	200.0	2758
chr19	901	5	2	200	100.0	702
chr19	903	5	1	200	200.0	695
chr19	911	5	1	200	200.0	737
chr19	912	5	2	200	100.0	616
chr19	913	5	1	200	200.0	619
chr19	917	6	1	200	200.0	2880
chr19	918	6	1	200	200.0	2436
chr19	927	6	1	200	200.0	2735
chr19	928	6	1	200	200.0	2823
chr19	930	6	1	200	200.0	2950
chr19	931	4	1	200	200.0	459
chr19	935	5	1	200	200.0	681
chr19	937	6	1	200	200.0	2866
chr19	942	5	1	200	200.0	604
chr19	945	5	1	200	200.0	652
chr19	946	6	1	200	200.0	2544
chr19	952	5	1	200	200.0	670
chr19	955	5	1	200	200.0	622
chr19	955	6	1	200	200.0	2380
chr19	970	7	1	200	200.0	29765
chr19	971	7	1	200	200.0	30742
chr19	974	6	1	200	200.0	2632
chr19	978	6	1	200	200.0	2687
chr19	983	6	1	200	200.0	2560
chr19	986	6	1	200	200.0	2690
chr19	994	5	2	200	100.0	695
chr19	994	6	1	200	200.0	2628
chr19	997	6	1	200	200.0	2989
chr19	998	6	1	200	200.0	2839
chr19	1027	6	1	200	200.0	2549
chr19	1046	5	2	200	100.0	757
chr19	1054	5	2	200	100.0	655
chr19	1055	6	1	200	200.0	2980
chr19	1057	6	1	200	200.0	2400
chr19	1074	6	1	200	200.0	2536
chr19	1082	6	1	200	200.0	2280
chr19	1101	5	1	200	200.0	695
chr19	1112	7	1	200	200.0	36689
chr19	1122	6	1	200	200.0	2229
chr19	1172	6	1	200	200.0	2780
chr19	1194	5	1	200	200.0	662
chr19	1209	6	1	200	200.0	3123
chr19	1213	4	1	200	200.0	476
chr19	1261	5	1	200	200.0	599
chr19	1271	4	1	200	200.0	456
chr19	1271	6	1	200	200.0	2724
chr19	1275	5	1	200	200.0	734
chr19	1286	5	1	200	200.0	676
chr19	1316	6	1	200	200.0	2910
chr19	1319	5	1	200	200.0	667
chr19	1326	6	1	200	200.0	2996
chr19	1332	5	1	200	200.0	636
chr19	1352	4	1	200	200.0	469
chr19	1374	6	1	200	200.0	2870
chr19	1400	6	1	200	200.0	3151
chr19	1459	5	1	200	200.0	644
chr19	1522	5	1	200	200.0	606
chr19	1811	4	1	200	200.0	438
chr19	1835	6	1	200	200.0	3358
chr2	248	4	1	200	200.0	652
chr2	255	3	1	200	200.0	521
chr2	259	5	1	200	200.0	1649
chr2	261	3	1	200	200.0	472
chr2	263	4	1	200	200.0	672
chr2	264	4	1	200	200.0	538
chr2	266	5	1	200	200.0	1744
chr2	268	4	1	200	200.0	649
chr2	269	7	1	200	200.0	69460
chr2	275	3	1	200	200.0	524
chr2	279	4	1	200	200.0	552
chr2	281	4	1	200	200.0	651
chr2	283	4	1	200	200.0	635
chr2	284	4	1	200	200.0	617
chr2	286	3	1	200	200.0	478
chr2	289	3	1	200	200.0	468
chr2	291	5	1	200	200.0	1704
chr2	292	4	2	200	100.0	575
chr2	292	6	1	200	200.0	12773
chr2	293	3	1	200	200.0	538
chr2	293	5	1	200	200.0	1964
chr2	294	4	2	200	100.0	602
chr2	295	4	1	200	200.0	648
chr2	296	5	1	200	200.0	1522
chr2	297	4	3	200	66.66666666666667	600
chr2	299	4	1	200	200.0	596
chr2	300	4	2	200	100.0	552
chr2	301	4	2	200	100.0	621
chr2	302	4	1	200	200.0	591
chr2	303	3	1	200	200.0	466
chr2	303	4	1	200	200.0	611
chr2	303	6	1	200	200.0	11290
chr2	304	4	1	200	200.0	575
chr2	305	4	1	200	200.0	601
chr2	305	5	1	200	200.0	1955
chr2	305	6	1	200	200.0	12001
chr2	306	2	1	200	200.0	2236
chr2	306	5	1	200	200.0	1927
chr2	307	4	1	200	200.0	662
chr2	307	5	1	200	200.0	1929
chr2	308	4	3	200	66.66666666666667	554
chr2	309	3	1	200	200.0	466
chr2	309	4	1	200	200.0	617
chr2	310	3	1	200	200.0	482
chr2	310	4	2	200	100.0	606
chr2	311	4	1	200	200.0	613
chr2	312	5	1	200	200.0	1675
chr2	313	5	1	200	200.0	1898
chr2	315	4	1	200	200.0	594
chr2	319	3	2	200	100.0	466
chr2	319	4	2	200	100.0	586
chr2	320	3	1	200	200.0	447
chr2	320	4	2	200	100.0	583
chr2	320	5	2	200	100.0	1872
chr2	320	7	1	200	200.0	78578
chr2	321	4	1	200	200.0	618
chr2	321	6	1	200	200.0	13082
chr2	321	7	1	200	200.0	71976
chr2	322	3	1	200	200.0	490
chr2	322	4	2	200	100.0	639
chr2	322	5	1	200	200.0	1976
chr2	323	4	2	200	100.0	630
chr2	324	3	1	200	200.0	455
chr2	324	4	1	200	200.0	598
chr2	324	6	1	200	200.0	13846
chr2	325	2	1	200	200.0	2355
chr2	325	3	2	200	100.0	467
chr2	325	4	1	200	200.0	596
chr2	325	6	1	200	200.0	11179
chr2	326	3	1	200	200.0	464
chr2	326	4	1	200	200.0	595
chr2	326	5	2	200	100.0	1813
chr2	327	3	1	200	200.0	444
chr2	328	5	2	200	100.0	1785
chr2	329	5	1	200	200.0	2009
chr2	330	4	1	200	200.0	571
chr2	330	5	1	200	200.0	1790
chr2	331	3	1	200	200.0	447
chr2	331	4	3	200	66.66666666666667	619
chr2	332	3	1	200	200.0	474
chr2	332	4	2	200	100.0	606
chr2	333	3	1	200	200.0	503
chr2	333	4	1	200	200.0	543
chr2	333	5	1	200	200.0	1843
chr2	334	4	2	200	100.0	593
chr2	334	5	1	200	200.0	1790
chr2	335	3	1	200	200.0	474
chr2	335	4	2	200	100.0	585
chr2	336	4	2	200	100.0	597
chr2	337	3	1	200	200.0	501
chr2	337	5	1	200	200.0	1950
chr2	338	3	1	200	200.0	488
chr2	338	4	1	200	200.0	594
chr2	339	3	2	200	100.0	448
chr2	339	4	2	200	100.0	576
chr2	339	5	1	200	200.0	1785
chr2	340	4	1	200	200.0	542
chr2	340	5	1	200	200.0	1936
chr2	341	3	1	200	200.0	445
chr2	341	5	2	200	100.0	2050
chr2	342	3	1	200	200.0	466
chr2	342	4	1	200	200.0	575
chr2	343	3	2	200	100.0	449
chr2	344	3	1	200	200.0	494
chr2	344	4	1	200	200.0	579
chr2	345	3	2	200	100.0	484
chr2	345	4	1	200	200.0	535
chr2	345	5	1	200	200.0	2105
chr2	346	3	2	200	100.0	468
chr2	346	4	5	200	40.0	626
chr2	346	5	1	200	200.0	2123
chr2	347	3	1	200	200.0	493
chr2	347	4	1	200	200.0	607
chr2	348	3	5	200	40.0	461
chr2	348	4	2	200	100.0	594
chr2	349	4	3	200	66.66666666666667	605
chr2	349	5	2	200	100.0	2007
chr2	350	3	2	200	100.0	472
chr2	350	4	1	200	200.0	624
chr2	350	5	2	200	100.0	1803
chr2	351	3	2	200	100.0	462
chr2	351	5	2	200	100.0	1885
chr2	351	7	1	200	200.0	79785
chr2	352	3	4	200	50.0	499
chr2	352	4	1	200	200.0	573
chr2	353	3	4	200	50.0	422
chr2	353	4	1	200	200.0	614
chr2	354	3	2	200	100.0	471
chr2	354	4	1	200	200.0	579
chr2	354	5	1	200	200.0	1830
chr2	355	3	2	200	100.0	498
chr2	355	4	2	200	100.0	614
chr2	356	3	4	200	50.0	477
chr2	356	4	1	200	200.0	618
chr2	356	5	2	200	100.0	1908
chr2	356	6	1	200	200.0	12835
chr2	357	3	2	200	100.0	431
chr2	357	5	2	200	100.0	2015
chr2	357	6	1	200	200.0	12636
chr2	357	7	1	200	200.0	75110
chr2	358	3	1	200	200.0	460
chr2	358	4	2	200	100.0	585
chr2	359	3	2	200	100.0	442
chr2	359	4	2	200	100.0	530
chr2	359	6	1	200	200.0	13055
chr2	360	3	4	200	50.0	442
chr2	360	4	2	200	100.0	585
chr2	360	5	2	200	100.0	2044
chr2	361	2	1	200	200.0	2277
chr2	361	3	2	200	100.0	453
chr2	361	4	6	200	33.333333333333336	526
chr2	361	5	1	200	200.0	2134
chr2	361	6	1	200	200.0	13773
chr2	362	3	1	200	200.0	459
chr2	362	4	4	200	50.0	565
chr2	362	5	1	200	200.0	1815
chr2	363	4	1	200	200.0	590
chr2	363	5	2	200	100.0	2026
chr2	364	3	1	200	200.0	467
chr2	364	4	2	200	100.0	591
chr2	365	3	1	200	200.0	479
chr2	365	4	7	200	28.571428571428573	548
chr2	365	5	3	200	66.66666666666667	2066
chr2	366	3	3	200	66.66666666666667	498
chr2	366	4	2	200	100.0	576
chr2	366	5	1	200	200.0	2097
chr2	367	3	3	200	66.66666666666667	474
chr2	367	4	3	200	66.66666666666667	593
chr2	368	3	1	200	200.0	446
chr2	368	4	2	200	100.0	515
chr2	368	5	1	200	200.0	1977
chr2	369	3	1	200	200.0	461
chr2	369	4	1	200	200.0	596
chr2	369	6	1	200	200.0	13439
chr2	370	3	2	200	100.0	465
chr2	370	4	1	200	200.0	574
chr2	370	5	2	200	100.0	2059
chr2	370	6	1	200	200.0	13260
chr2	371	2	1	200	200.0	2424
chr2	371	3	1	200	200.0	498
chr2	371	5	3	200	66.66666666666667	1969
chr2	372	3	2	200	100.0	450
chr2	372	4	5	200	40.0	549
chr2	373	4	2	200	100.0	586
chr2	373	5	2	200	100.0	1784
chr2	373	6	1	200	200.0	14291
chr2	374	3	1	200	200.0	427
chr2	374	4	5	200	40.0	568
chr2	374	5	2	200	100.0	1718
chr2	374	6	1	200	200.0	12806
chr2	374	7	1	200	200.0	81528
chr2	375	4	4	200	50.0	568
chr2	376	3	3	200	66.66666666666667	473
chr2	376	4	1	200	200.0	654
chr2	377	3	4	200	50.0	440
chr2	377	4	2	200	100.0	541
chr2	377	5	2	200	100.0	1973
chr2	378	3	2	200	100.0	458
chr2	378	4	4	200	50.0	592
chr2	378	6	1	200	200.0	13088
chr2	379	3	1	200	200.0	466
chr2	379	4	1	200	200.0	551
chr2	379	5	1	200	200.0	1993
chr2	380	2	1	200	200.0	2448
chr2	380	3	1	200	200.0	444
chr2	380	4	3	200	66.66666666666667	552
chr2	380	6	1	200	200.0	11642
chr2	381	3	1	200	200.0	454
chr2	381	4	3	200	66.66666666666667	594
chr2	381	5	2	200	100.0	2006
chr2	382	2	1	200	200.0	2485
chr2	382	3	1	200	200.0	485
chr2	382	4	2	200	100.0	560
chr2	382	5	1	200	200.0	2068
chr2	382	6	1	200	200.0	13326
chr2	383	3	4	200	50.0	421
chr2	383	4	2	200	100.0	539
chr2	383	5	2	200	100.0	2197
chr2	384	3	2	200	100.0	474
chr2	384	4	5	200	40.0	598
chr2	384	5	1	200	200.0	1911
chr2	385	3	1	200	200.0	453
chr2	385	4	3	200	66.66666666666667	582
chr2	385	6	3	200	66.66666666666667	13391
chr2	385	7	1	200	200.0	66614
chr2	386	3	1	200	200.0	476
chr2	386	4	2	200	100.0	644
chr2	387	3	2	200	100.0	489
chr2	387	4	2	200	100.0	583
chr2	387	5	1	200	200.0	1925
chr2	388	3	2	200	100.0	452
chr2	388	4	3	200	66.66666666666667	563
chr2	388	5	1	200	200.0	2234
chr2	389	4	2	200	100.0	567
chr2	389	5	2	200	100.0	2185
chr2	389	6	1	200	200.0	11720
chr2	390	3	4	200	50.0	483
chr2	390	4	4	200	50.0	607
chr2	390	5	2	200	100.0	2212
chr2	390	6	1	200	200.0	13914
chr2	391	3	2	200	100.0	426
chr2	391	4	1	200	200.0	590
chr2	391	5	1	200	200.0	2141
chr2	392	3	3	200	66.66666666666667	432
chr2	392	4	2	200	100.0	597
chr2	392	5	3	200	66.66666666666667	2028
chr2	393	3	4	200	50.0	441
chr2	393	4	7	200	28.571428571428573	631
chr2	393	5	3	200	66.66666666666667	2214
chr2	394	3	1	200	200.0	511
chr2	394	4	4	200	50.0	514
chr2	395	4	2	200	100.0	507
chr2	395	5	1	200	200.0	2064
chr2	396	3	6	200	33.333333333333336	482
chr2	396	4	1	200	200.0	549
chr2	397	3	1	200	200.0	510
chr2	397	4	1	200	200.0	602
chr2	397	5	1	200	200.0	1850
chr2	397	6	1	200	200.0	14927
chr2	398	3	1	200	200.0	473
chr2	398	4	1	200	200.0	611
chr2	398	5	2	200	100.0	2002
chr2	399	3	1	200	200.0	444
chr2	399	4	5	200	40.0	616
chr2	399	5	1	200	200.0	2059
chr2	400	3	1	200	200.0	530
chr2	400	4	1	200	200.0	514
chr2	400	5	2	200	100.0	2002
chr2	401	3	3	200	66.66666666666667	463
chr2	401	4	4	200	50.0	553
chr2	402	2	1	200	200.0	2751
chr2	402	3	3	200	66.66666666666667	444
chr2	402	4	1	200	200.0	529
chr2	402	5	1	200	200.0	1994
chr2	403	3	1	200	200.0	458
chr2	403	4	3	200	66.66666666666667	593
chr2	403	5	2	200	100.0	1875
chr2	404	3	1	200	200.0	485
chr2	404	4	3	200	66.66666666666667	528
chr2	404	5	3	200	66.66666666666667	2053
chr2	405	3	3	200	66.66666666666667	446
chr2	405	4	4	200	50.0	510
chr2	405	5	1	200	200.0	2205
chr2	406	3	1	200	200.0	518
chr2	406	4	3	200	66.66666666666667	572
chr2	406	5	2	200	100.0	2019
chr2	406	6	2	200	100.0	13578
chr2	407	3	2	200	100.0	465
chr2	407	4	6	200	33.333333333333336	601
chr2	407	6	1	200	200.0	14011
chr2	408	3	1	200	200.0	472
chr2	408	4	4	200	50.0	607
chr2	408	5	2	200	100.0	2014
chr2	409	4	2	200	100.0	558
chr2	409	5	1	200	200.0	1846
chr2	409	6	1	200	200.0	13752
chr2	410	3	1	200	200.0	520
chr2	410	4	4	200	50.0	525
chr2	410	5	5	200	40.0	2022
chr2	411	4	2	200	100.0	588
chr2	412	3	3	200	66.66666666666667	450
chr2	412	4	3	200	66.66666666666667	571
chr2	412	5	1	200	200.0	2118
chr2	412	6	1	200	200.0	12728
chr2	413	3	1	200	200.0	452
chr2	413	4	3	200	66.66666666666667	593
chr2	413	5	3	200	66.66666666666667	2390
chr2	414	3	4	200	50.0	453
chr2	414	4	2	200	100.0	580
chr2	414	5	1	200	200.0	2286
chr2	414	7	1	200	200.0	80466
chr2	415	3	6	200	33.333333333333336	487
chr2	415	4	1	200	200.0	563
chr2	415	5	2	200	100.0	2132
chr2	416	3	4	200	50.0	420
chr2	416	4	2	200	100.0	612
chr2	416	5	1	200	200.0	2088
chr2	416	6	1	200	200.0	13259
chr2	416	7	1	200	200.0	84729
chr2	417	3	1	200	200.0	458
chr2	417	4	5	200	40.0	520
chr2	417	5	3	200	66.66666666666667	2002
chr2	418	3	3	200	66.66666666666667	452
chr2	418	4	5	200	40.0	518
chr2	418	6	1	200	200.0	11541
chr2	419	3	2	200	100.0	463
chr2	419	4	5	200	40.0	518
chr2	420	3	3	200	66.66666666666667	451
chr2	420	4	2	200	100.0	534
chr2	420	5	1	200	200.0	1978
chr2	421	3	2	200	100.0	429
chr2	421	4	4	200	50.0	578
chr2	421	5	3	200	66.66666666666667	2194
chr2	422	3	3	200	66.66666666666667	475
chr2	422	4	8	200	25.0	582
chr2	422	5	3	200	66.66666666666667	2097
chr2	423	3	1	200	200.0	485
chr2	423	4	7	200	28.571428571428573	513
chr2	424	2	1	200	200.0	2349
chr2	424	5	1	200	200.0	2138
chr2	424	6	1	200	200.0	16061
chr2	425	3	2	200	100.0	441
chr2	425	4	8	200	25.0	542
chr2	425	5	3	200	66.66666666666667	1908
chr2	425	7	2	200	100.0	88924
chr2	426	3	1	200	200.0	502
chr2	426	4	3	200	66.66666666666667	517
chr2	426	5	1	200	200.0	2330
chr2	427	3	4	200	50.0	494
chr2	427	5	2	200	100.0	2089
chr2	428	3	3	200	66.66666666666667	445
chr2	428	4	4	200	50.0	580
chr2	428	6	1	200	200.0	14673
chr2	429	3	1	200	200.0	443
chr2	429	4	6	200	33.333333333333336	540
chr2	429	5	1	200	200.0	2049
chr2	430	3	4	200	50.0	439
chr2	430	4	6	200	33.333333333333336	547
chr2	430	5	1	200	200.0	1971
chr2	430	6	1	200	200.0	12432
chr2	431	3	4	200	50.0	456
chr2	431	4	7	200	28.571428571428573	581
chr2	431	6	1	200	200.0	15146
chr2	432	3	7	200	28.571428571428573	489
chr2	432	4	2	200	100.0	584
chr2	433	3	2	200	100.0	442
chr2	433	4	6	200	33.333333333333336	565
chr2	434	3	1	200	200.0	465
chr2	434	4	2	200	100.0	568
chr2	434	5	1	200	200.0	1858
chr2	434	6	2	200	100.0	13724
chr2	435	3	1	200	200.0	432
chr2	435	4	3	200	66.66666666666667	536
chr2	435	5	1	200	200.0	2165
chr2	436	3	3	200	66.66666666666667	432
chr2	436	4	4	200	50.0	568
chr2	436	5	4	200	50.0	2031
chr2	436	7	1	200	200.0	78512
chr2	437	3	2	200	100.0	472
chr2	437	4	2	200	100.0	635
chr2	437	5	1	200	200.0	2093
chr2	438	4	4	200	50.0	580
chr2	438	6	2	200	100.0	12647
chr2	439	3	3	200	66.66666666666667	483
chr2	439	4	3	200	66.66666666666667	546
chr2	439	5	1	200	200.0	2248
chr2	440	3	3	200	66.66666666666667	449
chr2	440	4	2	200	100.0	595
chr2	440	6	1	200	200.0	12871
chr2	441	4	4	200	50.0	588
chr2	441	5	1	200	200.0	2014
chr2	442	3	3	200	66.66666666666667	483
chr2	442	4	1	200	200.0	604
chr2	442	5	3	200	66.66666666666667	2113
chr2	442	7	1	200	200.0	73368
chr2	443	3	7	200	28.571428571428573	453
chr2	443	4	1	200	200.0	583
chr2	443	5	1	200	200.0	2183
chr2	443	6	1	200	200.0	14695
chr2	444	3	2	200	100.0	487
chr2	444	4	1	200	200.0	566
chr2	444	5	2	200	100.0	1974
chr2	444	6	1	200	200.0	13076
chr2	445	3	2	200	100.0	464
chr2	445	4	2	200	100.0	557
chr2	445	5	1	200	200.0	2484
chr2	446	4	2	200	100.0	566
chr2	446	5	2	200	100.0	2018
chr2	447	3	1	200	200.0	466
chr2	447	4	2	200	100.0	539
chr2	447	5	1	200	200.0	2158
chr2	447	6	2	200	100.0	14599
chr2	448	3	1	200	200.0	469
chr2	448	4	6	200	33.333333333333336	557
chr2	448	5	4	200	50.0	2004
chr2	448	6	1	200	200.0	14848
chr2	449	3	3	200	66.66666666666667	440
chr2	449	4	3	200	66.66666666666667	593
chr2	449	5	3	200	66.66666666666667	1942
chr2	450	3	2	200	100.0	414
chr2	450	4	5	200	40.0	570
chr2	450	5	1	200	200.0	2135
chr2	451	3	2	200	100.0	506
chr2	451	4	2	200	100.0	569
chr2	451	5	3	200	66.66666666666667	2302
chr2	451	6	2	200	100.0	13117
chr2	452	4	5	200	40.0	597
chr2	452	7	1	200	200.0	89866
chr2	453	3	1	200	200.0	430
chr2	453	4	3	200	66.66666666666667	541
chr2	453	5	1	200	200.0	2071
chr2	454	4	5	200	40.0	502
chr2	454	5	2	200	100.0	2397
chr2	455	4	5	200	40.0	536
chr2	455	5	2	200	100.0	2090
chr2	455	6	1	200	200.0	13517
chr2	456	3	2	200	100.0	441
chr2	456	4	2	200	100.0	589
chr2	456	5	2	200	100.0	1873
chr2	456	6	1	200	200.0	13155
chr2	457	3	1	200	200.0	474
chr2	457	4	6	200	33.333333333333336	546
chr2	457	5	2	200	100.0	2142
chr2	457	6	1	200	200.0	12696
chr2	458	3	2	200	100.0	452
chr2	458	4	1	200	200.0	566
chr2	458	5	2	200	100.0	2327
chr2	459	3	2	200	100.0	487
chr2	459	4	5	200	40.0	553
chr2	459	6	1	200	200.0	15320
chr2	460	3	1	200	200.0	461
chr2	460	4	5	200	40.0	568
chr2	460	5	1	200	200.0	2489
chr2	461	3	2	200	100.0	459
chr2	461	4	4	200	50.0	563
chr2	461	5	4	200	50.0	2332
chr2	462	3	1	200	200.0	445
chr2	462	4	6	200	33.333333333333336	593
chr2	462	5	2	200	100.0	2286
chr2	463	3	1	200	200.0	449
chr2	463	4	2	200	100.0	550
chr2	463	5	2	200	100.0	2574
chr2	464	3	1	200	200.0	399
chr2	464	4	5	200	40.0	528
chr2	465	3	2	200	100.0	477
chr2	465	4	6	200	33.333333333333336	566
chr2	465	5	2	200	100.0	2202
chr2	465	6	1	200	200.0	13034
chr2	466	3	1	200	200.0	481
chr2	466	4	6	200	33.333333333333336	607
chr2	466	5	2	200	100.0	2215
chr2	467	3	2	200	100.0	451
chr2	467	4	2	200	100.0	596
chr2	467	6	1	200	200.0	15456
chr2	468	3	1	200	200.0	425
chr2	468	4	5	200	40.0	533
chr2	468	5	1	200	200.0	2329
chr2	468	6	1	200	200.0	14702
chr2	469	3	2	200	100.0	437
chr2	469	4	2	200	100.0	597
chr2	469	5	4	200	50.0	2290
chr2	469	6	1	200	200.0	13798
chr2	470	3	2	200	100.0	495
chr2	470	4	2	200	100.0	540
chr2	470	5	1	200	200.0	2266
chr2	470	6	1	200	200.0	14504
chr2	471	4	3	200	66.66666666666667	582
chr2	471	5	5	200	40.0	2408
chr2	471	6	2	200	100.0	13488
chr2	472	3	2	200	100.0	474
chr2	472	4	5	200	40.0	567
chr2	472	5	5	200	40.0	2198
chr2	473	4	2	200	100.0	549
chr2	473	5	3	200	66.66666666666667	1986
chr2	473	6	1	200	200.0	13922
chr2	473	7	1	200	200.0	87986
chr2	474	3	1	200	200.0	466
chr2	474	4	2	200	100.0	552
chr2	474	5	3	200	66.66666666666667	2493
chr2	474	6	1	200	200.0	15931
chr2	474	7	1	200	200.0	85435
chr2	475	3	1	200	200.0	452
chr2	475	4	2	200	100.0	578
chr2	475	5	1	200	200.0	2243
chr2	475	6	1	200	200.0	13507
chr2	476	3	3	200	66.66666666666667	441
chr2	476	4	1	200	200.0	555
chr2	476	5	4	200	50.0	2113
chr2	476	6	1	200	200.0	13575
chr2	477	3	2	200	100.0	446
chr2	477	4	4	200	50.0	581
chr2	477	5	2	200	100.0	2277
chr2	478	3	1	200	200.0	422
chr2	478	4	2	200	100.0	577
chr2	478	5	1	200	200.0	2028
chr2	478	6	1	200	200.0	14643
chr2	479	3	2	200	100.0	471
chr2	479	4	4	200	50.0	570
chr2	479	5	1	200	200.0	2308
chr2	479	7	1	200	200.0	66706
chr2	480	4	2	200	100.0	525
chr2	480	5	5	200	40.0	2534
chr2	480	6	1	200	200.0	15428
chr2	481	3	2	200	100.0	410
chr2	481	4	3	200	66.66666666666667	519
chr2	481	5	2	200	100.0	2470
chr2	482	3	1	200	200.0	439
chr2	482	4	6	200	33.333333333333336	572
chr2	482	5	3	200	66.66666666666667	2209
chr2	482	6	1	200	200.0	14264
chr2	483	3	1	200	200.0	422
chr2	483	4	3	200	66.66666666666667	559
chr2	483	5	1	200	200.0	2112
chr2	484	5	2	200	100.0	2196
chr2	485	3	1	200	200.0	405
chr2	485	4	4	200	50.0	500
chr2	485	5	3	200	66.66666666666667	2168
chr2	485	6	1	200	200.0	14076
chr2	486	3	1	200	200.0	480
chr2	486	4	4	200	50.0	601
chr2	486	5	2	200	100.0	2383
chr2	487	3	1	200	200.0	448
chr2	487	4	5	200	40.0	498
chr2	488	3	1	200	200.0	432
chr2	488	4	5	200	40.0	566
chr2	488	5	3	200	66.66666666666667	2198
chr2	489	3	1	200	200.0	446
chr2	489	4	3	200	66.66666666666667	549
chr2	490	3	1	200	200.0	400
chr2	490	4	5	200	40.0	567
chr2	490	5	1	200	200.0	2296
chr2	490	6	2	200	100.0	14352
chr2	491	4	5	200	40.0	541
chr2	492	3	1	200	200.0	394
chr2	492	4	3	200	66.66666666666667	581
chr2	492	5	1	200	200.0	2183
chr2	492	6	1	200	200.0	14473
chr2	493	4	1	200	200.0	548
chr2	493	5	3	200	66.66666666666667	2348
chr2	493	6	1	200	200.0	15043
chr2	494	3	1	200	200.0	402
chr2	495	4	5	200	40.0	568
chr2	495	5	1	200	200.0	2892
chr2	495	6	1	200	200.0	13328
chr2	496	4	1	200	200.0	565
chr2	496	5	3	200	66.66666666666667	2196
chr2	497	3	1	200	200.0	425
chr2	497	4	4	200	50.0	537
chr2	497	5	1	200	200.0	2210
chr2	497	7	1	200	200.0	93335
chr2	498	3	3	200	66.66666666666667	436
chr2	498	4	5	200	40.0	579
chr2	498	5	2	200	100.0	2305
chr2	498	6	1	200	200.0	14058
chr2	499	3	3	200	66.66666666666667	429
chr2	499	4	2	200	100.0	485
chr2	499	5	1	200	200.0	2360
chr2	500	4	2	200	100.0	528
chr2	500	5	1	200	200.0	2415
chr2	500	6	2	200	100.0	14315
chr2	501	3	1	200	200.0	478
chr2	501	4	5	200	40.0	553
chr2	501	5	3	200	66.66666666666667	1987
chr2	501	6	1	200	200.0	13961
chr2	502	4	2	200	100.0	568
chr2	502	5	2	200	100.0	2013
chr2	502	6	1	200	200.0	13332
chr2	503	4	5	200	40.0	595
chr2	503	5	1	200	200.0	2296
chr2	504	4	2	200	100.0	576
chr2	504	5	1	200	200.0	2256
chr2	505	3	1	200	200.0	467
chr2	505	4	5	200	40.0	498
chr2	506	3	1	200	200.0	431
chr2	506	4	2	200	100.0	576
chr2	506	5	3	200	66.66666666666667	2546
chr2	507	3	2	200	100.0	423
chr2	507	4	1	200	200.0	599
chr2	507	5	2	200	100.0	2448
chr2	508	3	2	200	100.0	470
chr2	508	4	3	200	66.66666666666667	571
chr2	508	5	1	200	200.0	2026
chr2	509	6	1	200	200.0	12298
chr2	510	3	1	200	200.0	448
chr2	510	4	4	200	50.0	509
chr2	511	3	1	200	200.0	454
chr2	511	4	1	200	200.0	569
chr2	511	5	2	200	100.0	2349
chr2	512	4	2	200	100.0	610
chr2	512	5	1	200	200.0	2419
chr2	512	6	1	200	200.0	15167
chr2	513	3	1	200	200.0	470
chr2	513	4	3	200	66.66666666666667	578
chr2	513	5	2	200	100.0	2573
chr2	513	6	1	200	200.0	15629
chr2	514	3	3	200	66.66666666666667	443
chr2	514	4	2	200	100.0	534
chr2	515	4	1	200	200.0	534
chr2	515	5	2	200	100.0	2336
chr2	516	3	1	200	200.0	476
chr2	516	4	2	200	100.0	554
chr2	516	5	1	200	200.0	2316
chr2	516	6	1	200	200.0	12366
chr2	517	3	1	200	200.0	435
chr2	517	4	2	200	100.0	549
chr2	517	5	2	200	100.0	2264
chr2	518	4	3	200	66.66666666666667	523
chr2	519	3	1	200	200.0	442
chr2	519	4	2	200	100.0	543
chr2	519	5	1	200	200.0	2311
chr2	519	6	1	200	200.0	14293
chr2	520	4	2	200	100.0	548
chr2	520	5	3	200	66.66666666666667	2303
chr2	520	6	2	200	100.0	15226
chr2	521	3	1	200	200.0	480
chr2	521	4	1	200	200.0	613
chr2	521	6	2	200	100.0	14127
chr2	522	4	5	200	40.0	576
chr2	523	3	1	200	200.0	455
chr2	523	4	3	200	66.66666666666667	551
chr2	523	5	3	200	66.66666666666667	2160
chr2	523	6	1	200	200.0	15313
chr2	524	4	1	200	200.0	567
chr2	524	5	1	200	200.0	2450
chr2	525	4	3	200	66.66666666666667	590
chr2	525	5	3	200	66.66666666666667	2145
chr2	526	4	1	200	200.0	561
chr2	526	5	1	200	200.0	2401
chr2	526	6	2	200	100.0	13935
chr2	527	3	2	200	100.0	455
chr2	527	4	1	200	200.0	566
chr2	527	5	1	200	200.0	2361
chr2	528	3	1	200	200.0	470
chr2	528	4	5	200	40.0	575
chr2	528	5	4	200	50.0	1885
chr2	529	4	5	200	40.0	557
chr2	529	5	4	200	50.0	2245
chr2	529	6	3	200	66.66666666666667	14239
chr2	530	3	2	200	100.0	449
chr2	530	4	2	200	100.0	513
chr2	530	5	1	200	200.0	2305
chr2	531	3	1	200	200.0	441
chr2	531	4	2	200	100.0	525
chr2	531	5	2	200	100.0	2476
chr2	532	3	3	200	66.66666666666667	412
chr2	532	4	3	200	66.66666666666667	545
chr2	532	5	1	200	200.0	2194
chr2	533	3	1	200	200.0	448
chr2	533	4	4	200	50.0	545
chr2	533	5	1	200	200.0	2187
chr2	534	3	4	200	50.0	443
chr2	534	6	1	200	200.0	13553
chr2	535	4	1	200	200.0	572
chr2	535	7	1	200	200.0	91354
chr2	536	4	2	200	100.0	514
chr2	536	5	1	200	200.0	2358
chr2	536	6	1	200	200.0	14626
chr2	537	4	3	200	66.66666666666667	528
chr2	537	5	2	200	100.0	2442
chr2	537	6	2	200	100.0	13513
chr2	538	3	1	200	200.0	442
chr2	538	4	1	200	200.0	568
chr2	538	5	1	200	200.0	2349
chr2	539	4	3	200	66.66666666666667	534
chr2	539	5	2	200	100.0	2324
chr2	539	6	2	200	100.0	15757
chr2	540	3	1	200	200.0	434
chr2	540	4	3	200	66.66666666666667	563
chr2	540	5	1	200	200.0	2185
chr2	541	4	4	200	50.0	596
chr2	542	4	1	200	200.0	515
chr2	542	5	1	200	200.0	2366
chr2	543	4	2	200	100.0	534
chr2	543	5	1	200	200.0	2173
chr2	544	3	2	200	100.0	423
chr2	544	4	5	200	40.0	508
chr2	544	5	2	200	100.0	2181
chr2	545	4	3	200	66.66666666666667	498
chr2	545	5	2	200	100.0	2842
chr2	546	4	2	200	100.0	534
chr2	546	5	1	200	200.0	2418
chr2	547	4	1	200	200.0	492
chr2	547	6	1	200	200.0	16019
chr2	548	3	1	200	200.0	449
chr2	548	4	1	200	200.0	548
chr2	548	5	2	200	100.0	2351
chr2	548	6	3	200	66.66666666666667	12811
chr2	549	5	2	200	100.0	2401
chr2	550	4	4	200	50.0	587
chr2	550	5	2	200	100.0	2342
chr2	550	6	1	200	200.0	15836
chr2	551	4	2	200	100.0	518
chr2	551	5	5	200	40.0	2506
chr2	552	5	4	200	50.0	2111
chr2	553	3	1	200	200.0	422
chr2	553	4	2	200	100.0	557
chr2	553	5	2	200	100.0	2341
chr2	553	6	3	200	66.66666666666667	13999
chr2	554	4	3	200	66.66666666666667	566
chr2	555	3	1	200	200.0	442
chr2	555	4	1	200	200.0	530
chr2	555	5	1	200	200.0	2436
chr2	556	4	1	200	200.0	521
chr2	556	6	1	200	200.0	15510
chr2	557	3	1	200	200.0	434
chr2	557	4	1	200	200.0	537
chr2	557	5	3	200	66.66666666666667	2062
chr2	557	6	1	200	200.0	14786
chr2	558	4	5	200	40.0	553
chr2	558	5	3	200	66.66666666666667	2595
chr2	558	6	1	200	200.0	15636
chr2	559	4	4	200	50.0	559
chr2	559	5	4	200	50.0	2382
chr2	560	4	1	200	200.0	540
chr2	560	6	1	200	200.0	14755
chr2	561	4	1	200	200.0	537
chr2	561	5	2	200	100.0	2467
chr2	562	3	1	200	200.0	486
chr2	562	4	1	200	200.0	500
chr2	562	5	5	200	40.0	2192
chr2	563	4	4	200	50.0	581
chr2	563	5	1	200	200.0	2732
chr2	563	6	1	200	200.0	15404
chr2	564	4	2	200	100.0	525
chr2	564	5	1	200	200.0	2441
chr2	565	3	1	200	200.0	435
chr2	565	4	2	200	100.0	522
chr2	565	5	1	200	200.0	2272
chr2	565	6	1	200	200.0	15404
chr2	566	3	1	200	200.0	406
chr2	566	4	2	200	100.0	546
chr2	567	3	1	200	200.0	468
chr2	567	4	3	200	66.66666666666667	570
chr2	567	5	1	200	200.0	2241
chr2	567	6	1	200	200.0	14491
chr2	568	3	2	200	100.0	417
chr2	568	4	3	200	66.66666666666667	552
chr2	568	5	1	200	200.0	2242
chr2	568	6	1	200	200.0	14496
chr2	568	7	1	200	200.0	100501
chr2	569	4	6	200	33.333333333333336	530
chr2	569	5	4	200	50.0	2496
chr2	570	4	2	200	100.0	507
chr2	570	5	2	200	100.0	2394
chr2	571	3	1	200	200.0	404
chr2	571	5	3	200	66.66666666666667	2415
chr2	572	4	3	200	66.66666666666667	580
chr2	572	5	2	200	100.0	2612
chr2	573	3	1	200	200.0	426
chr2	573	6	1	200	200.0	13926
chr2	574	4	1	200	200.0	528
chr2	574	5	3	200	66.66666666666667	2309
chr2	575	4	5	200	40.0	503
chr2	575	5	2	200	100.0	2133
chr2	575	6	1	200	200.0	16478
chr2	576	4	4	200	50.0	472
chr2	576	6	3	200	66.66666666666667	15287
chr2	577	4	2	200	100.0	540
chr2	577	5	1	200	200.0	2160
chr2	578	3	2	200	100.0	445
chr2	578	4	6	200	33.333333333333336	599
chr2	578	6	1	200	200.0	16357
chr2	579	4	3	200	66.66666666666667	584
chr2	579	5	1	200	200.0	2504
chr2	579	6	1	200	200.0	14863
chr2	580	4	2	200	100.0	522
chr2	580	6	1	200	200.0	13690
chr2	581	4	2	200	100.0	548
chr2	582	3	3	200	66.66666666666667	477
chr2	582	5	3	200	66.66666666666667	2678
chr2	583	4	4	200	50.0	570
chr2	583	5	2	200	100.0	2466
chr2	584	4	2	200	100.0	529
chr2	585	4	1	200	200.0	573
chr2	585	5	1	200	200.0	2258
chr2	586	4	3	200	66.66666666666667	537
chr2	586	5	1	200	200.0	2175
chr2	588	4	2	200	100.0	538
chr2	588	5	1	200	200.0	2192
chr2	589	3	2	200	100.0	414
chr2	589	4	1	200	200.0	541
chr2	589	5	2	200	100.0	2465
chr2	589	6	1	200	200.0	13935
chr2	590	3	1	200	200.0	462
chr2	590	4	4	200	50.0	503
chr2	590	5	2	200	100.0	2257
chr2	591	4	2	200	100.0	554
chr2	591	5	1	200	200.0	2530
chr2	592	6	1	200	200.0	15911
chr2	593	4	3	200	66.66666666666667	528
chr2	593	5	3	200	66.66666666666667	2242
chr2	593	6	1	200	200.0	14750
chr2	594	4	2	200	100.0	520
chr2	594	5	1	200	200.0	2625
chr2	594	6	1	200	200.0	14705
chr2	595	4	1	200	200.0	518
chr2	595	5	1	200	200.0	2352
chr2	596	4	1	200	200.0	550
chr2	596	5	4	200	50.0	2273
chr2	596	6	2	200	100.0	14602
chr2	597	3	1	200	200.0	444
chr2	597	4	2	200	100.0	559
chr2	597	5	3	200	66.66666666666667	2246
chr2	597	6	1	200	200.0	16302
chr2	598	3	1	200	200.0	422
chr2	598	4	1	200	200.0	594
chr2	598	5	1	200	200.0	2209
chr2	599	4	4	200	50.0	549
chr2	599	5	1	200	200.0	2656
chr2	599	7	1	200	200.0	91079
chr2	600	4	3	200	66.66666666666667	552
chr2	601	4	3	200	66.66666666666667	608
chr2	601	6	1	200	200.0	15126
chr2	602	4	2	200	100.0	550
chr2	602	5	4	200	50.0	2668
chr2	603	4	2	200	100.0	548
chr2	603	6	1	200	200.0	14269
chr2	604	4	2	200	100.0	532
chr2	604	5	2	200	100.0	2384
chr2	605	4	3	200	66.66666666666667	580
chr2	605	5	2	200	100.0	2356
chr2	606	4	6	200	33.333333333333336	558
chr2	606	5	1	200	200.0	2533
chr2	607	4	2	200	100.0	566
chr2	607	5	1	200	200.0	2523
chr2	608	3	1	200	200.0	447
chr2	608	4	2	200	100.0	569
chr2	608	5	1	200	200.0	2222
chr2	608	6	1	200	200.0	13860
chr2	609	4	4	200	50.0	548
chr2	609	6	1	200	200.0	15983
chr2	610	4	5	200	40.0	539
chr2	610	5	3	200	66.66666666666667	2507
chr2	610	7	1	200	200.0	99128
chr2	611	4	1	200	200.0	585
chr2	611	5	1	200	200.0	2653
chr2	611	6	1	200	200.0	14235
chr2	612	4	2	200	100.0	592
chr2	613	3	2	200	100.0	454
chr2	613	5	2	200	100.0	2321
chr2	613	6	2	200	100.0	15143
chr2	614	4	1	200	200.0	519
chr2	614	5	3	200	66.66666666666667	2183
chr2	614	6	1	200	200.0	13953
chr2	615	3	1	200	200.0	423
chr2	615	4	2	200	100.0	572
chr2	615	5	1	200	200.0	2656
chr2	615	6	3	200	66.66666666666667	14513
chr2	616	3	1	200	200.0	412
chr2	616	4	2	200	100.0	582
chr2	616	5	1	200	200.0	2338
chr2	616	7	1	200	200.0	94806
chr2	617	3	1	200	200.0	447
chr2	617	4	4	200	50.0	559
chr2	617	6	1	200	200.0	14942
chr2	618	3	1	200	200.0	423
chr2	618	4	1	200	200.0	544
chr2	619	3	1	200	200.0	415
chr2	620	4	1	200	200.0	502
chr2	620	5	2	200	100.0	2931
chr2	621	3	1	200	200.0	461
chr2	621	4	2	200	100.0	613
chr2	622	5	2	200	100.0	2153
chr2	623	4	4	200	50.0	513
chr2	623	5	2	200	100.0	2615
chr2	623	6	1	200	200.0	16179
chr2	624	4	1	200	200.0	527
chr2	624	5	1	200	200.0	2357
chr2	625	4	1	200	200.0	519
chr2	625	5	1	200	200.0	2499
chr2	625	6	1	200	200.0	15922
chr2	626	3	1	200	200.0	446
chr2	626	4	4	200	50.0	527
chr2	626	6	1	200	200.0	13166
chr2	627	5	1	200	200.0	2372
chr2	628	3	1	200	200.0	371
chr2	629	4	2	200	100.0	500
chr2	629	5	4	200	50.0	2152
chr2	629	6	1	200	200.0	14892
chr2	630	4	1	200	200.0	528
chr2	630	5	1	200	200.0	2227
chr2	630	6	1	200	200.0	13678
chr2	632	4	2	200	100.0	585
chr2	632	5	3	200	66.66666666666667	2250
chr2	633	4	2	200	100.0	524
chr2	634	3	1	200	200.0	440
chr2	634	4	1	200	200.0	542
chr2	636	5	1	200	200.0	2302
chr2	636	6	1	200	200.0	15328
chr2	637	4	2	200	100.0	549
chr2	637	5	1	200	200.0	2688
chr2	638	4	3	200	66.66666666666667	587
chr2	638	5	1	200	200.0	2492
chr2	638	7	1	200	200.0	99088
chr2	639	3	1	200	200.0	437
chr2	639	4	1	200	200.0	543
chr2	639	5	1	200	200.0	2325
chr2	639	6	1	200	200.0	14864
chr2	640	4	2	200	100.0	509
chr2	640	5	2	200	100.0	2499
chr2	640	6	1	200	200.0	16191
chr2	641	4	2	200	100.0	550
chr2	641	5	3	200	66.66666666666667	2589
chr2	641	6	1	200	200.0	14597
chr2	642	4	1	200	200.0	572
chr2	642	5	1	200	200.0	2566
chr2	642	6	1	200	200.0	14738
chr2	643	4	2	200	100.0	524
chr2	643	6	1	200	200.0	14635
chr2	644	4	2	200	100.0	532
chr2	644	5	1	200	200.0	2341
chr2	645	4	1	200	200.0	581
chr2	645	5	1	200	200.0	2282
chr2	646	4	2	200	100.0	479
chr2	647	5	2	200	100.0	2406
chr2	648	4	1	200	200.0	582
chr2	648	5	3	200	66.66666666666667	2294
chr2	649	3	1	200	200.0	392
chr2	649	4	1	200	200.0	592
chr2	649	5	2	200	100.0	2507
chr2	650	3	1	200	200.0	409
chr2	650	4	1	200	200.0	545
chr2	650	5	2	200	100.0	1959
chr2	651	3	1	200	200.0	441
chr2	651	5	2	200	100.0	2592
chr2	651	6	1	200	200.0	15952
chr2	652	3	1	200	200.0	465
chr2	652	5	3	200	66.66666666666667	2089
chr2	653	3	1	200	200.0	421
chr2	653	4	2	200	100.0	508
chr2	653	5	1	200	200.0	2528
chr2	654	3	1	200	200.0	421
chr2	654	5	1	200	200.0	2112
chr2	655	4	2	200	100.0	497
chr2	655	5	3	200	66.66666666666667	2381
chr2	655	6	1	200	200.0	12663
chr2	656	4	3	200	66.66666666666667	493
chr2	656	5	2	200	100.0	2670
chr2	657	4	1	200	200.0	565
chr2	657	5	1	200	200.0	2603
chr2	658	4	1	200	200.0	506
chr2	658	5	1	200	200.0	2269
chr2	659	6	1	200	200.0	16284
chr2	660	4	1	200	200.0	540
chr2	661	3	1	200	200.0	438
chr2	661	4	2	200	100.0	549
chr2	661	5	2	200	100.0	2630
chr2	661	6	1	200	200.0	15590
chr2	662	5	3	200	66.66666666666667	2446
chr2	663	4	3	200	66.66666666666667	532
chr2	663	5	3	200	66.66666666666667	2500
chr2	664	4	2	200	100.0	555
chr2	664	6	1	200	200.0	16306
chr2	666	4	2	200	100.0	538
chr2	666	5	1	200	200.0	2211
chr2	667	4	1	200	200.0	591
chr2	667	5	2	200	100.0	2583
chr2	668	3	1	200	200.0	453
chr2	668	4	1	200	200.0	588
chr2	669	4	5	200	40.0	579
chr2	670	4	1	200	200.0	563
chr2	671	4	1	200	200.0	508
chr2	671	5	1	200	200.0	2600
chr2	672	5	1	200	200.0	2595
chr2	673	4	1	200	200.0	583
chr2	673	5	2	200	100.0	2558
chr2	673	6	1	200	200.0	16701
chr2	674	4	2	200	100.0	523
chr2	674	5	2	200	100.0	2687
chr2	674	6	1	200	200.0	16837
chr2	676	4	1	200	200.0	544
chr2	677	4	2	200	100.0	521
chr2	677	6	2	200	100.0	14080
chr2	678	4	1	200	200.0	577
chr2	679	5	2	200	100.0	2480
chr2	679	6	1	200	200.0	15732
chr2	679	7	1	200	200.0	101284
chr2	680	6	2	200	100.0	15992
chr2	682	4	1	200	200.0	599
chr2	682	5	1	200	200.0	2645
chr2	682	6	1	200	200.0	14848
chr2	683	3	1	200	200.0	400
chr2	683	4	2	200	100.0	510
chr2	683	6	1	200	200.0	16647
chr2	684	4	1	200	200.0	552
chr2	685	3	1	200	200.0	419
chr2	685	4	2	200	100.0	553
chr2	685	5	2	200	100.0	2648
chr2	685	6	1	200	200.0	14310
chr2	686	3	1	200	200.0	474
chr2	686	4	1	200	200.0	546
chr2	686	5	2	200	100.0	2464
chr2	687	4	2	200	100.0	508
chr2	687	5	1	200	200.0	2561
chr2	687	6	1	200	200.0	14375
chr2	688	5	2	200	100.0	2547
chr2	688	6	1	200	200.0	15740
chr2	689	4	1	200	200.0	540
chr2	690	4	1	200	200.0	535
chr2	690	5	1	200	200.0	2682
chr2	691	4	1	200	200.0	498
chr2	691	5	1	200	200.0	2422
chr2	692	5	2	200	100.0	2603
chr2	693	5	2	200	100.0	2579
chr2	693	6	1	200	200.0	15421
chr2	694	3	1	200	200.0	431
chr2	694	4	1	200	200.0	580
chr2	694	5	2	200	100.0	2158
chr2	695	4	3	200	66.66666666666667	509
chr2	695	5	1	200	200.0	2903
chr2	695	6	1	200	200.0	16938
chr2	696	4	1	200	200.0	536
chr2	697	5	2	200	100.0	2590
chr2	698	4	1	200	200.0	593
chr2	698	5	2	200	100.0	2355
chr2	699	6	1	200	200.0	16627
chr2	700	5	1	200	200.0	2453
chr2	700	6	1	200	200.0	16080
chr2	701	4	1	200	200.0	573
chr2	701	5	1	200	200.0	2582
chr2	702	4	2	200	100.0	490
chr2	702	5	1	200	200.0	2336
chr2	703	4	2	200	100.0	587
chr2	703	5	1	200	200.0	2477
chr2	704	5	1	200	200.0	2472
chr2	704	6	1	200	200.0	15451
chr2	706	4	1	200	200.0	538
chr2	707	3	1	200	200.0	403
chr2	707	5	3	200	66.66666666666667	2598
chr2	708	5	2	200	100.0	2542
chr2	709	5	1	200	200.0	2780
chr2	709	6	1	200	200.0	15661
chr2	710	4	1	200	200.0	556
chr2	710	5	1	200	200.0	2302
chr2	711	4	1	200	200.0	597
chr2	711	6	1	200	200.0	17449
chr2	712	4	1	200	200.0	532
chr2	714	3	1	200	200.0	408
chr2	714	4	1	200	200.0	538
chr2	715	4	1	200	200.0	552
chr2	716	4	2	200	100.0	531
chr2	717	4	2	200	100.0	508
chr2	717	6	1	200	200.0	13615
chr2	718	3	1	200	200.0	409
chr2	718	4	2	200	100.0	529
chr2	718	5	2	200	100.0	2865
chr2	719	4	1	200	200.0	558
chr2	720	3	1	200	200.0	422
chr2	720	4	2	200	100.0	533
chr2	721	4	2	200	100.0	567
chr2	721	5	1	200	200.0	2566
chr2	721	6	1	200	200.0	16266
chr2	722	5	1	200	200.0	2517
chr2	722	6	1	200	200.0	15179
chr2	724	4	1	200	200.0	546
chr2	724	5	2	200	100.0	2667
chr2	725	6	1	200	200.0	16561
chr2	726	5	2	200	100.0	2536
chr2	727	5	1	200	200.0	2526
chr2	729	4	2	200	100.0	553
chr2	729	5	1	200	200.0	2892
chr2	729	6	1	200	200.0	17088
chr2	730	4	1	200	200.0	553
chr2	730	5	2	200	100.0	2709
chr2	730	6	1	200	200.0	14738
chr2	731	5	1	200	200.0	2630
chr2	733	5	1	200	200.0	2415
chr2	734	5	1	200	200.0	2504
chr2	734	6	1	200	200.0	16463
chr2	735	6	1	200	200.0	14154
chr2	738	4	1	200	200.0	529
chr2	738	5	1	200	200.0	3003
chr2	739	3	1	200	200.0	392
chr2	739	4	1	200	200.0	600
chr2	739	6	1	200	200.0	16659
chr2	740	4	2	200	100.0	584
chr2	740	5	1	200	200.0	2662
chr2	741	4	1	200	200.0	576
chr2	741	5	2	200	100.0	2862
chr2	744	5	1	200	200.0	2327
chr2	745	5	1	200	200.0	2554
chr2	745	6	2	200	100.0	15317
chr2	746	5	1	200	200.0	2426
chr2	748	5	2	200	100.0	2716
chr2	750	4	1	200	200.0	571
chr2	751	4	1	200	200.0	522
chr2	751	6	1	200	200.0	16179
chr2	752	4	1	200	200.0	553
chr2	752	6	1	200	200.0	15403
chr2	753	6	2	200	100.0	16116
chr2	756	5	2	200	100.0	2594
chr2	757	4	2	200	100.0	518
chr2	757	5	1	200	200.0	2501
chr2	758	5	1	200	200.0	2609
chr2	761	4	1	200	200.0	553
chr2	762	5	1	200	200.0	2517
chr2	763	4	2	200	100.0	575
chr2	763	5	1	200	200.0	2539
chr2	765	5	1	200	200.0	2799
chr2	766	4	2	200	100.0	577
chr2	766	5	1	200	200.0	2846
chr2	767	5	1	200	200.0	2577
chr2	768	4	1	200	200.0	541
chr2	768	5	1	200	200.0	2472
chr2	769	4	2	200	100.0	529
chr2	769	5	1	200	200.0	2617
chr2	770	4	1	200	200.0	569
chr2	771	4	2	200	100.0	518
chr2	772	5	1	200	200.0	2548
chr2	774	4	1	200	200.0	613
chr2	774	5	1	200	200.0	2830
chr2	775	6	1	200	200.0	15876
chr2	776	5	1	200	200.0	2438
chr2	778	5	2	200	100.0	2874
chr2	779	4	1	200	200.0	511
chr2	779	6	1	200	200.0	17448
chr2	780	5	1	200	200.0	2394
chr2	782	3	1	200	200.0	454
chr2	782	5	1	200	200.0	2418
chr2	783	4	1	200	200.0	591
chr2	784	4	1	200	200.0	550
chr2	785	6	1	200	200.0	16198
chr2	786	4	2	200	100.0	538
chr2	787	4	1	200	200.0	571
chr2	789	5	3	200	66.66666666666667	2605
chr2	790	4	1	200	200.0	542
chr2	790	5	2	200	100.0	2956
chr2	791	5	1	200	200.0	2566
chr2	791	6	1	200	200.0	16159
chr2	794	4	2	200	100.0	587
chr2	794	6	1	200	200.0	15625
chr2	795	4	1	200	200.0	504
chr2	796	4	1	200	200.0	586
chr2	797	4	1	200	200.0	560
chr2	797	5	1	200	200.0	2773
chr2	798	4	1	200	200.0	591
chr2	798	5	1	200	200.0	2603
chr2	803	5	1	200	200.0	2877
chr2	804	6	1	200	200.0	16897
chr2	805	5	1	200	200.0	2664
chr2	808	4	1	200	200.0	573
chr2	810	5	1	200	200.0	2472
chr2	811	4	1	200	200.0	502
chr2	813	5	1	200	200.0	2827
chr2	814	4	2	200	100.0	570
chr2	814	5	1	200	200.0	2808
chr2	817	4	2	200	100.0	535
chr2	817	6	1	200	200.0	14165
chr2	818	5	1	200	200.0	2409
chr2	820	5	1	200	200.0	2529
chr2	824	5	1	200	200.0	2682
chr2	825	5	2	200	100.0	2475
chr2	827	5	1	200	200.0	2436
chr2	828	6	1	200	200.0	16507
chr2	832	5	1	200	200.0	2697
chr2	832	6	1	200	200.0	16700
chr2	833	5	1	200	200.0	2511
chr2	836	4	1	200	200.0	568
chr2	836	5	1	200	200.0	2779
chr2	837	5	1	200	200.0	2465
chr2	838	5	1	200	200.0	2849
chr2	838	6	1	200	200.0	15992
chr2	839	5	1	200	200.0	2630
chr2	840	5	1	200	200.0	3322
chr2	841	6	2	200	100.0	16432
chr2	843	4	1	200	200.0	507
chr2	843	5	1	200	200.0	2325
chr2	844	4	1	200	200.0	493
chr2	845	4	1	200	200.0	492
chr2	845	6	1	200	200.0	16550
chr2	848	4	1	200	200.0	538
chr2	849	5	1	200	200.0	2573
chr2	851	5	2	200	100.0	2538
chr2	853	4	1	200	200.0	562
chr2	853	5	1	200	200.0	2525
chr2	857	5	1	200	200.0	2568
chr2	858	4	1	200	200.0	536
chr2	858	5	1	200	200.0	2809
chr2	862	5	1	200	200.0	2599
chr2	863	6	1	200	200.0	17495
chr2	864	4	1	200	200.0	542
chr2	864	5	1	200	200.0	2490
chr2	865	5	1	200	200.0	2774
chr2	866	4	1	200	200.0	573
chr2	866	5	2	200	100.0	2717
chr2	869	4	1	200	200.0	576
chr2	870	4	1	200	200.0	577
chr2	870	5	1	200	200.0	3086
chr2	871	5	1	200	200.0	2712
chr2	873	5	1	200	200.0	2610
chr2	877	5	1	200	200.0	3090
chr2	878	4	1	200	200.0	577
chr2	879	5	1	200	200.0	2862
chr2	880	4	1	200	200.0	500
chr2	880	5	1	200	200.0	2569
chr2	881	6	1	200	200.0	15856
chr2	882	4	1	200	200.0	566
chr2	885	4	1	200	200.0	520
chr2	886	5	1	200	200.0	2416
chr2	886	6	1	200	200.0	17207
chr2	892	5	2	200	100.0	2609
chr2	895	5	1	200	200.0	3113
chr2	895	6	1	200	200.0	17739
chr2	896	6	1	200	200.0	15647
chr2	898	5	1	200	200.0	2770
chr2	901	5	1	200	200.0	2479
chr2	904	5	1	200	200.0	2528
chr2	905	5	1	200	200.0	2673
chr2	908	5	1	200	200.0	2832
chr2	908	6	1	200	200.0	17075
chr2	911	5	2	200	100.0	2695
chr2	921	4	1	200	200.0	547
chr2	921	6	1	200	200.0	17539
chr2	924	4	1	200	200.0	598
chr2	924	5	1	200	200.0	2783
chr2	930	4	1	200	200.0	569
chr2	934	6	1	200	200.0	18338
chr2	935	6	1	200	200.0	19121
chr2	941	5	1	200	200.0	2880
chr2	943	5	1	200	200.0	2868
chr2	944	5	1	200	200.0	3126
chr2	946	4	1	200	200.0	575
chr2	955	4	1	200	200.0	580
chr2	957	4	1	200	200.0	503
chr2	979	4	1	200	200.0	549
chr2	984	6	1	200	200.0	19541
chr2	985	5	1	200	200.0	2569
chr2	990	5	1	200	200.0	2784
chr2	993	4	1	200	200.0	548
chr2	995	5	1	200	200.0	2845
chr2	997	4	1	200	200.0	544
chr2	1003	5	1	200	200.0	2722
chr2	1011	6	1	200	200.0	18632
chr2	1014	4	1	200	200.0	563
chr2	1021	5	1	200	200.0	2670
chr2	1029	6	1	200	200.0	19244
chr2	1040	5	1	200	200.0	2892
chr2	1048	6	1	200	200.0	18429
chr2	1085	5	1	200	200.0	3028
chr2	1088	5	1	200	200.0	2484
chr2	1090	6	1	200	200.0	19078
chr2	1103	6	1	200	200.0	14892
chr2	1112	5	1	200	200.0	2741
chr2	1124	6	1	200	200.0	18015
chr2	1147	6	1	200	200.0	18508
chr2	1153	5	1	200	200.0	2941
chr2	1175	4	1	200	200.0	566
chr2	1186	5	1	200	200.0	2409
chr2	1192	6	1	200	200.0	20504
chr2	1216	6	1	200	200.0	17466
chr2	1231	5	1	200	200.0	2871
chr2	1232	6	1	200	200.0	18227
chr2	1250	6	1	200	200.0	18389
chr2	1260	5	1	200	200.0	2527
chr2	1293	6	1	200	200.0	20426
chr2	1329	6	1	200	200.0	20762
chr2	1708	5	1	200	200.0	3215
chr20	251	5	1	200	200.0	1010
chr20	263	7	1	200	200.0	45403
chr20	273	4	1	200	200.0	552
chr20	275	4	1	200	200.0	504
chr20	275	5	1	200	200.0	1045
chr20	279	3	1	200	200.0	651
chr20	281	3	1	200	200.0	721
chr20	284	5	1	200	200.0	994
chr20	286	3	1	200	200.0	713
chr20	289	4	1	200	200.0	435
chr20	291	5	1	200	200.0	1033
chr20	292	5	1	200	200.0	962
chr20	293	4	1	200	200.0	526
chr20	294	4	1	200	200.0	490
chr20	294	7	1	200	200.0	39809
chr20	298	3	1	200	200.0	689
chr20	298	4	1	200	200.0	565
chr20	302	5	1	200	200.0	999
chr20	303	4	1	200	200.0	562
chr20	305	5	1	200	200.0	1143
chr20	306	5	1	200	200.0	1070
chr20	307	4	2	200	100.0	531
chr20	308	4	1	200	200.0	564
chr20	310	4	2	200	100.0	526
chr20	312	5	2	200	100.0	1157
chr20	313	4	1	200	200.0	457
chr20	317	6	1	200	200.0	5050
chr20	319	4	1	200	200.0	528
chr20	320	5	1	200	200.0	1043
chr20	321	5	1	200	200.0	1074
chr20	322	4	1	200	200.0	503
chr20	327	3	1	200	200.0	724
chr20	327	5	1	200	200.0	1071
chr20	328	4	1	200	200.0	497
chr20	329	4	1	200	200.0	500
chr20	331	4	1	200	200.0	479
chr20	333	5	1	200	200.0	1090
chr20	333	7	1	200	200.0	42003
chr20	334	3	1	200	200.0	741
chr20	334	4	1	200	200.0	554
chr20	334	5	1	200	200.0	1046
chr20	335	4	1	200	200.0	475
chr20	338	4	1	200	200.0	466
chr20	340	3	1	200	200.0	687
chr20	341	8	1	200	200.0	327581
chr20	342	3	2	200	100.0	698
chr20	342	4	1	200	200.0	478
chr20	344	5	1	200	200.0	1038
chr20	345	6	1	200	200.0	6028
chr20	346	4	2	200	100.0	497
chr20	346	5	2	200	100.0	1064
chr20	347	4	2	200	100.0	484
chr20	348	3	1	200	200.0	710
chr20	348	5	1	200	200.0	1132
chr20	348	6	1	200	200.0	6152
chr20	349	5	1	200	200.0	1054
chr20	350	4	1	200	200.0	497
chr20	351	4	1	200	200.0	461
chr20	351	5	1	200	200.0	987
chr20	352	5	1	200	200.0	1147
chr20	353	4	1	200	200.0	539
chr20	355	3	1	200	200.0	656
chr20	355	4	2	200	100.0	481
chr20	356	5	1	200	200.0	1112
chr20	358	4	1	200	200.0	517
chr20	358	6	1	200	200.0	6269
chr20	359	4	2	200	100.0	535
chr20	360	4	1	200	200.0	514
chr20	360	5	1	200	200.0	1057
chr20	361	4	2	200	100.0	459
chr20	362	3	1	200	200.0	735
chr20	363	6	1	200	200.0	5649
chr20	364	3	2	200	100.0	686
chr20	364	5	4	200	50.0	1199
chr20	365	4	1	200	200.0	433
chr20	365	5	2	200	100.0	1274
chr20	365	6	1	200	200.0	5659
chr20	366	4	2	200	100.0	486
chr20	367	4	1	200	200.0	426
chr20	367	5	1	200	200.0	1188
chr20	368	3	1	200	200.0	657
chr20	369	4	1	200	200.0	503
chr20	369	5	2	200	100.0	1217
chr20	369	6	1	200	200.0	6768
chr20	371	5	2	200	100.0	1206
chr20	372	6	1	200	200.0	6527
chr20	373	4	1	200	200.0	546
chr20	373	5	1	200	200.0	1050
chr20	374	5	1	200	200.0	962
chr20	375	4	3	200	66.66666666666667	499
chr20	375	5	2	200	100.0	1208
chr20	376	4	2	200	100.0	494
chr20	379	3	2	200	100.0	710
chr20	379	5	1	200	200.0	1152
chr20	380	4	2	200	100.0	480
chr20	380	6	1	200	200.0	5704
chr20	381	3	1	200	200.0	717
chr20	381	4	1	200	200.0	483
chr20	382	4	1	200	200.0	477
chr20	382	5	1	200	200.0	1153
chr20	383	3	1	200	200.0	700
chr20	385	4	2	200	100.0	448
chr20	385	5	2	200	100.0	1094
chr20	386	5	1	200	200.0	1132
chr20	387	4	1	200	200.0	455
chr20	387	6	1	200	200.0	6998
chr20	388	3	1	200	200.0	671
chr20	388	4	1	200	200.0	546
chr20	389	4	1	200	200.0	459
chr20	392	4	1	200	200.0	483
chr20	392	5	1	200	200.0	1025
chr20	393	4	1	200	200.0	501
chr20	393	6	1	200	200.0	5780
chr20	394	3	1	200	200.0	701
chr20	394	5	1	200	200.0	1063
chr20	395	4	1	200	200.0	471
chr20	395	5	1	200	200.0	1148
chr20	395	6	2	200	100.0	6047
chr20	396	3	1	200	200.0	756
chr20	396	4	1	200	200.0	451
chr20	396	5	3	200	66.66666666666667	1031
chr20	397	4	1	200	200.0	484
chr20	398	3	1	200	200.0	766
chr20	399	4	1	200	200.0	503
chr20	399	5	1	200	200.0	1121
chr20	399	6	1	200	200.0	5686
chr20	400	4	1	200	200.0	474
chr20	401	4	2	200	100.0	491
chr20	402	4	3	200	66.66666666666667	455
chr20	402	5	3	200	66.66666666666667	1110
chr20	403	4	2	200	100.0	483
chr20	403	5	2	200	100.0	1189
chr20	403	6	1	200	200.0	5726
chr20	404	3	1	200	200.0	715
chr20	404	4	2	200	100.0	461
chr20	404	5	1	200	200.0	1066
chr20	405	3	1	200	200.0	753
chr20	405	5	2	200	100.0	1226
chr20	406	4	2	200	100.0	497
chr20	406	5	1	200	200.0	1046
chr20	407	4	1	200	200.0	535
chr20	407	5	1	200	200.0	1170
chr20	408	3	1	200	200.0	728
chr20	408	4	2	200	100.0	479
chr20	409	3	1	200	200.0	748
chr20	409	4	2	200	100.0	481
chr20	410	5	2	200	100.0	1103
chr20	411	3	1	200	200.0	693
chr20	411	4	1	200	200.0	461
chr20	411	5	2	200	100.0	1049
chr20	412	3	2	200	100.0	806
chr20	412	4	1	200	200.0	490
chr20	412	5	2	200	100.0	1082
chr20	412	7	1	200	200.0	44253
chr20	413	4	2	200	100.0	507
chr20	413	7	1	200	200.0	43436
chr20	414	4	1	200	200.0	503
chr20	415	4	2	200	100.0	467
chr20	416	3	1	200	200.0	701
chr20	416	4	1	200	200.0	487
chr20	417	3	1	200	200.0	684
chr20	417	4	2	200	100.0	461
chr20	417	5	1	200	200.0	1225
chr20	418	4	2	200	100.0	467
chr20	419	3	1	200	200.0	748
chr20	419	4	1	200	200.0	461
chr20	419	5	1	200	200.0	1170
chr20	420	4	2	200	100.0	474
chr20	420	5	1	200	200.0	1019
chr20	420	6	1	200	200.0	6572
chr20	421	4	1	200	200.0	525
chr20	421	5	1	200	200.0	1154
chr20	421	6	1	200	200.0	6484
chr20	421	7	1	200	200.0	47626
chr20	422	4	1	200	200.0	468
chr20	423	4	2	200	100.0	516
chr20	423	5	2	200	100.0	1017
chr20	424	4	3	200	66.66666666666667	496
chr20	424	5	1	200	200.0	1130
chr20	425	4	1	200	200.0	437
chr20	426	4	2	200	100.0	534
chr20	426	5	1	200	200.0	1192
chr20	428	4	2	200	100.0	504
chr20	428	5	2	200	100.0	1066
chr20	430	4	1	200	200.0	496
chr20	430	5	1	200	200.0	1168
chr20	430	7	1	200	200.0	55065
chr20	431	4	1	200	200.0	452
chr20	431	5	1	200	200.0	1265
chr20	432	6	1	200	200.0	6826
chr20	433	3	1	200	200.0	727
chr20	433	4	1	200	200.0	448
chr20	433	6	1	200	200.0	6068
chr20	433	7	1	200	200.0	44338
chr20	434	4	1	200	200.0	462
chr20	435	4	1	200	200.0	437
chr20	435	5	2	200	100.0	1115
chr20	436	6	1	200	200.0	5754
chr20	437	3	1	200	200.0	728
chr20	437	4	1	200	200.0	448
chr20	437	5	4	200	50.0	1183
chr20	437	6	1	200	200.0	6373
chr20	438	4	2	200	100.0	516
chr20	439	4	1	200	200.0	466
chr20	439	5	1	200	200.0	1182
chr20	440	3	1	200	200.0	695
chr20	440	4	2	200	100.0	480
chr20	441	3	2	200	100.0	740
chr20	442	4	2	200	100.0	461
chr20	442	5	1	200	200.0	1104
chr20	443	4	1	200	200.0	438
chr20	443	5	2	200	100.0	1186
chr20	443	7	1	200	200.0	47543
chr20	444	5	1	200	200.0	1150
chr20	445	4	1	200	200.0	463
chr20	445	5	1	200	200.0	1099
chr20	445	6	1	200	200.0	6064
chr20	446	3	1	200	200.0	694
chr20	446	4	2	200	100.0	469
chr20	447	4	3	200	66.66666666666667	465
chr20	447	6	1	200	200.0	6435
chr20	447	7	1	200	200.0	43195
chr20	448	3	1	200	200.0	690
chr20	448	4	1	200	200.0	517
chr20	448	5	1	200	200.0	1223
chr20	449	4	1	200	200.0	481
chr20	449	5	2	200	100.0	1055
chr20	450	4	1	200	200.0	508
chr20	451	4	1	200	200.0	525
chr20	451	5	3	200	66.66666666666667	1121
chr20	452	4	2	200	100.0	487
chr20	452	5	2	200	100.0	1182
chr20	453	4	1	200	200.0	474
chr20	454	4	2	200	100.0	447
chr20	454	5	1	200	200.0	1219
chr20	454	6	1	200	200.0	6280
chr20	455	3	1	200	200.0	707
chr20	455	4	1	200	200.0	417
chr20	455	6	1	200	200.0	6235
chr20	457	4	1	200	200.0	494
chr20	457	5	1	200	200.0	1081
chr20	459	4	1	200	200.0	474
chr20	459	5	3	200	66.66666666666667	1251
chr20	460	3	1	200	200.0	665
chr20	460	5	1	200	200.0	1219
chr20	460	6	1	200	200.0	6771
chr20	461	3	1	200	200.0	696
chr20	461	4	1	200	200.0	431
chr20	461	5	1	200	200.0	1072
chr20	462	4	1	200	200.0	466
chr20	462	5	2	200	100.0	1123
chr20	463	5	1	200	200.0	1179
chr20	464	3	1	200	200.0	746
chr20	464	4	4	200	50.0	437
chr20	464	5	1	200	200.0	1172
chr20	465	4	1	200	200.0	457
chr20	466	3	1	200	200.0	695
chr20	466	4	2	200	100.0	458
chr20	466	5	5	200	40.0	1159
chr20	467	5	1	200	200.0	1134
chr20	468	4	2	200	100.0	485
chr20	468	5	2	200	100.0	1127
chr20	468	6	1	200	200.0	6610
chr20	469	5	1	200	200.0	1206
chr20	470	4	1	200	200.0	446
chr20	470	6	2	200	100.0	6296
chr20	471	5	4	200	50.0	1132
chr20	472	5	2	200	100.0	1117
chr20	473	4	1	200	200.0	436
chr20	473	5	1	200	200.0	1004
chr20	474	4	1	200	200.0	447
chr20	474	6	1	200	200.0	6232
chr20	475	4	2	200	100.0	474
chr20	475	5	1	200	200.0	1395
chr20	476	5	1	200	200.0	1042
chr20	477	5	1	200	200.0	1157
chr20	478	4	2	200	100.0	498
chr20	478	5	1	200	200.0	1131
chr20	479	4	4	200	50.0	453
chr20	480	4	1	200	200.0	467
chr20	480	5	1	200	200.0	1164
chr20	481	4	1	200	200.0	450
chr20	481	5	2	200	100.0	1200
chr20	482	4	1	200	200.0	476
chr20	482	5	1	200	200.0	1167
chr20	483	3	1	200	200.0	682
chr20	483	4	1	200	200.0	484
chr20	484	6	1	200	200.0	6609
chr20	485	4	2	200	100.0	434
chr20	486	4	2	200	100.0	442
chr20	487	3	1	200	200.0	629
chr20	487	4	3	200	66.66666666666667	467
chr20	488	4	2	200	100.0	463
chr20	488	6	1	200	200.0	7264
chr20	489	5	1	200	200.0	1056
chr20	490	4	3	200	66.66666666666667	443
chr20	490	6	2	200	100.0	6134
chr20	492	4	1	200	200.0	491
chr20	493	3	1	200	200.0	738
chr20	493	4	1	200	200.0	491
chr20	493	6	1	200	200.0	6295
chr20	494	6	1	200	200.0	7381
chr20	495	4	1	200	200.0	519
chr20	495	5	1	200	200.0	1225
chr20	497	4	1	200	200.0	453
chr20	497	5	2	200	100.0	1155
chr20	498	5	1	200	200.0	1116
chr20	499	5	1	200	200.0	1129
chr20	499	6	1	200	200.0	5735
chr20	500	4	1	200	200.0	439
chr20	500	5	1	200	200.0	1249
chr20	501	4	2	200	100.0	460
chr20	502	4	1	200	200.0	468
chr20	502	6	1	200	200.0	6263
chr20	503	5	1	200	200.0	1193
chr20	504	4	1	200	200.0	420
chr20	504	5	3	200	66.66666666666667	1185
chr20	505	3	1	200	200.0	753
chr20	505	4	2	200	100.0	519
chr20	506	4	1	200	200.0	469
chr20	506	5	1	200	200.0	1232
chr20	507	4	3	200	66.66666666666667	443
chr20	507	6	1	200	200.0	7081
chr20	508	4	1	200	200.0	524
chr20	508	5	1	200	200.0	1037
chr20	509	4	1	200	200.0	475
chr20	509	5	2	200	100.0	1254
chr20	510	4	1	200	200.0	455
chr20	510	5	1	200	200.0	1263
chr20	511	4	3	200	66.66666666666667	540
chr20	511	5	2	200	100.0	1228
chr20	511	6	1	200	200.0	6367
chr20	512	4	2	200	100.0	466
chr20	514	4	1	200	200.0	466
chr20	514	5	1	200	200.0	1257
chr20	515	5	3	200	66.66666666666667	1298
chr20	516	4	1	200	200.0	481
chr20	516	5	2	200	100.0	1114
chr20	516	6	2	200	100.0	7009
chr20	517	5	1	200	200.0	1348
chr20	518	4	1	200	200.0	455
chr20	518	5	1	200	200.0	1066
chr20	519	3	1	200	200.0	695
chr20	519	5	1	200	200.0	1220
chr20	520	4	2	200	100.0	456
chr20	520	5	2	200	100.0	1286
chr20	520	6	1	200	200.0	6388
chr20	521	3	1	200	200.0	738
chr20	521	4	2	200	100.0	462
chr20	521	5	2	200	100.0	1237
chr20	522	3	1	200	200.0	684
chr20	522	4	2	200	100.0	472
chr20	522	5	1	200	200.0	1335
chr20	523	4	3	200	66.66666666666667	466
chr20	523	6	2	200	100.0	6275
chr20	524	4	2	200	100.0	495
chr20	524	5	1	200	200.0	1326
chr20	525	4	2	200	100.0	488
chr20	525	5	1	200	200.0	1288
chr20	525	6	1	200	200.0	6771
chr20	526	3	1	200	200.0	696
chr20	526	5	2	200	100.0	1265
chr20	527	4	1	200	200.0	482
chr20	527	5	1	200	200.0	1278
chr20	528	5	1	200	200.0	1225
chr20	530	4	2	200	100.0	432
chr20	530	5	2	200	100.0	1039
chr20	531	4	3	200	66.66666666666667	457
chr20	531	5	1	200	200.0	1164
chr20	532	3	1	200	200.0	672
chr20	532	5	1	200	200.0	1225
chr20	533	3	1	200	200.0	710
chr20	533	5	1	200	200.0	1270
chr20	533	6	1	200	200.0	6819
chr20	534	4	1	200	200.0	458
chr20	534	5	1	200	200.0	1123
chr20	535	5	1	200	200.0	1032
chr20	536	4	2	200	100.0	447
chr20	536	6	1	200	200.0	6781
chr20	537	6	1	200	200.0	7052
chr20	538	6	2	200	100.0	6950
chr20	539	4	2	200	100.0	406
chr20	539	5	1	200	200.0	1171
chr20	540	5	1	200	200.0	1089
chr20	541	3	1	200	200.0	748
chr20	541	4	2	200	100.0	416
chr20	541	5	1	200	200.0	1233
chr20	542	4	3	200	66.66666666666667	438
chr20	543	4	2	200	100.0	436
chr20	543	5	2	200	100.0	1252
chr20	544	4	2	200	100.0	425
chr20	544	5	1	200	200.0	1199
chr20	545	5	1	200	200.0	1261
chr20	546	4	2	200	100.0	435
chr20	546	5	1	200	200.0	1212
chr20	547	5	1	200	200.0	1224
chr20	549	6	1	200	200.0	7122
chr20	549	7	1	200	200.0	51221
chr20	550	4	1	200	200.0	470
chr20	550	6	1	200	200.0	6590
chr20	551	5	1	200	200.0	1346
chr20	552	3	1	200	200.0	648
chr20	552	4	1	200	200.0	455
chr20	552	5	1	200	200.0	1204
chr20	553	3	1	200	200.0	674
chr20	553	4	3	200	66.66666666666667	419
chr20	553	5	1	200	200.0	1131
chr20	554	4	1	200	200.0	456
chr20	555	4	1	200	200.0	472
chr20	555	5	2	200	100.0	1207
chr20	557	4	1	200	200.0	477
chr20	557	5	1	200	200.0	1144
chr20	557	6	1	200	200.0	7220
chr20	558	4	1	200	200.0	468
chr20	558	5	2	200	100.0	1211
chr20	559	4	1	200	200.0	488
chr20	560	4	1	200	200.0	479
chr20	560	5	1	200	200.0	1150
chr20	561	4	2	200	100.0	469
chr20	561	5	3	200	66.66666666666667	1155
chr20	562	3	1	200	200.0	721
chr20	562	6	1	200	200.0	6494
chr20	563	4	1	200	200.0	451
chr20	563	5	1	200	200.0	1258
chr20	564	4	2	200	100.0	450
chr20	564	6	1	200	200.0	6601
chr20	565	4	2	200	100.0	449
chr20	565	5	3	200	66.66666666666667	1267
chr20	565	6	1	200	200.0	6420
chr20	567	4	1	200	200.0	452
chr20	567	5	1	200	200.0	1126
chr20	568	4	1	200	200.0	428
chr20	568	5	1	200	200.0	1257
chr20	568	6	1	200	200.0	6069
chr20	570	5	1	200	200.0	1288
chr20	570	6	1	200	200.0	7020
chr20	571	5	1	200	200.0	1256
chr20	572	4	1	200	200.0	439
chr20	572	6	1	200	200.0	6000
chr20	573	4	1	200	200.0	466
chr20	573	5	2	200	100.0	1380
chr20	574	4	2	200	100.0	441
chr20	576	3	1	200	200.0	684
chr20	576	4	2	200	100.0	481
chr20	576	6	2	200	100.0	7462
chr20	577	4	1	200	200.0	423
chr20	577	5	2	200	100.0	1224
chr20	578	4	1	200	200.0	432
chr20	578	5	2	200	100.0	1028
chr20	579	4	2	200	100.0	467
chr20	580	4	1	200	200.0	470
chr20	580	6	1	200	200.0	6856
chr20	581	6	1	200	200.0	6737
chr20	582	4	1	200	200.0	479
chr20	582	5	1	200	200.0	1115
chr20	584	4	1	200	200.0	505
chr20	584	7	1	200	200.0	53285
chr20	585	3	1	200	200.0	665
chr20	585	4	2	200	100.0	430
chr20	585	5	4	200	50.0	1232
chr20	586	4	1	200	200.0	441
chr20	586	5	1	200	200.0	1253
chr20	587	5	1	200	200.0	1005
chr20	588	6	1	200	200.0	7184
chr20	590	3	1	200	200.0	650
chr20	590	5	2	200	100.0	1196
chr20	590	6	1	200	200.0	6519
chr20	592	5	1	200	200.0	1171
chr20	593	5	1	200	200.0	1310
chr20	594	3	1	200	200.0	722
chr20	594	5	1	200	200.0	1266
chr20	596	4	1	200	200.0	426
chr20	596	6	1	200	200.0	7090
chr20	596	7	1	200	200.0	47761
chr20	599	5	1	200	200.0	1119
chr20	600	4	1	200	200.0	439
chr20	600	5	3	200	66.66666666666667	1160
chr20	601	4	1	200	200.0	436
chr20	602	5	2	200	100.0	1296
chr20	602	6	2	200	100.0	6565
chr20	604	4	1	200	200.0	461
chr20	604	5	2	200	100.0	1063
chr20	605	4	1	200	200.0	449
chr20	606	5	5	200	40.0	1152
chr20	606	6	1	200	200.0	6620
chr20	607	4	1	200	200.0	440
chr20	607	7	1	200	200.0	57845
chr20	608	3	1	200	200.0	680
chr20	608	6	1	200	200.0	6239
chr20	608	7	2	200	100.0	50097
chr20	610	3	1	200	200.0	751
chr20	611	5	2	200	100.0	1128
chr20	611	6	1	200	200.0	6602
chr20	612	4	1	200	200.0	451
chr20	612	5	2	200	100.0	1289
chr20	612	6	2	200	100.0	6762
chr20	613	5	2	200	100.0	1091
chr20	615	4	1	200	200.0	422
chr20	615	5	2	200	100.0	1266
chr20	616	4	1	200	200.0	420
chr20	616	5	1	200	200.0	1148
chr20	616	6	1	200	200.0	6682
chr20	618	6	1	200	200.0	6325
chr20	619	4	1	200	200.0	455
chr20	619	5	1	200	200.0	1374
chr20	620	4	2	200	100.0	429
chr20	622	6	1	200	200.0	7383
chr20	624	4	1	200	200.0	462
chr20	624	5	1	200	200.0	1282
chr20	627	3	1	200	200.0	723
chr20	627	4	2	200	100.0	407
chr20	629	4	1	200	200.0	424
chr20	630	4	1	200	200.0	405
chr20	630	6	2	200	100.0	7867
chr20	631	4	1	200	200.0	489
chr20	632	5	1	200	200.0	1144
chr20	633	4	1	200	200.0	454
chr20	633	5	2	200	100.0	1401
chr20	634	4	1	200	200.0	395
chr20	634	5	1	200	200.0	1368
chr20	634	6	1	200	200.0	7765
chr20	635	4	1	200	200.0	433
chr20	635	5	1	200	200.0	1201
chr20	636	5	3	200	66.66666666666667	1196
chr20	636	6	1	200	200.0	6960
chr20	637	6	1	200	200.0	7333
chr20	638	4	1	200	200.0	439
chr20	639	4	1	200	200.0	436
chr20	640	5	1	200	200.0	1250
chr20	641	5	1	200	200.0	1219
chr20	641	6	1	200	200.0	7243
chr20	642	4	1	200	200.0	443
chr20	643	4	1	200	200.0	420
chr20	644	6	1	200	200.0	7823
chr20	645	4	1	200	200.0	442
chr20	646	4	1	200	200.0	452
chr20	648	5	1	200	200.0	1322
chr20	649	6	2	200	100.0	7648
chr20	650	4	1	200	200.0	426
chr20	650	5	1	200	200.0	1372
chr20	650	6	2	200	100.0	7020
chr20	651	4	1	200	200.0	459
chr20	651	5	1	200	200.0	1361
chr20	652	5	1	200	200.0	1183
chr20	652	6	1	200	200.0	6523
chr20	653	5	2	200	100.0	1496
chr20	654	4	2	200	100.0	434
chr20	654	5	2	200	100.0	1170
chr20	656	6	1	200	200.0	6224
chr20	657	4	1	200	200.0	433
chr20	657	5	1	200	200.0	1278
chr20	659	5	4	200	50.0	1353
chr20	660	5	2	200	100.0	1380
chr20	662	5	1	200	200.0	1263
chr20	663	5	1	200	200.0	1254
chr20	664	4	2	200	100.0	393
chr20	664	5	1	200	200.0	1185
chr20	666	4	1	200	200.0	427
chr20	666	5	1	200	200.0	1228
chr20	667	4	1	200	200.0	414
chr20	667	5	3	200	66.66666666666667	1182
chr20	668	4	1	200	200.0	432
chr20	668	5	2	200	100.0	1216
chr20	670	4	1	200	200.0	462
chr20	670	5	1	200	200.0	1300
chr20	670	6	1	200	200.0	7544
chr20	671	5	1	200	200.0	1253
chr20	671	6	1	200	200.0	6751
chr20	672	5	1	200	200.0	1207
chr20	673	5	1	200	200.0	1157
chr20	673	6	1	200	200.0	6398
chr20	674	5	1	200	200.0	1291
chr20	675	5	3	200	66.66666666666667	1293
chr20	676	4	1	200	200.0	440
chr20	676	5	1	200	200.0	1266
chr20	677	4	1	200	200.0	428
chr20	677	5	1	200	200.0	1412
chr20	681	5	1	200	200.0	1178
chr20	682	4	1	200	200.0	438
chr20	682	5	1	200	200.0	1142
chr20	683	6	1	200	200.0	7453
chr20	684	4	2	200	100.0	399
chr20	684	5	2	200	100.0	1507
chr20	686	4	1	200	200.0	433
chr20	686	5	2	200	100.0	1204
chr20	686	6	1	200	200.0	7318
chr20	687	5	1	200	200.0	1275
chr20	688	6	1	200	200.0	7754
chr20	689	4	1	200	200.0	431
chr20	689	5	1	200	200.0	1027
chr20	690	5	1	200	200.0	1218
chr20	691	5	1	200	200.0	1305
chr20	692	4	1	200	200.0	467
chr20	694	5	2	200	100.0	1171
chr20	695	5	1	200	200.0	1326
chr20	697	5	2	200	100.0	1292
chr20	697	6	1	200	200.0	6443
chr20	699	6	1	200	200.0	6884
chr20	701	5	2	200	100.0	1253
chr20	702	5	2	200	100.0	1188
chr20	703	5	2	200	100.0	1292
chr20	704	4	1	200	200.0	456
chr20	704	5	3	200	66.66666666666667	1276
chr20	706	4	1	200	200.0	466
chr20	706	5	3	200	66.66666666666667	1227
chr20	707	5	1	200	200.0	1269
chr20	708	4	1	200	200.0	445
chr20	708	5	1	200	200.0	1220
chr20	709	5	1	200	200.0	1302
chr20	710	5	1	200	200.0	1119
chr20	710	6	1	200	200.0	6332
chr20	711	4	1	200	200.0	451
chr20	712	5	2	200	100.0	1329
chr20	716	4	1	200	200.0	446
chr20	717	5	1	200	200.0	1353
chr20	720	4	1	200	200.0	491
chr20	722	5	1	200	200.0	1255
chr20	723	6	1	200	200.0	7323
chr20	725	6	1	200	200.0	7790
chr20	727	6	3	200	66.66666666666667	6524
chr20	729	5	1	200	200.0	1251
chr20	730	4	2	200	100.0	426
chr20	731	6	1	200	200.0	7047
chr20	733	4	1	200	200.0	445
chr20	734	5	1	200	200.0	1301
chr20	734	6	1	200	200.0	7148
chr20	735	4	2	200	100.0	475
chr20	738	5	1	200	200.0	1277
chr20	739	6	1	200	200.0	7817
chr20	742	5	2	200	100.0	1264
chr20	743	5	1	200	200.0	1208
chr20	745	4	1	200	200.0	412
chr20	746	5	1	200	200.0	1242
chr20	747	4	2	200	100.0	395
chr20	748	6	1	200	200.0	8282
chr20	750	5	1	200	200.0	1326
chr20	750	6	1	200	200.0	7417
chr20	752	5	1	200	200.0	1141
chr20	758	4	1	200	200.0	471
chr20	760	4	1	200	200.0	486
chr20	761	5	1	200	200.0	1364
chr20	763	5	1	200	200.0	1238
chr20	764	5	1	200	200.0	1366
chr20	765	5	1	200	200.0	1354
chr20	768	4	1	200	200.0	469
chr20	768	5	1	200	200.0	1225
chr20	770	5	2	200	100.0	1339
chr20	770	6	1	200	200.0	6752
chr20	771	5	1	200	200.0	1203
chr20	772	5	1	200	200.0	1190
chr20	774	4	1	200	200.0	432
chr20	778	6	1	200	200.0	7479
chr20	781	5	2	200	100.0	1298
chr20	785	5	1	200	200.0	1307
chr20	786	5	1	200	200.0	1191
chr20	793	4	1	200	200.0	426
chr20	793	5	1	200	200.0	1410
chr20	794	4	1	200	200.0	430
chr20	796	5	1	200	200.0	1180
chr20	798	5	1	200	200.0	1203
chr20	800	4	1	200	200.0	451
chr20	801	5	2	200	100.0	1351
chr20	801	6	1	200	200.0	7946
chr20	802	5	1	200	200.0	1264
chr20	804	5	2	200	100.0	1271
chr20	804	6	1	200	200.0	7117
chr20	805	3	1	200	200.0	730
chr20	805	6	1	200	200.0	6560
chr20	806	3	1	200	200.0	759
chr20	806	5	2	200	100.0	1243
chr20	807	6	1	200	200.0	8636
chr20	809	5	1	200	200.0	1297
chr20	810	5	1	200	200.0	1365
chr20	811	6	1	200	200.0	7452
chr20	813	5	1	200	200.0	1244
chr20	815	5	2	200	100.0	1285
chr20	817	5	1	200	200.0	1196
chr20	818	4	1	200	200.0	412
chr20	822	5	1	200	200.0	1233
chr20	823	5	1	200	200.0	1339
chr20	824	5	1	200	200.0	1275
chr20	829	5	1	200	200.0	1234
chr20	838	5	1	200	200.0	1240
chr20	842	6	1	200	200.0	7489
chr20	844	5	1	200	200.0	1251
chr20	850	6	1	200	200.0	7561
chr20	852	4	1	200	200.0	435
chr20	855	6	1	200	200.0	8520
chr20	858	5	1	200	200.0	1191
chr20	861	5	2	200	100.0	1605
chr20	865	4	1	200	200.0	471
chr20	866	7	1	200	200.0	57458
chr20	873	5	1	200	200.0	1171
chr20	877	4	1	200	200.0	415
chr20	878	4	1	200	200.0	409
chr20	880	5	1	200	200.0	1229
chr20	883	5	1	200	200.0	1387
chr20	886	4	1	200	200.0	445
chr20	891	5	1	200	200.0	1268
chr20	892	5	1	200	200.0	1303
chr20	893	5	1	200	200.0	1288
chr20	894	5	1	200	200.0	1359
chr20	898	5	1	200	200.0	1390
chr20	903	5	1	200	200.0	1349
chr20	907	6	1	200	200.0	7578
chr20	908	5	1	200	200.0	1281
chr20	917	5	1	200	200.0	1346
chr20	923	6	1	200	200.0	7334
chr20	924	5	1	200	200.0	1430
chr20	933	5	1	200	200.0	1239
chr20	935	5	1	200	200.0	1367
chr20	937	4	1	200	200.0	431
chr20	942	5	1	200	200.0	1258
chr20	946	6	1	200	200.0	7786
chr20	970	4	1	200	200.0	408
chr20	971	5	1	200	200.0	1273
chr20	983	5	1	200	200.0	1432
chr20	987	6	1	200	200.0	8675
chr20	1008	6	1	200	200.0	7126
chr20	1020	5	1	200	200.0	1405
chr20	1030	6	2	200	100.0	7373
chr20	1032	5	1	200	200.0	1404
chr20	1033	4	1	200	200.0	386
chr20	1038	4	1	200	200.0	433
chr20	1049	6	1	200	200.0	7535
chr20	1050	4	1	200	200.0	392
chr20	1081	5	1	200	200.0	1294
chr20	1085	5	1	200	200.0	1353
chr20	1087	6	1	200	200.0	8100
chr20	1101	6	1	200	200.0	7119
chr20	1130	5	1	200	200.0	1503
chr20	1139	6	1	200	200.0	7285
chr20	1158	5	1	200	200.0	1394
chr20	1161	6	1	200	200.0	8360
chr20	1191	5	1	200	200.0	1408
chr20	1198	5	1	200	200.0	1377
chr20	1232	5	1	200	200.0	1305
chr20	1364	5	1	200	200.0	1316
chr21	245	5	1	200	200.0	1672
chr21	253	4	1	200	200.0	758
chr21	277	4	1	200	200.0	810
chr21	291	4	1	200	200.0	774
chr21	293	4	1	200	200.0	864
chr21	300	3	1	200	200.0	630
chr21	308	3	1	200	200.0	627
chr21	309	5	1	200	200.0	1800
chr21	312	4	1	200	200.0	734
chr21	312	5	1	200	200.0	1965
chr21	316	3	1	200	200.0	674
chr21	316	5	1	200	200.0	1940
chr21	320	7	1	200	200.0	47784
chr21	322	4	1	200	200.0	723
chr21	326	3	1	200	200.0	578
chr21	329	3	2	200	100.0	581
chr21	330	3	1	200	200.0	648
chr21	330	4	1	200	200.0	771
chr21	331	4	1	200	200.0	761
chr21	333	3	1	200	200.0	547
chr21	335	4	1	200	200.0	745
chr21	341	3	1	200	200.0	646
chr21	343	3	1	200	200.0	550
chr21	343	4	1	200	200.0	753
chr21	348	2	1	200	200.0	2184
chr21	348	3	1	200	200.0	585
chr21	350	3	1	200	200.0	561
chr21	354	4	1	200	200.0	800
chr21	355	5	1	200	200.0	2163
chr21	356	3	1	200	200.0	638
chr21	361	4	1	200	200.0	730
chr21	362	5	1	200	200.0	1895
chr21	363	4	1	200	200.0	678
chr21	364	3	1	200	200.0	585
chr21	364	4	1	200	200.0	761
chr21	364	6	1	200	200.0	7110
chr21	365	4	1	200	200.0	726
chr21	367	4	1	200	200.0	781
chr21	368	4	1	200	200.0	745
chr21	369	4	1	200	200.0	705
chr21	370	4	3	200	66.66666666666667	692
chr21	373	6	1	200	200.0	7481
chr21	374	6	1	200	200.0	6596
chr21	375	3	1	200	200.0	693
chr21	378	4	1	200	200.0	692
chr21	379	5	1	200	200.0	1971
chr21	383	6	1	200	200.0	6826
chr21	385	4	1	200	200.0	745
chr21	389	5	1	200	200.0	1902
chr21	390	4	2	200	100.0	626
chr21	392	6	1	200	200.0	6783
chr21	393	4	2	200	100.0	744
chr21	393	6	1	200	200.0	6590
chr21	394	4	1	200	200.0	695
chr21	395	3	1	200	200.0	628
chr21	395	4	2	200	100.0	799
chr21	397	4	1	200	200.0	736
chr21	400	3	1	200	200.0	593
chr21	400	7	1	200	200.0	62643
chr21	401	5	1	200	200.0	1918
chr21	404	6	1	200	200.0	7426
chr21	405	4	2	200	100.0	749
chr21	406	3	1	200	200.0	570
chr21	407	5	1	200	200.0	2147
chr21	409	3	1	200	200.0	586
chr21	409	4	1	200	200.0	736
chr21	409	6	1	200	200.0	8163
chr21	411	3	1	200	200.0	643
chr21	411	6	1	200	200.0	7074
chr21	415	4	1	200	200.0	591
chr21	416	4	2	200	100.0	702
chr21	420	3	1	200	200.0	591
chr21	420	6	1	200	200.0	6075
chr21	424	3	1	200	200.0	589
chr21	425	4	1	200	200.0	696
chr21	425	5	1	200	200.0	2251
chr21	426	6	1	200	200.0	7248
chr21	428	3	2	200	100.0	638
chr21	428	5	2	200	100.0	2139
chr21	429	3	1	200	200.0	586
chr21	430	5	1	200	200.0	2196
chr21	431	3	1	200	200.0	611
chr21	432	5	2	200	100.0	2201
chr21	433	3	1	200	200.0	630
chr21	434	4	1	200	200.0	752
chr21	435	4	1	200	200.0	684
chr21	438	5	2	200	100.0	2094
chr21	440	4	1	200	200.0	712
chr21	442	3	2	200	100.0	626
chr21	442	4	1	200	200.0	735
chr21	442	5	1	200	200.0	2242
chr21	443	6	1	200	200.0	7404
chr21	444	5	3	200	66.66666666666667	2073
chr21	444	6	1	200	200.0	7802
chr21	445	4	2	200	100.0	776
chr21	445	5	2	200	100.0	2111
chr21	446	4	1	200	200.0	664
chr21	447	3	1	200	200.0	588
chr21	447	4	2	200	100.0	666
chr21	447	6	1	200	200.0	7301
chr21	449	4	1	200	200.0	699
chr21	450	4	1	200	200.0	744
chr21	452	7	1	200	200.0	69667
chr21	454	3	1	200	200.0	672
chr21	456	6	1	200	200.0	7194
chr21	457	4	1	200	200.0	712
chr21	457	6	1	200	200.0	7239
chr21	458	4	2	200	100.0	703
chr21	459	6	1	200	200.0	6963
chr21	460	4	2	200	100.0	640
chr21	460	7	1	200	200.0	58730
chr21	461	4	1	200	200.0	700
chr21	461	5	1	200	200.0	2309
chr21	462	5	1	200	200.0	2317
chr21	464	5	2	200	100.0	2025
chr21	465	3	1	200	200.0	618
chr21	465	4	1	200	200.0	660
chr21	466	4	1	200	200.0	787
chr21	468	3	1	200	200.0	576
chr21	470	5	1	200	200.0	2050
chr21	471	3	1	200	200.0	633
chr21	472	4	1	200	200.0	681
chr21	473	5	1	200	200.0	2300
chr21	474	4	1	200	200.0	718
chr21	475	4	2	200	100.0	662
chr21	476	5	1	200	200.0	1988
chr21	477	4	1	200	200.0	760
chr21	479	3	1	200	200.0	572
chr21	480	4	1	200	200.0	754
chr21	481	3	1	200	200.0	625
chr21	482	4	1	200	200.0	705
chr21	483	4	1	200	200.0	701
chr21	483	5	1	200	200.0	2239
chr21	484	5	1	200	200.0	2137
chr21	486	3	2	200	100.0	612
chr21	486	4	2	200	100.0	737
chr21	486	5	1	200	200.0	2179
chr21	491	5	1	200	200.0	2260
chr21	493	3	1	200	200.0	541
chr21	495	4	1	200	200.0	671
chr21	496	4	2	200	100.0	692
chr21	497	4	1	200	200.0	690
chr21	499	5	1	200	200.0	2173
chr21	500	4	1	200	200.0	729
chr21	500	5	1	200	200.0	2041
chr21	501	5	1	200	200.0	2156
chr21	505	4	1	200	200.0	707
chr21	506	4	2	200	100.0	706
chr21	509	6	1	200	200.0	8363
chr21	510	4	1	200	200.0	660
chr21	511	4	1	200	200.0	723
chr21	512	4	2	200	100.0	618
chr21	513	4	1	200	200.0	651
chr21	514	4	1	200	200.0	728
chr21	515	4	2	200	100.0	738
chr21	516	4	1	200	200.0	749
chr21	517	6	1	200	200.0	7668
chr21	519	4	1	200	200.0	696
chr21	521	4	1	200	200.0	763
chr21	522	3	1	200	200.0	617
chr21	523	5	2	200	100.0	2374
chr21	524	5	1	200	200.0	2242
chr21	526	5	1	200	200.0	2289
chr21	526	6	1	200	200.0	7211
chr21	528	4	1	200	200.0	742
chr21	528	5	1	200	200.0	2028
chr21	530	4	1	200	200.0	768
chr21	531	5	1	200	200.0	2372
chr21	534	4	1	200	200.0	758
chr21	536	5	1	200	200.0	2124
chr21	536	6	1	200	200.0	7387
chr21	538	4	1	200	200.0	629
chr21	540	4	1	200	200.0	691
chr21	543	6	1	200	200.0	7324
chr21	546	4	2	200	100.0	704
chr21	548	3	1	200	200.0	645
chr21	548	4	2	200	100.0	743
chr21	550	4	1	200	200.0	667
chr21	551	5	1	200	200.0	2359
chr21	555	5	1	200	200.0	2455
chr21	558	6	1	200	200.0	7636
chr21	559	4	1	200	200.0	677
chr21	560	4	1	200	200.0	664
chr21	562	4	1	200	200.0	728
chr21	563	4	1	200	200.0	713
chr21	563	5	1	200	200.0	2230
chr21	564	3	1	200	200.0	561
chr21	564	5	1	200	200.0	2337
chr21	565	4	1	200	200.0	692
chr21	570	5	1	200	200.0	2209
chr21	571	4	1	200	200.0	754
chr21	571	6	1	200	200.0	8027
chr21	573	4	1	200	200.0	623
chr21	574	4	1	200	200.0	616
chr21	574	5	1	200	200.0	2039
chr21	581	4	1	200	200.0	703
chr21	581	5	2	200	100.0	2231
chr21	585	4	1	200	200.0	718
chr21	587	4	1	200	200.0	693
chr21	589	3	1	200	200.0	545
chr21	591	4	4	200	50.0	594
chr21	595	6	1	200	200.0	7426
chr21	600	5	1	200	200.0	2164
chr21	601	6	1	200	200.0	7589
chr21	604	5	1	200	200.0	2170
chr21	604	6	1	200	200.0	7188
chr21	605	4	1	200	200.0	642
chr21	605	7	2	200	100.0	69298
chr21	609	4	2	200	100.0	742
chr21	610	4	1	200	200.0	730
chr21	610	5	1	200	200.0	2285
chr21	617	5	1	200	200.0	2545
chr21	618	4	1	200	200.0	659
chr21	620	4	1	200	200.0	645
chr21	621	4	1	200	200.0	795
chr21	621	5	1	200	200.0	2147
chr21	624	6	2	200	100.0	7447
chr21	626	4	1	200	200.0	731
chr21	627	5	1	200	200.0	2055
chr21	633	5	1	200	200.0	2525
chr21	634	6	1	200	200.0	8076
chr21	635	5	1	200	200.0	2634
chr21	637	6	1	200	200.0	6746
chr21	638	5	1	200	200.0	2356
chr21	641	3	1	200	200.0	593
chr21	642	4	1	200	200.0	666
chr21	644	6	1	200	200.0	7871
chr21	645	6	1	200	200.0	7602
chr21	646	5	1	200	200.0	2382
chr21	647	5	1	200	200.0	2422
chr21	647	6	1	200	200.0	7871
chr21	648	4	1	200	200.0	710
chr21	651	4	1	200	200.0	748
chr21	652	4	1	200	200.0	646
chr21	653	6	1	200	200.0	7692
chr21	657	4	1	200	200.0	751
chr21	664	6	1	200	200.0	6812
chr21	668	5	1	200	200.0	2282
chr21	670	4	1	200	200.0	693
chr21	670	5	1	200	200.0	2077
chr21	672	3	1	200	200.0	534
chr21	680	4	2	200	100.0	687
chr21	684	5	1	200	200.0	2460
chr21	689	5	1	200	200.0	2590
chr21	690	5	1	200	200.0	2580
chr21	692	5	1	200	200.0	2410
chr21	694	4	1	200	200.0	625
chr21	694	6	1	200	200.0	6911
chr21	695	4	1	200	200.0	630
chr21	697	5	1	200	200.0	2162
chr21	706	4	1	200	200.0	702
chr21	707	5	1	200	200.0	2355
chr21	709	5	1	200	200.0	2235
chr21	711	5	1	200	200.0	2153
chr21	717	4	1	200	200.0	693
chr21	717	5	1	200	200.0	2202
chr21	721	5	1	200	200.0	2456
chr21	722	3	1	200	200.0	615
chr21	725	4	1	200	200.0	675
chr21	727	4	1	200	200.0	616
chr21	743	4	1	200	200.0	686
chr21	750	4	1	200	200.0	718
chr21	751	4	1	200	200.0	716
chr21	751	5	1	200	200.0	2477
chr21	752	5	1	200	200.0	2090
chr21	757	5	1	200	200.0	2122
chr21	759	6	1	200	200.0	8717
chr21	764	5	1	200	200.0	2550
chr21	766	5	1	200	200.0	2549
chr21	767	5	1	200	200.0	2265
chr21	774	4	1	200	200.0	683
chr21	777	5	1	200	200.0	2446
chr21	782	4	2	200	100.0	751
chr21	783	5	1	200	200.0	2440
chr21	790	4	1	200	200.0	664
chr21	793	4	1	200	200.0	647
chr21	795	6	1	200	200.0	8174
chr21	806	4	1	200	200.0	716
chr21	812	5	1	200	200.0	2280
chr21	819	6	1	200	200.0	8113
chr21	827	7	1	200	200.0	78255
chr21	835	6	1	200	200.0	7904
chr21	836	5	2	200	100.0	2294
chr21	846	4	1	200	200.0	637
chr21	852	5	1	200	200.0	2476
chr21	870	5	1	200	200.0	2579
chr21	884	5	1	200	200.0	2336
chr21	890	4	1	200	200.0	703
chr21	892	6	1	200	200.0	8343
chr21	896	5	1	200	200.0	2551
chr21	898	5	1	200	200.0	2648
chr21	901	4	1	200	200.0	699
chr21	911	5	1	200	200.0	2563
chr21	914	5	1	200	200.0	2479
chr21	915	6	1	200	200.0	8556
chr21	949	5	1	200	200.0	2673
chr21	962	6	1	200	200.0	8480
chr21	967	4	1	200	200.0	694
chr21	985	5	1	200	200.0	2469
chr21	1061	4	1	200	200.0	706
chr21	1096	5	1	200	200.0	2409
chr21	1098	6	1	200	200.0	8578
chr21	1206	5	1	200	200.0	2538
chr21	1284	6	1	200	200.0	8921
chr21	1307	5	1	200	200.0	2720
chr22	253	5	1	200	200.0	810
chr22	259	5	1	200	200.0	917
chr22	264	4	1	200	200.0	767
chr22	278	6	1	200	200.0	2838
chr22	289	5	1	200	200.0	912
chr22	291	5	1	200	200.0	895
chr22	292	5	1	200	200.0	846
chr22	294	5	1	200	200.0	955
chr22	296	6	1	200	200.0	3280
chr22	298	3	1	200	200.0	1442
chr22	299	5	1	200	200.0	927
chr22	307	4	1	200	200.0	854
chr22	308	3	1	200	200.0	1359
chr22	310	6	1	200	200.0	3024
chr22	312	4	1	200	200.0	766
chr22	312	5	2	200	100.0	941
chr22	312	6	1	200	200.0	2872
chr22	318	3	1	200	200.0	1450
chr22	320	5	1	200	200.0	969
chr22	320	7	1	200	200.0	37468
chr22	326	6	1	200	200.0	2756
chr22	327	6	1	200	200.0	3199
chr22	329	3	1	200	200.0	1345
chr22	333	4	1	200	200.0	699
chr22	336	3	1	200	200.0	1502
chr22	336	4	1	200	200.0	707
chr22	337	4	1	200	200.0	689
chr22	340	4	1	200	200.0	683
chr22	341	4	1	200	200.0	671
chr22	342	4	1	200	200.0	707
chr22	343	5	1	200	200.0	963
chr22	344	6	1	200	200.0	3233
chr22	345	3	1	200	200.0	1414
chr22	348	5	1	200	200.0	978
chr22	351	4	1	200	200.0	643
chr22	353	4	1	200	200.0	611
chr22	353	7	1	200	200.0	35721
chr22	354	6	1	200	200.0	3228
chr22	357	5	3	200	66.66666666666667	877
chr22	358	4	1	200	200.0	742
chr22	359	4	1	200	200.0	670
chr22	360	4	2	200	100.0	693
chr22	362	3	1	200	200.0	1223
chr22	362	7	1	200	200.0	36044
chr22	363	5	1	200	200.0	863
chr22	364	4	1	200	200.0	709
chr22	365	4	1	200	200.0	691
chr22	366	5	1	200	200.0	933
chr22	368	5	1	200	200.0	853
chr22	369	3	1	200	200.0	1483
chr22	371	4	1	200	200.0	690
chr22	371	5	2	200	100.0	856
chr22	372	5	1	200	200.0	913
chr22	373	5	1	200	200.0	989
chr22	374	4	1	200	200.0	724
chr22	374	5	1	200	200.0	998
chr22	375	6	1	200	200.0	2831
chr22	376	4	1	200	200.0	715
chr22	376	6	1	200	200.0	3074
chr22	377	5	1	200	200.0	884
chr22	378	4	1	200	200.0	666
chr22	378	5	1	200	200.0	1016
chr22	379	5	1	200	200.0	968
chr22	380	5	1	200	200.0	819
chr22	380	7	2	200	100.0	34051
chr22	382	4	1	200	200.0	746
chr22	382	5	1	200	200.0	894
chr22	387	3	2	200	100.0	1630
chr22	387	4	1	200	200.0	612
chr22	387	5	1	200	200.0	999
chr22	388	5	1	200	200.0	948
chr22	389	4	1	200	200.0	660
chr22	390	4	2	200	100.0	746
chr22	390	5	1	200	200.0	924
chr22	392	5	1	200	200.0	886
chr22	392	7	1	200	200.0	32254
chr22	393	5	1	200	200.0	887
chr22	394	5	4	200	50.0	987
chr22	395	4	1	200	200.0	624
chr22	396	5	2	200	100.0	949
chr22	398	3	1	200	200.0	1485
chr22	400	5	1	200	200.0	984
chr22	400	6	1	200	200.0	3571
chr22	402	4	1	200	200.0	767
chr22	402	5	2	200	100.0	812
chr22	403	4	1	200	200.0	662
chr22	406	5	1	200	200.0	935
chr22	407	4	1	200	200.0	659
chr22	407	5	2	200	100.0	905
chr22	408	5	3	200	66.66666666666667	919
chr22	410	4	2	200	100.0	656
chr22	410	6	1	200	200.0	3168
chr22	411	4	2	200	100.0	754
chr22	412	5	1	200	200.0	959
chr22	414	4	1	200	200.0	683
chr22	414	5	1	200	200.0	1005
chr22	415	4	1	200	200.0	639
chr22	415	5	1	200	200.0	914
chr22	415	6	1	200	200.0	2990
chr22	416	4	2	200	100.0	597
chr22	416	5	1	200	200.0	996
chr22	417	4	2	200	100.0	735
chr22	418	4	2	200	100.0	627
chr22	418	5	1	200	200.0	976
chr22	418	6	1	200	200.0	3598
chr22	420	4	3	200	66.66666666666667	727
chr22	420	6	1	200	200.0	3252
chr22	421	5	1	200	200.0	946
chr22	422	5	2	200	100.0	974
chr22	423	4	3	200	66.66666666666667	645
chr22	423	5	1	200	200.0	1055
chr22	424	4	1	200	200.0	651
chr22	424	5	1	200	200.0	813
chr22	427	4	1	200	200.0	647
chr22	428	5	1	200	200.0	949
chr22	429	5	3	200	66.66666666666667	1040
chr22	429	6	1	200	200.0	3888
chr22	431	4	1	200	200.0	695
chr22	432	4	1	200	200.0	703
chr22	433	7	1	200	200.0	39411
chr22	434	5	4	200	50.0	891
chr22	434	6	1	200	200.0	3913
chr22	435	5	1	200	200.0	959
chr22	436	5	1	200	200.0	899
chr22	436	6	1	200	200.0	3056
chr22	437	4	3	200	66.66666666666667	690
chr22	437	5	4	200	50.0	982
chr22	438	5	2	200	100.0	950
chr22	439	4	2	200	100.0	606
chr22	439	5	1	200	200.0	997
chr22	440	3	1	200	200.0	1508
chr22	440	5	1	200	200.0	949
chr22	440	6	2	200	100.0	3092
chr22	441	4	1	200	200.0	671
chr22	442	5	1	200	200.0	934
chr22	443	4	1	200	200.0	671
chr22	443	5	1	200	200.0	944
chr22	444	4	1	200	200.0	675
chr22	444	5	1	200	200.0	862
chr22	444	7	1	200	200.0	37816
chr22	445	5	2	200	100.0	894
chr22	446	5	2	200	100.0	972
chr22	448	3	1	200	200.0	1468
chr22	448	4	3	200	66.66666666666667	657
chr22	449	4	1	200	200.0	724
chr22	449	5	1	200	200.0	985
chr22	450	5	1	200	200.0	841
chr22	450	6	2	200	100.0	3082
chr22	451	5	2	200	100.0	820
chr22	452	4	2	200	100.0	731
chr22	453	4	1	200	200.0	688
chr22	453	5	2	200	100.0	993
chr22	453	6	1	200	200.0	3824
chr22	454	4	1	200	200.0	639
chr22	454	6	1	200	200.0	3269
chr22	455	4	1	200	200.0	666
chr22	455	5	1	200	200.0	952
chr22	455	6	1	200	200.0	3100
chr22	456	5	1	200	200.0	976
chr22	459	4	1	200	200.0	674
chr22	459	5	1	200	200.0	1040
chr22	459	7	1	200	200.0	34800
chr22	460	4	1	200	200.0	686
chr22	460	6	1	200	200.0	3614
chr22	460	7	1	200	200.0	37541
chr22	461	4	1	200	200.0	687
chr22	461	5	1	200	200.0	896
chr22	462	4	1	200	200.0	705
chr22	463	4	1	200	200.0	646
chr22	463	5	1	200	200.0	1003
chr22	464	5	1	200	200.0	792
chr22	465	3	1	200	200.0	1538
chr22	465	5	1	200	200.0	942
chr22	465	6	1	200	200.0	3172
chr22	466	3	1	200	200.0	1263
chr22	467	3	1	200	200.0	1341
chr22	468	4	2	200	100.0	630
chr22	468	5	1	200	200.0	1027
chr22	469	4	1	200	200.0	681
chr22	469	5	1	200	200.0	919
chr22	469	7	1	200	200.0	39423
chr22	470	5	2	200	100.0	982
chr22	471	5	1	200	200.0	1020
chr22	472	5	1	200	200.0	949
chr22	472	6	2	200	100.0	3573
chr22	473	4	2	200	100.0	705
chr22	473	5	1	200	200.0	968
chr22	476	4	1	200	200.0	636
chr22	477	6	1	200	200.0	3442
chr22	478	5	2	200	100.0	878
chr22	478	6	1	200	200.0	3229
chr22	479	4	1	200	200.0	774
chr22	479	5	1	200	200.0	849
chr22	479	6	1	200	200.0	3574
chr22	480	5	4	200	50.0	983
chr22	481	5	1	200	200.0	1030
chr22	482	5	1	200	200.0	947
chr22	483	4	1	200	200.0	673
chr22	484	4	1	200	200.0	643
chr22	484	5	2	200	100.0	873
chr22	484	6	1	200	200.0	3842
chr22	485	5	1	200	200.0	889
chr22	486	5	1	200	200.0	942
chr22	487	4	3	200	66.66666666666667	669
chr22	487	5	2	200	100.0	999
chr22	488	4	2	200	100.0	709
chr22	489	5	1	200	200.0	988
chr22	490	4	1	200	200.0	651
chr22	490	5	1	200	200.0	932
chr22	491	5	2	200	100.0	958
chr22	492	5	2	200	100.0	872
chr22	493	3	1	200	200.0	1485
chr22	493	5	1	200	200.0	1029
chr22	494	4	1	200	200.0	799
chr22	494	5	2	200	100.0	921
chr22	495	4	1	200	200.0	693
chr22	495	6	3	200	66.66666666666667	3171
chr22	497	4	1	200	200.0	633
chr22	498	4	1	200	200.0	677
chr22	499	5	1	200	200.0	887
chr22	500	5	1	200	200.0	889
chr22	501	4	1	200	200.0	622
chr22	501	5	1	200	200.0	939
chr22	502	5	1	200	200.0	882
chr22	502	6	1	200	200.0	3626
chr22	503	4	1	200	200.0	643
chr22	503	5	1	200	200.0	887
chr22	505	4	1	200	200.0	649
chr22	505	5	2	200	100.0	959
chr22	506	6	1	200	200.0	3766
chr22	507	5	2	200	100.0	979
chr22	508	4	2	200	100.0	686
chr22	512	4	2	200	100.0	634
chr22	512	5	1	200	200.0	885
chr22	512	7	1	200	200.0	32975
chr22	513	4	2	200	100.0	644
chr22	513	5	1	200	200.0	947
chr22	514	5	2	200	100.0	886
chr22	515	4	1	200	200.0	639
chr22	516	4	1	200	200.0	649
chr22	516	6	2	200	100.0	3516
chr22	517	4	2	200	100.0	654
chr22	517	5	1	200	200.0	1042
chr22	518	4	1	200	200.0	697
chr22	518	5	1	200	200.0	962
chr22	518	6	1	200	200.0	3425
chr22	519	4	1	200	200.0	645
chr22	519	5	1	200	200.0	1006
chr22	520	5	2	200	100.0	878
chr22	521	5	1	200	200.0	927
chr22	522	4	1	200	200.0	613
chr22	522	5	2	200	100.0	977
chr22	522	6	1	200	200.0	3406
chr22	523	5	1	200	200.0	935
chr22	523	6	1	200	200.0	3773
chr22	524	5	1	200	200.0	896
chr22	525	5	1	200	200.0	981
chr22	525	6	2	200	100.0	3261
chr22	526	3	1	200	200.0	1495
chr22	526	7	1	200	200.0	37956
chr22	527	4	2	200	100.0	596
chr22	527	5	1	200	200.0	1036
chr22	528	6	1	200	200.0	3763
chr22	529	4	1	200	200.0	684
chr22	529	5	2	200	100.0	949
chr22	530	6	1	200	200.0	3242
chr22	531	5	1	200	200.0	924
chr22	531	7	1	200	200.0	40144
chr22	532	4	2	200	100.0	647
chr22	533	6	1	200	200.0	3515
chr22	534	5	1	200	200.0	880
chr22	535	3	1	200	200.0	1499
chr22	535	5	2	200	100.0	1015
chr22	535	6	1	200	200.0	3935
chr22	536	5	1	200	200.0	919
chr22	537	5	1	200	200.0	1003
chr22	538	5	1	200	200.0	901
chr22	539	5	1	200	200.0	925
chr22	540	5	1	200	200.0	961
chr22	540	6	2	200	100.0	4101
chr22	540	7	1	200	200.0	36763
chr22	541	5	1	200	200.0	865
chr22	541	6	1	200	200.0	3665
chr22	542	5	1	200	200.0	999
chr22	543	4	1	200	200.0	650
chr22	543	5	1	200	200.0	1151
chr22	545	3	1	200	200.0	1645
chr22	545	5	1	200	200.0	942
chr22	546	5	2	200	100.0	991
chr22	546	6	1	200	200.0	3528
chr22	547	6	1	200	200.0	3553
chr22	550	5	1	200	200.0	953
chr22	551	5	3	200	66.66666666666667	1003
chr22	551	6	1	200	200.0	3519
chr22	552	4	1	200	200.0	669
chr22	552	6	1	200	200.0	3680
chr22	554	4	1	200	200.0	676
chr22	554	5	3	200	66.66666666666667	975
chr22	554	6	1	200	200.0	3623
chr22	555	5	1	200	200.0	1014
chr22	555	6	1	200	200.0	3120
chr22	556	5	1	200	200.0	981
chr22	557	5	1	200	200.0	885
chr22	558	5	2	200	100.0	992
chr22	558	6	1	200	200.0	3712
chr22	559	5	1	200	200.0	967
chr22	560	3	1	200	200.0	1509
chr22	560	5	2	200	100.0	1006
chr22	563	5	1	200	200.0	1008
chr22	565	3	1	200	200.0	1410
chr22	565	5	2	200	100.0	1012
chr22	566	4	1	200	200.0	645
chr22	567	5	1	200	200.0	1027
chr22	568	3	1	200	200.0	1614
chr22	568	6	2	200	100.0	3516
chr22	569	6	1	200	200.0	3960
chr22	571	5	1	200	200.0	1004
chr22	572	4	1	200	200.0	641
chr22	573	5	2	200	100.0	1031
chr22	574	4	1	200	200.0	606
chr22	574	5	1	200	200.0	954
chr22	575	5	1	200	200.0	921
chr22	577	5	1	200	200.0	911
chr22	577	6	1	200	200.0	4332
chr22	578	4	1	200	200.0	592
chr22	578	7	1	200	200.0	43088
chr22	579	5	1	200	200.0	1023
chr22	579	6	1	200	200.0	3501
chr22	580	5	1	200	200.0	874
chr22	583	5	1	200	200.0	990
chr22	587	5	2	200	100.0	976
chr22	588	5	2	200	100.0	1029
chr22	589	5	2	200	100.0	895
chr22	589	6	1	200	200.0	3254
chr22	590	4	1	200	200.0	718
chr22	590	5	1	200	200.0	934
chr22	591	4	1	200	200.0	611
chr22	592	5	2	200	100.0	969
chr22	593	6	1	200	200.0	3391
chr22	594	6	1	200	200.0	3893
chr22	596	5	2	200	100.0	786
chr22	597	5	1	200	200.0	972
chr22	597	6	2	200	100.0	3788
chr22	599	5	1	200	200.0	943
chr22	601	4	1	200	200.0	636
chr22	602	4	2	200	100.0	619
chr22	603	5	1	200	200.0	999
chr22	605	5	1	200	200.0	961
chr22	606	5	2	200	100.0	861
chr22	607	5	2	200	100.0	935
chr22	607	6	1	200	200.0	4031
chr22	608	4	1	200	200.0	619
chr22	608	6	1	200	200.0	3528
chr22	611	5	1	200	200.0	950
chr22	612	4	2	200	100.0	641
chr22	613	3	1	200	200.0	1576
chr22	613	5	2	200	100.0	892
chr22	614	5	3	200	66.66666666666667	887
chr22	615	5	3	200	66.66666666666667	839
chr22	615	6	1	200	200.0	3469
chr22	616	5	1	200	200.0	890
chr22	617	4	1	200	200.0	593
chr22	617	5	1	200	200.0	1083
chr22	617	6	1	200	200.0	3818
chr22	618	4	2	200	100.0	667
chr22	620	4	1	200	200.0	676
chr22	622	4	1	200	200.0	625
chr22	622	6	1	200	200.0	4278
chr22	623	4	1	200	200.0	600
chr22	623	5	1	200	200.0	804
chr22	623	6	1	200	200.0	3819
chr22	624	5	1	200	200.0	995
chr22	625	6	1	200	200.0	3510
chr22	627	4	2	200	100.0	636
chr22	627	5	2	200	100.0	982
chr22	627	7	1	200	200.0	42207
chr22	629	6	1	200	200.0	3645
chr22	630	4	1	200	200.0	598
chr22	630	5	1	200	200.0	813
chr22	630	6	2	200	100.0	3815
chr22	631	4	1	200	200.0	639
chr22	632	4	2	200	100.0	594
chr22	633	5	3	200	66.66666666666667	905
chr22	634	6	1	200	200.0	3278
chr22	635	5	1	200	200.0	889
chr22	635	6	1	200	200.0	3612
chr22	637	6	1	200	200.0	3894
chr22	638	5	1	200	200.0	991
chr22	638	6	1	200	200.0	3994
chr22	639	4	1	200	200.0	639
chr22	639	5	4	200	50.0	971
chr22	640	5	1	200	200.0	939
chr22	640	6	1	200	200.0	3773
chr22	641	6	1	200	200.0	3733
chr22	644	4	1	200	200.0	646
chr22	645	5	2	200	100.0	874
chr22	646	5	1	200	200.0	975
chr22	647	4	1	200	200.0	639
chr22	648	5	2	200	100.0	862
chr22	649	4	1	200	200.0	621
chr22	652	4	1	200	200.0	576
chr22	652	5	1	200	200.0	1048
chr22	655	5	3	200	66.66666666666667	1019
chr22	656	4	1	200	200.0	600
chr22	656	6	1	200	200.0	3903
chr22	658	6	1	200	200.0	3647
chr22	659	4	1	200	200.0	737
chr22	659	5	1	200	200.0	946
chr22	660	5	1	200	200.0	983
chr22	661	6	1	200	200.0	3879
chr22	662	5	1	200	200.0	1003
chr22	663	5	1	200	200.0	981
chr22	664	6	2	200	100.0	4149
chr22	666	5	1	200	200.0	976
chr22	667	5	1	200	200.0	891
chr22	668	6	1	200	200.0	3917
chr22	670	4	1	200	200.0	679
chr22	671	4	1	200	200.0	588
chr22	671	6	2	200	100.0	3886
chr22	673	4	1	200	200.0	598
chr22	674	4	2	200	100.0	702
chr22	674	5	2	200	100.0	973
chr22	674	6	1	200	200.0	3952
chr22	675	4	1	200	200.0	653
chr22	676	6	1	200	200.0	3337
chr22	678	5	1	200	200.0	995
chr22	679	4	1	200	200.0	648
chr22	679	5	1	200	200.0	900
chr22	679	6	1	200	200.0	3754
chr22	680	4	1	200	200.0	667
chr22	682	5	1	200	200.0	1082
chr22	683	5	2	200	100.0	1003
chr22	684	5	1	200	200.0	996
chr22	687	5	2	200	100.0	949
chr22	687	6	1	200	200.0	4075
chr22	688	5	1	200	200.0	924
chr22	690	5	1	200	200.0	1028
chr22	693	6	1	200	200.0	4013
chr22	694	5	1	200	200.0	967
chr22	695	5	1	200	200.0	921
chr22	696	4	1	200	200.0	629
chr22	696	5	1	200	200.0	893
chr22	696	6	1	200	200.0	3375
chr22	698	4	1	200	200.0	627
chr22	698	5	3	200	66.66666666666667	965
chr22	699	5	1	200	200.0	977
chr22	700	5	2	200	100.0	1076
chr22	701	4	1	200	200.0	712
chr22	701	5	1	200	200.0	911
chr22	703	5	1	200	200.0	955
chr22	704	4	1	200	200.0	571
chr22	704	5	1	200	200.0	955
chr22	705	4	1	200	200.0	606
chr22	705	6	1	200	200.0	3381
chr22	708	5	1	200	200.0	1044
chr22	709	6	1	200	200.0	3806
chr22	711	6	1	200	200.0	3400
chr22	712	5	1	200	200.0	991
chr22	713	5	1	200	200.0	1002
chr22	715	5	1	200	200.0	1011
chr22	716	4	1	200	200.0	603
chr22	718	4	1	200	200.0	625
chr22	721	5	1	200	200.0	910
chr22	721	6	1	200	200.0	3656
chr22	723	4	1	200	200.0	648
chr22	724	5	2	200	100.0	996
chr22	724	6	2	200	100.0	3863
chr22	725	5	1	200	200.0	1085
chr22	727	5	1	200	200.0	997
chr22	727	6	1	200	200.0	4170
chr22	730	5	1	200	200.0	952
chr22	731	5	1	200	200.0	821
chr22	735	6	1	200	200.0	3990
chr22	737	5	1	200	200.0	954
chr22	741	4	1	200	200.0	633
chr22	744	5	1	200	200.0	904
chr22	748	6	1	200	200.0	3972
chr22	749	3	1	200	200.0	1672
chr22	751	5	1	200	200.0	921
chr22	751	6	1	200	200.0	4287
chr22	752	5	1	200	200.0	953
chr22	754	6	1	200	200.0	3878
chr22	755	4	1	200	200.0	624
chr22	758	5	1	200	200.0	1035
chr22	759	6	1	200	200.0	3780
chr22	760	6	1	200	200.0	4005
chr22	762	4	1	200	200.0	618
chr22	763	5	1	200	200.0	930
chr22	764	5	2	200	100.0	898
chr22	765	4	1	200	200.0	564
chr22	765	6	1	200	200.0	3913
chr22	769	5	2	200	100.0	875
chr22	772	5	1	200	200.0	1006
chr22	772	6	1	200	200.0	4397
chr22	777	5	1	200	200.0	1004
chr22	783	4	1	200	200.0	606
chr22	785	5	1	200	200.0	916
chr22	787	5	2	200	100.0	930
chr22	788	6	1	200	200.0	3930
chr22	791	6	1	200	200.0	3481
chr22	792	5	1	200	200.0	1008
chr22	793	5	1	200	200.0	967
chr22	793	6	1	200	200.0	4021
chr22	796	5	1	200	200.0	856
chr22	800	5	2	200	100.0	1008
chr22	801	5	2	200	100.0	996
chr22	813	5	1	200	200.0	1026
chr22	815	6	1	200	200.0	3978
chr22	816	5	1	200	200.0	933
chr22	817	4	1	200	200.0	603
chr22	819	5	1	200	200.0	948
chr22	820	6	1	200	200.0	4023
chr22	823	4	1	200	200.0	598
chr22	824	4	1	200	200.0	629
chr22	827	5	1	200	200.0	925
chr22	838	6	1	200	200.0	3841
chr22	843	6	1	200	200.0	3562
chr22	845	6	1	200	200.0	3270
chr22	852	5	1	200	200.0	870
chr22	854	6	1	200	200.0	3679
chr22	857	5	1	200	200.0	871
chr22	866	6	1	200	200.0	3868
chr22	873	5	1	200	200.0	948
chr22	876	5	1	200	200.0	963
chr22	876	6	1	200	200.0	3480
chr22	877	5	2	200	100.0	920
chr22	878	6	1	200	200.0	4180
chr22	879	5	1	200	200.0	814
chr22	880	6	1	200	200.0	4135
chr22	881	5	1	200	200.0	1011
chr22	883	5	1	200	200.0	1006
chr22	886	5	1	200	200.0	954
chr22	887	5	1	200	200.0	895
chr22	888	5	1	200	200.0	946
chr22	893	4	1	200	200.0	656
chr22	899	4	1	200	200.0	659
chr22	904	5	1	200	200.0	918
chr22	905	5	1	200	200.0	992
chr22	908	5	1	200	200.0	940
chr22	912	7	1	200	200.0	48689
chr22	914	5	1	200	200.0	935
chr22	915	6	1	200	200.0	4446
chr22	919	4	1	200	200.0	615
chr22	921	5	1	200	200.0	981
chr22	921	6	1	200	200.0	3711
chr22	923	5	1	200	200.0	1012
chr22	926	6	1	200	200.0	4122
chr22	929	6	1	200	200.0	3705
chr22	930	6	1	200	200.0	3847
chr22	931	5	1	200	200.0	921
chr22	932	5	1	200	200.0	933
chr22	946	5	1	200	200.0	861
chr22	949	5	1	200	200.0	968
chr22	955	5	1	200	200.0	1095
chr22	956	5	1	200	200.0	984
chr22	961	5	1	200	200.0	951
chr22	962	5	1	200	200.0	971
chr22	968	4	1	200	200.0	664
chr22	973	4	1	200	200.0	587
chr22	979	5	1	200	200.0	846
chr22	990	6	1	200	200.0	4073
chr22	996	5	1	200	200.0	838
chr22	1028	4	1	200	200.0	681
chr22	1037	6	1	200	200.0	4311
chr22	1043	6	1	200	200.0	3905
chr22	1065	5	1	200	200.0	952
chr22	1066	6	1	200	200.0	4306
chr22	1074	4	1	200	200.0	640
chr22	1084	4	1	200	200.0	654
chr22	1087	5	1	200	200.0	875
chr22	1109	5	1	200	200.0	908
chr22	1115	5	1	200	200.0	916
chr22	1123	5	2	200	100.0	874
chr22	1137	5	1	200	200.0	921
chr22	1138	6	1	200	200.0	4731
chr22	1141	5	1	200	200.0	952
chr22	1210	4	1	200	200.0	548
chr22	1210	7	1	200	200.0	62489
chr22	1239	5	1	200	200.0	932
chr22	1283	6	1	200	200.0	4352
chr22	1295	6	1	200	200.0	4236
chr22	1305	5	1	200	200.0	969
chr22	1365	5	1	200	200.0	1023
chr22	1370	4	1	200	200.0	597
chr22	1432	5	1	200	200.0	999
chr22	1483	4	1	200	200.0	619
chr22	1510	6	1	200	200.0	4953
chr22	1581	5	1	200	200.0	1064
chr22	1725	5	1	200	200.0	810
chr22	1758	5	1	200	200.0	959
chr22	1967	5	1	200	200.0	863
chr3	236	5	1	200	200.0	1990
chr3	250	6	1	200	200.0	15028
chr3	256	5	1	200	200.0	1795
chr3	261	4	1	200	200.0	600
chr3	266	3	1	200	200.0	506
chr3	267	3	1	200	200.0	472
chr3	268	3	1	200	200.0	456
chr3	269	5	1	200	200.0	1876
chr3	271	3	1	200	200.0	480
chr3	272	3	1	200	200.0	445
chr3	277	4	2	200	100.0	578
chr3	279	4	1	200	200.0	678
chr3	280	4	2	200	100.0	618
chr3	282	3	1	200	200.0	448
chr3	283	4	1	200	200.0	601
chr3	284	4	1	200	200.0	622
chr3	288	5	1	200	200.0	2132
chr3	290	4	1	200	200.0	498
chr3	291	3	1	200	200.0	465
chr3	293	4	1	200	200.0	611
chr3	296	3	1	200	200.0	432
chr3	297	5	2	200	100.0	2099
chr3	299	3	1	200	200.0	450
chr3	299	6	1	200	200.0	17002
chr3	300	3	1	200	200.0	477
chr3	302	4	1	200	200.0	588
chr3	303	4	1	200	200.0	631
chr3	304	5	1	200	200.0	1933
chr3	304	7	1	200	200.0	74698
chr3	305	5	1	200	200.0	2238
chr3	309	3	2	200	100.0	476
chr3	309	4	1	200	200.0	618
chr3	310	3	1	200	200.0	456
chr3	310	7	1	200	200.0	88443
chr3	311	4	1	200	200.0	638
chr3	312	4	2	200	100.0	563
chr3	313	3	1	200	200.0	454
chr3	313	4	1	200	200.0	629
chr3	313	5	2	200	100.0	2120
chr3	314	3	1	200	200.0	425
chr3	315	4	1	200	200.0	538
chr3	315	5	2	200	100.0	2322
chr3	316	3	1	200	200.0	483
chr3	316	5	1	200	200.0	2308
chr3	317	4	1	200	200.0	610
chr3	318	4	1	200	200.0	620
chr3	318	5	1	200	200.0	2042
chr3	320	4	1	200	200.0	664
chr3	321	4	1	200	200.0	552
chr3	322	3	4	200	50.0	485
chr3	323	2	1	200	200.0	2151
chr3	323	4	1	200	200.0	645
chr3	323	5	1	200	200.0	2165
chr3	325	4	2	200	100.0	602
chr3	326	3	1	200	200.0	438
chr3	327	3	1	200	200.0	457
chr3	327	4	1	200	200.0	600
chr3	328	3	3	200	66.66666666666667	418
chr3	328	4	1	200	200.0	572
chr3	329	4	1	200	200.0	624
chr3	330	3	1	200	200.0	431
chr3	330	4	1	200	200.0	569
chr3	330	5	1	200	200.0	2114
chr3	331	4	1	200	200.0	615
chr3	332	4	2	200	100.0	602
chr3	332	5	1	200	200.0	2072
chr3	333	3	3	200	66.66666666666667	405
chr3	333	4	1	200	200.0	631
chr3	334	3	1	200	200.0	423
chr3	335	4	3	200	66.66666666666667	597
chr3	335	5	1	200	200.0	2001
chr3	336	3	1	200	200.0	431
chr3	336	4	4	200	50.0	609
chr3	337	4	1	200	200.0	584
chr3	337	5	1	200	200.0	2181
chr3	338	3	1	200	200.0	436
chr3	338	4	1	200	200.0	582
chr3	338	5	1	200	200.0	2304
chr3	339	3	1	200	200.0	437
chr3	339	4	4	200	50.0	615
chr3	339	5	2	200	100.0	2087
chr3	340	3	1	200	200.0	489
chr3	340	4	1	200	200.0	598
chr3	340	5	1	200	200.0	2357
chr3	341	3	1	200	200.0	407
chr3	341	4	2	200	100.0	596
chr3	341	5	2	200	100.0	2530
chr3	343	3	1	200	200.0	437
chr3	344	3	1	200	200.0	443
chr3	344	4	1	200	200.0	598
chr3	344	5	1	200	200.0	2097
chr3	345	3	1	200	200.0	450
chr3	345	4	4	200	50.0	577
chr3	346	4	2	200	100.0	605
chr3	347	3	1	200	200.0	469
chr3	347	5	1	200	200.0	2209
chr3	348	4	2	200	100.0	618
chr3	349	3	1	200	200.0	475
chr3	349	5	1	200	200.0	2560
chr3	350	4	2	200	100.0	585
chr3	351	3	1	200	200.0	429
chr3	351	4	2	200	100.0	638
chr3	351	5	3	200	66.66666666666667	2487
chr3	352	3	1	200	200.0	451
chr3	352	4	1	200	200.0	597
chr3	353	4	1	200	200.0	575
chr3	353	5	1	200	200.0	2104
chr3	354	3	1	200	200.0	478
chr3	354	4	6	200	33.333333333333336	603
chr3	354	5	2	200	100.0	2292
chr3	354	7	1	200	200.0	87432
chr3	355	3	1	200	200.0	439
chr3	355	4	2	200	100.0	602
chr3	356	3	1	200	200.0	445
chr3	356	4	1	200	200.0	667
chr3	356	6	1	200	200.0	18483
chr3	357	3	3	200	66.66666666666667	425
chr3	358	3	2	200	100.0	404
chr3	358	4	3	200	66.66666666666667	665
chr3	358	5	1	200	200.0	2211
chr3	359	3	4	200	50.0	430
chr3	359	5	2	200	100.0	2430
chr3	360	4	2	200	100.0	653
chr3	360	5	1	200	200.0	2049
chr3	361	4	2	200	100.0	591
chr3	362	2	2	200	100.0	2444
chr3	362	3	1	200	200.0	475
chr3	362	4	2	200	100.0	514
chr3	363	3	3	200	66.66666666666667	430
chr3	363	4	1	200	200.0	617
chr3	363	5	2	200	100.0	2238
chr3	364	4	4	200	50.0	602
chr3	365	3	2	200	100.0	447
chr3	365	4	3	200	66.66666666666667	537
chr3	365	6	1	200	200.0	18505
chr3	366	3	4	200	50.0	462
chr3	366	4	1	200	200.0	659
chr3	366	5	1	200	200.0	2304
chr3	367	4	2	200	100.0	574
chr3	367	5	2	200	100.0	2389
chr3	368	3	1	200	200.0	442
chr3	368	4	1	200	200.0	625
chr3	368	5	1	200	200.0	2241
chr3	368	6	2	200	100.0	16891
chr3	369	3	4	200	50.0	401
chr3	369	4	4	200	50.0	608
chr3	370	4	2	200	100.0	575
chr3	370	5	2	200	100.0	2352
chr3	371	3	1	200	200.0	412
chr3	371	4	1	200	200.0	625
chr3	372	3	1	200	200.0	443
chr3	372	4	1	200	200.0	583
chr3	372	5	2	200	100.0	2411
chr3	372	6	1	200	200.0	16698
chr3	373	3	2	200	100.0	434
chr3	373	4	1	200	200.0	549
chr3	373	5	1	200	200.0	2455
chr3	374	3	3	200	66.66666666666667	456
chr3	374	4	2	200	100.0	646
chr3	374	5	1	200	200.0	2410
chr3	375	3	4	200	50.0	483
chr3	375	4	1	200	200.0	639
chr3	375	5	1	200	200.0	2527
chr3	376	3	2	200	100.0	420
chr3	377	3	3	200	66.66666666666667	429
chr3	377	4	1	200	200.0	605
chr3	378	3	2	200	100.0	438
chr3	378	5	3	200	66.66666666666667	2509
chr3	379	3	2	200	100.0	459
chr3	379	4	2	200	100.0	631
chr3	379	5	3	200	66.66666666666667	2318
chr3	380	3	2	200	100.0	405
chr3	380	4	6	200	33.333333333333336	585
chr3	380	5	2	200	100.0	2219
chr3	380	7	1	200	200.0	99923
chr3	381	3	4	200	50.0	457
chr3	381	4	3	200	66.66666666666667	618
chr3	381	5	1	200	200.0	2228
chr3	381	8	1	200	200.0	844576
chr3	382	3	4	200	50.0	429
chr3	382	4	2	200	100.0	593
chr3	382	5	1	200	200.0	2500
chr3	383	3	1	200	200.0	418
chr3	383	4	2	200	100.0	583
chr3	383	5	1	200	200.0	2309
chr3	383	6	1	200	200.0	17537
chr3	384	4	1	200	200.0	520
chr3	385	3	2	200	100.0	444
chr3	385	4	3	200	66.66666666666667	526
chr3	385	5	1	200	200.0	2591
chr3	385	6	1	200	200.0	18372
chr3	386	3	1	200	200.0	415
chr3	386	5	1	200	200.0	2358
chr3	387	3	3	200	66.66666666666667	422
chr3	387	4	1	200	200.0	578
chr3	388	3	1	200	200.0	482
chr3	388	4	2	200	100.0	591
chr3	388	5	3	200	66.66666666666667	2298
chr3	389	3	3	200	66.66666666666667	465
chr3	389	4	3	200	66.66666666666667	535
chr3	389	5	1	200	200.0	2358
chr3	389	6	1	200	200.0	18658
chr3	390	3	1	200	200.0	403
chr3	390	4	2	200	100.0	600
chr3	390	5	4	200	50.0	2329
chr3	391	3	2	200	100.0	406
chr3	391	4	2	200	100.0	640
chr3	391	5	2	200	100.0	2405
chr3	392	3	2	200	100.0	446
chr3	392	4	1	200	200.0	600
chr3	392	5	1	200	200.0	2141
chr3	393	3	1	200	200.0	443
chr3	393	4	1	200	200.0	593
chr3	393	7	1	200	200.0	93445
chr3	394	3	3	200	66.66666666666667	427
chr3	394	4	2	200	100.0	539
chr3	395	3	6	200	33.333333333333336	405
chr3	395	4	1	200	200.0	525
chr3	395	5	1	200	200.0	2594
chr3	396	3	4	200	50.0	444
chr3	396	4	2	200	100.0	622
chr3	396	6	1	200	200.0	19053
chr3	397	3	1	200	200.0	448
chr3	397	4	5	200	40.0	547
chr3	397	6	1	200	200.0	19833
chr3	398	3	1	200	200.0	399
chr3	398	4	2	200	100.0	621
chr3	398	5	2	200	100.0	2275
chr3	399	4	1	200	200.0	574
chr3	400	3	4	200	50.0	406
chr3	400	4	2	200	100.0	581
chr3	400	5	3	200	66.66666666666667	2284
chr3	401	3	2	200	100.0	427
chr3	401	4	1	200	200.0	594
chr3	402	3	2	200	100.0	433
chr3	402	4	5	200	40.0	657
chr3	402	5	1	200	200.0	2291
chr3	403	3	2	200	100.0	426
chr3	403	4	3	200	66.66666666666667	590
chr3	403	6	1	200	200.0	16794
chr3	404	3	3	200	66.66666666666667	466
chr3	404	4	4	200	50.0	567
chr3	404	6	1	200	200.0	17990
chr3	405	3	3	200	66.66666666666667	460
chr3	405	4	1	200	200.0	629
chr3	405	5	1	200	200.0	2482
chr3	406	3	4	200	50.0	441
chr3	406	4	2	200	100.0	616
chr3	406	5	1	200	200.0	2506
chr3	406	6	1	200	200.0	20541
chr3	406	7	1	200	200.0	101758
chr3	407	3	2	200	100.0	449
chr3	407	4	1	200	200.0	564
chr3	407	5	1	200	200.0	2245
chr3	408	3	1	200	200.0	418
chr3	408	4	4	200	50.0	596
chr3	408	5	1	200	200.0	2314
chr3	408	6	1	200	200.0	17479
chr3	409	3	4	200	50.0	428
chr3	409	4	2	200	100.0	592
chr3	409	5	1	200	200.0	2378
chr3	410	3	2	200	100.0	453
chr3	410	4	4	200	50.0	602
chr3	411	3	3	200	66.66666666666667	451
chr3	411	4	3	200	66.66666666666667	634
chr3	411	5	2	200	100.0	2783
chr3	412	3	1	200	200.0	405
chr3	412	4	1	200	200.0	664
chr3	412	5	2	200	100.0	2227
chr3	413	3	1	200	200.0	431
chr3	413	4	3	200	66.66666666666667	594
chr3	413	5	1	200	200.0	2353
chr3	414	3	1	200	200.0	415
chr3	414	4	3	200	66.66666666666667	554
chr3	414	5	1	200	200.0	2536
chr3	415	3	3	200	66.66666666666667	405
chr3	415	4	4	200	50.0	566
chr3	415	5	2	200	100.0	2167
chr3	416	3	2	200	100.0	444
chr3	416	4	4	200	50.0	604
chr3	416	5	1	200	200.0	2348
chr3	417	3	1	200	200.0	445
chr3	417	4	2	200	100.0	578
chr3	417	5	2	200	100.0	2802
chr3	418	3	1	200	200.0	394
chr3	418	4	3	200	66.66666666666667	605
chr3	418	5	1	200	200.0	2489
chr3	418	6	2	200	100.0	18536
chr3	419	3	2	200	100.0	434
chr3	419	4	3	200	66.66666666666667	559
chr3	419	5	2	200	100.0	2345
chr3	420	3	2	200	100.0	431
chr3	420	4	1	200	200.0	573
chr3	421	3	2	200	100.0	473
chr3	421	4	5	200	40.0	547
chr3	421	5	1	200	200.0	2643
chr3	422	3	3	200	66.66666666666667	441
chr3	422	4	3	200	66.66666666666667	556
chr3	422	5	2	200	100.0	2696
chr3	422	6	1	200	200.0	20012
chr3	423	3	3	200	66.66666666666667	453
chr3	423	4	5	200	40.0	603
chr3	423	5	3	200	66.66666666666667	2396
chr3	423	6	1	200	200.0	16334
chr3	424	3	1	200	200.0	436
chr3	424	4	2	200	100.0	590
chr3	424	5	2	200	100.0	2448
chr3	425	3	4	200	50.0	438
chr3	425	4	4	200	50.0	589
chr3	425	5	2	200	100.0	2513
chr3	426	3	1	200	200.0	463
chr3	426	4	5	200	40.0	548
chr3	427	3	4	200	50.0	411
chr3	427	4	2	200	100.0	460
chr3	427	5	3	200	66.66666666666667	2372
chr3	427	6	1	200	200.0	18962
chr3	428	3	3	200	66.66666666666667	408
chr3	428	4	5	200	40.0	563
chr3	429	3	3	200	66.66666666666667	462
chr3	429	4	3	200	66.66666666666667	590
chr3	429	5	1	200	200.0	2663
chr3	430	3	2	200	100.0	389
chr3	430	4	4	200	50.0	583
chr3	430	5	1	200	200.0	2806
chr3	431	3	2	200	100.0	396
chr3	431	4	1	200	200.0	592
chr3	431	6	1	200	200.0	21633
chr3	432	3	1	200	200.0	465
chr3	432	4	1	200	200.0	539
chr3	432	5	3	200	66.66666666666667	2384
chr3	432	6	1	200	200.0	19955
chr3	433	3	4	200	50.0	446
chr3	433	4	4	200	50.0	544
chr3	433	5	1	200	200.0	2469
chr3	433	6	1	200	200.0	19598
chr3	434	3	2	200	100.0	415
chr3	434	4	2	200	100.0	537
chr3	435	3	1	200	200.0	490
chr3	435	4	3	200	66.66666666666667	608
chr3	435	5	1	200	200.0	2709
chr3	436	4	4	200	50.0	551
chr3	436	5	1	200	200.0	2470
chr3	437	3	2	200	100.0	438
chr3	437	4	3	200	66.66666666666667	533
chr3	437	5	2	200	100.0	2584
chr3	438	4	1	200	200.0	555
chr3	438	5	3	200	66.66666666666667	2208
chr3	439	4	3	200	66.66666666666667	581
chr3	439	5	1	200	200.0	2372
chr3	440	3	3	200	66.66666666666667	404
chr3	441	4	3	200	66.66666666666667	548
chr3	441	5	2	200	100.0	2572
chr3	442	3	2	200	100.0	449
chr3	442	4	5	200	40.0	639
chr3	442	5	2	200	100.0	2516
chr3	442	6	1	200	200.0	19839
chr3	443	4	2	200	100.0	561
chr3	443	5	1	200	200.0	2386
chr3	444	3	3	200	66.66666666666667	463
chr3	444	4	1	200	200.0	580
chr3	444	5	2	200	100.0	2686
chr3	445	3	2	200	100.0	444
chr3	445	4	1	200	200.0	563
chr3	446	3	4	200	50.0	422
chr3	446	4	3	200	66.66666666666667	616
chr3	446	5	3	200	66.66666666666667	2427
chr3	447	3	1	200	200.0	421
chr3	447	4	4	200	50.0	578
chr3	447	5	2	200	100.0	2367
chr3	447	6	1	200	200.0	19882
chr3	447	7	1	200	200.0	100309
chr3	448	4	4	200	50.0	626
chr3	448	5	3	200	66.66666666666667	2278
chr3	448	6	1	200	200.0	19345
chr3	449	3	1	200	200.0	454
chr3	449	4	4	200	50.0	567
chr3	449	5	1	200	200.0	2554
chr3	450	3	1	200	200.0	416
chr3	450	4	3	200	66.66666666666667	554
chr3	450	5	2	200	100.0	2615
chr3	451	3	3	200	66.66666666666667	399
chr3	451	4	5	200	40.0	618
chr3	451	5	4	200	50.0	2717
chr3	451	6	1	200	200.0	21273
chr3	452	3	4	200	50.0	401
chr3	452	4	4	200	50.0	546
chr3	452	5	2	200	100.0	2755
chr3	453	3	2	200	100.0	428
chr3	453	4	3	200	66.66666666666667	589
chr3	453	6	2	200	100.0	22081
chr3	454	4	1	200	200.0	624
chr3	454	5	1	200	200.0	2459
chr3	455	3	1	200	200.0	446
chr3	455	4	3	200	66.66666666666667	588
chr3	455	5	2	200	100.0	2608
chr3	455	6	1	200	200.0	19706
chr3	456	3	1	200	200.0	434
chr3	456	4	4	200	50.0	605
chr3	456	5	3	200	66.66666666666667	2375
chr3	456	6	1	200	200.0	18901
chr3	457	3	2	200	100.0	449
chr3	458	4	3	200	66.66666666666667	518
chr3	458	5	3	200	66.66666666666667	2238
chr3	459	3	3	200	66.66666666666667	459
chr3	459	4	4	200	50.0	550
chr3	459	5	3	200	66.66666666666667	2459
chr3	460	3	1	200	200.0	405
chr3	460	4	7	200	28.571428571428573	573
chr3	460	5	1	200	200.0	2628
chr3	461	4	3	200	66.66666666666667	589
chr3	461	5	1	200	200.0	2590
chr3	461	6	1	200	200.0	19118
chr3	462	3	1	200	200.0	428
chr3	462	4	3	200	66.66666666666667	581
chr3	462	5	2	200	100.0	2372
chr3	463	2	1	200	200.0	2501
chr3	463	5	3	200	66.66666666666667	2751
chr3	464	3	1	200	200.0	415
chr3	464	4	1	200	200.0	533
chr3	464	5	1	200	200.0	2379
chr3	465	3	1	200	200.0	407
chr3	465	4	3	200	66.66666666666667	530
chr3	465	5	2	200	100.0	2508
chr3	465	6	1	200	200.0	19435
chr3	466	3	2	200	100.0	392
chr3	466	4	2	200	100.0	499
chr3	466	5	1	200	200.0	2696
chr3	467	3	1	200	200.0	428
chr3	467	4	3	200	66.66666666666667	565
chr3	467	5	2	200	100.0	2777
chr3	468	3	2	200	100.0	413
chr3	468	4	2	200	100.0	583
chr3	468	5	1	200	200.0	2677
chr3	469	3	1	200	200.0	416
chr3	469	4	4	200	50.0	619
chr3	469	5	1	200	200.0	2424
chr3	470	3	1	200	200.0	430
chr3	470	4	2	200	100.0	558
chr3	470	5	1	200	200.0	2500
chr3	471	3	3	200	66.66666666666667	452
chr3	471	4	6	200	33.333333333333336	563
chr3	472	3	2	200	100.0	441
chr3	472	4	2	200	100.0	581
chr3	473	4	2	200	100.0	559
chr3	473	5	2	200	100.0	2782
chr3	474	3	2	200	100.0	430
chr3	474	4	4	200	50.0	518
chr3	474	5	1	200	200.0	2383
chr3	475	5	2	200	100.0	2561
chr3	476	3	1	200	200.0	445
chr3	476	4	3	200	66.66666666666667	608
chr3	476	5	1	200	200.0	2413
chr3	477	3	1	200	200.0	430
chr3	477	4	4	200	50.0	522
chr3	477	5	1	200	200.0	2537
chr3	478	3	1	200	200.0	408
chr3	478	4	3	200	66.66666666666667	546
chr3	478	5	2	200	100.0	2439
chr3	479	4	2	200	100.0	543
chr3	479	5	2	200	100.0	2779
chr3	480	3	2	200	100.0	434
chr3	480	4	7	200	28.571428571428573	472
chr3	480	5	4	200	50.0	2653
chr3	481	3	1	200	200.0	424
chr3	481	4	1	200	200.0	574
chr3	482	3	1	200	200.0	430
chr3	482	5	2	200	100.0	2473
chr3	483	3	1	200	200.0	406
chr3	483	4	7	200	28.571428571428573	574
chr3	483	5	1	200	200.0	2648
chr3	484	4	3	200	66.66666666666667	628
chr3	484	5	2	200	100.0	2650
chr3	485	3	1	200	200.0	422
chr3	485	4	4	200	50.0	589
chr3	485	5	2	200	100.0	2619
chr3	486	3	1	200	200.0	430
chr3	486	4	3	200	66.66666666666667	555
chr3	486	5	3	200	66.66666666666667	2742
chr3	486	6	1	200	200.0	20254
chr3	487	4	6	200	33.333333333333336	549
chr3	487	5	1	200	200.0	2519
chr3	488	3	2	200	100.0	417
chr3	488	4	5	200	40.0	553
chr3	489	4	2	200	100.0	548
chr3	489	5	1	200	200.0	2541
chr3	489	6	1	200	200.0	21275
chr3	490	4	2	200	100.0	564
chr3	490	5	1	200	200.0	2688
chr3	490	7	1	200	200.0	111935
chr3	491	4	7	200	28.571428571428573	591
chr3	491	5	2	200	100.0	2647
chr3	491	6	1	200	200.0	20362
chr3	492	4	1	200	200.0	575
chr3	492	5	4	200	50.0	2789
chr3	493	3	1	200	200.0	473
chr3	493	4	2	200	100.0	537
chr3	493	5	2	200	100.0	2716
chr3	493	7	1	200	200.0	99436
chr3	494	4	1	200	200.0	610
chr3	495	4	1	200	200.0	643
chr3	495	5	1	200	200.0	2379
chr3	496	4	4	200	50.0	528
chr3	496	5	2	200	100.0	2530
chr3	496	6	1	200	200.0	19294
chr3	497	3	1	200	200.0	459
chr3	497	4	3	200	66.66666666666667	525
chr3	497	6	1	200	200.0	20478
chr3	498	3	1	200	200.0	408
chr3	498	4	4	200	50.0	576
chr3	498	5	1	200	200.0	2459
chr3	499	4	1	200	200.0	631
chr3	500	3	2	200	100.0	406
chr3	500	5	1	200	200.0	2435
chr3	500	6	1	200	200.0	22297
chr3	501	4	7	200	28.571428571428573	562
chr3	502	4	2	200	100.0	530
chr3	503	3	2	200	100.0	429
chr3	503	4	2	200	100.0	550
chr3	503	5	1	200	200.0	2996
chr3	503	6	1	200	200.0	17158
chr3	504	6	1	200	200.0	20591
chr3	505	3	3	200	66.66666666666667	410
chr3	505	4	5	200	40.0	594
chr3	505	5	3	200	66.66666666666667	2556
chr3	506	3	2	200	100.0	435
chr3	506	4	2	200	100.0	564
chr3	507	3	1	200	200.0	388
chr3	507	4	3	200	66.66666666666667	565
chr3	507	5	1	200	200.0	2314
chr3	508	3	3	200	66.66666666666667	451
chr3	508	4	2	200	100.0	606
chr3	508	5	1	200	200.0	3161
chr3	509	4	1	200	200.0	584
chr3	510	4	5	200	40.0	592
chr3	511	3	2	200	100.0	406
chr3	511	4	2	200	100.0	553
chr3	511	5	2	200	100.0	2909
chr3	512	3	1	200	200.0	410
chr3	512	5	2	200	100.0	2447
chr3	514	4	3	200	66.66666666666667	591
chr3	514	5	2	200	100.0	2851
chr3	514	6	1	200	200.0	22186
chr3	516	3	1	200	200.0	423
chr3	516	4	2	200	100.0	522
chr3	516	5	1	200	200.0	2576
chr3	517	4	3	200	66.66666666666667	571
chr3	517	5	3	200	66.66666666666667	2575
chr3	518	3	2	200	100.0	423
chr3	518	4	1	200	200.0	620
chr3	518	5	2	200	100.0	2534
chr3	519	3	2	200	100.0	389
chr3	519	4	2	200	100.0	565
chr3	519	5	2	200	100.0	2692
chr3	520	3	1	200	200.0	428
chr3	520	4	3	200	66.66666666666667	596
chr3	521	4	4	200	50.0	624
chr3	521	6	1	200	200.0	21485
chr3	522	4	4	200	50.0	575
chr3	523	5	2	200	100.0	2650
chr3	524	4	1	200	200.0	545
chr3	524	5	1	200	200.0	2854
chr3	525	4	1	200	200.0	532
chr3	525	5	1	200	200.0	2917
chr3	525	6	1	200	200.0	20534
chr3	526	4	1	200	200.0	561
chr3	526	5	2	200	100.0	3028
chr3	526	7	1	200	200.0	106909
chr3	527	4	1	200	200.0	520
chr3	528	3	2	200	100.0	411
chr3	528	4	4	200	50.0	626
chr3	528	5	1	200	200.0	2646
chr3	529	4	2	200	100.0	590
chr3	529	6	1	200	200.0	23142
chr3	530	3	1	200	200.0	432
chr3	530	4	5	200	40.0	564
chr3	530	5	1	200	200.0	2270
chr3	530	6	1	200	200.0	22879
chr3	531	3	1	200	200.0	427
chr3	531	4	2	200	100.0	577
chr3	531	6	1	200	200.0	19751
chr3	532	4	1	200	200.0	568
chr3	532	6	1	200	200.0	23151
chr3	533	4	5	200	40.0	567
chr3	533	5	2	200	100.0	2724
chr3	534	4	1	200	200.0	548
chr3	535	4	1	200	200.0	546
chr3	536	4	3	200	66.66666666666667	543
chr3	536	5	1	200	200.0	2605
chr3	537	3	1	200	200.0	402
chr3	537	4	3	200	66.66666666666667	569
chr3	538	4	2	200	100.0	533
chr3	539	4	3	200	66.66666666666667	594
chr3	539	5	2	200	100.0	3099
chr3	539	6	1	200	200.0	20809
chr3	540	4	1	200	200.0	633
chr3	540	5	2	200	100.0	2670
chr3	540	6	3	200	66.66666666666667	19222
chr3	542	4	2	200	100.0	573
chr3	542	5	1	200	200.0	2783
chr3	543	4	3	200	66.66666666666667	596
chr3	543	5	1	200	200.0	2736
chr3	543	7	1	200	200.0	118356
chr3	544	3	1	200	200.0	397
chr3	544	4	4	200	50.0	555
chr3	544	5	2	200	100.0	2860
chr3	544	6	1	200	200.0	22305
chr3	545	4	1	200	200.0	579
chr3	545	6	1	200	200.0	20036
chr3	546	4	3	200	66.66666666666667	582
chr3	547	4	3	200	66.66666666666667	612
chr3	547	5	1	200	200.0	3058
chr3	548	3	1	200	200.0	409
chr3	548	5	1	200	200.0	2764
chr3	549	4	2	200	100.0	546
chr3	550	4	1	200	200.0	568
chr3	550	5	1	200	200.0	2589
chr3	550	6	1	200	200.0	20831
chr3	551	5	1	200	200.0	2429
chr3	552	3	1	200	200.0	427
chr3	552	5	1	200	200.0	2469
chr3	553	3	2	200	100.0	434
chr3	553	4	4	200	50.0	533
chr3	554	3	1	200	200.0	425
chr3	554	4	1	200	200.0	561
chr3	554	5	1	200	200.0	2618
chr3	554	6	1	200	200.0	20481
chr3	555	3	1	200	200.0	380
chr3	555	4	2	200	100.0	608
chr3	555	5	1	200	200.0	3142
chr3	556	3	1	200	200.0	428
chr3	556	4	3	200	66.66666666666667	587
chr3	557	3	1	200	200.0	395
chr3	557	4	2	200	100.0	612
chr3	557	5	2	200	100.0	2459
chr3	557	6	1	200	200.0	22873
chr3	557	7	1	200	200.0	119420
chr3	558	4	2	200	100.0	561
chr3	558	5	1	200	200.0	2648
chr3	559	4	3	200	66.66666666666667	573
chr3	559	5	1	200	200.0	3005
chr3	560	4	2	200	100.0	567
chr3	560	5	1	200	200.0	2620
chr3	561	4	1	200	200.0	551
chr3	561	5	1	200	200.0	2659
chr3	562	3	1	200	200.0	407
chr3	562	4	2	200	100.0	586
chr3	562	6	1	200	200.0	20156
chr3	563	4	1	200	200.0	585
chr3	563	5	1	200	200.0	3225
chr3	563	6	1	200	200.0	18307
chr3	564	3	1	200	200.0	418
chr3	564	4	4	200	50.0	625
chr3	564	5	3	200	66.66666666666667	2838
chr3	564	6	2	200	100.0	23209
chr3	565	4	1	200	200.0	552
chr3	565	6	1	200	200.0	21845
chr3	566	4	2	200	100.0	523
chr3	566	5	1	200	200.0	2772
chr3	566	6	1	200	200.0	22954
chr3	567	4	4	200	50.0	539
chr3	567	5	4	200	50.0	2684
chr3	567	6	1	200	200.0	23317
chr3	568	3	1	200	200.0	427
chr3	568	4	3	200	66.66666666666667	575
chr3	569	3	1	200	200.0	403
chr3	569	4	2	200	100.0	585
chr3	570	5	1	200	200.0	2850
chr3	571	4	3	200	66.66666666666667	535
chr3	572	3	2	200	100.0	462
chr3	572	4	1	200	200.0	586
chr3	572	5	1	200	200.0	2891
chr3	572	6	1	200	200.0	24481
chr3	572	7	1	200	200.0	114726
chr3	573	4	4	200	50.0	570
chr3	573	5	4	200	50.0	3075
chr3	574	4	3	200	66.66666666666667	590
chr3	574	5	1	200	200.0	2588
chr3	574	6	1	200	200.0	22501
chr3	575	5	2	200	100.0	2706
chr3	576	4	3	200	66.66666666666667	578
chr3	576	5	2	200	100.0	2907
chr3	577	4	2	200	100.0	608
chr3	577	5	1	200	200.0	3009
chr3	578	6	1	200	200.0	23527
chr3	579	4	3	200	66.66666666666667	525
chr3	579	5	1	200	200.0	2922
chr3	580	3	1	200	200.0	393
chr3	580	4	2	200	100.0	539
chr3	580	5	1	200	200.0	2604
chr3	580	6	1	200	200.0	19789
chr3	581	5	1	200	200.0	2767
chr3	582	4	3	200	66.66666666666667	609
chr3	582	5	1	200	200.0	2863
chr3	584	3	1	200	200.0	423
chr3	584	4	3	200	66.66666666666667	585
chr3	585	4	1	200	200.0	589
chr3	585	5	1	200	200.0	3086
chr3	586	4	1	200	200.0	537
chr3	586	5	2	200	100.0	2617
chr3	587	7	1	200	200.0	120864
chr3	589	4	1	200	200.0	546
chr3	590	4	3	200	66.66666666666667	561
chr3	590	6	1	200	200.0	18992
chr3	591	3	1	200	200.0	396
chr3	591	4	2	200	100.0	580
chr3	591	5	2	200	100.0	2688
chr3	592	5	1	200	200.0	2981
chr3	593	3	1	200	200.0	402
chr3	593	4	1	200	200.0	663
chr3	593	5	1	200	200.0	2996
chr3	593	6	1	200	200.0	22019
chr3	594	4	1	200	200.0	561
chr3	594	6	1	200	200.0	21314
chr3	595	4	1	200	200.0	544
chr3	596	3	1	200	200.0	399
chr3	596	4	3	200	66.66666666666667	529
chr3	596	6	1	200	200.0	21116
chr3	597	7	2	200	100.0	110663
chr3	599	4	1	200	200.0	589
chr3	599	5	1	200	200.0	3163
chr3	600	5	2	200	100.0	3008
chr3	601	5	1	200	200.0	2906
chr3	602	5	1	200	200.0	3014
chr3	603	3	2	200	100.0	446
chr3	603	4	2	200	100.0	544
chr3	604	4	1	200	200.0	556
chr3	605	4	2	200	100.0	560
chr3	605	5	2	200	100.0	3198
chr3	606	4	2	200	100.0	579
chr3	606	6	1	200	200.0	22972
chr3	607	4	1	200	200.0	548
chr3	607	5	2	200	100.0	2895
chr3	607	6	1	200	200.0	20952
chr3	608	5	1	200	200.0	2576
chr3	609	3	1	200	200.0	444
chr3	609	4	2	200	100.0	589
chr3	610	4	1	200	200.0	561
chr3	610	5	3	200	66.66666666666667	2649
chr3	610	6	2	200	100.0	21888
chr3	611	4	2	200	100.0	583
chr3	611	6	1	200	200.0	21366
chr3	612	3	1	200	200.0	389
chr3	612	4	1	200	200.0	586
chr3	612	5	1	200	200.0	2811
chr3	613	3	1	200	200.0	403
chr3	613	4	1	200	200.0	587
chr3	613	6	3	200	66.66666666666667	20447
chr3	614	4	1	200	200.0	546
chr3	614	5	1	200	200.0	2792
chr3	615	5	2	200	100.0	2944
chr3	617	4	1	200	200.0	577
chr3	617	5	1	200	200.0	2888
chr3	618	3	2	200	100.0	402
chr3	618	4	1	200	200.0	560
chr3	618	6	1	200	200.0	24206
chr3	619	4	1	200	200.0	577
chr3	619	5	2	200	100.0	2674
chr3	620	3	1	200	200.0	402
chr3	621	4	1	200	200.0	554
chr3	621	5	1	200	200.0	3197
chr3	622	4	4	200	50.0	557
chr3	622	5	2	200	100.0	2532
chr3	623	4	2	200	100.0	557
chr3	623	5	1	200	200.0	2975
chr3	624	4	1	200	200.0	533
chr3	625	5	2	200	100.0	2736
chr3	626	6	1	200	200.0	24770
chr3	627	3	1	200	200.0	409
chr3	627	4	3	200	66.66666666666667	591
chr3	627	5	2	200	100.0	2969
chr3	627	6	1	200	200.0	20212
chr3	630	3	1	200	200.0	396
chr3	630	5	1	200	200.0	2932
chr3	630	6	1	200	200.0	20782
chr3	631	4	1	200	200.0	509
chr3	631	6	1	200	200.0	20345
chr3	632	6	1	200	200.0	18186
chr3	633	3	1	200	200.0	412
chr3	633	4	2	200	100.0	557
chr3	634	4	2	200	100.0	535
chr3	634	5	1	200	200.0	2762
chr3	634	6	1	200	200.0	23102
chr3	635	3	1	200	200.0	424
chr3	635	4	2	200	100.0	613
chr3	636	3	1	200	200.0	407
chr3	636	4	2	200	100.0	580
chr3	636	5	1	200	200.0	2726
chr3	637	4	1	200	200.0	502
chr3	637	5	2	200	100.0	3068
chr3	638	5	1	200	200.0	2583
chr3	638	7	1	200	200.0	123429
chr3	640	3	2	200	100.0	390
chr3	640	4	1	200	200.0	572
chr3	640	5	1	200	200.0	3366
chr3	641	3	1	200	200.0	439
chr3	641	4	2	200	100.0	593
chr3	641	5	2	200	100.0	3009
chr3	642	5	1	200	200.0	2907
chr3	643	5	1	200	200.0	3076
chr3	643	6	1	200	200.0	18891
chr3	644	4	2	200	100.0	558
chr3	644	5	2	200	100.0	2841
chr3	644	6	1	200	200.0	23526
chr3	645	5	2	200	100.0	3079
chr3	646	4	1	200	200.0	539
chr3	646	5	1	200	200.0	3012
chr3	646	6	1	200	200.0	22834
chr3	647	5	2	200	100.0	3088
chr3	648	4	3	200	66.66666666666667	568
chr3	648	5	1	200	200.0	2941
chr3	649	4	2	200	100.0	581
chr3	649	5	2	200	100.0	2875
chr3	649	6	1	200	200.0	19909
chr3	650	4	1	200	200.0	564
chr3	651	3	1	200	200.0	391
chr3	651	4	1	200	200.0	596
chr3	651	5	2	200	100.0	3374
chr3	652	4	1	200	200.0	535
chr3	653	3	1	200	200.0	412
chr3	654	4	2	200	100.0	620
chr3	655	3	1	200	200.0	430
chr3	655	5	1	200	200.0	2807
chr3	656	4	1	200	200.0	580
chr3	656	5	1	200	200.0	2903
chr3	658	4	2	200	100.0	554
chr3	659	3	1	200	200.0	421
chr3	659	4	1	200	200.0	578
chr3	659	5	1	200	200.0	2958
chr3	660	4	1	200	200.0	545
chr3	660	5	2	200	100.0	2690
chr3	661	4	1	200	200.0	519
chr3	661	5	1	200	200.0	2971
chr3	662	5	1	200	200.0	2924
chr3	663	4	1	200	200.0	547
chr3	663	5	1	200	200.0	2790
chr3	663	6	1	200	200.0	18916
chr3	664	3	1	200	200.0	412
chr3	664	4	1	200	200.0	612
chr3	665	3	1	200	200.0	418
chr3	665	4	1	200	200.0	562
chr3	666	5	1	200	200.0	3112
chr3	668	4	1	200	200.0	540
chr3	668	5	2	200	100.0	2818
chr3	669	5	1	200	200.0	3223
chr3	669	6	1	200	200.0	24009
chr3	670	4	2	200	100.0	542
chr3	671	5	1	200	200.0	2962
chr3	672	4	1	200	200.0	552
chr3	673	3	1	200	200.0	388
chr3	674	3	1	200	200.0	420
chr3	674	4	2	200	100.0	604
chr3	674	5	2	200	100.0	2990
chr3	674	6	1	200	200.0	24337
chr3	675	5	1	200	200.0	3456
chr3	675	6	1	200	200.0	21505
chr3	676	4	1	200	200.0	592
chr3	676	5	1	200	200.0	3053
chr3	677	5	1	200	200.0	3155
chr3	677	6	2	200	100.0	21293
chr3	679	4	1	200	200.0	581
chr3	681	4	1	200	200.0	514
chr3	681	5	1	200	200.0	3320
chr3	682	4	1	200	200.0	516
chr3	682	5	2	200	100.0	2626
chr3	683	5	1	200	200.0	2841
chr3	684	4	2	200	100.0	605
chr3	685	4	2	200	100.0	542
chr3	685	5	1	200	200.0	2963
chr3	685	6	1	200	200.0	22814
chr3	686	4	1	200	200.0	568
chr3	686	5	4	200	50.0	2872
chr3	687	4	1	200	200.0	594
chr3	688	4	2	200	100.0	560
chr3	689	5	1	200	200.0	3037
chr3	690	4	2	200	100.0	573
chr3	690	5	1	200	200.0	3109
chr3	690	6	2	200	100.0	22101
chr3	691	5	1	200	200.0	2766
chr3	692	4	1	200	200.0	542
chr3	692	5	1	200	200.0	2930
chr3	693	5	2	200	100.0	2650
chr3	694	4	1	200	200.0	541
chr3	694	5	2	200	100.0	2910
chr3	694	6	1	200	200.0	25238
chr3	695	4	2	200	100.0	590
chr3	696	3	1	200	200.0	419
chr3	696	4	2	200	100.0	527
chr3	696	6	1	200	200.0	22092
chr3	697	5	2	200	100.0	2861
chr3	700	4	1	200	200.0	570
chr3	701	5	3	200	66.66666666666667	2894
chr3	702	4	1	200	200.0	581
chr3	702	5	1	200	200.0	3331
chr3	703	4	1	200	200.0	554
chr3	704	4	1	200	200.0	635
chr3	704	5	1	200	200.0	2981
chr3	705	4	1	200	200.0	570
chr3	706	5	1	200	200.0	2696
chr3	707	4	1	200	200.0	609
chr3	707	5	1	200	200.0	3350
chr3	709	4	2	200	100.0	518
chr3	710	4	1	200	200.0	528
chr3	710	5	1	200	200.0	2953
chr3	711	4	2	200	100.0	554
chr3	711	6	1	200	200.0	23023
chr3	712	4	1	200	200.0	523
chr3	714	4	2	200	100.0	597
chr3	714	6	1	200	200.0	21656
chr3	716	5	1	200	200.0	3186
chr3	717	4	3	200	66.66666666666667	597
chr3	719	5	1	200	200.0	3152
chr3	720	4	1	200	200.0	578
chr3	720	5	2	200	100.0	3307
chr3	720	6	1	200	200.0	22927
chr3	721	4	2	200	100.0	590
chr3	721	5	3	200	66.66666666666667	3086
chr3	723	6	1	200	200.0	21520
chr3	724	5	1	200	200.0	2972
chr3	725	4	1	200	200.0	587
chr3	726	4	1	200	200.0	591
chr3	727	4	1	200	200.0	602
chr3	727	5	1	200	200.0	2793
chr3	728	4	1	200	200.0	601
chr3	729	4	1	200	200.0	577
chr3	729	5	1	200	200.0	3133
chr3	730	5	1	200	200.0	3440
chr3	731	5	1	200	200.0	3297
chr3	732	4	1	200	200.0	561
chr3	732	5	1	200	200.0	3231
chr3	733	4	1	200	200.0	565
chr3	734	5	1	200	200.0	2787
chr3	737	5	1	200	200.0	3298
chr3	737	6	1	200	200.0	21754
chr3	738	4	2	200	100.0	502
chr3	739	4	1	200	200.0	591
chr3	740	4	1	200	200.0	592
chr3	740	5	2	200	100.0	3199
chr3	741	6	1	200	200.0	19071
chr3	743	3	1	200	200.0	384
chr3	743	5	2	200	100.0	3028
chr3	745	3	1	200	200.0	387
chr3	745	4	1	200	200.0	559
chr3	745	6	1	200	200.0	21699
chr3	746	5	1	200	200.0	2817
chr3	748	4	1	200	200.0	582
chr3	748	5	1	200	200.0	2641
chr3	749	5	1	200	200.0	3353
chr3	750	4	1	200	200.0	631
chr3	751	4	2	200	100.0	524
chr3	754	5	1	200	200.0	3112
chr3	755	4	1	200	200.0	583
chr3	755	5	1	200	200.0	3785
chr3	757	4	1	200	200.0	521
chr3	757	5	1	200	200.0	3239
chr3	758	4	1	200	200.0	580
chr3	759	5	2	200	100.0	2896
chr3	760	4	1	200	200.0	533
chr3	760	5	1	200	200.0	2884
chr3	761	5	2	200	100.0	2894
chr3	763	5	2	200	100.0	2831
chr3	764	4	1	200	200.0	560
chr3	766	4	1	200	200.0	565
chr3	766	5	1	200	200.0	3060
chr3	767	4	1	200	200.0	571
chr3	768	5	1	200	200.0	3233
chr3	769	4	1	200	200.0	582
chr3	769	6	1	200	200.0	21483
chr3	771	4	1	200	200.0	609
chr3	772	6	1	200	200.0	21968
chr3	775	5	2	200	100.0	2609
chr3	775	6	1	200	200.0	22521
chr3	776	5	1	200	200.0	2973
chr3	777	5	1	200	200.0	2839
chr3	778	5	2	200	100.0	3041
chr3	779	5	1	200	200.0	3048
chr3	780	4	1	200	200.0	536
chr3	780	6	1	200	200.0	21235
chr3	781	4	1	200	200.0	534
chr3	781	5	1	200	200.0	3369
chr3	781	6	1	200	200.0	22517
chr3	782	4	2	200	100.0	586
chr3	782	5	2	200	100.0	3210
chr3	785	5	1	200	200.0	3139
chr3	788	5	1	200	200.0	3171
chr3	791	5	2	200	100.0	3377
chr3	792	5	1	200	200.0	2521
chr3	793	6	1	200	200.0	25230
chr3	794	5	1	200	200.0	3411
chr3	794	6	2	200	100.0	23865
chr3	795	4	1	200	200.0	536
chr3	797	6	1	200	200.0	22315
chr3	798	4	1	200	200.0	610
chr3	801	4	1	200	200.0	493
chr3	801	5	2	200	100.0	3257
chr3	802	4	1	200	200.0	540
chr3	805	4	1	200	200.0	572
chr3	805	6	1	200	200.0	22885
chr3	806	5	1	200	200.0	3268
chr3	806	6	1	200	200.0	22584
chr3	808	5	1	200	200.0	3098
chr3	809	5	1	200	200.0	3174
chr3	810	5	1	200	200.0	3002
chr3	811	5	1	200	200.0	3318
chr3	811	6	1	200	200.0	24903
chr3	812	5	1	200	200.0	3078
chr3	813	5	1	200	200.0	2839
chr3	814	6	1	200	200.0	23501
chr3	815	5	1	200	200.0	3262
chr3	818	4	1	200	200.0	576
chr3	819	4	1	200	200.0	564
chr3	820	5	1	200	200.0	2833
chr3	821	5	1	200	200.0	3281
chr3	822	5	1	200	200.0	3059
chr3	825	3	1	200	200.0	411
chr3	825	4	1	200	200.0	553
chr3	829	6	1	200	200.0	25548
chr3	830	6	1	200	200.0	24426
chr3	832	5	1	200	200.0	2856
chr3	834	4	1	200	200.0	580
chr3	834	5	1	200	200.0	2941
chr3	835	4	2	200	100.0	579
chr3	838	4	1	200	200.0	591
chr3	839	5	1	200	200.0	3244
chr3	841	7	1	200	200.0	148787
chr3	842	5	1	200	200.0	3210
chr3	847	5	1	200	200.0	3230
chr3	849	6	1	200	200.0	21602
chr3	854	5	1	200	200.0	3137
chr3	858	4	1	200	200.0	622
chr3	859	6	1	200	200.0	23018
chr3	868	5	1	200	200.0	3293
chr3	869	6	1	200	200.0	26277
chr3	870	5	1	200	200.0	3041
chr3	875	5	1	200	200.0	2899
chr3	878	5	1	200	200.0	3365
chr3	881	5	2	200	100.0	3020
chr3	882	6	1	200	200.0	24331
chr3	885	6	1	200	200.0	21985
chr3	886	5	1	200	200.0	2891
chr3	887	5	1	200	200.0	3004
chr3	887	6	1	200	200.0	24304
chr3	888	4	1	200	200.0	550
chr3	892	6	1	200	200.0	21861
chr3	893	4	2	200	100.0	550
chr3	894	5	1	200	200.0	3332
chr3	896	4	1	200	200.0	586
chr3	897	4	1	200	200.0	568
chr3	898	5	1	200	200.0	3291
chr3	899	6	1	200	200.0	24561
chr3	903	5	1	200	200.0	3621
chr3	905	4	1	200	200.0	590
chr3	912	5	1	200	200.0	3019
chr3	918	4	1	200	200.0	498
chr3	918	6	1	200	200.0	25665
chr3	920	5	1	200	200.0	3583
chr3	928	4	1	200	200.0	576
chr3	934	3	1	200	200.0	399
chr3	934	5	1	200	200.0	3099
chr3	942	5	1	200	200.0	3164
chr3	947	6	1	200	200.0	22648
chr3	971	5	1	200	200.0	3132
chr3	974	5	1	200	200.0	3268
chr3	987	6	1	200	200.0	28083
chr3	990	6	1	200	200.0	27643
chr3	994	5	1	200	200.0	3219
chr3	998	5	1	200	200.0	3047
chr3	999	5	1	200	200.0	3299
chr3	999	6	1	200	200.0	28379
chr3	1006	7	1	200	200.0	184262
chr3	1027	6	1	200	200.0	25021
chr3	1032	6	1	200	200.0	27124
chr3	1041	6	1	200	200.0	27273
chr3	1045	5	1	200	200.0	3493
chr3	1048	6	1	200	200.0	27238
chr3	1065	6	1	200	200.0	25686
chr3	1087	5	1	200	200.0	3391
chr3	1091	5	1	200	200.0	3657
chr3	1092	4	1	200	200.0	614
chr3	1104	5	1	200	200.0	3325
chr3	1147	5	1	200	200.0	3676
chr3	1155	4	1	200	200.0	498
chr3	1156	5	1	200	200.0	3264
chr3	1159	4	1	200	200.0	575
chr3	1214	5	1	200	200.0	3582
chr3	1215	5	1	200	200.0	3606
chr3	1218	5	1	200	200.0	3269
chr3	1264	6	1	200	200.0	29725
chr3	1274	5	1	200	200.0	2916
chr3	1290	4	1	200	200.0	551
chr3	1836	5	1	200	200.0	3872
chr4	246	3	1	200	200.0	404
chr4	266	4	1	200	200.0	733
chr4	273	3	1	200	200.0	432
chr4	274	3	1	200	200.0	451
chr4	275	3	1	200	200.0	416
chr4	281	3	1	200	200.0	432
chr4	282	4	1	200	200.0	725
chr4	283	3	1	200	200.0	394
chr4	283	4	1	200	200.0	776
chr4	284	3	1	200	200.0	450
chr4	284	5	1	200	200.0	2757
chr4	286	3	1	200	200.0	438
chr4	289	3	1	200	200.0	406
chr4	291	3	1	200	200.0	393
chr4	292	5	1	200	200.0	2385
chr4	295	5	1	200	200.0	2814
chr4	299	3	1	200	200.0	435
chr4	301	3	1	200	200.0	405
chr4	305	3	1	200	200.0	424
chr4	305	4	1	200	200.0	723
chr4	305	5	1	200	200.0	3043
chr4	306	4	1	200	200.0	747
chr4	307	4	2	200	100.0	736
chr4	307	6	1	200	200.0	18350
chr4	308	3	1	200	200.0	430
chr4	310	3	1	200	200.0	427
chr4	310	4	1	200	200.0	799
chr4	312	3	1	200	200.0	443
chr4	312	4	1	200	200.0	716
chr4	313	3	1	200	200.0	378
chr4	313	5	1	200	200.0	3525
chr4	315	3	1	200	200.0	392
chr4	315	4	1	200	200.0	664
chr4	317	3	1	200	200.0	402
chr4	317	5	1	200	200.0	2996
chr4	318	3	2	200	100.0	391
chr4	320	3	1	200	200.0	388
chr4	322	3	1	200	200.0	388
chr4	324	5	1	200	200.0	2579
chr4	325	3	2	200	100.0	443
chr4	325	4	4	200	50.0	685
chr4	325	5	1	200	200.0	3358
chr4	326	3	1	200	200.0	390
chr4	327	3	1	200	200.0	395
chr4	327	4	1	200	200.0	713
chr4	328	4	1	200	200.0	700
chr4	331	4	1	200	200.0	602
chr4	332	3	1	200	200.0	429
chr4	332	4	1	200	200.0	692
chr4	333	3	1	200	200.0	399
chr4	333	5	1	200	200.0	3417
chr4	334	4	1	200	200.0	740
chr4	335	4	1	200	200.0	721
chr4	336	3	1	200	200.0	406
chr4	336	4	2	200	100.0	728
chr4	337	3	1	200	200.0	426
chr4	338	5	1	200	200.0	3297
chr4	339	3	1	200	200.0	406
chr4	340	3	1	200	200.0	413
chr4	341	3	2	200	100.0	446
chr4	341	4	1	200	200.0	684
chr4	342	3	1	200	200.0	381
chr4	342	4	1	200	200.0	694
chr4	343	2	1	200	200.0	1419
chr4	343	3	1	200	200.0	366
chr4	343	4	1	200	200.0	645
chr4	343	5	1	200	200.0	3441
chr4	345	3	2	200	100.0	387
chr4	347	3	1	200	200.0	410
chr4	347	4	2	200	100.0	702
chr4	347	5	1	200	200.0	3270
chr4	348	3	1	200	200.0	421
chr4	348	5	1	200	200.0	2903
chr4	349	3	1	200	200.0	396
chr4	349	4	1	200	200.0	740
chr4	349	5	2	200	100.0	3077
chr4	351	4	2	200	100.0	781
chr4	351	5	1	200	200.0	3638
chr4	352	3	2	200	100.0	421
chr4	352	5	1	200	200.0	2861
chr4	353	4	2	200	100.0	728
chr4	353	5	2	200	100.0	3248
chr4	354	3	2	200	100.0	400
chr4	354	4	1	200	200.0	709
chr4	354	5	2	200	100.0	2925
chr4	355	3	2	200	100.0	401
chr4	355	5	2	200	100.0	3336
chr4	356	3	3	200	66.66666666666667	353
chr4	356	4	2	200	100.0	748
chr4	357	3	3	200	66.66666666666667	395
chr4	357	4	1	200	200.0	678
chr4	358	5	2	200	100.0	3590
chr4	359	3	3	200	66.66666666666667	418
chr4	359	4	1	200	200.0	721
chr4	360	3	2	200	100.0	447
chr4	360	4	2	200	100.0	650
chr4	360	5	1	200	200.0	3425
chr4	361	3	1	200	200.0	402
chr4	361	4	1	200	200.0	640
chr4	362	3	1	200	200.0	381
chr4	362	4	1	200	200.0	772
chr4	362	7	1	200	200.0	88986
chr4	363	6	1	200	200.0	16537
chr4	364	4	1	200	200.0	702
chr4	364	5	2	200	100.0	3826
chr4	365	3	1	200	200.0	400
chr4	365	5	1	200	200.0	3500
chr4	366	3	1	200	200.0	402
chr4	366	4	2	200	100.0	698
chr4	366	5	1	200	200.0	3462
chr4	367	3	3	200	66.66666666666667	411
chr4	367	4	2	200	100.0	763
chr4	368	4	6	200	33.333333333333336	762
chr4	368	5	2	200	100.0	3535
chr4	369	4	1	200	200.0	737
chr4	370	3	1	200	200.0	387
chr4	370	4	1	200	200.0	664
chr4	371	3	2	200	100.0	369
chr4	371	4	2	200	100.0	631
chr4	372	3	4	200	50.0	418
chr4	372	4	2	200	100.0	702
chr4	372	5	1	200	200.0	3141
chr4	373	3	2	200	100.0	387
chr4	374	3	2	200	100.0	409
chr4	374	4	2	200	100.0	659
chr4	374	5	1	200	200.0	3818
chr4	375	3	1	200	200.0	443
chr4	375	4	2	200	100.0	657
chr4	375	6	1	200	200.0	19454
chr4	376	3	2	200	100.0	390
chr4	376	4	2	200	100.0	680
chr4	376	6	1	200	200.0	20163
chr4	377	3	4	200	50.0	392
chr4	377	4	2	200	100.0	723
chr4	377	5	1	200	200.0	4004
chr4	378	3	4	200	50.0	372
chr4	378	4	1	200	200.0	633
chr4	379	4	1	200	200.0	650
chr4	379	5	2	200	100.0	3626
chr4	379	7	1	200	200.0	108041
chr4	380	3	1	200	200.0	413
chr4	380	4	5	200	40.0	628
chr4	380	5	2	200	100.0	3364
chr4	381	3	2	200	100.0	399
chr4	381	4	1	200	200.0	736
chr4	382	3	2	200	100.0	358
chr4	382	4	1	200	200.0	706
chr4	383	3	1	200	200.0	384
chr4	384	3	1	200	200.0	380
chr4	384	4	3	200	66.66666666666667	685
chr4	385	3	3	200	66.66666666666667	362
chr4	385	4	2	200	100.0	715
chr4	386	3	2	200	100.0	379
chr4	386	4	2	200	100.0	734
chr4	386	5	1	200	200.0	3226
chr4	387	3	2	200	100.0	404
chr4	387	4	2	200	100.0	631
chr4	387	5	2	200	100.0	3231
chr4	388	3	3	200	66.66666666666667	412
chr4	388	4	1	200	200.0	685
chr4	388	5	1	200	200.0	3237
chr4	389	3	3	200	66.66666666666667	384
chr4	389	6	1	200	200.0	20586
chr4	390	3	3	200	66.66666666666667	380
chr4	390	4	3	200	66.66666666666667	696
chr4	391	3	1	200	200.0	374
chr4	391	4	5	200	40.0	683
chr4	391	5	1	200	200.0	3720
chr4	392	3	2	200	100.0	395
chr4	392	4	2	200	100.0	698
chr4	392	5	1	200	200.0	3165
chr4	393	3	3	200	66.66666666666667	415
chr4	393	4	1	200	200.0	663
chr4	393	5	1	200	200.0	3026
chr4	394	4	3	200	66.66666666666667	629
chr4	394	5	1	200	200.0	3632
chr4	395	3	3	200	66.66666666666667	371
chr4	395	4	2	200	100.0	658
chr4	396	3	1	200	200.0	397
chr4	396	4	2	200	100.0	646
chr4	397	3	4	200	50.0	382
chr4	397	4	4	200	50.0	667
chr4	398	3	2	200	100.0	401
chr4	398	7	1	200	200.0	107343
chr4	399	3	2	200	100.0	374
chr4	399	4	6	200	33.333333333333336	709
chr4	400	3	3	200	66.66666666666667	429
chr4	400	4	2	200	100.0	711
chr4	400	5	1	200	200.0	3812
chr4	401	3	2	200	100.0	434
chr4	401	4	4	200	50.0	689
chr4	402	3	2	200	100.0	410
chr4	402	4	1	200	200.0	664
chr4	402	5	1	200	200.0	3440
chr4	403	3	3	200	66.66666666666667	351
chr4	403	4	5	200	40.0	628
chr4	404	3	5	200	40.0	372
chr4	404	4	2	200	100.0	664
chr4	404	5	1	200	200.0	3851
chr4	405	3	3	200	66.66666666666667	420
chr4	405	4	3	200	66.66666666666667	673
chr4	405	5	1	200	200.0	3614
chr4	406	3	2	200	100.0	433
chr4	407	3	5	200	40.0	385
chr4	407	4	1	200	200.0	631
chr4	407	5	1	200	200.0	3873
chr4	407	7	1	200	200.0	95813
chr4	408	3	3	200	66.66666666666667	401
chr4	408	4	5	200	40.0	689
chr4	408	5	3	200	66.66666666666667	3696
chr4	409	3	2	200	100.0	374
chr4	409	4	3	200	66.66666666666667	643
chr4	410	2	1	200	200.0	1755
chr4	410	3	5	200	40.0	388
chr4	410	4	1	200	200.0	615
chr4	410	5	1	200	200.0	3859
chr4	411	3	3	200	66.66666666666667	391
chr4	411	4	2	200	100.0	666
chr4	411	5	2	200	100.0	3442
chr4	412	3	1	200	200.0	393
chr4	412	4	1	200	200.0	702
chr4	412	5	1	200	200.0	3784
chr4	413	4	2	200	100.0	678
chr4	413	5	2	200	100.0	3715
chr4	414	3	2	200	100.0	414
chr4	414	4	3	200	66.66666666666667	668
chr4	414	5	1	200	200.0	3526
chr4	415	3	1	200	200.0	401
chr4	415	7	1	200	200.0	103577
chr4	416	3	3	200	66.66666666666667	417
chr4	416	4	1	200	200.0	662
chr4	416	6	2	200	100.0	17883
chr4	417	3	2	200	100.0	431
chr4	417	4	1	200	200.0	578
chr4	417	5	2	200	100.0	3863
chr4	418	3	3	200	66.66666666666667	384
chr4	418	4	2	200	100.0	677
chr4	418	5	1	200	200.0	3697
chr4	419	3	3	200	66.66666666666667	383
chr4	419	4	4	200	50.0	708
chr4	419	5	1	200	200.0	3986
chr4	419	7	1	200	200.0	96062
chr4	420	3	3	200	66.66666666666667	390
chr4	420	4	2	200	100.0	754
chr4	420	5	3	200	66.66666666666667	3780
chr4	420	6	1	200	200.0	19406
chr4	421	4	2	200	100.0	696
chr4	422	3	2	200	100.0	468
chr4	422	4	1	200	200.0	674
chr4	423	3	4	200	50.0	361
chr4	423	5	1	200	200.0	3700
chr4	423	6	1	200	200.0	17913
chr4	424	3	2	200	100.0	382
chr4	424	4	3	200	66.66666666666667	695
chr4	424	5	1	200	200.0	3878
chr4	425	3	2	200	100.0	392
chr4	426	3	1	200	200.0	342
chr4	426	4	3	200	66.66666666666667	681
chr4	426	5	3	200	66.66666666666667	4094
chr4	427	3	2	200	100.0	430
chr4	427	4	1	200	200.0	656
chr4	427	5	1	200	200.0	3897
chr4	428	3	1	200	200.0	366
chr4	428	4	3	200	66.66666666666667	724
chr4	428	5	1	200	200.0	3262
chr4	428	6	1	200	200.0	17922
chr4	429	3	3	200	66.66666666666667	383
chr4	429	4	3	200	66.66666666666667	685
chr4	429	6	1	200	200.0	18145
chr4	430	3	3	200	66.66666666666667	395
chr4	430	4	6	200	33.333333333333336	742
chr4	430	5	1	200	200.0	4009
chr4	431	3	1	200	200.0	367
chr4	431	4	1	200	200.0	700
chr4	431	5	1	200	200.0	3592
chr4	432	4	2	200	100.0	772
chr4	432	5	1	200	200.0	3476
chr4	433	4	1	200	200.0	693
chr4	433	5	1	200	200.0	3703
chr4	433	6	1	200	200.0	22312
chr4	434	3	2	200	100.0	381
chr4	434	4	1	200	200.0	627
chr4	434	6	1	200	200.0	21414
chr4	435	3	1	200	200.0	388
chr4	435	4	1	200	200.0	622
chr4	436	3	4	200	50.0	404
chr4	436	4	5	200	40.0	677
chr4	437	3	1	200	200.0	390
chr4	437	6	1	200	200.0	19322
chr4	438	3	4	200	50.0	381
chr4	439	4	3	200	66.66666666666667	735
chr4	440	4	3	200	66.66666666666667	677
chr4	441	4	2	200	100.0	697
chr4	441	5	1	200	200.0	4508
chr4	442	3	2	200	100.0	371
chr4	442	4	3	200	66.66666666666667	707
chr4	442	5	2	200	100.0	3674
chr4	443	3	1	200	200.0	360
chr4	443	4	2	200	100.0	685
chr4	443	6	1	200	200.0	17816
chr4	444	3	3	200	66.66666666666667	372
chr4	444	4	3	200	66.66666666666667	643
chr4	445	3	2	200	100.0	427
chr4	445	4	2	200	100.0	619
chr4	446	3	1	200	200.0	420
chr4	446	4	3	200	66.66666666666667	648
chr4	446	5	1	200	200.0	3772
chr4	447	3	2	200	100.0	382
chr4	447	4	4	200	50.0	678
chr4	448	3	1	200	200.0	410
chr4	448	4	4	200	50.0	717
chr4	449	3	3	200	66.66666666666667	412
chr4	449	4	3	200	66.66666666666667	707
chr4	449	5	3	200	66.66666666666667	4134
chr4	450	4	1	200	200.0	653
chr4	452	3	1	200	200.0	348
chr4	452	4	3	200	66.66666666666667	661
chr4	452	6	1	200	200.0	20174
chr4	453	3	1	200	200.0	376
chr4	453	5	1	200	200.0	3937
chr4	453	7	1	200	200.0	96588
chr4	454	4	1	200	200.0	719
chr4	454	6	1	200	200.0	19603
chr4	455	3	2	200	100.0	379
chr4	455	4	4	200	50.0	698
chr4	456	3	1	200	200.0	389
chr4	456	4	3	200	66.66666666666667	731
chr4	456	5	1	200	200.0	4198
chr4	457	3	1	200	200.0	410
chr4	457	5	2	200	100.0	3234
chr4	457	7	1	200	200.0	99371
chr4	458	4	1	200	200.0	756
chr4	459	3	1	200	200.0	394
chr4	459	4	5	200	40.0	647
chr4	460	3	2	200	100.0	380
chr4	460	6	1	200	200.0	20868
chr4	461	3	3	200	66.66666666666667	425
chr4	461	4	2	200	100.0	639
chr4	461	5	1	200	200.0	4123
chr4	462	4	2	200	100.0	694
chr4	462	6	1	200	200.0	20815
chr4	463	4	3	200	66.66666666666667	758
chr4	463	5	2	200	100.0	4363
chr4	463	6	1	200	200.0	17626
chr4	464	3	3	200	66.66666666666667	421
chr4	464	4	3	200	66.66666666666667	637
chr4	464	5	2	200	100.0	3718
chr4	464	6	1	200	200.0	20558
chr4	465	3	3	200	66.66666666666667	418
chr4	465	4	2	200	100.0	687
chr4	466	3	1	200	200.0	374
chr4	466	4	3	200	66.66666666666667	721
chr4	466	5	1	200	200.0	3851
chr4	466	7	1	200	200.0	107544
chr4	467	4	1	200	200.0	622
chr4	467	5	1	200	200.0	3852
chr4	468	3	1	200	200.0	393
chr4	468	4	1	200	200.0	725
chr4	469	3	1	200	200.0	373
chr4	469	4	1	200	200.0	703
chr4	469	6	1	200	200.0	21145
chr4	470	3	2	200	100.0	365
chr4	470	4	3	200	66.66666666666667	744
chr4	470	5	1	200	200.0	4003
chr4	471	4	1	200	200.0	694
chr4	472	4	1	200	200.0	684
chr4	472	5	1	200	200.0	3478
chr4	473	3	1	200	200.0	370
chr4	473	4	1	200	200.0	788
chr4	473	6	1	200	200.0	18978
chr4	474	3	3	200	66.66666666666667	386
chr4	474	4	2	200	100.0	639
chr4	474	5	3	200	66.66666666666667	3889
chr4	474	6	2	200	100.0	19506
chr4	475	4	4	200	50.0	606
chr4	475	5	1	200	200.0	3552
chr4	476	3	4	200	50.0	361
chr4	476	5	2	200	100.0	3872
chr4	477	3	1	200	200.0	365
chr4	477	4	3	200	66.66666666666667	684
chr4	478	4	1	200	200.0	670
chr4	479	3	1	200	200.0	384
chr4	479	4	1	200	200.0	673
chr4	480	4	1	200	200.0	624
chr4	480	5	1	200	200.0	3937
chr4	481	3	1	200	200.0	414
chr4	481	4	2	200	100.0	669
chr4	481	5	1	200	200.0	4515
chr4	482	3	1	200	200.0	385
chr4	482	4	2	200	100.0	623
chr4	483	3	2	200	100.0	379
chr4	483	4	3	200	66.66666666666667	715
chr4	483	5	2	200	100.0	4268
chr4	484	3	1	200	200.0	387
chr4	484	4	4	200	50.0	714
chr4	485	3	1	200	200.0	396
chr4	485	4	2	200	100.0	624
chr4	485	5	1	200	200.0	4110
chr4	486	3	2	200	100.0	383
chr4	486	4	1	200	200.0	701
chr4	487	4	2	200	100.0	736
chr4	488	3	1	200	200.0	413
chr4	488	4	1	200	200.0	726
chr4	489	4	2	200	100.0	647
chr4	489	7	1	200	200.0	103016
chr4	490	4	3	200	66.66666666666667	690
chr4	490	5	1	200	200.0	3734
chr4	490	6	1	200	200.0	19846
chr4	491	3	2	200	100.0	399
chr4	491	4	3	200	66.66666666666667	709
chr4	492	4	1	200	200.0	701
chr4	493	4	2	200	100.0	689
chr4	494	3	1	200	200.0	401
chr4	494	5	1	200	200.0	4211
chr4	495	3	2	200	100.0	381
chr4	495	4	6	200	33.333333333333336	618
chr4	495	5	3	200	66.66666666666667	4553
chr4	496	3	3	200	66.66666666666667	358
chr4	496	4	1	200	200.0	706
chr4	496	5	1	200	200.0	3594
chr4	497	3	1	200	200.0	378
chr4	497	4	1	200	200.0	656
chr4	497	5	1	200	200.0	4078
chr4	498	4	1	200	200.0	631
chr4	499	3	1	200	200.0	353
chr4	500	4	1	200	200.0	729
chr4	501	3	2	200	100.0	358
chr4	501	4	2	200	100.0	661
chr4	501	5	2	200	100.0	3716
chr4	501	6	1	200	200.0	16514
chr4	502	2	1	200	200.0	1817
chr4	502	4	1	200	200.0	674
chr4	502	5	1	200	200.0	3915
chr4	503	3	1	200	200.0	412
chr4	503	4	1	200	200.0	769
chr4	503	6	1	200	200.0	16901
chr4	504	4	2	200	100.0	755
chr4	504	5	1	200	200.0	4151
chr4	505	3	1	200	200.0	401
chr4	505	4	3	200	66.66666666666667	630
chr4	506	3	1	200	200.0	383
chr4	506	4	3	200	66.66666666666667	668
chr4	506	5	1	200	200.0	3773
chr4	507	3	2	200	100.0	423
chr4	507	4	1	200	200.0	691
chr4	507	5	1	200	200.0	4573
chr4	507	6	1	200	200.0	21516
chr4	508	4	2	200	100.0	667
chr4	509	4	2	200	100.0	661
chr4	509	5	1	200	200.0	4535
chr4	510	3	1	200	200.0	390
chr4	510	4	2	200	100.0	676
chr4	510	5	2	200	100.0	4013
chr4	511	4	2	200	100.0	702
chr4	512	4	1	200	200.0	646
chr4	512	5	1	200	200.0	3716
chr4	513	4	2	200	100.0	696
chr4	514	4	1	200	200.0	698
chr4	515	4	1	200	200.0	628
chr4	515	6	1	200	200.0	18465
chr4	516	4	2	200	100.0	711
chr4	516	7	1	200	200.0	107584
chr4	517	3	1	200	200.0	402
chr4	517	4	2	200	100.0	759
chr4	517	5	1	200	200.0	4205
chr4	517	6	1	200	200.0	20839
chr4	518	3	1	200	200.0	400
chr4	518	4	4	200	50.0	745
chr4	518	5	1	200	200.0	3945
chr4	519	3	1	200	200.0	380
chr4	519	4	1	200	200.0	642
chr4	520	3	1	200	200.0	424
chr4	520	4	1	200	200.0	572
chr4	520	5	2	200	100.0	4348
chr4	521	3	1	200	200.0	383
chr4	521	4	1	200	200.0	755
chr4	522	4	1	200	200.0	610
chr4	523	3	1	200	200.0	388
chr4	523	4	2	200	100.0	610
chr4	523	5	1	200	200.0	4274
chr4	524	4	1	200	200.0	696
chr4	524	5	2	200	100.0	4568
chr4	525	3	1	200	200.0	404
chr4	525	4	2	200	100.0	649
chr4	525	5	1	200	200.0	3744
chr4	526	3	1	200	200.0	401
chr4	526	4	3	200	66.66666666666667	720
chr4	526	5	1	200	200.0	4342
chr4	527	3	1	200	200.0	395
chr4	527	4	2	200	100.0	654
chr4	528	3	1	200	200.0	376
chr4	528	4	2	200	100.0	652
chr4	529	4	4	200	50.0	642
chr4	530	4	1	200	200.0	671
chr4	531	4	1	200	200.0	684
chr4	533	4	1	200	200.0	699
chr4	533	5	1	200	200.0	3899
chr4	533	7	1	200	200.0	121289
chr4	534	4	1	200	200.0	621
chr4	534	5	1	200	200.0	3657
chr4	535	3	1	200	200.0	409
chr4	535	4	3	200	66.66666666666667	670
chr4	535	5	2	200	100.0	4637
chr4	536	4	4	200	50.0	591
chr4	537	4	2	200	100.0	761
chr4	537	5	1	200	200.0	4556
chr4	538	3	1	200	200.0	412
chr4	538	4	1	200	200.0	732
chr4	538	5	2	200	100.0	3921
chr4	539	4	1	200	200.0	713
chr4	540	3	1	200	200.0	395
chr4	540	4	2	200	100.0	610
chr4	541	4	2	200	100.0	721
chr4	542	4	1	200	200.0	656
chr4	542	6	1	200	200.0	21353
chr4	543	4	1	200	200.0	672
chr4	543	6	1	200	200.0	18535
chr4	544	3	1	200	200.0	339
chr4	544	5	1	200	200.0	4258
chr4	545	4	1	200	200.0	661
chr4	546	4	2	200	100.0	641
chr4	546	5	2	200	100.0	4397
chr4	547	3	1	200	200.0	388
chr4	547	4	2	200	100.0	619
chr4	548	3	2	200	100.0	352
chr4	548	4	1	200	200.0	626
chr4	548	5	1	200	200.0	4549
chr4	549	3	1	200	200.0	378
chr4	549	4	2	200	100.0	663
chr4	550	4	1	200	200.0	697
chr4	551	3	1	200	200.0	351
chr4	551	4	1	200	200.0	771
chr4	551	5	1	200	200.0	3950
chr4	551	6	1	200	200.0	16274
chr4	552	4	2	200	100.0	691
chr4	552	6	1	200	200.0	20087
chr4	553	3	2	200	100.0	391
chr4	553	4	1	200	200.0	671
chr4	554	3	3	200	66.66666666666667	373
chr4	554	4	1	200	200.0	669
chr4	555	4	1	200	200.0	658
chr4	555	5	1	200	200.0	3746
chr4	556	4	1	200	200.0	645
chr4	557	3	1	200	200.0	383
chr4	558	3	1	200	200.0	371
chr4	558	4	1	200	200.0	688
chr4	559	3	1	200	200.0	345
chr4	560	4	2	200	100.0	678
chr4	563	4	1	200	200.0	715
chr4	564	4	1	200	200.0	627
chr4	565	4	1	200	200.0	714
chr4	566	3	1	200	200.0	357
chr4	567	4	4	200	50.0	623
chr4	568	3	1	200	200.0	365
chr4	568	4	2	200	100.0	720
chr4	569	3	1	200	200.0	389
chr4	569	4	1	200	200.0	713
chr4	569	6	1	200	200.0	18854
chr4	570	3	1	200	200.0	391
chr4	570	4	1	200	200.0	680
chr4	571	3	1	200	200.0	371
chr4	571	5	1	200	200.0	4320
chr4	571	6	1	200	200.0	19364
chr4	572	5	2	200	100.0	4351
chr4	573	4	2	200	100.0	663
chr4	574	3	1	200	200.0	342
chr4	574	4	1	200	200.0	725
chr4	575	4	1	200	200.0	667
chr4	575	7	1	200	200.0	109108
chr4	576	3	2	200	100.0	347
chr4	576	5	2	200	100.0	4895
chr4	577	3	1	200	200.0	413
chr4	577	5	1	200	200.0	4866
chr4	578	3	1	200	200.0	365
chr4	578	4	2	200	100.0	661
chr4	578	5	1	200	200.0	4638
chr4	578	7	2	200	100.0	128308
chr4	579	4	3	200	66.66666666666667	693
chr4	579	5	1	200	200.0	4623
chr4	580	4	1	200	200.0	631
chr4	580	5	1	200	200.0	4496
chr4	581	4	1	200	200.0	672
chr4	583	4	1	200	200.0	708
chr4	583	5	1	200	200.0	4094
chr4	585	4	1	200	200.0	586
chr4	586	4	3	200	66.66666666666667	799
chr4	586	5	1	200	200.0	4220
chr4	586	7	1	200	200.0	119941
chr4	587	4	1	200	200.0	618
chr4	588	4	1	200	200.0	696
chr4	591	5	1	200	200.0	4614
chr4	592	3	1	200	200.0	392
chr4	592	5	1	200	200.0	4448
chr4	594	4	1	200	200.0	637
chr4	594	5	1	200	200.0	4097
chr4	595	4	2	200	100.0	694
chr4	596	3	1	200	200.0	355
chr4	596	4	1	200	200.0	663
chr4	596	5	1	200	200.0	4439
chr4	598	4	1	200	200.0	654
chr4	598	5	1	200	200.0	4328
chr4	599	4	1	200	200.0	721
chr4	599	6	2	200	100.0	19804
chr4	600	3	1	200	200.0	352
chr4	601	4	1	200	200.0	742
chr4	602	4	1	200	200.0	716
chr4	604	3	1	200	200.0	369
chr4	604	4	1	200	200.0	729
chr4	604	6	1	200	200.0	20074
chr4	605	3	1	200	200.0	382
chr4	607	3	1	200	200.0	394
chr4	607	4	1	200	200.0	605
chr4	608	4	2	200	100.0	618
chr4	609	4	1	200	200.0	644
chr4	610	3	1	200	200.0	354
chr4	611	4	1	200	200.0	646
chr4	611	5	1	200	200.0	4902
chr4	613	3	1	200	200.0	358
chr4	613	4	2	200	100.0	664
chr4	613	5	1	200	200.0	4073
chr4	614	3	1	200	200.0	344
chr4	614	4	2	200	100.0	671
chr4	614	5	1	200	200.0	4604
chr4	614	6	1	200	200.0	19797
chr4	615	4	2	200	100.0	672
chr4	616	5	1	200	200.0	4580
chr4	617	3	1	200	200.0	380
chr4	617	4	1	200	200.0	646
chr4	617	5	1	200	200.0	5352
chr4	618	3	1	200	200.0	383
chr4	618	4	2	200	100.0	685
chr4	618	6	1	200	200.0	20112
chr4	619	7	1	200	200.0	125781
chr4	620	5	1	200	200.0	4657
chr4	620	6	1	200	200.0	18471
chr4	621	3	2	200	100.0	387
chr4	621	4	2	200	100.0	670
chr4	621	5	1	200	200.0	4290
chr4	622	4	1	200	200.0	690
chr4	622	5	1	200	200.0	4843
chr4	623	4	1	200	200.0	694
chr4	623	5	2	200	100.0	4528
chr4	624	4	1	200	200.0	669
chr4	625	4	1	200	200.0	659
chr4	628	5	1	200	200.0	4297
chr4	629	4	1	200	200.0	686
chr4	630	5	1	200	200.0	4330
chr4	631	6	1	200	200.0	21418
chr4	632	4	2	200	100.0	780
chr4	633	3	1	200	200.0	358
chr4	633	4	1	200	200.0	756
chr4	633	6	1	200	200.0	21526
chr4	635	3	1	200	200.0	360
chr4	635	4	1	200	200.0	714
chr4	635	5	1	200	200.0	4577
chr4	637	4	1	200	200.0	631
chr4	638	4	1	200	200.0	679
chr4	642	5	1	200	200.0	4322
chr4	642	6	1	200	200.0	19521
chr4	644	4	1	200	200.0	657
chr4	644	5	1	200	200.0	4535
chr4	645	3	1	200	200.0	360
chr4	646	4	2	200	100.0	672
chr4	647	4	2	200	100.0	671
chr4	648	7	1	200	200.0	107655
chr4	649	4	1	200	200.0	647
chr4	649	5	1	200	200.0	4604
chr4	650	5	1	200	200.0	3879
chr4	652	4	2	200	100.0	621
chr4	652	5	1	200	200.0	4254
chr4	652	6	1	200	200.0	21223
chr4	653	4	1	200	200.0	611
chr4	655	4	1	200	200.0	683
chr4	655	5	1	200	200.0	4362
chr4	657	3	1	200	200.0	387
chr4	657	4	1	200	200.0	648
chr4	657	5	1	200	200.0	4424
chr4	659	4	2	200	100.0	703
chr4	659	5	1	200	200.0	4843
chr4	660	5	1	200	200.0	4652
chr4	661	5	1	200	200.0	4884
chr4	663	5	2	200	100.0	4396
chr4	664	6	1	200	200.0	20684
chr4	669	4	1	200	200.0	720
chr4	670	6	1	200	200.0	19689
chr4	671	3	1	200	200.0	369
chr4	672	4	1	200	200.0	661
chr4	673	4	1	200	200.0	707
chr4	675	3	1	200	200.0	395
chr4	675	5	1	200	200.0	4785
chr4	677	4	1	200	200.0	706
chr4	679	5	1	200	200.0	4646
chr4	680	4	1	200	200.0	689
chr4	680	5	1	200	200.0	4685
chr4	681	3	2	200	100.0	345
chr4	681	5	1	200	200.0	4848
chr4	684	4	1	200	200.0	625
chr4	686	4	1	200	200.0	672
chr4	687	3	1	200	200.0	374
chr4	687	5	1	200	200.0	4393
chr4	688	6	1	200	200.0	20906
chr4	689	4	2	200	100.0	700
chr4	689	5	1	200	200.0	4820
chr4	690	4	1	200	200.0	638
chr4	691	5	1	200	200.0	4694
chr4	691	6	1	200	200.0	23826
chr4	692	6	1	200	200.0	20326
chr4	694	4	2	200	100.0	686
chr4	694	6	1	200	200.0	20671
chr4	695	4	1	200	200.0	737
chr4	698	4	1	200	200.0	673
chr4	698	5	1	200	200.0	4895
chr4	702	4	1	200	200.0	692
chr4	702	5	2	200	100.0	4364
chr4	703	4	1	200	200.0	686
chr4	706	4	2	200	100.0	727
chr4	707	5	2	200	100.0	4059
chr4	707	7	1	200	200.0	145570
chr4	710	5	1	200	200.0	4287
chr4	713	5	1	200	200.0	4918
chr4	713	6	1	200	200.0	23266
chr4	715	4	1	200	200.0	681
chr4	715	5	1	200	200.0	4505
chr4	716	4	1	200	200.0	720
chr4	717	4	1	200	200.0	715
chr4	720	4	1	200	200.0	707
chr4	721	5	1	200	200.0	4815
chr4	721	6	1	200	200.0	22401
chr4	728	5	1	200	200.0	5210
chr4	737	5	1	200	200.0	4512
chr4	740	4	2	200	100.0	716
chr4	740	5	1	200	200.0	4250
chr4	742	3	1	200	200.0	347
chr4	745	5	1	200	200.0	4690
chr4	747	5	1	200	200.0	4825
chr4	747	6	1	200	200.0	21705
chr4	749	5	1	200	200.0	4661
chr4	750	4	1	200	200.0	748
chr4	750	6	1	200	200.0	23339
chr4	752	5	1	200	200.0	5301
chr4	753	4	1	200	200.0	697
chr4	757	6	1	200	200.0	19575
chr4	758	4	1	200	200.0	728
chr4	759	3	1	200	200.0	348
chr4	759	4	1	200	200.0	724
chr4	759	5	2	200	100.0	5189
chr4	759	6	1	200	200.0	20657
chr4	760	3	1	200	200.0	351
chr4	760	6	1	200	200.0	21096
chr4	761	5	1	200	200.0	4509
chr4	764	5	1	200	200.0	4385
chr4	765	5	1	200	200.0	5348
chr4	767	5	1	200	200.0	4825
chr4	771	6	1	200	200.0	18834
chr4	774	4	1	200	200.0	666
chr4	777	4	1	200	200.0	659
chr4	777	5	1	200	200.0	4829
chr4	785	4	1	200	200.0	695
chr4	785	5	1	200	200.0	5056
chr4	790	6	1	200	200.0	19710
chr4	792	5	2	200	100.0	4904
chr4	793	4	1	200	200.0	734
chr4	795	4	1	200	200.0	723
chr4	795	6	1	200	200.0	22822
chr4	796	4	1	200	200.0	647
chr4	800	5	1	200	200.0	5048
chr4	803	5	1	200	200.0	5380
chr4	808	7	1	200	200.0	175794
chr4	809	4	1	200	200.0	699
chr4	809	6	1	200	200.0	21048
chr4	814	6	1	200	200.0	20174
chr4	817	6	1	200	200.0	23215
chr4	823	4	1	200	200.0	773
chr4	823	5	1	200	200.0	5224
chr4	826	4	1	200	200.0	728
chr4	840	5	1	200	200.0	4739
chr4	842	6	1	200	200.0	21854
chr4	849	6	1	200	200.0	21184
chr4	852	6	1	200	200.0	22918
chr4	877	4	1	200	200.0	746
chr4	881	5	1	200	200.0	5328
chr4	882	5	1	200	200.0	5825
chr4	887	4	1	200	200.0	649
chr4	893	4	1	200	200.0	707
chr4	916	3	2	200	100.0	325
chr4	919	5	1	200	200.0	4574
chr4	932	5	1	200	200.0	5354
chr4	948	4	1	200	200.0	810
chr4	965	4	1	200	200.0	705
chr4	966	5	1	200	200.0	5302
chr4	968	6	1	200	200.0	22912
chr4	979	4	1	200	200.0	702
chr4	1010	5	1	200	200.0	4757
chr4	1047	5	1	200	200.0	5828
chr4	1159	6	1	200	200.0	23054
chr4	1264	5	1	200	200.0	5847
chr4	1296	6	1	200	200.0	24987
chr4	1312	4	1	200	200.0	765
chr4	1574	5	1	200	200.0	5891
chr5	233	5	1	200	200.0	1912
chr5	249	7	1	200	200.0	84877
chr5	261	3	1	200	200.0	491
chr5	261	4	1	200	200.0	623
chr5	262	3	1	200	200.0	463
chr5	263	4	1	200	200.0	670
chr5	263	5	1	200	200.0	2202
chr5	265	7	1	200	200.0	75850
chr5	266	3	1	200	200.0	435
chr5	272	3	1	200	200.0	464
chr5	273	3	1	200	200.0	457
chr5	275	5	1	200	200.0	2054
chr5	276	5	1	200	200.0	1939
chr5	279	3	2	200	100.0	464
chr5	281	3	1	200	200.0	436
chr5	283	3	1	200	200.0	479
chr5	284	5	1	200	200.0	2051
chr5	285	5	1	200	200.0	2001
chr5	287	3	1	200	200.0	452
chr5	289	3	1	200	200.0	443
chr5	289	4	1	200	200.0	642
chr5	289	5	1	200	200.0	2110
chr5	291	3	1	200	200.0	460
chr5	291	4	1	200	200.0	631
chr5	292	4	1	200	200.0	681
chr5	293	3	1	200	200.0	459
chr5	293	4	1	200	200.0	630
chr5	293	5	1	200	200.0	2170
chr5	295	4	2	200	100.0	608
chr5	297	5	1	200	200.0	1932
chr5	298	3	1	200	200.0	457
chr5	299	3	1	200	200.0	460
chr5	301	3	1	200	200.0	476
chr5	301	5	1	200	200.0	2053
chr5	301	6	1	200	200.0	15406
chr5	303	3	1	200	200.0	445
chr5	303	4	1	200	200.0	702
chr5	304	3	1	200	200.0	475
chr5	304	4	3	200	66.66666666666667	619
chr5	305	4	1	200	200.0	608
chr5	307	3	1	200	200.0	427
chr5	307	7	1	200	200.0	90534
chr5	309	3	1	200	200.0	450
chr5	310	4	3	200	66.66666666666667	617
chr5	310	5	1	200	200.0	2148
chr5	311	3	1	200	200.0	463
chr5	311	4	1	200	200.0	677
chr5	313	5	1	200	200.0	2320
chr5	314	4	1	200	200.0	681
chr5	316	3	1	200	200.0	414
chr5	317	3	1	200	200.0	473
chr5	317	4	2	200	100.0	607
chr5	318	3	1	200	200.0	464
chr5	318	4	1	200	200.0	662
chr5	319	4	1	200	200.0	615
chr5	319	5	2	200	100.0	2064
chr5	319	7	1	200	200.0	95180
chr5	320	4	3	200	66.66666666666667	560
chr5	321	4	1	200	200.0	612
chr5	321	5	1	200	200.0	2382
chr5	323	3	2	200	100.0	480
chr5	324	3	1	200	200.0	466
chr5	325	3	1	200	200.0	439
chr5	325	4	1	200	200.0	669
chr5	326	3	1	200	200.0	462
chr5	326	5	1	200	200.0	2144
chr5	326	6	1	200	200.0	15508
chr5	327	5	1	200	200.0	2172
chr5	327	6	1	200	200.0	17153
chr5	328	3	1	200	200.0	475
chr5	328	4	1	200	200.0	625
chr5	328	5	1	200	200.0	2098
chr5	329	3	1	200	200.0	497
chr5	329	5	1	200	200.0	2178
chr5	330	4	2	200	100.0	603
chr5	331	4	3	200	66.66666666666667	690
chr5	331	5	1	200	200.0	2284
chr5	332	4	1	200	200.0	573
chr5	332	7	2	200	100.0	86135
chr5	333	4	2	200	100.0	636
chr5	334	4	1	200	200.0	662
chr5	334	5	1	200	200.0	2296
chr5	335	4	1	200	200.0	557
chr5	336	4	1	200	200.0	639
chr5	337	3	1	200	200.0	433
chr5	337	5	1	200	200.0	2191
chr5	338	3	2	200	100.0	454
chr5	338	4	3	200	66.66666666666667	663
chr5	339	4	1	200	200.0	609
chr5	339	5	1	200	200.0	2684
chr5	340	3	2	200	100.0	448
chr5	340	4	3	200	66.66666666666667	641
chr5	340	5	1	200	200.0	2281
chr5	341	3	1	200	200.0	498
chr5	341	4	1	200	200.0	639
chr5	342	3	1	200	200.0	479
chr5	342	4	1	200	200.0	625
chr5	343	3	1	200	200.0	438
chr5	343	5	1	200	200.0	2666
chr5	344	4	1	200	200.0	620
chr5	345	3	1	200	200.0	438
chr5	345	4	1	200	200.0	571
chr5	345	5	1	200	200.0	2361
chr5	345	6	1	200	200.0	16165
chr5	346	3	2	200	100.0	403
chr5	346	4	1	200	200.0	607
chr5	347	3	1	200	200.0	414
chr5	347	4	2	200	100.0	676
chr5	348	3	1	200	200.0	421
chr5	348	4	3	200	66.66666666666667	604
chr5	348	6	1	200	200.0	16862
chr5	349	2	1	200	200.0	2050
chr5	349	4	1	200	200.0	653
chr5	349	7	1	200	200.0	80516
chr5	351	3	2	200	100.0	404
chr5	351	4	1	200	200.0	584
chr5	352	4	1	200	200.0	627
chr5	352	5	2	200	100.0	2465
chr5	353	3	4	200	50.0	428
chr5	353	6	1	200	200.0	18357
chr5	354	3	1	200	200.0	434
chr5	354	4	1	200	200.0	549
chr5	354	5	1	200	200.0	2325
chr5	355	3	2	200	100.0	482
chr5	355	4	2	200	100.0	597
chr5	356	3	1	200	200.0	436
chr5	356	5	1	200	200.0	2380
chr5	358	2	1	200	200.0	2325
chr5	358	3	1	200	200.0	464
chr5	358	4	2	200	100.0	645
chr5	359	4	1	200	200.0	576
chr5	359	5	1	200	200.0	2314
chr5	360	4	2	200	100.0	592
chr5	360	5	2	200	100.0	2447
chr5	361	4	1	200	200.0	642
chr5	362	3	1	200	200.0	424
chr5	362	4	1	200	200.0	611
chr5	363	3	1	200	200.0	427
chr5	363	4	1	200	200.0	632
chr5	363	5	1	200	200.0	2663
chr5	363	7	1	200	200.0	84024
chr5	364	3	1	200	200.0	512
chr5	364	4	2	200	100.0	576
chr5	364	5	1	200	200.0	2253
chr5	365	3	1	200	200.0	434
chr5	365	4	1	200	200.0	611
chr5	365	5	2	200	100.0	2357
chr5	366	4	1	200	200.0	604
chr5	367	3	2	200	100.0	458
chr5	367	4	2	200	100.0	558
chr5	367	6	1	200	200.0	14978
chr5	368	4	3	200	66.66666666666667	660
chr5	368	5	1	200	200.0	2435
chr5	369	3	2	200	100.0	487
chr5	369	4	1	200	200.0	657
chr5	369	5	2	200	100.0	2565
chr5	370	4	2	200	100.0	600
chr5	371	3	2	200	100.0	462
chr5	371	4	2	200	100.0	623
chr5	372	4	1	200	200.0	649
chr5	372	5	2	200	100.0	2456
chr5	373	3	1	200	200.0	446
chr5	373	4	2	200	100.0	604
chr5	373	5	2	200	100.0	2353
chr5	373	6	1	200	200.0	18082
chr5	374	3	2	200	100.0	432
chr5	374	4	2	200	100.0	535
chr5	374	7	1	200	200.0	91104
chr5	375	3	3	200	66.66666666666667	450
chr5	375	4	3	200	66.66666666666667	582
chr5	375	5	1	200	200.0	2130
chr5	376	4	2	200	100.0	643
chr5	377	3	2	200	100.0	438
chr5	378	3	3	200	66.66666666666667	454
chr5	378	5	1	200	200.0	2340
chr5	380	3	1	200	200.0	431
chr5	380	4	3	200	66.66666666666667	620
chr5	380	5	1	200	200.0	2419
chr5	381	3	3	200	66.66666666666667	441
chr5	381	4	6	200	33.333333333333336	611
chr5	381	6	1	200	200.0	19685
chr5	382	3	2	200	100.0	430
chr5	382	4	1	200	200.0	636
chr5	382	5	2	200	100.0	2727
chr5	382	6	1	200	200.0	16777
chr5	383	3	2	200	100.0	435
chr5	383	4	1	200	200.0	623
chr5	384	4	4	200	50.0	614
chr5	385	3	2	200	100.0	489
chr5	385	4	1	200	200.0	595
chr5	386	4	3	200	66.66666666666667	543
chr5	387	3	3	200	66.66666666666667	480
chr5	387	4	2	200	100.0	650
chr5	387	5	2	200	100.0	2665
chr5	388	4	2	200	100.0	598
chr5	388	5	1	200	200.0	2168
chr5	389	3	1	200	200.0	434
chr5	389	4	2	200	100.0	584
chr5	389	5	2	200	100.0	2731
chr5	389	6	1	200	200.0	16131
chr5	390	3	4	200	50.0	447
chr5	390	4	3	200	66.66666666666667	588
chr5	391	4	1	200	200.0	586
chr5	391	5	1	200	200.0	2604
chr5	392	3	5	200	40.0	440
chr5	392	4	2	200	100.0	557
chr5	392	5	2	200	100.0	2732
chr5	392	6	1	200	200.0	21037
chr5	392	7	1	200	200.0	91090
chr5	393	3	1	200	200.0	430
chr5	394	3	4	200	50.0	467
chr5	394	4	3	200	66.66666666666667	607
chr5	394	5	2	200	100.0	2289
chr5	395	3	2	200	100.0	424
chr5	395	4	3	200	66.66666666666667	581
chr5	395	5	1	200	200.0	2441
chr5	396	3	2	200	100.0	432
chr5	396	4	2	200	100.0	588
chr5	396	5	1	200	200.0	2497
chr5	397	4	1	200	200.0	595
chr5	398	3	1	200	200.0	459
chr5	398	4	3	200	66.66666666666667	566
chr5	398	5	3	200	66.66666666666667	2355
chr5	399	3	1	200	200.0	461
chr5	399	4	3	200	66.66666666666667	548
chr5	399	6	1	200	200.0	16721
chr5	400	3	1	200	200.0	464
chr5	400	4	1	200	200.0	600
chr5	400	5	2	200	100.0	2361
chr5	401	3	2	200	100.0	431
chr5	401	4	2	200	100.0	576
chr5	402	4	4	200	50.0	578
chr5	402	5	1	200	200.0	2390
chr5	403	3	3	200	66.66666666666667	442
chr5	403	4	1	200	200.0	594
chr5	404	3	2	200	100.0	431
chr5	404	4	1	200	200.0	643
chr5	404	5	2	200	100.0	2366
chr5	405	3	3	200	66.66666666666667	417
chr5	405	5	1	200	200.0	2589
chr5	406	4	1	200	200.0	598
chr5	406	5	2	200	100.0	2540
chr5	407	3	1	200	200.0	442
chr5	407	4	3	200	66.66666666666667	566
chr5	408	3	1	200	200.0	456
chr5	408	4	1	200	200.0	606
chr5	408	5	1	200	200.0	2245
chr5	408	6	1	200	200.0	18614
chr5	408	7	1	200	200.0	88712
chr5	409	3	1	200	200.0	438
chr5	409	4	2	200	100.0	606
chr5	410	3	1	200	200.0	407
chr5	410	4	3	200	66.66666666666667	661
chr5	411	3	2	200	100.0	428
chr5	411	4	1	200	200.0	640
chr5	411	5	1	200	200.0	2641
chr5	411	6	1	200	200.0	19781
chr5	412	3	6	200	33.333333333333336	409
chr5	412	5	2	200	100.0	2301
chr5	413	4	1	200	200.0	554
chr5	414	2	1	200	200.0	2109
chr5	414	3	2	200	100.0	419
chr5	414	4	2	200	100.0	596
chr5	415	3	3	200	66.66666666666667	444
chr5	415	4	2	200	100.0	609
chr5	416	3	2	200	100.0	493
chr5	416	4	4	200	50.0	600
chr5	416	5	1	200	200.0	2516
chr5	417	4	6	200	33.333333333333336	536
chr5	417	5	2	200	100.0	2676
chr5	418	3	1	200	200.0	434
chr5	418	4	3	200	66.66666666666667	580
chr5	419	3	1	200	200.0	396
chr5	419	4	8	200	25.0	614
chr5	419	5	1	200	200.0	2645
chr5	419	6	1	200	200.0	18056
chr5	420	3	1	200	200.0	465
chr5	420	4	6	200	33.333333333333336	615
chr5	421	4	2	200	100.0	618
chr5	421	5	1	200	200.0	2372
chr5	422	3	3	200	66.66666666666667	450
chr5	422	4	1	200	200.0	538
chr5	422	5	2	200	100.0	2243
chr5	422	6	1	200	200.0	17275
chr5	423	3	1	200	200.0	437
chr5	423	4	4	200	50.0	560
chr5	423	5	2	200	100.0	2733
chr5	424	3	2	200	100.0	474
chr5	424	4	1	200	200.0	585
chr5	425	3	2	200	100.0	428
chr5	425	4	6	200	33.333333333333336	552
chr5	425	5	2	200	100.0	2588
chr5	426	3	1	200	200.0	406
chr5	426	4	1	200	200.0	682
chr5	426	5	1	200	200.0	2386
chr5	426	6	1	200	200.0	17630
chr5	427	3	2	200	100.0	430
chr5	427	4	2	200	100.0	569
chr5	427	5	1	200	200.0	2627
chr5	428	3	3	200	66.66666666666667	436
chr5	428	4	6	200	33.333333333333336	630
chr5	428	5	1	200	200.0	2447
chr5	429	3	2	200	100.0	442
chr5	429	4	1	200	200.0	622
chr5	429	6	1	200	200.0	16867
chr5	430	3	3	200	66.66666666666667	476
chr5	430	4	2	200	100.0	544
chr5	430	5	1	200	200.0	2515
chr5	431	3	1	200	200.0	402
chr5	431	4	3	200	66.66666666666667	568
chr5	431	5	3	200	66.66666666666667	2619
chr5	431	6	1	200	200.0	20393
chr5	432	3	1	200	200.0	435
chr5	432	4	4	200	50.0	568
chr5	433	3	2	200	100.0	421
chr5	433	4	2	200	100.0	603
chr5	433	5	1	200	200.0	2822
chr5	434	4	2	200	100.0	631
chr5	434	5	1	200	200.0	2507
chr5	435	3	2	200	100.0	468
chr5	435	4	4	200	50.0	559
chr5	435	5	3	200	66.66666666666667	2777
chr5	435	7	1	200	200.0	92732
chr5	436	4	4	200	50.0	595
chr5	436	5	1	200	200.0	2454
chr5	437	3	1	200	200.0	448
chr5	437	4	1	200	200.0	564
chr5	438	3	1	200	200.0	400
chr5	438	4	6	200	33.333333333333336	616
chr5	439	3	1	200	200.0	448
chr5	439	4	6	200	33.333333333333336	604
chr5	439	7	1	200	200.0	109781
chr5	440	3	3	200	66.66666666666667	440
chr5	440	4	5	200	40.0	536
chr5	440	5	1	200	200.0	2413
chr5	441	3	3	200	66.66666666666667	489
chr5	441	4	3	200	66.66666666666667	638
chr5	441	5	1	200	200.0	2599
chr5	441	6	1	200	200.0	17795
chr5	442	3	2	200	100.0	454
chr5	442	4	1	200	200.0	594
chr5	443	4	4	200	50.0	625
chr5	443	5	1	200	200.0	2811
chr5	443	6	1	200	200.0	16108
chr5	444	3	1	200	200.0	434
chr5	444	4	4	200	50.0	579
chr5	444	5	1	200	200.0	2565
chr5	445	3	1	200	200.0	394
chr5	445	4	2	200	100.0	604
chr5	445	5	2	200	100.0	2828
chr5	446	3	3	200	66.66666666666667	445
chr5	446	4	3	200	66.66666666666667	629
chr5	446	5	1	200	200.0	3156
chr5	447	3	3	200	66.66666666666667	406
chr5	447	5	3	200	66.66666666666667	2264
chr5	448	4	2	200	100.0	625
chr5	448	7	1	200	200.0	113219
chr5	449	3	2	200	100.0	441
chr5	449	4	3	200	66.66666666666667	542
chr5	449	5	2	200	100.0	2888
chr5	449	6	2	200	100.0	16566
chr5	450	3	5	200	40.0	432
chr5	450	4	5	200	40.0	573
chr5	450	5	2	200	100.0	2877
chr5	451	3	1	200	200.0	439
chr5	451	4	1	200	200.0	628
chr5	452	4	2	200	100.0	574
chr5	452	5	1	200	200.0	2368
chr5	452	6	1	200	200.0	18183
chr5	453	3	1	200	200.0	429
chr5	453	4	2	200	100.0	562
chr5	453	5	2	200	100.0	2877
chr5	454	4	2	200	100.0	571
chr5	454	6	2	200	100.0	17544
chr5	455	3	2	200	100.0	435
chr5	455	4	1	200	200.0	639
chr5	455	5	1	200	200.0	2768
chr5	456	3	2	200	100.0	449
chr5	456	4	2	200	100.0	548
chr5	456	5	3	200	66.66666666666667	2318
chr5	457	3	3	200	66.66666666666667	408
chr5	457	4	1	200	200.0	556
chr5	457	5	2	200	100.0	2566
chr5	458	3	1	200	200.0	414
chr5	458	4	2	200	100.0	620
chr5	458	5	3	200	66.66666666666667	2861
chr5	459	3	2	200	100.0	418
chr5	459	4	3	200	66.66666666666667	562
chr5	459	5	2	200	100.0	2551
chr5	459	7	1	200	200.0	105520
chr5	460	3	4	200	50.0	430
chr5	460	4	3	200	66.66666666666667	597
chr5	461	4	1	200	200.0	641
chr5	461	5	2	200	100.0	2514
chr5	462	4	1	200	200.0	559
chr5	462	5	1	200	200.0	2749
chr5	463	4	6	200	33.333333333333336	614
chr5	463	6	1	200	200.0	18371
chr5	464	3	1	200	200.0	423
chr5	464	4	3	200	66.66666666666667	596
chr5	465	3	4	200	50.0	390
chr5	465	4	3	200	66.66666666666667	556
chr5	465	5	1	200	200.0	2703
chr5	466	3	1	200	200.0	424
chr5	466	4	1	200	200.0	629
chr5	466	5	3	200	66.66666666666667	2784
chr5	467	4	3	200	66.66666666666667	572
chr5	467	5	1	200	200.0	2819
chr5	467	6	1	200	200.0	19253
chr5	468	3	1	200	200.0	420
chr5	468	4	2	200	100.0	619
chr5	468	5	1	200	200.0	2518
chr5	469	4	1	200	200.0	559
chr5	470	3	2	200	100.0	437
chr5	470	4	3	200	66.66666666666667	611
chr5	471	3	3	200	66.66666666666667	424
chr5	471	4	7	200	28.571428571428573	582
chr5	471	5	1	200	200.0	2993
chr5	472	3	1	200	200.0	434
chr5	472	4	1	200	200.0	578
chr5	472	5	2	200	100.0	2490
chr5	473	3	2	200	100.0	407
chr5	474	3	2	200	100.0	397
chr5	474	4	5	200	40.0	601
chr5	475	3	3	200	66.66666666666667	381
chr5	475	4	7	200	28.571428571428573	556
chr5	475	6	1	200	200.0	19045
chr5	476	3	1	200	200.0	430
chr5	476	4	3	200	66.66666666666667	618
chr5	477	4	3	200	66.66666666666667	593
chr5	477	5	1	200	200.0	2884
chr5	478	4	2	200	100.0	567
chr5	478	6	1	200	200.0	19489
chr5	479	3	2	200	100.0	433
chr5	479	4	1	200	200.0	616
chr5	479	5	2	200	100.0	2713
chr5	479	6	1	200	200.0	18887
chr5	480	3	2	200	100.0	428
chr5	480	4	1	200	200.0	541
chr5	480	6	1	200	200.0	17497
chr5	481	3	1	200	200.0	489
chr5	481	4	3	200	66.66666666666667	580
chr5	481	5	1	200	200.0	2629
chr5	482	3	1	200	200.0	412
chr5	482	4	2	200	100.0	573
chr5	482	5	3	200	66.66666666666667	2545
chr5	482	6	1	200	200.0	19776
chr5	482	7	1	200	200.0	96662
chr5	483	4	3	200	66.66666666666667	561
chr5	483	6	1	200	200.0	17592
chr5	484	3	1	200	200.0	458
chr5	484	4	4	200	50.0	573
chr5	484	5	2	200	100.0	2429
chr5	485	3	1	200	200.0	417
chr5	485	4	6	200	33.333333333333336	582
chr5	485	5	1	200	200.0	2860
chr5	485	7	1	200	200.0	83410
chr5	486	3	1	200	200.0	417
chr5	486	4	2	200	100.0	575
chr5	486	5	1	200	200.0	2726
chr5	487	4	2	200	100.0	573
chr5	487	5	1	200	200.0	2895
chr5	488	3	3	200	66.66666666666667	424
chr5	488	4	2	200	100.0	540
chr5	488	5	2	200	100.0	2600
chr5	489	4	2	200	100.0	609
chr5	489	5	2	200	100.0	3041
chr5	490	4	3	200	66.66666666666667	610
chr5	491	4	3	200	66.66666666666667	575
chr5	491	5	1	200	200.0	2843
chr5	492	2	1	200	200.0	2577
chr5	492	4	3	200	66.66666666666667	615
chr5	492	5	1	200	200.0	2652
chr5	493	4	2	200	100.0	610
chr5	494	3	2	200	100.0	415
chr5	494	4	1	200	200.0	631
chr5	494	5	2	200	100.0	2736
chr5	494	6	1	200	200.0	18159
chr5	495	4	4	200	50.0	543
chr5	495	5	1	200	200.0	2740
chr5	495	6	1	200	200.0	18155
chr5	496	4	1	200	200.0	580
chr5	496	5	2	200	100.0	2780
chr5	497	3	1	200	200.0	417
chr5	497	4	3	200	66.66666666666667	519
chr5	498	4	3	200	66.66666666666667	585
chr5	498	5	1	200	200.0	2914
chr5	499	4	3	200	66.66666666666667	605
chr5	500	4	1	200	200.0	599
chr5	500	5	1	200	200.0	2645
chr5	500	6	1	200	200.0	18063
chr5	501	4	2	200	100.0	645
chr5	501	5	2	200	100.0	2577
chr5	502	3	1	200	200.0	390
chr5	502	4	6	200	33.333333333333336	600
chr5	502	5	2	200	100.0	2694
chr5	502	6	2	200	100.0	19011
chr5	503	3	1	200	200.0	423
chr5	503	4	1	200	200.0	586
chr5	504	3	1	200	200.0	417
chr5	504	4	1	200	200.0	594
chr5	504	6	1	200	200.0	17444
chr5	505	4	3	200	66.66666666666667	558
chr5	505	7	1	200	200.0	108884
chr5	506	3	1	200	200.0	438
chr5	506	4	3	200	66.66666666666667	569
chr5	507	3	1	200	200.0	431
chr5	507	4	3	200	66.66666666666667	590
chr5	507	5	2	200	100.0	2619
chr5	508	4	2	200	100.0	597
chr5	508	5	1	200	200.0	3117
chr5	509	3	1	200	200.0	463
chr5	509	4	2	200	100.0	622
chr5	509	5	1	200	200.0	2911
chr5	510	3	4	200	50.0	435
chr5	510	4	2	200	100.0	582
chr5	511	3	1	200	200.0	415
chr5	511	4	2	200	100.0	533
chr5	511	5	3	200	66.66666666666667	2713
chr5	512	4	1	200	200.0	611
chr5	513	3	3	200	66.66666666666667	425
chr5	513	4	2	200	100.0	612
chr5	513	5	1	200	200.0	2901
chr5	514	4	3	200	66.66666666666667	619
chr5	514	5	1	200	200.0	2395
chr5	515	3	2	200	100.0	417
chr5	515	4	6	200	33.333333333333336	523
chr5	515	5	1	200	200.0	2982
chr5	516	4	2	200	100.0	554
chr5	516	5	1	200	200.0	2798
chr5	517	3	1	200	200.0	397
chr5	517	4	1	200	200.0	583
chr5	518	3	1	200	200.0	449
chr5	518	4	2	200	100.0	565
chr5	518	5	2	200	100.0	3083
chr5	519	3	1	200	200.0	420
chr5	519	4	3	200	66.66666666666667	559
chr5	519	5	1	200	200.0	3519
chr5	519	6	1	200	200.0	18400
chr5	520	3	2	200	100.0	400
chr5	520	4	4	200	50.0	581
chr5	520	5	1	200	200.0	2864
chr5	520	6	2	200	100.0	20218
chr5	521	4	3	200	66.66666666666667	631
chr5	521	5	2	200	100.0	3005
chr5	522	4	2	200	100.0	563
chr5	522	5	2	200	100.0	2711
chr5	523	4	1	200	200.0	574
chr5	523	5	1	200	200.0	2588
chr5	524	3	1	200	200.0	383
chr5	524	4	4	200	50.0	599
chr5	524	5	2	200	100.0	2860
chr5	525	4	2	200	100.0	507
chr5	526	3	1	200	200.0	400
chr5	526	4	4	200	50.0	578
chr5	526	5	1	200	200.0	2561
chr5	527	3	1	200	200.0	422
chr5	527	4	1	200	200.0	564
chr5	527	5	3	200	66.66666666666667	2986
chr5	528	4	1	200	200.0	569
chr5	528	5	1	200	200.0	3091
chr5	528	6	2	200	100.0	20855
chr5	529	5	1	200	200.0	2721
chr5	530	3	1	200	200.0	422
chr5	530	6	1	200	200.0	16909
chr5	531	3	1	200	200.0	400
chr5	531	4	3	200	66.66666666666667	574
chr5	531	5	2	200	100.0	2748
chr5	532	4	3	200	66.66666666666667	612
chr5	532	6	2	200	100.0	19154
chr5	533	4	1	200	200.0	578
chr5	534	4	1	200	200.0	571
chr5	534	5	3	200	66.66666666666667	3159
chr5	535	4	3	200	66.66666666666667	580
chr5	536	4	2	200	100.0	578
chr5	537	3	1	200	200.0	407
chr5	537	4	2	200	100.0	548
chr5	537	5	2	200	100.0	2957
chr5	538	4	2	200	100.0	562
chr5	538	5	1	200	200.0	3026
chr5	539	4	1	200	200.0	577
chr5	539	5	2	200	100.0	3276
chr5	540	4	1	200	200.0	620
chr5	540	6	1	200	200.0	18232
chr5	541	4	1	200	200.0	542
chr5	542	4	1	200	200.0	591
chr5	542	5	1	200	200.0	3072
chr5	542	6	1	200	200.0	16714
chr5	543	3	2	200	100.0	431
chr5	543	4	2	200	100.0	551
chr5	544	4	2	200	100.0	599
chr5	545	3	2	200	100.0	407
chr5	545	4	3	200	66.66666666666667	599
chr5	546	4	1	200	200.0	555
chr5	547	3	1	200	200.0	397
chr5	547	4	2	200	100.0	613
chr5	548	3	1	200	200.0	389
chr5	549	3	1	200	200.0	414
chr5	549	4	3	200	66.66666666666667	606
chr5	550	4	2	200	100.0	527
chr5	550	5	1	200	200.0	3241
chr5	551	4	2	200	100.0	582
chr5	552	4	2	200	100.0	610
chr5	552	5	1	200	200.0	3065
chr5	552	6	1	200	200.0	19009
chr5	553	5	1	200	200.0	2443
chr5	553	6	1	200	200.0	17233
chr5	554	4	1	200	200.0	553
chr5	554	5	1	200	200.0	2785
chr5	555	4	1	200	200.0	591
chr5	556	3	2	200	100.0	419
chr5	556	4	3	200	66.66666666666667	536
chr5	556	5	2	200	100.0	2942
chr5	557	3	1	200	200.0	412
chr5	558	5	1	200	200.0	3097
chr5	559	3	1	200	200.0	403
chr5	559	4	2	200	100.0	565
chr5	559	5	1	200	200.0	2476
chr5	560	4	1	200	200.0	561
chr5	560	5	1	200	200.0	2862
chr5	561	3	1	200	200.0	443
chr5	561	4	1	200	200.0	614
chr5	562	4	6	200	33.333333333333336	612
chr5	562	7	1	200	200.0	83788
chr5	563	4	1	200	200.0	583
chr5	563	5	1	200	200.0	3161
chr5	564	3	1	200	200.0	434
chr5	564	4	3	200	66.66666666666667	559
chr5	564	6	1	200	200.0	21244
chr5	565	4	1	200	200.0	592
chr5	566	3	1	200	200.0	457
chr5	566	4	1	200	200.0	609
chr5	567	3	1	200	200.0	447
chr5	567	4	5	200	40.0	628
chr5	568	3	1	200	200.0	435
chr5	568	4	1	200	200.0	548
chr5	568	5	1	200	200.0	2687
chr5	569	5	3	200	66.66666666666667	2938
chr5	570	4	1	200	200.0	597
chr5	570	5	1	200	200.0	2970
chr5	570	6	1	200	200.0	19176
chr5	571	4	4	200	50.0	561
chr5	572	3	1	200	200.0	418
chr5	572	4	1	200	200.0	543
chr5	573	5	1	200	200.0	3073
chr5	574	6	1	200	200.0	19071
chr5	575	4	1	200	200.0	619
chr5	575	6	1	200	200.0	20579
chr5	576	3	1	200	200.0	402
chr5	576	4	1	200	200.0	604
chr5	576	5	2	200	100.0	3048
chr5	576	6	1	200	200.0	20276
chr5	577	5	1	200	200.0	2999
chr5	578	5	2	200	100.0	3234
chr5	579	4	2	200	100.0	563
chr5	579	5	1	200	200.0	2948
chr5	580	4	1	200	200.0	494
chr5	580	5	1	200	200.0	2901
chr5	580	6	1	200	200.0	21409
chr5	581	3	1	200	200.0	401
chr5	581	4	1	200	200.0	610
chr5	581	5	1	200	200.0	3278
chr5	582	4	2	200	100.0	611
chr5	583	4	3	200	66.66666666666667	590
chr5	583	5	5	200	40.0	3268
chr5	584	5	2	200	100.0	3419
chr5	585	4	1	200	200.0	534
chr5	585	5	1	200	200.0	3043
chr5	586	4	1	200	200.0	566
chr5	586	5	1	200	200.0	2867
chr5	587	4	2	200	100.0	585
chr5	587	6	1	200	200.0	21347
chr5	588	3	1	200	200.0	430
chr5	588	4	1	200	200.0	629
chr5	589	4	3	200	66.66666666666667	612
chr5	589	5	1	200	200.0	2885
chr5	590	4	2	200	100.0	571
chr5	590	5	1	200	200.0	3069
chr5	591	3	1	200	200.0	440
chr5	591	4	1	200	200.0	578
chr5	592	4	4	200	50.0	584
chr5	592	6	1	200	200.0	19170
chr5	593	3	1	200	200.0	407
chr5	593	4	2	200	100.0	620
chr5	593	6	1	200	200.0	22815
chr5	594	4	1	200	200.0	567
chr5	595	5	1	200	200.0	3047
chr5	596	5	1	200	200.0	2832
chr5	596	6	1	200	200.0	24080
chr5	598	5	1	200	200.0	2998
chr5	599	4	1	200	200.0	524
chr5	599	5	1	200	200.0	3036
chr5	600	4	1	200	200.0	570
chr5	600	6	1	200	200.0	18532
chr5	601	3	1	200	200.0	415
chr5	601	4	3	200	66.66666666666667	561
chr5	601	5	1	200	200.0	2739
chr5	603	5	1	200	200.0	3314
chr5	604	4	3	200	66.66666666666667	649
chr5	604	6	1	200	200.0	20224
chr5	606	5	1	200	200.0	3148
chr5	607	4	1	200	200.0	502
chr5	607	5	1	200	200.0	2905
chr5	607	6	1	200	200.0	21114
chr5	608	4	2	200	100.0	578
chr5	608	5	1	200	200.0	2818
chr5	608	6	1	200	200.0	19055
chr5	609	5	1	200	200.0	3134
chr5	609	6	1	200	200.0	20192
chr5	610	4	1	200	200.0	554
chr5	610	7	1	200	200.0	106611
chr5	612	5	4	200	50.0	3264
chr5	613	3	2	200	100.0	368
chr5	613	5	1	200	200.0	3265
chr5	614	7	1	200	200.0	103501
chr5	615	3	1	200	200.0	429
chr5	615	4	2	200	100.0	577
chr5	615	6	1	200	200.0	19112
chr5	616	4	3	200	66.66666666666667	608
chr5	616	6	1	200	200.0	19970
chr5	617	5	1	200	200.0	2993
chr5	617	6	1	200	200.0	21372
chr5	618	4	1	200	200.0	622
chr5	619	4	2	200	100.0	648
chr5	619	5	2	200	100.0	2962
chr5	620	4	2	200	100.0	589
chr5	620	6	1	200	200.0	19778
chr5	621	3	1	200	200.0	439
chr5	621	6	1	200	200.0	19053
chr5	622	4	1	200	200.0	605
chr5	624	4	2	200	100.0	570
chr5	624	5	1	200	200.0	2849
chr5	625	4	1	200	200.0	589
chr5	626	4	2	200	100.0	555
chr5	627	4	2	200	100.0	608
chr5	628	3	1	200	200.0	423
chr5	628	4	2	200	100.0	608
chr5	628	5	1	200	200.0	2899
chr5	629	5	2	200	100.0	3105
chr5	630	5	2	200	100.0	3176
chr5	630	6	1	200	200.0	21251
chr5	631	4	2	200	100.0	643
chr5	631	5	1	200	200.0	3316
chr5	632	4	1	200	200.0	580
chr5	633	6	1	200	200.0	19668
chr5	634	4	2	200	100.0	545
chr5	634	6	1	200	200.0	21039
chr5	635	4	1	200	200.0	523
chr5	635	5	1	200	200.0	2941
chr5	636	4	1	200	200.0	564
chr5	636	6	3	200	66.66666666666667	19025
chr5	637	4	2	200	100.0	529
chr5	638	4	1	200	200.0	590
chr5	638	5	1	200	200.0	2913
chr5	638	6	1	200	200.0	20480
chr5	639	4	2	200	100.0	601
chr5	639	5	1	200	200.0	3065
chr5	640	3	1	200	200.0	390
chr5	640	4	1	200	200.0	568
chr5	641	4	1	200	200.0	648
chr5	641	6	1	200	200.0	21914
chr5	642	4	1	200	200.0	585
chr5	642	5	1	200	200.0	3145
chr5	643	4	1	200	200.0	556
chr5	643	5	4	200	50.0	3001
chr5	644	3	1	200	200.0	407
chr5	644	4	1	200	200.0	614
chr5	645	5	1	200	200.0	2945
chr5	645	6	1	200	200.0	19820
chr5	645	7	1	200	200.0	130431
chr5	646	4	4	200	50.0	606
chr5	646	5	2	200	100.0	3020
chr5	647	3	1	200	200.0	395
chr5	647	4	2	200	100.0	524
chr5	648	4	1	200	200.0	534
chr5	648	5	3	200	66.66666666666667	3168
chr5	650	4	2	200	100.0	577
chr5	650	6	1	200	200.0	18417
chr5	651	4	1	200	200.0	582
chr5	652	5	2	200	100.0	2925
chr5	653	5	3	200	66.66666666666667	3379
chr5	654	5	2	200	100.0	2994
chr5	654	6	1	200	200.0	18048
chr5	655	4	1	200	200.0	607
chr5	655	6	1	200	200.0	21777
chr5	656	4	1	200	200.0	601
chr5	657	4	1	200	200.0	571
chr5	658	4	1	200	200.0	614
chr5	658	7	1	200	200.0	117808
chr5	659	4	1	200	200.0	595
chr5	662	5	1	200	200.0	3294
chr5	663	4	1	200	200.0	565
chr5	663	5	1	200	200.0	3429
chr5	663	6	1	200	200.0	20400
chr5	664	4	1	200	200.0	615
chr5	664	6	1	200	200.0	23098
chr5	666	6	1	200	200.0	19086
chr5	667	4	1	200	200.0	572
chr5	667	5	1	200	200.0	3134
chr5	668	4	2	200	100.0	540
chr5	668	5	1	200	200.0	2755
chr5	670	4	1	200	200.0	620
chr5	671	3	1	200	200.0	425
chr5	671	4	1	200	200.0	539
chr5	671	5	2	200	100.0	2866
chr5	671	6	1	200	200.0	21122
chr5	672	6	1	200	200.0	20148
chr5	673	4	2	200	100.0	615
chr5	674	3	1	200	200.0	420
chr5	674	4	1	200	200.0	601
chr5	677	4	1	200	200.0	582
chr5	677	5	2	200	100.0	3059
chr5	678	4	1	200	200.0	583
chr5	678	5	1	200	200.0	3149
chr5	679	4	1	200	200.0	543
chr5	679	5	2	200	100.0	3023
chr5	680	5	1	200	200.0	2912
chr5	680	6	2	200	100.0	20198
chr5	681	5	2	200	100.0	3015
chr5	683	4	2	200	100.0	542
chr5	683	5	2	200	100.0	3096
chr5	683	6	1	200	200.0	19488
chr5	684	3	1	200	200.0	421
chr5	684	4	1	200	200.0	573
chr5	684	5	1	200	200.0	2870
chr5	686	4	3	200	66.66666666666667	599
chr5	686	5	1	200	200.0	3251
chr5	687	4	1	200	200.0	601
chr5	688	3	1	200	200.0	412
chr5	688	4	1	200	200.0	583
chr5	691	4	2	200	100.0	615
chr5	691	5	2	200	100.0	3385
chr5	691	7	1	200	200.0	116690
chr5	694	4	1	200	200.0	610
chr5	694	6	1	200	200.0	18904
chr5	695	4	2	200	100.0	545
chr5	696	3	1	200	200.0	412
chr5	697	4	1	200	200.0	613
chr5	697	5	1	200	200.0	3169
chr5	698	4	1	200	200.0	612
chr5	698	6	1	200	200.0	21014
chr5	699	4	2	200	100.0	584
chr5	699	5	2	200	100.0	3064
chr5	701	5	1	200	200.0	3199
chr5	701	6	1	200	200.0	21136
chr5	702	4	3	200	66.66666666666667	597
chr5	702	6	1	200	200.0	20676
chr5	703	4	1	200	200.0	573
chr5	705	4	1	200	200.0	615
chr5	706	4	1	200	200.0	605
chr5	707	4	2	200	100.0	571
chr5	707	5	1	200	200.0	3164
chr5	707	6	1	200	200.0	19850
chr5	708	6	1	200	200.0	19582
chr5	710	4	1	200	200.0	625
chr5	710	6	1	200	200.0	22672
chr5	711	5	1	200	200.0	2908
chr5	712	4	1	200	200.0	617
chr5	713	5	1	200	200.0	3274
chr5	714	4	2	200	100.0	635
chr5	715	6	1	200	200.0	21929
chr5	718	6	1	200	200.0	19647
chr5	719	4	1	200	200.0	620
chr5	722	6	1	200	200.0	20633
chr5	723	6	1	200	200.0	20628
chr5	724	4	1	200	200.0	528
chr5	725	4	1	200	200.0	553
chr5	725	5	1	200	200.0	3347
chr5	726	3	1	200	200.0	375
chr5	727	4	1	200	200.0	630
chr5	728	4	1	200	200.0	581
chr5	728	5	1	200	200.0	3616
chr5	728	6	1	200	200.0	22336
chr5	729	6	1	200	200.0	21453
chr5	730	4	1	200	200.0	594
chr5	730	6	1	200	200.0	18845
chr5	732	5	1	200	200.0	2989
chr5	738	4	2	200	100.0	635
chr5	739	5	1	200	200.0	3280
chr5	740	6	1	200	200.0	20313
chr5	741	4	1	200	200.0	598
chr5	742	6	1	200	200.0	21048
chr5	743	4	1	200	200.0	616
chr5	743	5	1	200	200.0	2936
chr5	744	4	1	200	200.0	647
chr5	745	5	1	200	200.0	3043
chr5	746	4	1	200	200.0	571
chr5	747	4	2	200	100.0	587
chr5	747	5	1	200	200.0	3294
chr5	748	4	1	200	200.0	618
chr5	748	5	1	200	200.0	2873
chr5	750	5	1	200	200.0	3426
chr5	754	4	1	200	200.0	592
chr5	755	5	1	200	200.0	2869
chr5	756	5	2	200	100.0	3265
chr5	757	5	1	200	200.0	3321
chr5	758	5	1	200	200.0	3330
chr5	760	5	1	200	200.0	3366
chr5	760	6	1	200	200.0	19310
chr5	761	3	1	200	200.0	415
chr5	761	4	1	200	200.0	577
chr5	762	5	1	200	200.0	3219
chr5	762	6	1	200	200.0	19657
chr5	763	4	1	200	200.0	618
chr5	763	5	1	200	200.0	3857
chr5	764	5	1	200	200.0	3296
chr5	764	6	1	200	200.0	21959
chr5	765	4	1	200	200.0	623
chr5	768	5	1	200	200.0	3607
chr5	769	5	2	200	100.0	3607
chr5	770	4	1	200	200.0	589
chr5	772	4	1	200	200.0	588
chr5	774	6	1	200	200.0	20765
chr5	775	4	1	200	200.0	619
chr5	776	5	1	200	200.0	3055
chr5	777	4	1	200	200.0	541
chr5	777	5	1	200	200.0	3050
chr5	781	5	2	200	100.0	2840
chr5	783	5	2	200	100.0	3639
chr5	784	5	1	200	200.0	2830
chr5	787	5	2	200	100.0	3280
chr5	788	3	1	200	200.0	372
chr5	788	4	1	200	200.0	603
chr5	789	5	2	200	100.0	3220
chr5	790	6	1	200	200.0	21306
chr5	791	5	2	200	100.0	3619
chr5	793	5	1	200	200.0	3495
chr5	794	5	1	200	200.0	3823
chr5	795	4	1	200	200.0	586
chr5	809	5	1	200	200.0	3188
chr5	811	3	1	200	200.0	382
chr5	811	5	1	200	200.0	3404
chr5	814	5	1	200	200.0	3079
chr5	820	5	1	200	200.0	3031
chr5	821	4	1	200	200.0	551
chr5	825	6	1	200	200.0	21342
chr5	827	5	1	200	200.0	3061
chr5	828	5	1	200	200.0	3567
chr5	828	6	1	200	200.0	21871
chr5	830	4	1	200	200.0	562
chr5	834	5	1	200	200.0	3229
chr5	835	4	1	200	200.0	589
chr5	837	5	1	200	200.0	3196
chr5	838	6	1	200	200.0	23949
chr5	839	5	1	200	200.0	3769
chr5	839	7	1	200	200.0	167166
chr5	840	5	1	200	200.0	3411
chr5	841	4	1	200	200.0	585
chr5	842	4	1	200	200.0	584
chr5	846	5	1	200	200.0	3233
chr5	850	5	2	200	100.0	3124
chr5	853	4	1	200	200.0	630
chr5	853	5	1	200	200.0	3254
chr5	857	4	1	200	200.0	588
chr5	858	5	2	200	100.0	3105
chr5	859	4	1	200	200.0	594
chr5	861	6	1	200	200.0	24739
chr5	863	5	1	200	200.0	3436
chr5	864	5	1	200	200.0	3336
chr5	865	5	1	200	200.0	3448
chr5	866	5	1	200	200.0	3837
chr5	867	6	1	200	200.0	21273
chr5	873	5	1	200	200.0	4285
chr5	875	5	1	200	200.0	3188
chr5	876	5	1	200	200.0	3160
chr5	877	5	1	200	200.0	3663
chr5	880	4	1	200	200.0	596
chr5	886	4	1	200	200.0	558
chr5	888	4	1	200	200.0	563
chr5	894	3	1	200	200.0	387
chr5	898	5	1	200	200.0	3034
chr5	908	4	1	200	200.0	574
chr5	909	4	1	200	200.0	540
chr5	910	5	1	200	200.0	3557
chr5	911	5	1	200	200.0	3290
chr5	915	5	1	200	200.0	3606
chr5	918	5	1	200	200.0	3580
chr5	923	4	1	200	200.0	601
chr5	933	5	1	200	200.0	3198
chr5	935	5	1	200	200.0	3692
chr5	936	5	1	200	200.0	3331
chr5	945	5	1	200	200.0	3263
chr5	954	5	1	200	200.0	3833
chr5	960	5	1	200	200.0	3596
chr5	963	5	1	200	200.0	3411
chr5	972	6	1	200	200.0	23238
chr5	976	6	1	200	200.0	23590
chr5	979	5	2	200	100.0	3519
chr5	984	6	1	200	200.0	22378
chr5	987	5	1	200	200.0	3454
chr5	990	4	1	200	200.0	605
chr5	992	6	1	200	200.0	24391
chr5	997	5	1	200	200.0	3184
chr5	1008	5	1	200	200.0	3735
chr5	1013	5	1	200	200.0	3388
chr5	1027	6	1	200	200.0	21746
chr5	1030	5	1	200	200.0	3792
chr5	1031	5	1	200	200.0	3446
chr5	1045	5	2	200	100.0	3488
chr5	1046	5	1	200	200.0	3669
chr5	1050	6	1	200	200.0	22196
chr5	1054	5	1	200	200.0	3490
chr5	1064	5	1	200	200.0	3745
chr5	1076	6	1	200	200.0	25550
chr5	1103	4	1	200	200.0	554
chr5	1103	5	1	200	200.0	3768
chr5	1107	4	1	200	200.0	597
chr5	1157	4	1	200	200.0	545
chr5	1163	5	1	200	200.0	3881
chr5	1186	5	1	200	200.0	3660
chr5	1190	4	1	200	200.0	606
chr5	1235	5	1	200	200.0	3650
chr5	1250	5	1	200	200.0	3872
chr5	1254	6	1	200	200.0	23817
chr5	1271	5	1	200	200.0	3805
chr5	1346	5	1	200	200.0	3393
chr5	1373	4	1	200	200.0	581
chr5	1403	4	1	200	200.0	595
chr5	1644	7	1	200	200.0	418542
chr5	1796	5	1	200	200.0	4291
chr6	253	3	1	200	200.0	443
chr6	259	3	2	200	100.0	412
chr6	268	5	1	200	200.0	1740
chr6	271	6	1	200	200.0	15990
chr6	277	4	1	200	200.0	668
chr6	278	4	1	200	200.0	678
chr6	282	3	1	200	200.0	431
chr6	283	4	1	200	200.0	595
chr6	284	5	1	200	200.0	1983
chr6	288	4	1	200	200.0	592
chr6	289	4	1	200	200.0	721
chr6	291	4	1	200	200.0	616
chr6	292	5	1	200	200.0	2002
chr6	293	4	1	200	200.0	662
chr6	294	4	1	200	200.0	651
chr6	294	5	1	200	200.0	1995
chr6	294	7	1	200	200.0	78384
chr6	295	4	1	200	200.0	591
chr6	297	4	1	200	200.0	627
chr6	298	4	1	200	200.0	673
chr6	298	6	1	200	200.0	16080
chr6	299	6	1	200	200.0	20334
chr6	301	3	1	200	200.0	470
chr6	301	5	1	200	200.0	2154
chr6	302	3	1	200	200.0	455
chr6	305	3	1	200	200.0	431
chr6	307	3	1	200	200.0	478
chr6	307	5	1	200	200.0	2035
chr6	308	3	2	200	100.0	446
chr6	308	4	1	200	200.0	606
chr6	310	5	1	200	200.0	2096
chr6	311	5	1	200	200.0	2189
chr6	312	3	1	200	200.0	442
chr6	312	4	1	200	200.0	647
chr6	313	5	1	200	200.0	2091
chr6	314	3	2	200	100.0	453
chr6	314	4	1	200	200.0	626
chr6	315	4	2	200	100.0	580
chr6	317	3	1	200	200.0	430
chr6	317	4	1	200	200.0	574
chr6	318	3	1	200	200.0	487
chr6	319	4	2	200	100.0	595
chr6	319	5	1	200	200.0	2239
chr6	320	4	1	200	200.0	608
chr6	321	3	1	200	200.0	444
chr6	321	5	1	200	200.0	2011
chr6	321	6	1	200	200.0	17893
chr6	321	7	1	200	200.0	87506
chr6	322	4	2	200	100.0	601
chr6	323	3	1	200	200.0	421
chr6	324	4	1	200	200.0	625
chr6	325	3	1	200	200.0	490
chr6	326	3	1	200	200.0	444
chr6	326	4	2	200	100.0	627
chr6	327	3	1	200	200.0	493
chr6	328	4	1	200	200.0	674
chr6	329	3	1	200	200.0	451
chr6	330	3	1	200	200.0	468
chr6	331	3	1	200	200.0	419
chr6	331	4	1	200	200.0	597
chr6	331	5	1	200	200.0	2269
chr6	334	4	1	200	200.0	600
chr6	335	4	1	200	200.0	608
chr6	336	4	4	200	50.0	604
chr6	336	6	1	200	200.0	19695
chr6	337	3	2	200	100.0	459
chr6	337	4	1	200	200.0	560
chr6	338	4	2	200	100.0	604
chr6	339	4	1	200	200.0	567
chr6	340	3	1	200	200.0	465
chr6	340	6	1	200	200.0	17821
chr6	341	3	2	200	100.0	438
chr6	341	6	1	200	200.0	20025
chr6	342	3	1	200	200.0	488
chr6	342	5	1	200	200.0	2130
chr6	343	3	1	200	200.0	437
chr6	343	4	1	200	200.0	600
chr6	344	3	3	200	66.66666666666667	438
chr6	344	4	3	200	66.66666666666667	625
chr6	345	4	1	200	200.0	588
chr6	345	5	1	200	200.0	2236
chr6	346	3	1	200	200.0	424
chr6	347	3	1	200	200.0	441
chr6	347	6	1	200	200.0	22569
chr6	348	4	1	200	200.0	541
chr6	349	3	1	200	200.0	447
chr6	350	3	1	200	200.0	451
chr6	350	4	2	200	100.0	600
chr6	351	5	1	200	200.0	2012
chr6	352	3	1	200	200.0	450
chr6	353	3	1	200	200.0	461
chr6	353	5	1	200	200.0	2431
chr6	354	5	1	200	200.0	2301
chr6	355	3	1	200	200.0	486
chr6	356	5	1	200	200.0	2484
chr6	357	4	1	200	200.0	558
chr6	358	3	3	200	66.66666666666667	464
chr6	358	4	1	200	200.0	605
chr6	359	3	2	200	100.0	440
chr6	360	4	2	200	100.0	595
chr6	360	5	1	200	200.0	2182
chr6	361	3	1	200	200.0	443
chr6	361	4	1	200	200.0	537
chr6	361	5	2	200	100.0	2245
chr6	362	4	2	200	100.0	619
chr6	363	4	1	200	200.0	567
chr6	363	5	1	200	200.0	2459
chr6	363	6	1	200	200.0	18617
chr6	364	4	1	200	200.0	613
chr6	364	6	1	200	200.0	19730
chr6	365	4	2	200	100.0	535
chr6	366	3	4	200	50.0	450
chr6	366	4	6	200	33.333333333333336	623
chr6	366	5	1	200	200.0	2346
chr6	367	4	2	200	100.0	640
chr6	367	5	1	200	200.0	2305
chr6	368	4	2	200	100.0	551
chr6	369	4	4	200	50.0	593
chr6	370	4	1	200	200.0	553
chr6	371	4	1	200	200.0	633
chr6	371	5	1	200	200.0	2387
chr6	372	3	2	200	100.0	461
chr6	372	4	1	200	200.0	577
chr6	373	3	2	200	100.0	417
chr6	373	4	2	200	100.0	576
chr6	374	3	1	200	200.0	486
chr6	374	4	2	200	100.0	627
chr6	375	3	1	200	200.0	430
chr6	375	4	1	200	200.0	559
chr6	375	6	1	200	200.0	19054
chr6	376	3	3	200	66.66666666666667	430
chr6	376	4	2	200	100.0	601
chr6	376	5	3	200	66.66666666666667	2463
chr6	377	3	3	200	66.66666666666667	454
chr6	377	4	3	200	66.66666666666667	540
chr6	378	3	2	200	100.0	477
chr6	378	4	5	200	40.0	643
chr6	379	3	1	200	200.0	472
chr6	379	4	1	200	200.0	554
chr6	380	3	3	200	66.66666666666667	435
chr6	380	4	1	200	200.0	612
chr6	381	4	1	200	200.0	562
chr6	382	3	3	200	66.66666666666667	465
chr6	382	4	3	200	66.66666666666667	575
chr6	383	3	1	200	200.0	444
chr6	383	4	4	200	50.0	568
chr6	383	5	3	200	66.66666666666667	2478
chr6	384	3	3	200	66.66666666666667	450
chr6	384	4	3	200	66.66666666666667	585
chr6	384	6	1	200	200.0	18254
chr6	385	2	1	200	200.0	2145
chr6	385	3	3	200	66.66666666666667	492
chr6	385	4	2	200	100.0	577
chr6	385	5	2	200	100.0	2503
chr6	386	3	1	200	200.0	468
chr6	386	5	1	200	200.0	2354
chr6	386	6	1	200	200.0	19180
chr6	387	3	3	200	66.66666666666667	546
chr6	387	4	1	200	200.0	622
chr6	387	5	1	200	200.0	2129
chr6	388	3	1	200	200.0	444
chr6	388	4	2	200	100.0	583
chr6	388	6	1	200	200.0	22541
chr6	389	3	1	200	200.0	456
chr6	389	4	1	200	200.0	587
chr6	389	5	1	200	200.0	2329
chr6	390	3	2	200	100.0	427
chr6	390	4	3	200	66.66666666666667	556
chr6	390	5	1	200	200.0	2248
chr6	390	6	1	200	200.0	19204
chr6	391	3	3	200	66.66666666666667	454
chr6	391	4	3	200	66.66666666666667	579
chr6	391	5	2	200	100.0	2195
chr6	392	3	3	200	66.66666666666667	462
chr6	392	4	2	200	100.0	565
chr6	393	3	4	200	50.0	425
chr6	393	4	1	200	200.0	629
chr6	393	5	2	200	100.0	2471
chr6	394	3	3	200	66.66666666666667	455
chr6	394	4	3	200	66.66666666666667	537
chr6	395	3	1	200	200.0	447
chr6	395	4	2	200	100.0	653
chr6	395	7	1	200	200.0	83946
chr6	396	4	1	200	200.0	579
chr6	396	5	1	200	200.0	2704
chr6	397	3	1	200	200.0	449
chr6	397	4	1	200	200.0	557
chr6	398	3	1	200	200.0	469
chr6	398	4	1	200	200.0	586
chr6	398	5	3	200	66.66666666666667	2238
chr6	399	3	4	200	50.0	400
chr6	399	4	3	200	66.66666666666667	528
chr6	399	5	1	200	200.0	2676
chr6	400	3	2	200	100.0	436
chr6	400	4	2	200	100.0	646
chr6	401	4	3	200	66.66666666666667	603
chr6	401	5	4	200	50.0	2507
chr6	401	6	1	200	200.0	20408
chr6	401	7	1	200	200.0	83689
chr6	402	3	2	200	100.0	407
chr6	402	4	1	200	200.0	575
chr6	403	3	4	200	50.0	417
chr6	403	4	2	200	100.0	540
chr6	404	3	1	200	200.0	428
chr6	404	4	1	200	200.0	588
chr6	404	5	1	200	200.0	2342
chr6	405	3	3	200	66.66666666666667	430
chr6	405	4	4	200	50.0	578
chr6	405	5	1	200	200.0	2335
chr6	406	3	1	200	200.0	434
chr6	406	4	3	200	66.66666666666667	596
chr6	406	5	1	200	200.0	2222
chr6	407	3	4	200	50.0	461
chr6	407	4	4	200	50.0	534
chr6	408	3	1	200	200.0	445
chr6	408	4	4	200	50.0	592
chr6	408	5	4	200	50.0	2819
chr6	409	3	3	200	66.66666666666667	430
chr6	409	4	6	200	33.333333333333336	587
chr6	410	3	1	200	200.0	386
chr6	410	4	4	200	50.0	570
chr6	410	5	2	200	100.0	2582
chr6	411	3	2	200	100.0	452
chr6	411	4	7	200	28.571428571428573	624
chr6	411	6	1	200	200.0	21614
chr6	412	3	2	200	100.0	465
chr6	412	4	2	200	100.0	553
chr6	412	5	1	200	200.0	2684
chr6	413	4	1	200	200.0	623
chr6	414	3	4	200	50.0	471
chr6	414	4	4	200	50.0	557
chr6	415	4	1	200	200.0	583
chr6	415	6	1	200	200.0	19246
chr6	416	4	1	200	200.0	580
chr6	416	5	2	200	100.0	2375
chr6	417	3	2	200	100.0	416
chr6	417	4	2	200	100.0	586
chr6	417	5	2	200	100.0	2614
chr6	418	3	3	200	66.66666666666667	440
chr6	418	4	6	200	33.333333333333336	565
chr6	418	5	1	200	200.0	2593
chr6	419	3	3	200	66.66666666666667	406
chr6	419	4	4	200	50.0	592
chr6	419	5	3	200	66.66666666666667	2434
chr6	420	4	3	200	66.66666666666667	585
chr6	420	5	1	200	200.0	2514
chr6	420	6	1	200	200.0	22166
chr6	421	3	1	200	200.0	419
chr6	421	4	2	200	100.0	600
chr6	422	3	1	200	200.0	440
chr6	422	4	2	200	100.0	570
chr6	423	4	1	200	200.0	629
chr6	424	3	5	200	40.0	438
chr6	424	4	3	200	66.66666666666667	570
chr6	425	3	1	200	200.0	448
chr6	425	4	2	200	100.0	551
chr6	425	5	1	200	200.0	2522
chr6	426	4	5	200	40.0	600
chr6	426	5	3	200	66.66666666666667	2705
chr6	427	3	2	200	100.0	437
chr6	427	4	3	200	66.66666666666667	539
chr6	427	6	2	200	100.0	19965
chr6	428	3	2	200	100.0	416
chr6	428	4	3	200	66.66666666666667	513
chr6	428	5	1	200	200.0	2646
chr6	429	3	4	200	50.0	428
chr6	429	4	2	200	100.0	657
chr6	429	5	1	200	200.0	2535
chr6	430	3	1	200	200.0	394
chr6	430	4	5	200	40.0	599
chr6	430	5	1	200	200.0	2614
chr6	431	3	2	200	100.0	425
chr6	431	4	4	200	50.0	626
chr6	431	5	3	200	66.66666666666667	2567
chr6	431	6	1	200	200.0	20886
chr6	432	3	2	200	100.0	421
chr6	432	4	2	200	100.0	589
chr6	432	5	4	200	50.0	2713
chr6	433	2	1	200	200.0	2515
chr6	433	3	2	200	100.0	423
chr6	433	4	4	200	50.0	552
chr6	433	5	1	200	200.0	2653
chr6	434	3	2	200	100.0	398
chr6	434	4	1	200	200.0	560
chr6	434	5	1	200	200.0	2484
chr6	435	3	2	200	100.0	438
chr6	435	4	1	200	200.0	613
chr6	435	5	2	200	100.0	2859
chr6	436	3	4	200	50.0	446
chr6	436	4	3	200	66.66666666666667	597
chr6	436	5	3	200	66.66666666666667	2198
chr6	437	3	3	200	66.66666666666667	439
chr6	437	6	1	200	200.0	21217
chr6	438	4	1	200	200.0	572
chr6	439	4	2	200	100.0	612
chr6	440	3	3	200	66.66666666666667	421
chr6	440	4	2	200	100.0	559
chr6	440	5	4	200	50.0	2485
chr6	441	3	2	200	100.0	417
chr6	441	4	2	200	100.0	620
chr6	441	5	1	200	200.0	2679
chr6	442	3	3	200	66.66666666666667	445
chr6	442	4	3	200	66.66666666666667	594
chr6	442	5	1	200	200.0	2459
chr6	442	6	1	200	200.0	18906
chr6	443	3	3	200	66.66666666666667	424
chr6	443	4	4	200	50.0	539
chr6	444	3	1	200	200.0	412
chr6	444	5	1	200	200.0	2570
chr6	444	6	1	200	200.0	22874
chr6	445	3	2	200	100.0	421
chr6	445	4	3	200	66.66666666666667	556
chr6	445	5	1	200	200.0	2994
chr6	446	4	3	200	66.66666666666667	561
chr6	447	4	5	200	40.0	515
chr6	447	5	1	200	200.0	2601
chr6	447	6	2	200	100.0	22262
chr6	448	3	4	200	50.0	474
chr6	448	4	2	200	100.0	592
chr6	448	5	1	200	200.0	2781
chr6	449	3	1	200	200.0	409
chr6	449	4	4	200	50.0	570
chr6	449	5	3	200	66.66666666666667	2524
chr6	450	3	3	200	66.66666666666667	420
chr6	450	4	5	200	40.0	587
chr6	451	3	1	200	200.0	427
chr6	451	4	2	200	100.0	564
chr6	452	3	1	200	200.0	382
chr6	452	4	1	200	200.0	596
chr6	452	5	1	200	200.0	2647
chr6	453	4	2	200	100.0	584
chr6	453	6	2	200	100.0	20314
chr6	454	4	2	200	100.0	499
chr6	454	5	2	200	100.0	2629
chr6	455	2	1	200	200.0	2116
chr6	455	3	2	200	100.0	418
chr6	455	4	4	200	50.0	605
chr6	455	5	1	200	200.0	2835
chr6	455	7	1	200	200.0	96386
chr6	456	3	1	200	200.0	438
chr6	456	4	2	200	100.0	580
chr6	456	5	2	200	100.0	2581
chr6	457	3	1	200	200.0	481
chr6	457	5	1	200	200.0	2508
chr6	457	7	2	200	100.0	85450
chr6	458	5	1	200	200.0	2686
chr6	458	6	1	200	200.0	23194
chr6	459	3	3	200	66.66666666666667	402
chr6	459	4	3	200	66.66666666666667	584
chr6	460	3	4	200	50.0	406
chr6	460	4	2	200	100.0	570
chr6	460	5	2	200	100.0	2564
chr6	461	3	1	200	200.0	447
chr6	461	4	1	200	200.0	618
chr6	461	5	2	200	100.0	2779
chr6	462	3	3	200	66.66666666666667	445
chr6	462	4	4	200	50.0	522
chr6	463	3	1	200	200.0	436
chr6	463	4	5	200	40.0	605
chr6	464	3	3	200	66.66666666666667	404
chr6	464	4	3	200	66.66666666666667	593
chr6	464	5	1	200	200.0	2416
chr6	464	7	2	200	100.0	89487
chr6	465	3	2	200	100.0	449
chr6	465	4	4	200	50.0	507
chr6	465	6	1	200	200.0	18311
chr6	466	3	1	200	200.0	423
chr6	466	4	5	200	40.0	621
chr6	467	2	1	200	200.0	2270
chr6	467	3	4	200	50.0	418
chr6	467	4	3	200	66.66666666666667	574
chr6	467	5	2	200	100.0	2688
chr6	468	3	1	200	200.0	435
chr6	468	4	1	200	200.0	545
chr6	468	6	1	200	200.0	18977
chr6	469	3	1	200	200.0	466
chr6	469	4	2	200	100.0	554
chr6	469	5	1	200	200.0	2538
chr6	470	3	2	200	100.0	421
chr6	470	4	2	200	100.0	572
chr6	471	4	3	200	66.66666666666667	581
chr6	472	3	2	200	100.0	443
chr6	472	4	1	200	200.0	558
chr6	472	5	1	200	200.0	2769
chr6	472	6	2	200	100.0	22977
chr6	473	4	2	200	100.0	544
chr6	473	5	3	200	66.66666666666667	2408
chr6	473	6	1	200	200.0	20900
chr6	474	4	3	200	66.66666666666667	543
chr6	474	6	1	200	200.0	23006
chr6	474	7	1	200	200.0	105537
chr6	475	3	1	200	200.0	417
chr6	475	4	4	200	50.0	622
chr6	475	5	2	200	100.0	2548
chr6	476	3	1	200	200.0	416
chr6	476	4	4	200	50.0	553
chr6	476	5	1	200	200.0	2880
chr6	477	3	2	200	100.0	426
chr6	477	4	1	200	200.0	585
chr6	478	3	1	200	200.0	429
chr6	478	4	3	200	66.66666666666667	537
chr6	478	5	3	200	66.66666666666667	2392
chr6	479	4	5	200	40.0	575
chr6	479	5	1	200	200.0	2503
chr6	479	6	1	200	200.0	23001
chr6	480	4	4	200	50.0	507
chr6	480	5	2	200	100.0	2657
chr6	481	4	3	200	66.66666666666667	560
chr6	481	6	1	200	200.0	22154
chr6	482	3	3	200	66.66666666666667	428
chr6	482	4	7	200	28.571428571428573	566
chr6	482	5	2	200	100.0	2440
chr6	483	4	1	200	200.0	600
chr6	483	5	1	200	200.0	2954
chr6	483	6	1	200	200.0	22894
chr6	483	7	1	200	200.0	90890
chr6	484	4	4	200	50.0	561
chr6	484	5	3	200	66.66666666666667	3063
chr6	485	4	4	200	50.0	611
chr6	485	5	1	200	200.0	2781
chr6	486	3	1	200	200.0	476
chr6	486	4	2	200	100.0	571
chr6	487	3	1	200	200.0	453
chr6	487	4	3	200	66.66666666666667	544
chr6	487	5	2	200	100.0	2722
chr6	487	6	1	200	200.0	20258
chr6	488	3	4	200	50.0	393
chr6	488	4	3	200	66.66666666666667	546
chr6	489	4	1	200	200.0	680
chr6	489	6	1	200	200.0	21871
chr6	490	3	2	200	100.0	440
chr6	490	4	5	200	40.0	541
chr6	490	5	2	200	100.0	2566
chr6	490	6	2	200	100.0	20722
chr6	491	3	1	200	200.0	426
chr6	491	4	3	200	66.66666666666667	605
chr6	491	5	1	200	200.0	2756
chr6	492	4	2	200	100.0	539
chr6	492	5	6	200	33.333333333333336	2704
chr6	493	3	2	200	100.0	452
chr6	493	4	2	200	100.0	621
chr6	493	6	2	200	100.0	20284
chr6	494	4	6	200	33.333333333333336	602
chr6	495	3	2	200	100.0	410
chr6	495	4	3	200	66.66666666666667	530
chr6	495	5	1	200	200.0	2685
chr6	496	3	1	200	200.0	423
chr6	496	4	1	200	200.0	585
chr6	496	6	1	200	200.0	24522
chr6	497	3	2	200	100.0	506
chr6	497	5	3	200	66.66666666666667	2954
chr6	497	6	2	200	100.0	24027
chr6	498	3	2	200	100.0	472
chr6	498	4	2	200	100.0	582
chr6	498	5	1	200	200.0	2623
chr6	499	3	1	200	200.0	421
chr6	499	4	2	200	100.0	547
chr6	499	5	2	200	100.0	2712
chr6	500	3	1	200	200.0	429
chr6	500	4	3	200	66.66666666666667	566
chr6	500	5	2	200	100.0	2731
chr6	501	4	7	200	28.571428571428573	638
chr6	501	5	2	200	100.0	2340
chr6	501	6	1	200	200.0	21004
chr6	502	3	1	200	200.0	409
chr6	502	4	3	200	66.66666666666667	564
chr6	503	3	3	200	66.66666666666667	408
chr6	503	4	3	200	66.66666666666667	526
chr6	504	5	1	200	200.0	2981
chr6	505	3	1	200	200.0	438
chr6	505	4	1	200	200.0	644
chr6	505	6	1	200	200.0	18214
chr6	506	4	5	200	40.0	595
chr6	507	3	2	200	100.0	446
chr6	507	4	4	200	50.0	553
chr6	507	5	2	200	100.0	2986
chr6	508	3	3	200	66.66666666666667	443
chr6	508	4	3	200	66.66666666666667	612
chr6	508	5	1	200	200.0	3067
chr6	509	4	1	200	200.0	544
chr6	509	5	2	200	100.0	2913
chr6	510	4	1	200	200.0	609
chr6	511	4	4	200	50.0	576
chr6	511	5	3	200	66.66666666666667	2511
chr6	512	4	3	200	66.66666666666667	551
chr6	512	5	2	200	100.0	2573
chr6	513	5	1	200	200.0	2535
chr6	513	6	1	200	200.0	21883
chr6	514	4	4	200	50.0	580
chr6	514	6	1	200	200.0	23338
chr6	515	3	1	200	200.0	432
chr6	515	4	2	200	100.0	528
chr6	515	5	2	200	100.0	3309
chr6	515	6	1	200	200.0	22615
chr6	516	4	3	200	66.66666666666667	570
chr6	517	4	2	200	100.0	564
chr6	518	3	1	200	200.0	472
chr6	518	4	1	200	200.0	591
chr6	518	5	3	200	66.66666666666667	2833
chr6	518	6	1	200	200.0	20988
chr6	519	4	2	200	100.0	571
chr6	519	5	2	200	100.0	3006
chr6	519	6	1	200	200.0	23834
chr6	520	3	1	200	200.0	456
chr6	520	4	2	200	100.0	536
chr6	520	5	3	200	66.66666666666667	2916
chr6	521	4	3	200	66.66666666666667	502
chr6	521	5	1	200	200.0	2765
chr6	521	6	1	200	200.0	21651
chr6	522	3	2	200	100.0	417
chr6	522	4	1	200	200.0	628
chr6	522	5	2	200	100.0	2751
chr6	523	3	1	200	200.0	400
chr6	523	4	2	200	100.0	571
chr6	523	5	2	200	100.0	2773
chr6	523	6	1	200	200.0	20505
chr6	524	4	4	200	50.0	553
chr6	525	3	1	200	200.0	423
chr6	525	4	2	200	100.0	601
chr6	525	7	1	200	200.0	105154
chr6	526	4	3	200	66.66666666666667	550
chr6	526	7	1	200	200.0	89366
chr6	527	4	4	200	50.0	540
chr6	527	5	1	200	200.0	2845
chr6	528	3	2	200	100.0	425
chr6	528	4	4	200	50.0	572
chr6	528	7	1	200	200.0	95648
chr6	529	4	1	200	200.0	571
chr6	530	5	2	200	100.0	3166
chr6	530	7	1	200	200.0	100293
chr6	531	3	1	200	200.0	410
chr6	531	5	1	200	200.0	2963
chr6	532	4	1	200	200.0	536
chr6	532	5	3	200	66.66666666666667	3099
chr6	533	3	1	200	200.0	404
chr6	533	4	3	200	66.66666666666667	527
chr6	533	5	1	200	200.0	2912
chr6	534	3	1	200	200.0	396
chr6	534	4	1	200	200.0	564
chr6	534	5	2	200	100.0	2588
chr6	535	3	1	200	200.0	437
chr6	535	4	1	200	200.0	515
chr6	535	6	1	200	200.0	21599
chr6	536	4	2	200	100.0	528
chr6	536	6	2	200	100.0	21247
chr6	537	4	4	200	50.0	501
chr6	537	5	3	200	66.66666666666667	2824
chr6	538	3	1	200	200.0	424
chr6	538	4	4	200	50.0	550
chr6	539	3	1	200	200.0	412
chr6	539	4	5	200	40.0	568
chr6	539	7	1	200	200.0	111523
chr6	540	3	1	200	200.0	420
chr6	540	4	4	200	50.0	635
chr6	540	5	2	200	100.0	2791
chr6	541	3	1	200	200.0	392
chr6	541	4	5	200	40.0	585
chr6	542	4	5	200	40.0	561
chr6	542	6	1	200	200.0	25603
chr6	543	3	3	200	66.66666666666667	429
chr6	543	5	1	200	200.0	3136
chr6	544	3	1	200	200.0	378
chr6	544	4	2	200	100.0	612
chr6	544	5	1	200	200.0	2889
chr6	545	3	1	200	200.0	432
chr6	545	5	2	200	100.0	2664
chr6	546	3	1	200	200.0	415
chr6	546	4	2	200	100.0	620
chr6	547	3	1	200	200.0	405
chr6	547	4	2	200	100.0	560
chr6	547	5	2	200	100.0	2719
chr6	548	4	3	200	66.66666666666667	503
chr6	548	6	1	200	200.0	21358
chr6	549	3	1	200	200.0	427
chr6	549	4	2	200	100.0	608
chr6	549	6	1	200	200.0	22528
chr6	550	4	5	200	40.0	560
chr6	551	4	3	200	66.66666666666667	554
chr6	552	4	3	200	66.66666666666667	583
chr6	553	3	1	200	200.0	381
chr6	553	4	2	200	100.0	506
chr6	553	5	1	200	200.0	2699
chr6	554	4	5	200	40.0	572
chr6	554	5	1	200	200.0	2797
chr6	554	6	1	200	200.0	23772
chr6	555	4	1	200	200.0	569
chr6	555	5	2	200	100.0	3054
chr6	556	3	1	200	200.0	447
chr6	556	4	1	200	200.0	556
chr6	556	5	1	200	200.0	3026
chr6	557	4	1	200	200.0	544
chr6	558	4	2	200	100.0	558
chr6	559	4	1	200	200.0	532
chr6	559	6	2	200	100.0	21820
chr6	560	4	1	200	200.0	603
chr6	560	6	1	200	200.0	22338
chr6	561	4	1	200	200.0	517
chr6	561	5	1	200	200.0	3151
chr6	562	4	5	200	40.0	499
chr6	562	5	2	200	100.0	2966
chr6	563	3	2	200	100.0	409
chr6	563	4	1	200	200.0	609
chr6	563	5	2	200	100.0	3329
chr6	563	6	1	200	200.0	23220
chr6	564	4	2	200	100.0	579
chr6	564	5	1	200	200.0	2704
chr6	565	4	2	200	100.0	551
chr6	565	5	2	200	100.0	2765
chr6	566	4	2	200	100.0	565
chr6	567	4	3	200	66.66666666666667	502
chr6	567	6	1	200	200.0	24418
chr6	568	3	1	200	200.0	437
chr6	568	4	2	200	100.0	595
chr6	568	5	3	200	66.66666666666667	2781
chr6	568	7	1	200	200.0	105881
chr6	569	3	1	200	200.0	457
chr6	569	4	2	200	100.0	567
chr6	569	5	1	200	200.0	2819
chr6	569	6	1	200	200.0	24072
chr6	570	3	1	200	200.0	399
chr6	570	4	3	200	66.66666666666667	526
chr6	570	5	2	200	100.0	2975
chr6	571	3	1	200	200.0	449
chr6	572	4	1	200	200.0	615
chr6	572	5	2	200	100.0	3123
chr6	572	6	1	200	200.0	22082
chr6	573	4	2	200	100.0	548
chr6	574	4	1	200	200.0	575
chr6	574	5	1	200	200.0	2594
chr6	574	6	1	200	200.0	22699
chr6	575	3	1	200	200.0	447
chr6	575	4	2	200	100.0	564
chr6	576	3	1	200	200.0	408
chr6	576	5	2	200	100.0	2706
chr6	577	3	1	200	200.0	429
chr6	578	4	3	200	66.66666666666667	581
chr6	578	7	1	200	200.0	102671
chr6	579	4	1	200	200.0	515
chr6	579	5	1	200	200.0	3009
chr6	580	3	2	200	100.0	402
chr6	580	4	2	200	100.0	557
chr6	580	5	1	200	200.0	3074
chr6	581	3	1	200	200.0	419
chr6	581	5	1	200	200.0	2870
chr6	582	7	1	200	200.0	112675
chr6	583	3	1	200	200.0	397
chr6	583	4	2	200	100.0	562
chr6	584	4	2	200	100.0	601
chr6	584	5	1	200	200.0	3361
chr6	585	5	1	200	200.0	3276
chr6	586	3	1	200	200.0	419
chr6	586	4	3	200	66.66666666666667	612
chr6	586	6	1	200	200.0	20706
chr6	588	3	1	200	200.0	384
chr6	588	4	1	200	200.0	564
chr6	589	3	1	200	200.0	453
chr6	589	4	2	200	100.0	604
chr6	589	5	1	200	200.0	3070
chr6	589	6	1	200	200.0	26064
chr6	590	4	1	200	200.0	581
chr6	590	5	2	200	100.0	2792
chr6	591	4	2	200	100.0	570
chr6	591	5	1	200	200.0	2759
chr6	591	7	1	200	200.0	92371
chr6	592	6	1	200	200.0	22807
chr6	593	4	3	200	66.66666666666667	544
chr6	593	5	1	200	200.0	2437
chr6	594	3	3	200	66.66666666666667	409
chr6	594	4	2	200	100.0	536
chr6	596	4	5	200	40.0	527
chr6	597	3	1	200	200.0	394
chr6	597	5	2	200	100.0	3037
chr6	598	6	1	200	200.0	22821
chr6	599	4	1	200	200.0	579
chr6	599	5	1	200	200.0	3017
chr6	600	4	2	200	100.0	510
chr6	601	3	2	200	100.0	439
chr6	601	4	4	200	50.0	630
chr6	602	3	1	200	200.0	465
chr6	602	4	1	200	200.0	576
chr6	602	6	1	200	200.0	24192
chr6	603	4	1	200	200.0	551
chr6	603	6	2	200	100.0	22800
chr6	604	3	1	200	200.0	395
chr6	604	4	3	200	66.66666666666667	597
chr6	604	5	1	200	200.0	2771
chr6	605	3	1	200	200.0	445
chr6	605	4	1	200	200.0	627
chr6	606	3	1	200	200.0	410
chr6	606	4	1	200	200.0	563
chr6	606	5	1	200	200.0	2998
chr6	607	3	1	200	200.0	410
chr6	607	4	2	200	100.0	472
chr6	607	5	3	200	66.66666666666667	3271
chr6	608	4	1	200	200.0	613
chr6	608	5	2	200	100.0	2999
chr6	609	4	2	200	100.0	584
chr6	610	5	1	200	200.0	3015
chr6	611	3	2	200	100.0	430
chr6	611	4	3	200	66.66666666666667	587
chr6	611	5	1	200	200.0	3123
chr6	613	4	3	200	66.66666666666667	645
chr6	613	5	1	200	200.0	3046
chr6	613	6	1	200	200.0	22405
chr6	614	3	1	200	200.0	424
chr6	614	4	3	200	66.66666666666667	601
chr6	614	5	1	200	200.0	3264
chr6	615	4	2	200	100.0	565
chr6	616	4	1	200	200.0	541
chr6	617	4	2	200	100.0	567
chr6	617	6	1	200	200.0	24661
chr6	618	5	3	200	66.66666666666667	2748
chr6	619	3	1	200	200.0	386
chr6	619	5	1	200	200.0	2781
chr6	620	4	1	200	200.0	579
chr6	621	4	1	200	200.0	621
chr6	621	6	1	200	200.0	21476
chr6	622	3	2	200	100.0	421
chr6	622	4	2	200	100.0	563
chr6	622	5	1	200	200.0	2968
chr6	623	5	1	200	200.0	2944
chr6	624	4	3	200	66.66666666666667	537
chr6	624	5	2	200	100.0	3168
chr6	625	4	2	200	100.0	555
chr6	625	5	1	200	200.0	2923
chr6	626	5	1	200	200.0	2754
chr6	627	3	1	200	200.0	428
chr6	627	4	3	200	66.66666666666667	540
chr6	627	5	2	200	100.0	3190
chr6	628	4	1	200	200.0	570
chr6	628	7	1	200	200.0	117164
chr6	630	6	1	200	200.0	23699
chr6	631	3	1	200	200.0	414
chr6	631	4	2	200	100.0	486
chr6	631	5	2	200	100.0	3019
chr6	632	4	1	200	200.0	537
chr6	633	3	1	200	200.0	405
chr6	633	4	4	200	50.0	538
chr6	633	5	1	200	200.0	3300
chr6	634	3	1	200	200.0	407
chr6	634	4	1	200	200.0	581
chr6	635	3	1	200	200.0	395
chr6	635	4	2	200	100.0	495
chr6	635	5	1	200	200.0	3076
chr6	635	6	1	200	200.0	21127
chr6	636	4	2	200	100.0	574
chr6	636	5	2	200	100.0	2828
chr6	637	4	1	200	200.0	605
chr6	637	5	2	200	100.0	2943
chr6	638	4	1	200	200.0	601
chr6	639	4	1	200	200.0	552
chr6	639	5	3	200	66.66666666666667	2665
chr6	640	3	1	200	200.0	431
chr6	640	5	1	200	200.0	3210
chr6	641	4	1	200	200.0	556
chr6	642	5	2	200	100.0	2780
chr6	643	5	1	200	200.0	2835
chr6	644	5	1	200	200.0	3167
chr6	644	6	2	200	100.0	24477
chr6	645	4	1	200	200.0	620
chr6	646	4	3	200	66.66666666666667	615
chr6	646	5	2	200	100.0	2909
chr6	647	4	1	200	200.0	603
chr6	647	5	1	200	200.0	2789
chr6	647	6	1	200	200.0	22979
chr6	648	4	2	200	100.0	542
chr6	648	5	1	200	200.0	3222
chr6	649	4	1	200	200.0	554
chr6	649	5	2	200	100.0	3253
chr6	650	6	1	200	200.0	24796
chr6	651	4	2	200	100.0	554
chr6	651	5	1	200	200.0	3041
chr6	652	4	1	200	200.0	568
chr6	652	5	1	200	200.0	2990
chr6	653	5	1	200	200.0	3176
chr6	654	4	3	200	66.66666666666667	532
chr6	655	4	4	200	50.0	579
chr6	656	3	1	200	200.0	423
chr6	656	4	2	200	100.0	593
chr6	656	5	2	200	100.0	2873
chr6	656	6	1	200	200.0	18829
chr6	657	3	1	200	200.0	431
chr6	657	5	5	200	40.0	3394
chr6	659	4	4	200	50.0	571
chr6	659	5	2	200	100.0	3460
chr6	660	7	1	200	200.0	110686
chr6	661	4	1	200	200.0	552
chr6	661	6	1	200	200.0	24640
chr6	662	4	1	200	200.0	554
chr6	662	5	1	200	200.0	2966
chr6	664	5	1	200	200.0	2839
chr6	665	4	4	200	50.0	543
chr6	665	5	3	200	66.66666666666667	3102
chr6	666	4	2	200	100.0	538
chr6	666	5	1	200	200.0	3140
chr6	667	4	1	200	200.0	577
chr6	668	3	1	200	200.0	412
chr6	668	5	1	200	200.0	3113
chr6	669	4	1	200	200.0	592
chr6	670	4	1	200	200.0	567
chr6	671	4	2	200	100.0	578
chr6	671	5	1	200	200.0	3223
chr6	672	4	1	200	200.0	561
chr6	672	5	2	200	100.0	2964
chr6	672	6	2	200	100.0	26959
chr6	673	4	2	200	100.0	518
chr6	674	4	3	200	66.66666666666667	590
chr6	674	5	2	200	100.0	2794
chr6	675	4	1	200	200.0	564
chr6	675	6	1	200	200.0	22359
chr6	676	4	1	200	200.0	584
chr6	676	5	1	200	200.0	3165
chr6	677	5	2	200	100.0	3271
chr6	679	3	1	200	200.0	380
chr6	679	4	1	200	200.0	579
chr6	679	5	2	200	100.0	3547
chr6	680	4	1	200	200.0	545
chr6	681	4	1	200	200.0	567
chr6	681	5	1	200	200.0	3074
chr6	682	3	1	200	200.0	398
chr6	682	5	1	200	200.0	3001
chr6	683	4	1	200	200.0	559
chr6	683	5	1	200	200.0	3360
chr6	684	4	1	200	200.0	498
chr6	684	5	3	200	66.66666666666667	3074
chr6	685	4	1	200	200.0	573
chr6	685	5	1	200	200.0	2928
chr6	686	3	1	200	200.0	430
chr6	686	5	2	200	100.0	2980
chr6	687	4	1	200	200.0	604
chr6	688	4	1	200	200.0	580
chr6	688	5	2	200	100.0	3180
chr6	689	4	2	200	100.0	575
chr6	690	3	1	200	200.0	410
chr6	690	6	2	200	100.0	25364
chr6	691	4	1	200	200.0	581
chr6	692	4	1	200	200.0	549
chr6	693	4	3	200	66.66666666666667	524
chr6	693	6	1	200	200.0	23826
chr6	694	3	1	200	200.0	421
chr6	694	4	1	200	200.0	557
chr6	694	5	1	200	200.0	3437
chr6	695	5	6	200	33.333333333333336	3008
chr6	696	4	2	200	100.0	576
chr6	697	5	1	200	200.0	3212
chr6	698	4	4	200	50.0	542
chr6	699	5	2	200	100.0	3153
chr6	699	7	1	200	200.0	115604
chr6	700	3	2	200	100.0	357
chr6	700	5	2	200	100.0	2702
chr6	701	5	1	200	200.0	3492
chr6	702	4	2	200	100.0	546
chr6	702	5	1	200	200.0	3339
chr6	703	4	1	200	200.0	547
chr6	703	6	1	200	200.0	23247
chr6	704	4	3	200	66.66666666666667	583
chr6	704	6	1	200	200.0	26109
chr6	705	4	1	200	200.0	529
chr6	705	6	1	200	200.0	22664
chr6	706	4	4	200	50.0	611
chr6	708	5	4	200	50.0	2873
chr6	710	4	1	200	200.0	558
chr6	712	4	1	200	200.0	527
chr6	712	6	2	200	100.0	27966
chr6	713	5	1	200	200.0	2918
chr6	714	3	1	200	200.0	405
chr6	714	5	1	200	200.0	3684
chr6	715	3	1	200	200.0	401
chr6	715	4	1	200	200.0	582
chr6	716	5	1	200	200.0	3094
chr6	717	5	1	200	200.0	3565
chr6	718	3	1	200	200.0	399
chr6	718	4	3	200	66.66666666666667	563
chr6	719	4	1	200	200.0	535
chr6	720	6	1	200	200.0	23253
chr6	721	4	1	200	200.0	574
chr6	721	6	1	200	200.0	24368
chr6	722	4	2	200	100.0	559
chr6	723	3	1	200	200.0	417
chr6	723	4	1	200	200.0	520
chr6	723	5	1	200	200.0	2913
chr6	724	5	1	200	200.0	3150
chr6	725	5	1	200	200.0	2848
chr6	726	4	2	200	100.0	599
chr6	727	4	1	200	200.0	513
chr6	728	4	1	200	200.0	583
chr6	729	4	2	200	100.0	514
chr6	729	5	2	200	100.0	3221
chr6	730	5	1	200	200.0	3116
chr6	731	4	1	200	200.0	534
chr6	731	5	1	200	200.0	3349
chr6	732	4	1	200	200.0	563
chr6	732	6	1	200	200.0	25960
chr6	733	4	1	200	200.0	514
chr6	733	5	2	200	100.0	3121
chr6	734	3	1	200	200.0	412
chr6	734	5	1	200	200.0	3060
chr6	736	4	1	200	200.0	570
chr6	736	6	1	200	200.0	26767
chr6	737	6	1	200	200.0	22038
chr6	739	4	1	200	200.0	520
chr6	739	5	2	200	100.0	2980
chr6	740	4	1	200	200.0	551
chr6	740	5	1	200	200.0	3059
chr6	740	6	1	200	200.0	23769
chr6	741	4	2	200	100.0	666
chr6	741	5	1	200	200.0	3509
chr6	742	4	1	200	200.0	518
chr6	742	5	1	200	200.0	3247
chr6	745	4	2	200	100.0	567
chr6	745	5	2	200	100.0	2890
chr6	746	5	1	200	200.0	2948
chr6	747	4	1	200	200.0	538
chr6	747	5	2	200	100.0	3187
chr6	748	4	1	200	200.0	603
chr6	749	6	1	200	200.0	24329
chr6	751	5	1	200	200.0	3601
chr6	752	4	1	200	200.0	484
chr6	752	5	1	200	200.0	3242
chr6	753	4	2	200	100.0	595
chr6	755	4	1	200	200.0	573
chr6	755	5	1	200	200.0	3241
chr6	756	5	2	200	100.0	2952
chr6	757	3	1	200	200.0	390
chr6	757	4	2	200	100.0	577
chr6	758	5	1	200	200.0	3405
chr6	759	5	1	200	200.0	3601
chr6	761	4	1	200	200.0	585
chr6	762	5	1	200	200.0	3469
chr6	763	4	2	200	100.0	534
chr6	764	5	1	200	200.0	2833
chr6	764	6	1	200	200.0	25633
chr6	765	4	2	200	100.0	626
chr6	765	7	1	200	200.0	138415
chr6	766	6	1	200	200.0	27983
chr6	767	3	1	200	200.0	444
chr6	767	5	2	200	100.0	3123
chr6	767	6	1	200	200.0	21934
chr6	769	4	1	200	200.0	541
chr6	769	5	2	200	100.0	3332
chr6	770	4	1	200	200.0	537
chr6	770	5	1	200	200.0	3444
chr6	773	4	1	200	200.0	578
chr6	773	5	1	200	200.0	3314
chr6	776	6	2	200	100.0	25299
chr6	778	5	1	200	200.0	3236
chr6	780	6	1	200	200.0	26533
chr6	782	4	1	200	200.0	533
chr6	782	5	1	200	200.0	3831
chr6	783	5	1	200	200.0	3414
chr6	784	4	2	200	100.0	611
chr6	785	6	1	200	200.0	24495
chr6	787	4	1	200	200.0	559
chr6	792	3	1	200	200.0	406
chr6	792	5	1	200	200.0	3398
chr6	793	5	1	200	200.0	3340
chr6	796	5	1	200	200.0	3243
chr6	797	5	1	200	200.0	3007
chr6	797	6	1	200	200.0	29213
chr6	798	5	1	200	200.0	3405
chr6	799	5	2	200	100.0	3438
chr6	801	4	2	200	100.0	564
chr6	802	5	1	200	200.0	3155
chr6	803	6	1	200	200.0	26435
chr6	805	5	2	200	100.0	3449
chr6	806	5	1	200	200.0	3163
chr6	808	4	1	200	200.0	532
chr6	812	4	1	200	200.0	541
chr6	813	5	1	200	200.0	3447
chr6	815	5	1	200	200.0	2912
chr6	815	6	1	200	200.0	23987
chr6	816	4	1	200	200.0	574
chr6	817	4	1	200	200.0	618
chr6	817	5	1	200	200.0	3202
chr6	818	4	2	200	100.0	464
chr6	818	5	1	200	200.0	3402
chr6	824	4	1	200	200.0	540
chr6	824	5	1	200	200.0	3587
chr6	824	6	1	200	200.0	25758
chr6	825	5	1	200	200.0	3714
chr6	826	5	2	200	100.0	3161
chr6	826	6	1	200	200.0	26512
chr6	828	5	1	200	200.0	3250
chr6	828	6	1	200	200.0	25572
chr6	829	4	1	200	200.0	564
chr6	832	4	1	200	200.0	543
chr6	832	5	1	200	200.0	3171
chr6	833	5	2	200	100.0	3492
chr6	834	6	1	200	200.0	26340
chr6	836	4	1	200	200.0	593
chr6	837	5	1	200	200.0	3509
chr6	839	7	1	200	200.0	132062
chr6	842	5	1	200	200.0	3453
chr6	843	4	1	200	200.0	540
chr6	844	5	1	200	200.0	3219
chr6	845	5	1	200	200.0	3382
chr6	851	5	1	200	200.0	3374
chr6	852	4	1	200	200.0	506
chr6	852	5	1	200	200.0	3465
chr6	858	6	1	200	200.0	24654
chr6	859	4	1	200	200.0	513
chr6	864	5	1	200	200.0	3609
chr6	865	5	1	200	200.0	3567
chr6	866	4	1	200	200.0	565
chr6	866	5	1	200	200.0	3511
chr6	873	6	1	200	200.0	26378
chr6	875	6	1	200	200.0	24520
chr6	876	6	1	200	200.0	29790
chr6	878	5	3	200	66.66666666666667	3090
chr6	879	5	1	200	200.0	3526
chr6	880	4	1	200	200.0	568
chr6	886	4	1	200	200.0	554
chr6	886	5	1	200	200.0	3388
chr6	889	5	1	200	200.0	3253
chr6	891	6	1	200	200.0	30235
chr6	893	5	1	200	200.0	3477
chr6	899	4	2	200	100.0	566
chr6	904	5	1	200	200.0	3613
chr6	906	5	2	200	100.0	3276
chr6	909	5	1	200	200.0	3355
chr6	915	5	1	200	200.0	3330
chr6	917	5	1	200	200.0	3296
chr6	919	5	1	200	200.0	3280
chr6	932	6	1	200	200.0	27480
chr6	933	5	1	200	200.0	3420
chr6	939	5	1	200	200.0	3498
chr6	941	6	1	200	200.0	24263
chr6	946	5	1	200	200.0	3416
chr6	951	7	1	200	200.0	147511
chr6	967	4	1	200	200.0	527
chr6	978	6	1	200	200.0	28125
chr6	983	6	1	200	200.0	29940
chr6	985	4	1	200	200.0	551
chr6	993	6	1	200	200.0	28055
chr6	1003	5	1	200	200.0	3299
chr6	1005	4	1	200	200.0	540
chr6	1008	4	1	200	200.0	599
chr6	1019	5	1	200	200.0	3511
chr6	1023	5	1	200	200.0	3621
chr6	1024	5	1	200	200.0	3457
chr6	1036	5	1	200	200.0	3566
chr6	1042	4	1	200	200.0	529
chr6	1046	4	1	200	200.0	573
chr6	1051	6	1	200	200.0	30393
chr6	1073	4	1	200	200.0	557
chr6	1101	3	1	200	200.0	390
chr6	1101	5	1	200	200.0	3459
chr6	1120	4	1	200	200.0	496
chr6	1123	5	1	200	200.0	3262
chr6	1128	5	1	200	200.0	3218
chr6	1134	6	1	200	200.0	32585
chr6	1146	6	1	200	200.0	29263
chr6	1173	5	1	200	200.0	3924
chr6	1279	6	1	200	200.0	33328
chr6	1338	5	1	200	200.0	3766
chr6	1778	6	1	200	200.0	36824
chr7	237	5	1	200	200.0	1461
chr7	260	3	2	200	100.0	544
chr7	267	3	1	200	200.0	494
chr7	271	5	1	200	200.0	1631
chr7	282	4	1	200	200.0	578
chr7	283	4	2	200	100.0	597
chr7	284	4	1	200	200.0	685
chr7	287	3	1	200	200.0	553
chr7	287	4	1	200	200.0	608
chr7	288	3	1	200	200.0	510
chr7	294	4	1	200	200.0	645
chr7	296	4	1	200	200.0	625
chr7	297	4	1	200	200.0	590
chr7	298	5	1	200	200.0	1619
chr7	299	4	2	200	100.0	688
chr7	301	4	1	200	200.0	641
chr7	302	3	1	200	200.0	538
chr7	302	4	1	200	200.0	597
chr7	302	5	2	200	100.0	1612
chr7	303	4	1	200	200.0	640
chr7	305	5	1	200	200.0	1536
chr7	308	4	1	200	200.0	605
chr7	309	4	1	200	200.0	601
chr7	310	4	3	200	66.66666666666667	617
chr7	310	5	1	200	200.0	1517
chr7	313	4	3	200	66.66666666666667	559
chr7	314	3	1	200	200.0	522
chr7	314	4	1	200	200.0	606
chr7	315	3	2	200	100.0	470
chr7	317	3	1	200	200.0	511
chr7	317	4	1	200	200.0	537
chr7	318	5	1	200	200.0	1568
chr7	319	4	1	200	200.0	616
chr7	320	4	1	200	200.0	544
chr7	321	3	1	200	200.0	489
chr7	322	4	1	200	200.0	637
chr7	322	6	1	200	200.0	9052
chr7	324	2	1	200	200.0	2337
chr7	324	4	1	200	200.0	535
chr7	326	4	1	200	200.0	610
chr7	327	4	3	200	66.66666666666667	569
chr7	327	7	1	200	200.0	60515
chr7	328	3	1	200	200.0	539
chr7	328	4	5	200	40.0	659
chr7	329	4	1	200	200.0	558
chr7	330	4	1	200	200.0	557
chr7	331	3	1	200	200.0	545
chr7	331	5	1	200	200.0	1609
chr7	332	4	1	200	200.0	609
chr7	334	3	2	200	100.0	500
chr7	334	4	1	200	200.0	624
chr7	336	4	2	200	100.0	570
chr7	337	3	1	200	200.0	533
chr7	338	4	1	200	200.0	587
chr7	339	3	1	200	200.0	487
chr7	339	6	1	200	200.0	9082
chr7	340	4	1	200	200.0	681
chr7	340	5	1	200	200.0	1619
chr7	341	4	2	200	100.0	580
chr7	341	5	1	200	200.0	1542
chr7	342	3	1	200	200.0	482
chr7	342	4	3	200	66.66666666666667	554
chr7	343	3	2	200	100.0	527
chr7	343	4	1	200	200.0	651
chr7	343	6	1	200	200.0	8878
chr7	345	4	2	200	100.0	558
chr7	345	5	1	200	200.0	1433
chr7	346	3	1	200	200.0	518
chr7	346	4	2	200	100.0	630
chr7	346	5	1	200	200.0	1741
chr7	347	3	1	200	200.0	497
chr7	347	5	1	200	200.0	1741
chr7	347	7	1	200	200.0	58666
chr7	348	3	1	200	200.0	455
chr7	348	5	1	200	200.0	1783
chr7	349	3	1	200	200.0	470
chr7	349	5	2	200	100.0	1790
chr7	350	5	1	200	200.0	1540
chr7	350	7	1	200	200.0	62234
chr7	351	4	1	200	200.0	584
chr7	352	3	2	200	100.0	519
chr7	352	4	1	200	200.0	599
chr7	353	4	1	200	200.0	571
chr7	353	6	1	200	200.0	8960
chr7	354	3	1	200	200.0	490
chr7	354	4	1	200	200.0	569
chr7	354	6	1	200	200.0	9395
chr7	355	3	1	200	200.0	513
chr7	355	4	1	200	200.0	576
chr7	355	5	2	200	100.0	1687
chr7	356	3	1	200	200.0	456
chr7	356	4	1	200	200.0	542
chr7	357	3	1	200	200.0	535
chr7	357	4	3	200	66.66666666666667	610
chr7	357	5	1	200	200.0	1825
chr7	358	3	5	200	40.0	489
chr7	358	4	1	200	200.0	576
chr7	358	5	5	200	40.0	1721
chr7	359	4	4	200	50.0	573
chr7	359	5	1	200	200.0	1792
chr7	359	7	1	200	200.0	55320
chr7	360	3	1	200	200.0	514
chr7	360	4	2	200	100.0	558
chr7	361	7	1	200	200.0	60135
chr7	362	3	1	200	200.0	543
chr7	362	4	2	200	100.0	616
chr7	362	5	1	200	200.0	1683
chr7	363	3	1	200	200.0	469
chr7	363	4	2	200	100.0	612
chr7	364	6	2	200	100.0	9397
chr7	365	3	1	200	200.0	536
chr7	365	4	2	200	100.0	524
chr7	365	5	1	200	200.0	1925
chr7	365	6	1	200	200.0	9744
chr7	366	3	2	200	100.0	439
chr7	366	4	2	200	100.0	577
chr7	366	7	1	200	200.0	61590
chr7	367	2	1	200	200.0	2421
chr7	367	3	2	200	100.0	507
chr7	367	4	1	200	200.0	541
chr7	368	3	1	200	200.0	491
chr7	368	5	1	200	200.0	1736
chr7	368	6	1	200	200.0	9196
chr7	369	3	1	200	200.0	489
chr7	369	5	1	200	200.0	1688
chr7	370	3	1	200	200.0	490
chr7	370	5	3	200	66.66666666666667	1876
chr7	371	4	3	200	66.66666666666667	584
chr7	371	5	1	200	200.0	1866
chr7	372	3	2	200	100.0	475
chr7	372	4	1	200	200.0	579
chr7	372	5	1	200	200.0	1682
chr7	373	3	1	200	200.0	442
chr7	373	4	1	200	200.0	572
chr7	373	5	1	200	200.0	1985
chr7	373	6	1	200	200.0	9242
chr7	374	2	1	200	200.0	2676
chr7	374	4	2	200	100.0	546
chr7	375	4	1	200	200.0	573
chr7	376	3	1	200	200.0	481
chr7	376	4	1	200	200.0	560
chr7	377	3	2	200	100.0	499
chr7	377	4	1	200	200.0	616
chr7	377	5	1	200	200.0	1806
chr7	378	4	1	200	200.0	572
chr7	379	6	1	200	200.0	10003
chr7	380	4	1	200	200.0	551
chr7	380	5	1	200	200.0	1868
chr7	382	3	1	200	200.0	478
chr7	382	4	3	200	66.66666666666667	556
chr7	382	5	2	200	100.0	1764
chr7	382	7	1	200	200.0	54162
chr7	383	3	1	200	200.0	459
chr7	383	4	2	200	100.0	618
chr7	383	5	2	200	100.0	1931
chr7	385	4	1	200	200.0	501
chr7	385	5	1	200	200.0	1663
chr7	386	3	3	200	66.66666666666667	481
chr7	386	4	3	200	66.66666666666667	526
chr7	386	5	1	200	200.0	1667
chr7	386	8	1	200	200.0	553301
chr7	387	4	2	200	100.0	614
chr7	387	6	1	200	200.0	8072
chr7	388	3	2	200	100.0	527
chr7	388	4	3	200	66.66666666666667	597
chr7	388	5	1	200	200.0	1681
chr7	389	2	1	200	200.0	2154
chr7	389	4	3	200	66.66666666666667	619
chr7	389	5	1	200	200.0	1773
chr7	390	3	2	200	100.0	485
chr7	390	4	2	200	100.0	524
chr7	390	5	1	200	200.0	1751
chr7	390	6	1	200	200.0	10477
chr7	391	3	2	200	100.0	479
chr7	391	4	2	200	100.0	589
chr7	392	2	1	200	200.0	2462
chr7	392	4	2	200	100.0	588
chr7	393	3	4	200	50.0	498
chr7	393	4	2	200	100.0	600
chr7	393	5	1	200	200.0	2017
chr7	394	3	3	200	66.66666666666667	547
chr7	394	4	5	200	40.0	551
chr7	395	3	2	200	100.0	507
chr7	395	4	3	200	66.66666666666667	570
chr7	395	5	2	200	100.0	1919
chr7	396	3	1	200	200.0	500
chr7	396	4	2	200	100.0	616
chr7	396	5	1	200	200.0	1886
chr7	396	7	2	200	100.0	61735
chr7	397	3	1	200	200.0	530
chr7	397	4	3	200	66.66666666666667	584
chr7	397	5	1	200	200.0	1736
chr7	397	7	1	200	200.0	64311
chr7	398	4	1	200	200.0	658
chr7	398	5	1	200	200.0	1780
chr7	399	3	2	200	100.0	483
chr7	399	4	2	200	100.0	537
chr7	400	4	2	200	100.0	552
chr7	400	5	1	200	200.0	1792
chr7	401	3	1	200	200.0	478
chr7	401	4	2	200	100.0	581
chr7	401	5	1	200	200.0	1907
chr7	402	3	1	200	200.0	473
chr7	402	4	2	200	100.0	622
chr7	402	5	3	200	66.66666666666667	1953
chr7	402	6	1	200	200.0	10091
chr7	403	3	4	200	50.0	498
chr7	403	4	3	200	66.66666666666667	632
chr7	403	5	2	200	100.0	1846
chr7	403	6	1	200	200.0	9823
chr7	404	3	3	200	66.66666666666667	493
chr7	404	4	1	200	200.0	580
chr7	404	5	4	200	50.0	1843
chr7	404	6	1	200	200.0	9547
chr7	405	3	2	200	100.0	553
chr7	405	4	2	200	100.0	559
chr7	405	5	2	200	100.0	1796
chr7	406	4	1	200	200.0	589
chr7	407	3	3	200	66.66666666666667	519
chr7	407	5	2	200	100.0	1973
chr7	408	4	2	200	100.0	603
chr7	408	5	2	200	100.0	1896
chr7	409	3	1	200	200.0	494
chr7	409	4	2	200	100.0	579
chr7	409	5	1	200	200.0	1762
chr7	410	3	1	200	200.0	476
chr7	410	6	1	200	200.0	9167
chr7	410	7	1	200	200.0	65278
chr7	411	3	1	200	200.0	458
chr7	411	4	6	200	33.333333333333336	573
chr7	411	5	1	200	200.0	1870
chr7	412	3	1	200	200.0	519
chr7	412	4	2	200	100.0	588
chr7	412	5	2	200	100.0	1767
chr7	412	6	2	200	100.0	9562
chr7	413	3	2	200	100.0	477
chr7	413	4	1	200	200.0	630
chr7	413	5	1	200	200.0	2114
chr7	413	6	1	200	200.0	9746
chr7	414	3	3	200	66.66666666666667	482
chr7	414	4	3	200	66.66666666666667	588
chr7	414	5	1	200	200.0	1860
chr7	415	4	4	200	50.0	492
chr7	415	7	1	200	200.0	59746
chr7	416	3	2	200	100.0	467
chr7	416	4	4	200	50.0	592
chr7	416	5	1	200	200.0	1975
chr7	416	6	1	200	200.0	9733
chr7	417	3	1	200	200.0	452
chr7	417	4	3	200	66.66666666666667	639
chr7	417	5	1	200	200.0	1769
chr7	418	3	2	200	100.0	457
chr7	418	4	4	200	50.0	562
chr7	418	5	1	200	200.0	1880
chr7	418	6	2	200	100.0	9065
chr7	419	3	4	200	50.0	485
chr7	419	4	1	200	200.0	533
chr7	419	5	2	200	100.0	1886
chr7	419	6	2	200	100.0	9750
chr7	420	3	1	200	200.0	483
chr7	420	5	2	200	100.0	1865
chr7	421	3	2	200	100.0	515
chr7	421	4	2	200	100.0	542
chr7	421	5	1	200	200.0	1896
chr7	422	4	1	200	200.0	566
chr7	423	2	1	200	200.0	2531
chr7	423	3	1	200	200.0	446
chr7	423	5	3	200	66.66666666666667	2088
chr7	424	3	2	200	100.0	512
chr7	424	4	2	200	100.0	562
chr7	424	5	2	200	100.0	1915
chr7	424	7	1	200	200.0	63543
chr7	425	3	3	200	66.66666666666667	516
chr7	425	4	3	200	66.66666666666667	585
chr7	425	5	1	200	200.0	1770
chr7	426	3	1	200	200.0	457
chr7	426	4	2	200	100.0	601
chr7	426	5	2	200	100.0	1726
chr7	427	3	3	200	66.66666666666667	495
chr7	427	4	6	200	33.333333333333336	609
chr7	427	7	1	200	200.0	59832
chr7	428	3	1	200	200.0	474
chr7	428	4	1	200	200.0	584
chr7	428	6	1	200	200.0	8851
chr7	429	4	3	200	66.66666666666667	556
chr7	429	5	1	200	200.0	2032
chr7	429	6	1	200	200.0	9330
chr7	430	2	1	200	200.0	2444
chr7	430	3	4	200	50.0	482
chr7	430	4	1	200	200.0	605
chr7	430	5	1	200	200.0	1827
chr7	430	6	2	200	100.0	10239
chr7	431	2	1	200	200.0	2699
chr7	431	3	1	200	200.0	516
chr7	431	5	2	200	100.0	1921
chr7	431	6	1	200	200.0	10667
chr7	432	3	1	200	200.0	557
chr7	432	4	1	200	200.0	518
chr7	432	5	3	200	66.66666666666667	1803
chr7	432	6	1	200	200.0	9262
chr7	433	3	3	200	66.66666666666667	468
chr7	433	4	3	200	66.66666666666667	539
chr7	433	6	1	200	200.0	9258
chr7	434	3	2	200	100.0	452
chr7	434	4	2	200	100.0	614
chr7	434	5	2	200	100.0	1653
chr7	434	7	1	200	200.0	58624
chr7	435	3	3	200	66.66666666666667	487
chr7	436	3	1	200	200.0	455
chr7	436	4	2	200	100.0	565
chr7	437	3	2	200	100.0	494
chr7	437	4	5	200	40.0	535
chr7	437	5	2	200	100.0	2128
chr7	437	6	1	200	200.0	8998
chr7	438	3	2	200	100.0	506
chr7	438	4	1	200	200.0	538
chr7	438	5	3	200	66.66666666666667	1653
chr7	438	6	1	200	200.0	9859
chr7	439	4	4	200	50.0	557
chr7	439	6	1	200	200.0	11098
chr7	440	3	2	200	100.0	516
chr7	440	4	4	200	50.0	551
chr7	440	7	1	200	200.0	65686
chr7	441	3	2	200	100.0	468
chr7	441	5	1	200	200.0	2028
chr7	442	3	1	200	200.0	506
chr7	442	4	2	200	100.0	553
chr7	443	3	1	200	200.0	447
chr7	443	4	1	200	200.0	583
chr7	443	5	1	200	200.0	1952
chr7	443	6	1	200	200.0	9913
chr7	444	3	2	200	100.0	475
chr7	444	4	4	200	50.0	625
chr7	444	6	1	200	200.0	9409
chr7	445	3	2	200	100.0	515
chr7	445	4	3	200	66.66666666666667	552
chr7	445	5	1	200	200.0	1862
chr7	445	6	1	200	200.0	8801
chr7	446	3	1	200	200.0	472
chr7	446	4	2	200	100.0	576
chr7	446	5	1	200	200.0	2045
chr7	447	3	1	200	200.0	467
chr7	447	4	2	200	100.0	603
chr7	447	5	2	200	100.0	1826
chr7	448	3	1	200	200.0	454
chr7	448	6	2	200	100.0	10552
chr7	449	3	1	200	200.0	501
chr7	449	4	5	200	40.0	575
chr7	450	3	1	200	200.0	452
chr7	450	4	1	200	200.0	556
chr7	450	5	2	200	100.0	1725
chr7	450	6	1	200	200.0	9456
chr7	451	3	2	200	100.0	524
chr7	451	4	1	200	200.0	590
chr7	451	5	2	200	100.0	2110
chr7	451	7	1	200	200.0	58153
chr7	452	3	1	200	200.0	495
chr7	452	4	5	200	40.0	527
chr7	453	4	4	200	50.0	595
chr7	454	3	3	200	66.66666666666667	505
chr7	454	4	2	200	100.0	567
chr7	454	5	1	200	200.0	1895
chr7	454	6	1	200	200.0	10559
chr7	455	3	1	200	200.0	496
chr7	455	4	5	200	40.0	603
chr7	455	5	3	200	66.66666666666667	1896
chr7	455	6	1	200	200.0	11369
chr7	456	4	5	200	40.0	551
chr7	456	6	1	200	200.0	10961
chr7	456	7	1	200	200.0	63385
chr7	457	3	2	200	100.0	557
chr7	457	4	1	200	200.0	567
chr7	458	3	2	200	100.0	464
chr7	458	4	4	200	50.0	579
chr7	458	5	2	200	100.0	2188
chr7	459	3	2	200	100.0	518
chr7	459	4	1	200	200.0	588
chr7	459	5	1	200	200.0	1869
chr7	459	6	1	200	200.0	9822
chr7	460	3	1	200	200.0	442
chr7	460	4	3	200	66.66666666666667	634
chr7	460	6	1	200	200.0	10835
chr7	461	3	2	200	100.0	451
chr7	461	4	2	200	100.0	582
chr7	461	6	1	200	200.0	9659
chr7	462	3	1	200	200.0	463
chr7	462	4	3	200	66.66666666666667	586
chr7	462	5	1	200	200.0	1865
chr7	463	3	1	200	200.0	465
chr7	463	4	5	200	40.0	556
chr7	463	5	2	200	100.0	1924
chr7	464	3	1	200	200.0	489
chr7	464	4	2	200	100.0	554
chr7	464	5	1	200	200.0	1936
chr7	465	3	2	200	100.0	503
chr7	466	3	2	200	100.0	485
chr7	466	4	3	200	66.66666666666667	596
chr7	467	3	2	200	100.0	496
chr7	467	4	1	200	200.0	512
chr7	467	5	3	200	66.66666666666667	1971
chr7	468	3	2	200	100.0	504
chr7	468	4	2	200	100.0	613
chr7	468	5	4	200	50.0	1989
chr7	469	3	3	200	66.66666666666667	491
chr7	469	4	1	200	200.0	546
chr7	469	5	2	200	100.0	1935
chr7	469	6	2	200	100.0	10173
chr7	470	3	2	200	100.0	480
chr7	470	4	2	200	100.0	513
chr7	470	5	3	200	66.66666666666667	1997
chr7	471	3	2	200	100.0	487
chr7	471	4	3	200	66.66666666666667	578
chr7	471	6	2	200	100.0	9838
chr7	472	3	2	200	100.0	482
chr7	472	4	2	200	100.0	553
chr7	472	5	2	200	100.0	1929
chr7	472	6	1	200	200.0	9520
chr7	473	4	4	200	50.0	653
chr7	473	5	2	200	100.0	2023
chr7	473	6	1	200	200.0	9742
chr7	474	3	2	200	100.0	507
chr7	474	4	3	200	66.66666666666667	573
chr7	474	5	1	200	200.0	1908
chr7	474	6	1	200	200.0	9723
chr7	475	4	1	200	200.0	562
chr7	475	5	1	200	200.0	1750
chr7	475	6	1	200	200.0	10355
chr7	476	3	4	200	50.0	453
chr7	476	4	5	200	40.0	495
chr7	476	5	1	200	200.0	1744
chr7	477	3	1	200	200.0	489
chr7	477	4	3	200	66.66666666666667	542
chr7	477	5	1	200	200.0	1994
chr7	477	7	2	200	100.0	66387
chr7	478	4	4	200	50.0	593
chr7	478	6	1	200	200.0	9547
chr7	478	7	1	200	200.0	69236
chr7	479	3	2	200	100.0	475
chr7	479	4	5	200	40.0	568
chr7	479	5	2	200	100.0	1904
chr7	480	3	1	200	200.0	459
chr7	480	5	1	200	200.0	1869
chr7	481	3	2	200	100.0	483
chr7	481	4	5	200	40.0	627
chr7	481	5	1	200	200.0	2244
chr7	482	3	1	200	200.0	509
chr7	482	4	3	200	66.66666666666667	573
chr7	482	5	1	200	200.0	1866
chr7	482	6	1	200	200.0	11622
chr7	483	4	2	200	100.0	555
chr7	483	5	2	200	100.0	2027
chr7	483	6	1	200	200.0	9885
chr7	484	3	2	200	100.0	467
chr7	484	4	2	200	100.0	571
chr7	485	3	1	200	200.0	472
chr7	485	4	1	200	200.0	569
chr7	485	6	4	200	50.0	9625
chr7	486	4	2	200	100.0	585
chr7	486	5	1	200	200.0	1782
chr7	486	6	1	200	200.0	10180
chr7	486	7	1	200	200.0	68307
chr7	487	3	1	200	200.0	508
chr7	487	4	1	200	200.0	615
chr7	487	5	2	200	100.0	1910
chr7	488	3	2	200	100.0	455
chr7	488	4	1	200	200.0	603
chr7	488	5	2	200	100.0	1899
chr7	489	4	2	200	100.0	502
chr7	490	3	2	200	100.0	482
chr7	490	4	4	200	50.0	589
chr7	490	5	2	200	100.0	1708
chr7	491	3	1	200	200.0	493
chr7	491	4	1	200	200.0	552
chr7	491	6	1	200	200.0	9793
chr7	492	3	1	200	200.0	442
chr7	492	4	1	200	200.0	515
chr7	492	5	2	200	100.0	1885
chr7	493	4	6	200	33.333333333333336	514
chr7	493	6	1	200	200.0	10818
chr7	493	7	1	200	200.0	66272
chr7	494	3	1	200	200.0	469
chr7	494	4	1	200	200.0	537
chr7	494	5	3	200	66.66666666666667	1822
chr7	495	3	2	200	100.0	474
chr7	496	4	2	200	100.0	594
chr7	496	5	1	200	200.0	1981
chr7	497	3	1	200	200.0	481
chr7	497	4	2	200	100.0	605
chr7	498	4	2	200	100.0	568
chr7	498	5	2	200	100.0	2072
chr7	499	4	3	200	66.66666666666667	564
chr7	499	5	3	200	66.66666666666667	1976
chr7	499	7	1	200	200.0	72456
chr7	500	5	1	200	200.0	2184
chr7	501	3	1	200	200.0	455
chr7	501	4	1	200	200.0	587
chr7	501	5	4	200	50.0	1917
chr7	502	3	1	200	200.0	489
chr7	502	4	3	200	66.66666666666667	517
chr7	502	5	1	200	200.0	1880
chr7	502	6	1	200	200.0	11509
chr7	504	4	1	200	200.0	577
chr7	504	5	1	200	200.0	2148
chr7	504	6	1	200	200.0	10496
chr7	505	4	4	200	50.0	573
chr7	505	5	1	200	200.0	2083
chr7	505	6	1	200	200.0	10494
chr7	506	3	1	200	200.0	467
chr7	506	4	2	200	100.0	523
chr7	506	5	2	200	100.0	2018
chr7	507	3	1	200	200.0	467
chr7	507	4	3	200	66.66666666666667	622
chr7	507	5	1	200	200.0	1830
chr7	508	3	1	200	200.0	440
chr7	508	4	1	200	200.0	562
chr7	509	3	2	200	100.0	472
chr7	509	4	3	200	66.66666666666667	535
chr7	509	6	1	200	200.0	10945
chr7	510	3	1	200	200.0	485
chr7	511	3	1	200	200.0	504
chr7	511	4	1	200	200.0	585
chr7	511	5	1	200	200.0	1924
chr7	511	6	1	200	200.0	9736
chr7	512	3	1	200	200.0	476
chr7	512	5	1	200	200.0	1803
chr7	512	6	1	200	200.0	8410
chr7	512	7	1	200	200.0	70997
chr7	513	3	1	200	200.0	437
chr7	513	4	2	200	100.0	620
chr7	513	5	1	200	200.0	1957
chr7	514	3	1	200	200.0	477
chr7	514	4	2	200	100.0	564
chr7	514	5	4	200	50.0	2138
chr7	514	6	1	200	200.0	10715
chr7	515	4	1	200	200.0	540
chr7	515	6	1	200	200.0	10346
chr7	516	3	1	200	200.0	469
chr7	516	4	4	200	50.0	556
chr7	517	3	1	200	200.0	480
chr7	517	4	2	200	100.0	565
chr7	517	5	1	200	200.0	1972
chr7	518	4	1	200	200.0	590
chr7	518	5	2	200	100.0	2131
chr7	518	6	2	200	100.0	10070
chr7	518	7	1	200	200.0	65609
chr7	519	3	1	200	200.0	446
chr7	519	4	1	200	200.0	539
chr7	519	6	1	200	200.0	10651
chr7	520	4	2	200	100.0	529
chr7	521	4	2	200	100.0	521
chr7	521	5	2	200	100.0	2110
chr7	521	6	1	200	200.0	8867
chr7	522	3	1	200	200.0	439
chr7	522	4	4	200	50.0	509
chr7	523	3	2	200	100.0	469
chr7	523	4	1	200	200.0	557
chr7	523	5	4	200	50.0	1882
chr7	524	3	2	200	100.0	465
chr7	524	4	1	200	200.0	537
chr7	525	4	2	200	100.0	555
chr7	528	4	2	200	100.0	570
chr7	528	5	1	200	200.0	1828
chr7	529	3	1	200	200.0	456
chr7	529	4	2	200	100.0	498
chr7	529	5	2	200	100.0	2071
chr7	530	4	2	200	100.0	596
chr7	530	5	2	200	100.0	2066
chr7	531	4	1	200	200.0	602
chr7	531	5	1	200	200.0	1796
chr7	532	3	2	200	100.0	484
chr7	532	5	2	200	100.0	1883
chr7	532	6	1	200	200.0	8760
chr7	533	6	1	200	200.0	9537
chr7	534	5	2	200	100.0	1996
chr7	535	4	2	200	100.0	562
chr7	535	5	4	200	50.0	1822
chr7	536	3	1	200	200.0	457
chr7	536	5	2	200	100.0	1857
chr7	537	4	2	200	100.0	497
chr7	537	5	1	200	200.0	2139
chr7	538	4	2	200	100.0	515
chr7	538	5	2	200	100.0	1981
chr7	539	4	1	200	200.0	552
chr7	539	6	2	200	100.0	11825
chr7	540	5	1	200	200.0	1984
chr7	540	6	1	200	200.0	10661
chr7	541	3	1	200	200.0	457
chr7	541	4	2	200	100.0	606
chr7	541	5	2	200	100.0	2057
chr7	542	4	2	200	100.0	557
chr7	543	3	1	200	200.0	485
chr7	543	4	1	200	200.0	562
chr7	544	6	1	200	200.0	9075
chr7	545	3	1	200	200.0	518
chr7	545	4	4	200	50.0	573
chr7	546	3	1	200	200.0	434
chr7	546	4	2	200	100.0	595
chr7	546	5	1	200	200.0	2074
chr7	547	4	1	200	200.0	608
chr7	547	5	4	200	50.0	1963
chr7	547	6	2	200	100.0	10752
chr7	548	4	2	200	100.0	526
chr7	548	5	1	200	200.0	2017
chr7	549	3	2	200	100.0	476
chr7	549	4	2	200	100.0	585
chr7	550	4	2	200	100.0	574
chr7	551	3	1	200	200.0	466
chr7	551	4	1	200	200.0	541
chr7	551	5	1	200	200.0	2053
chr7	552	3	2	200	100.0	449
chr7	552	4	2	200	100.0	578
chr7	552	5	1	200	200.0	1896
chr7	552	6	1	200	200.0	11561
chr7	553	3	1	200	200.0	452
chr7	553	4	1	200	200.0	559
chr7	553	5	1	200	200.0	2122
chr7	554	4	3	200	66.66666666666667	544
chr7	555	3	1	200	200.0	481
chr7	555	4	1	200	200.0	549
chr7	556	4	6	200	33.333333333333336	623
chr7	556	5	1	200	200.0	2148
chr7	557	4	2	200	100.0	529
chr7	558	4	2	200	100.0	536
chr7	559	5	1	200	200.0	2220
chr7	559	6	1	200	200.0	9027
chr7	560	6	1	200	200.0	9747
chr7	561	4	4	200	50.0	536
chr7	561	5	1	200	200.0	2068
chr7	561	7	1	200	200.0	68788
chr7	562	4	2	200	100.0	524
chr7	562	5	1	200	200.0	1786
chr7	562	6	1	200	200.0	10929
chr7	563	4	1	200	200.0	604
chr7	563	5	1	200	200.0	2142
chr7	564	4	2	200	100.0	519
chr7	564	5	1	200	200.0	1903
chr7	565	3	1	200	200.0	462
chr7	566	3	1	200	200.0	417
chr7	566	4	2	200	100.0	563
chr7	567	4	2	200	100.0	545
chr7	567	5	1	200	200.0	1978
chr7	567	6	2	200	100.0	9724
chr7	568	4	2	200	100.0	553
chr7	568	5	2	200	100.0	2109
chr7	569	4	1	200	200.0	587
chr7	569	6	1	200	200.0	10420
chr7	570	4	2	200	100.0	523
chr7	570	5	1	200	200.0	1873
chr7	570	6	1	200	200.0	10762
chr7	571	4	1	200	200.0	538
chr7	572	5	1	200	200.0	1805
chr7	573	4	4	200	50.0	570
chr7	573	5	2	200	100.0	2152
chr7	573	6	1	200	200.0	9768
chr7	574	4	1	200	200.0	542
chr7	575	3	2	200	100.0	463
chr7	575	5	1	200	200.0	1847
chr7	576	3	2	200	100.0	431
chr7	576	5	3	200	66.66666666666667	1776
chr7	577	5	1	200	200.0	2077
chr7	578	3	2	200	100.0	442
chr7	578	4	2	200	100.0	528
chr7	579	3	1	200	200.0	489
chr7	579	4	2	200	100.0	570
chr7	579	5	2	200	100.0	1964
chr7	579	6	1	200	200.0	12344
chr7	580	4	3	200	66.66666666666667	564
chr7	580	6	1	200	200.0	10024
chr7	581	4	1	200	200.0	592
chr7	581	5	1	200	200.0	2182
chr7	582	3	1	200	200.0	531
chr7	582	4	2	200	100.0	581
chr7	582	6	1	200	200.0	9697
chr7	582	7	1	200	200.0	72344
chr7	583	4	3	200	66.66666666666667	535
chr7	583	6	1	200	200.0	10715
chr7	584	3	1	200	200.0	462
chr7	584	4	2	200	100.0	604
chr7	585	4	3	200	66.66666666666667	549
chr7	585	5	1	200	200.0	1856
chr7	585	7	1	200	200.0	73976
chr7	586	4	2	200	100.0	584
chr7	587	4	2	200	100.0	533
chr7	587	5	1	200	200.0	1930
chr7	588	4	2	200	100.0	532
chr7	588	5	1	200	200.0	2080
chr7	588	6	1	200	200.0	10652
chr7	589	3	1	200	200.0	460
chr7	589	4	2	200	100.0	539
chr7	589	6	1	200	200.0	10394
chr7	591	4	1	200	200.0	547
chr7	591	5	1	200	200.0	2089
chr7	592	4	1	200	200.0	532
chr7	592	5	1	200	200.0	1895
chr7	593	5	1	200	200.0	2270
chr7	594	4	5	200	40.0	574
chr7	594	5	2	200	100.0	2007
chr7	595	2	1	200	200.0	3092
chr7	595	4	2	200	100.0	549
chr7	595	6	2	200	100.0	9588
chr7	596	4	4	200	50.0	577
chr7	596	6	2	200	100.0	9833
chr7	597	3	1	200	200.0	475
chr7	597	4	3	200	66.66666666666667	532
chr7	597	5	1	200	200.0	1996
chr7	598	4	2	200	100.0	594
chr7	598	5	1	200	200.0	1998
chr7	599	3	1	200	200.0	497
chr7	599	4	1	200	200.0	547
chr7	599	6	1	200	200.0	10584
chr7	600	4	1	200	200.0	587
chr7	600	5	1	200	200.0	1854
chr7	601	4	3	200	66.66666666666667	547
chr7	601	5	1	200	200.0	2315
chr7	602	4	1	200	200.0	572
chr7	602	5	2	200	100.0	2050
chr7	603	4	2	200	100.0	538
chr7	603	5	1	200	200.0	1869
chr7	603	6	1	200	200.0	11749
chr7	604	4	1	200	200.0	563
chr7	604	5	1	200	200.0	2331
chr7	604	6	2	200	100.0	10308
chr7	606	4	1	200	200.0	573
chr7	606	5	2	200	100.0	2041
chr7	607	4	3	200	66.66666666666667	540
chr7	607	5	1	200	200.0	1987
chr7	608	4	2	200	100.0	493
chr7	608	5	1	200	200.0	2068
chr7	608	6	1	200	200.0	10581
chr7	609	5	3	200	66.66666666666667	2066
chr7	610	4	2	200	100.0	544
chr7	610	5	1	200	200.0	2260
chr7	611	4	3	200	66.66666666666667	586
chr7	611	5	3	200	66.66666666666667	2170
chr7	612	4	2	200	100.0	518
chr7	612	5	1	200	200.0	1990
chr7	613	5	2	200	100.0	2282
chr7	614	5	2	200	100.0	2043
chr7	615	5	1	200	200.0	2330
chr7	616	5	1	200	200.0	2023
chr7	617	4	1	200	200.0	531
chr7	617	5	2	200	100.0	1793
chr7	618	4	3	200	66.66666666666667	573
chr7	618	5	1	200	200.0	2049
chr7	618	7	1	200	200.0	79078
chr7	619	4	1	200	200.0	575
chr7	619	5	2	200	100.0	2126
chr7	620	4	2	200	100.0	520
chr7	620	5	1	200	200.0	1893
chr7	620	6	1	200	200.0	9833
chr7	621	4	4	200	50.0	520
chr7	621	6	1	200	200.0	10208
chr7	622	5	2	200	100.0	1893
chr7	623	4	1	200	200.0	608
chr7	623	5	2	200	100.0	2140
chr7	625	3	2	200	100.0	448
chr7	625	5	1	200	200.0	2027
chr7	626	4	3	200	66.66666666666667	571
chr7	627	3	1	200	200.0	454
chr7	627	4	3	200	66.66666666666667	506
chr7	627	5	2	200	100.0	2076
chr7	628	5	1	200	200.0	1932
chr7	629	5	1	200	200.0	2065
chr7	630	5	1	200	200.0	2082
chr7	631	4	2	200	100.0	540
chr7	631	5	1	200	200.0	2185
chr7	631	6	1	200	200.0	10132
chr7	632	4	1	200	200.0	567
chr7	632	5	3	200	66.66666666666667	2291
chr7	633	4	2	200	100.0	610
chr7	633	6	1	200	200.0	10620
chr7	634	4	2	200	100.0	503
chr7	635	3	1	200	200.0	459
chr7	635	4	1	200	200.0	567
chr7	636	4	1	200	200.0	547
chr7	636	5	3	200	66.66666666666667	2122
chr7	637	3	1	200	200.0	475
chr7	637	4	1	200	200.0	563
chr7	639	4	1	200	200.0	560
chr7	640	4	1	200	200.0	565
chr7	640	5	1	200	200.0	2111
chr7	641	3	1	200	200.0	443
chr7	641	4	1	200	200.0	574
chr7	641	5	3	200	66.66666666666667	2275
chr7	642	3	1	200	200.0	455
chr7	642	4	1	200	200.0	590
chr7	642	5	1	200	200.0	2132
chr7	643	4	1	200	200.0	598
chr7	644	5	1	200	200.0	2150
chr7	645	3	2	200	100.0	453
chr7	646	4	2	200	100.0	563
chr7	646	5	1	200	200.0	2154
chr7	646	6	2	200	100.0	11602
chr7	647	4	2	200	100.0	551
chr7	648	4	1	200	200.0	536
chr7	648	5	1	200	200.0	1971
chr7	649	3	1	200	200.0	460
chr7	650	4	1	200	200.0	552
chr7	650	5	2	200	100.0	2209
chr7	651	4	1	200	200.0	578
chr7	651	5	1	200	200.0	2114
chr7	652	4	2	200	100.0	579
chr7	652	5	2	200	100.0	2086
chr7	652	6	1	200	200.0	10548
chr7	653	5	2	200	100.0	2092
chr7	653	6	1	200	200.0	10466
chr7	654	3	1	200	200.0	431
chr7	654	6	2	200	100.0	10754
chr7	655	5	1	200	200.0	2182
chr7	656	6	1	200	200.0	11129
chr7	657	4	3	200	66.66666666666667	512
chr7	658	4	2	200	100.0	640
chr7	658	5	2	200	100.0	2185
chr7	660	4	4	200	50.0	551
chr7	660	5	1	200	200.0	1881
chr7	660	6	2	200	100.0	11380
chr7	661	4	3	200	66.66666666666667	542
chr7	662	4	1	200	200.0	559
chr7	662	5	1	200	200.0	2334
chr7	663	4	2	200	100.0	558
chr7	663	5	3	200	66.66666666666667	2089
chr7	664	4	1	200	200.0	568
chr7	664	5	2	200	100.0	1904
chr7	665	4	1	200	200.0	540
chr7	666	5	1	200	200.0	2224
chr7	666	6	1	200	200.0	9934
chr7	667	5	1	200	200.0	1975
chr7	667	6	1	200	200.0	10636
chr7	667	7	1	200	200.0	84707
chr7	668	5	1	200	200.0	2001
chr7	670	5	1	200	200.0	2130
chr7	671	4	3	200	66.66666666666667	539
chr7	671	5	1	200	200.0	2080
chr7	671	6	2	200	100.0	10816
chr7	672	4	3	200	66.66666666666667	581
chr7	672	5	1	200	200.0	1994
chr7	672	6	1	200	200.0	10600
chr7	674	4	1	200	200.0	558
chr7	674	6	1	200	200.0	11341
chr7	675	4	1	200	200.0	474
chr7	675	5	1	200	200.0	2091
chr7	676	4	1	200	200.0	560
chr7	676	6	1	200	200.0	10631
chr7	677	4	1	200	200.0	566
chr7	677	5	3	200	66.66666666666667	2200
chr7	677	6	1	200	200.0	10544
chr7	678	4	1	200	200.0	602
chr7	678	5	2	200	100.0	1988
chr7	680	4	3	200	66.66666666666667	544
chr7	681	4	2	200	100.0	535
chr7	681	6	1	200	200.0	11268
chr7	682	4	1	200	200.0	571
chr7	682	5	1	200	200.0	2016
chr7	683	4	1	200	200.0	577
chr7	684	4	2	200	100.0	563
chr7	684	5	2	200	100.0	2063
chr7	685	4	1	200	200.0	548
chr7	686	4	2	200	100.0	556
chr7	686	6	1	200	200.0	11186
chr7	687	5	2	200	100.0	2202
chr7	687	6	1	200	200.0	11382
chr7	688	4	2	200	100.0	565
chr7	688	5	1	200	200.0	2255
chr7	689	7	1	200	200.0	84128
chr7	690	5	1	200	200.0	2218
chr7	691	5	2	200	100.0	2259
chr7	691	6	1	200	200.0	11289
chr7	692	4	2	200	100.0	512
chr7	692	5	5	200	40.0	2034
chr7	692	6	2	200	100.0	11978
chr7	693	5	2	200	100.0	2081
chr7	694	4	1	200	200.0	557
chr7	694	5	1	200	200.0	2230
chr7	695	4	2	200	100.0	495
chr7	695	5	1	200	200.0	2190
chr7	695	6	2	200	100.0	9989
chr7	696	4	2	200	100.0	520
chr7	697	4	1	200	200.0	542
chr7	697	5	2	200	100.0	2483
chr7	698	5	2	200	100.0	1995
chr7	698	6	1	200	200.0	10528
chr7	699	5	1	200	200.0	2158
chr7	701	5	1	200	200.0	2083
chr7	702	5	2	200	100.0	1928
chr7	703	5	1	200	200.0	2288
chr7	704	4	1	200	200.0	552
chr7	705	4	1	200	200.0	524
chr7	705	5	2	200	100.0	2287
chr7	707	5	1	200	200.0	1988
chr7	708	3	1	200	200.0	431
chr7	708	6	1	200	200.0	10764
chr7	709	4	2	200	100.0	520
chr7	709	5	2	200	100.0	2081
chr7	711	5	1	200	200.0	1996
chr7	712	5	3	200	66.66666666666667	2176
chr7	713	6	1	200	200.0	11083
chr7	714	4	1	200	200.0	541
chr7	714	5	1	200	200.0	2169
chr7	715	4	1	200	200.0	530
chr7	715	5	1	200	200.0	2021
chr7	716	4	2	200	100.0	532
chr7	716	5	1	200	200.0	2243
chr7	717	5	1	200	200.0	2419
chr7	717	6	1	200	200.0	10217
chr7	718	4	1	200	200.0	601
chr7	718	6	1	200	200.0	11180
chr7	719	4	1	200	200.0	541
chr7	719	6	1	200	200.0	10089
chr7	720	4	1	200	200.0	563
chr7	721	5	1	200	200.0	2038
chr7	722	5	2	200	100.0	1977
chr7	723	7	1	200	200.0	93169
chr7	724	4	1	200	200.0	586
chr7	725	4	1	200	200.0	518
chr7	725	5	1	200	200.0	1997
chr7	726	6	1	200	200.0	12077
chr7	728	3	1	200	200.0	464
chr7	729	4	3	200	66.66666666666667	613
chr7	729	5	1	200	200.0	2370
chr7	730	4	1	200	200.0	531
chr7	731	4	1	200	200.0	601
chr7	732	4	1	200	200.0	512
chr7	732	5	1	200	200.0	2120
chr7	733	4	1	200	200.0	597
chr7	734	5	1	200	200.0	2087
chr7	735	5	2	200	100.0	2160
chr7	736	5	1	200	200.0	2133
chr7	736	6	1	200	200.0	9464
chr7	737	4	1	200	200.0	525
chr7	738	4	1	200	200.0	533
chr7	738	5	2	200	100.0	2111
chr7	739	5	1	200	200.0	1919
chr7	740	4	1	200	200.0	593
chr7	740	5	1	200	200.0	2079
chr7	741	4	1	200	200.0	545
chr7	741	5	1	200	200.0	2267
chr7	742	5	1	200	200.0	2409
chr7	743	4	2	200	100.0	581
chr7	743	5	1	200	200.0	2333
chr7	744	4	1	200	200.0	593
chr7	744	6	1	200	200.0	10796
chr7	745	4	1	200	200.0	515
chr7	746	5	1	200	200.0	1981
chr7	747	4	1	200	200.0	515
chr7	750	5	2	200	100.0	2076
chr7	751	4	2	200	100.0	531
chr7	751	5	1	200	200.0	1877
chr7	753	5	1	200	200.0	2319
chr7	757	6	1	200	200.0	10910
chr7	758	6	1	200	200.0	10798
chr7	760	4	4	200	50.0	567
chr7	761	5	1	200	200.0	2122
chr7	762	5	1	200	200.0	2186
chr7	762	6	1	200	200.0	10716
chr7	763	4	1	200	200.0	572
chr7	763	5	2	200	100.0	2156
chr7	764	4	1	200	200.0	562
chr7	764	7	1	200	200.0	79074
chr7	766	5	1	200	200.0	2157
chr7	767	5	1	200	200.0	2282
chr7	768	3	1	200	200.0	483
chr7	770	5	1	200	200.0	2198
chr7	770	6	1	200	200.0	10047
chr7	773	3	1	200	200.0	530
chr7	773	5	1	200	200.0	2079
chr7	774	4	1	200	200.0	467
chr7	774	5	1	200	200.0	1960
chr7	774	6	1	200	200.0	10955
chr7	775	4	1	200	200.0	545
chr7	778	4	1	200	200.0	570
chr7	779	4	1	200	200.0	581
chr7	779	5	1	200	200.0	2338
chr7	779	6	1	200	200.0	11682
chr7	781	4	1	200	200.0	528
chr7	781	5	1	200	200.0	2363
chr7	782	5	1	200	200.0	2342
chr7	783	5	2	200	100.0	2060
chr7	783	6	1	200	200.0	13003
chr7	784	5	1	200	200.0	2312
chr7	785	5	1	200	200.0	2348
chr7	785	6	1	200	200.0	10719
chr7	787	6	1	200	200.0	10745
chr7	788	4	1	200	200.0	530
chr7	795	4	1	200	200.0	575
chr7	796	4	1	200	200.0	525
chr7	796	5	1	200	200.0	2035
chr7	797	6	1	200	200.0	11198
chr7	798	5	1	200	200.0	1949
chr7	798	6	1	200	200.0	9793
chr7	799	5	1	200	200.0	2267
chr7	800	6	1	200	200.0	10561
chr7	804	5	1	200	200.0	2429
chr7	805	6	1	200	200.0	11654
chr7	807	5	2	200	100.0	2287
chr7	809	6	1	200	200.0	9928
chr7	812	4	1	200	200.0	512
chr7	813	5	2	200	100.0	2278
chr7	813	6	1	200	200.0	10030
chr7	815	6	1	200	200.0	10535
chr7	816	4	1	200	200.0	564
chr7	819	4	2	200	100.0	572
chr7	820	6	1	200	200.0	11160
chr7	821	5	1	200	200.0	2146
chr7	823	5	1	200	200.0	2360
chr7	823	6	2	200	100.0	10443
chr7	824	6	1	200	200.0	10086
chr7	825	5	1	200	200.0	2230
chr7	826	6	2	200	100.0	10702
chr7	833	5	1	200	200.0	2312
chr7	833	6	1	200	200.0	10781
chr7	834	3	1	200	200.0	463
chr7	834	6	1	200	200.0	11717
chr7	840	5	2	200	100.0	2083
chr7	841	5	1	200	200.0	2384
chr7	843	5	1	200	200.0	2225
chr7	845	4	1	200	200.0	532
chr7	845	5	1	200	200.0	2074
chr7	846	4	1	200	200.0	559
chr7	847	4	1	200	200.0	496
chr7	847	5	1	200	200.0	1872
chr7	851	4	1	200	200.0	545
chr7	851	5	1	200	200.0	2247
chr7	853	6	1	200	200.0	10698
chr7	855	6	1	200	200.0	11981
chr7	856	4	1	200	200.0	583
chr7	856	5	1	200	200.0	2437
chr7	859	4	1	200	200.0	508
chr7	859	5	1	200	200.0	2061
chr7	860	4	1	200	200.0	556
chr7	860	5	1	200	200.0	2182
chr7	861	5	1	200	200.0	2257
chr7	863	6	1	200	200.0	10948
chr7	865	4	1	200	200.0	538
chr7	865	5	1	200	200.0	2359
chr7	870	5	1	200	200.0	2105
chr7	871	6	1	200	200.0	11981
chr7	872	6	1	200	200.0	12410
chr7	874	5	2	200	100.0	2082
chr7	876	5	2	200	100.0	2377
chr7	881	5	1	200	200.0	2038
chr7	884	4	1	200	200.0	539
chr7	885	5	1	200	200.0	2384
chr7	886	6	1	200	200.0	10851
chr7	887	5	1	200	200.0	2372
chr7	890	5	1	200	200.0	2153
chr7	890	6	1	200	200.0	12026
chr7	891	5	1	200	200.0	2131
chr7	893	5	1	200	200.0	2382
chr7	907	5	1	200	200.0	2350
chr7	908	4	1	200	200.0	542
chr7	910	5	1	200	200.0	2241
chr7	913	5	1	200	200.0	2174
chr7	919	6	1	200	200.0	11633
chr7	920	5	1	200	200.0	2079
chr7	921	5	1	200	200.0	2473
chr7	926	5	1	200	200.0	2436
chr7	931	3	1	200	200.0	433
chr7	934	5	1	200	200.0	2312
chr7	937	6	1	200	200.0	13082
chr7	940	6	1	200	200.0	10801
chr7	944	5	1	200	200.0	2365
chr7	946	6	1	200	200.0	9965
chr7	960	5	1	200	200.0	2096
chr7	962	6	1	200	200.0	11633
chr7	964	5	1	200	200.0	2450
chr7	966	5	1	200	200.0	2081
chr7	970	4	1	200	200.0	507
chr7	971	5	1	200	200.0	2368
chr7	971	6	1	200	200.0	10831
chr7	976	4	1	200	200.0	532
chr7	977	3	1	200	200.0	447
chr7	978	6	1	200	200.0	11081
chr7	983	5	1	200	200.0	1952
chr7	997	5	1	200	200.0	2412
chr7	1005	5	1	200	200.0	2468
chr7	1013	5	1	200	200.0	2225
chr7	1017	5	1	200	200.0	2373
chr7	1020	6	1	200	200.0	11363
chr7	1023	4	1	200	200.0	565
chr7	1029	4	1	200	200.0	526
chr7	1032	5	1	200	200.0	2445
chr7	1046	5	1	200	200.0	2051
chr7	1046	7	1	200	200.0	106305
chr7	1048	5	1	200	200.0	2074
chr7	1050	6	1	200	200.0	13342
chr7	1057	4	1	200	200.0	547
chr7	1061	5	1	200	200.0	2166
chr7	1063	4	1	200	200.0	537
chr7	1076	6	1	200	200.0	11647
chr7	1079	6	1	200	200.0	12038
chr7	1082	5	1	200	200.0	2388
chr7	1093	6	1	200	200.0	12090
chr7	1094	5	1	200	200.0	2104
chr7	1096	6	1	200	200.0	10679
chr7	1097	5	1	200	200.0	2409
chr7	1128	4	1	200	200.0	585
chr7	1141	5	1	200	200.0	2271
chr7	1166	5	1	200	200.0	2579
chr7	1168	5	1	200	200.0	2080
chr7	1205	6	1	200	200.0	12405
chr7	1243	4	1	200	200.0	531
chr7	1306	5	1	200	200.0	2433
chr7	1330	5	1	200	200.0	2273
chr7	1341	6	1	200	200.0	12432
chr7	1480	6	1	200	200.0	12936
chr8	233	5	1	200	200.0	2015
chr8	241	4	1	200	200.0	582
chr8	252	4	1	200	200.0	587
chr8	253	3	1	200	200.0	473
chr8	261	5	1	200	200.0	1861
chr8	265	3	1	200	200.0	492
chr8	268	4	1	200	200.0	640
chr8	269	6	1	200	200.0	10222
chr8	271	5	1	200	200.0	2155
chr8	275	5	1	200	200.0	2031
chr8	283	5	1	200	200.0	1979
chr8	285	3	1	200	200.0	502
chr8	288	4	1	200	200.0	584
chr8	292	7	1	200	200.0	67092
chr8	295	3	1	200	200.0	472
chr8	296	4	1	200	200.0	622
chr8	297	5	1	200	200.0	2247
chr8	298	4	1	200	200.0	555
chr8	300	5	1	200	200.0	1887
chr8	301	5	1	200	200.0	2090
chr8	302	3	1	200	200.0	493
chr8	302	5	1	200	200.0	1994
chr8	304	4	1	200	200.0	623
chr8	305	3	1	200	200.0	498
chr8	305	4	1	200	200.0	570
chr8	306	3	1	200	200.0	456
chr8	306	4	1	200	200.0	575
chr8	308	5	1	200	200.0	1796
chr8	309	4	2	200	100.0	566
chr8	310	3	1	200	200.0	474
chr8	311	3	1	200	200.0	452
chr8	311	5	1	200	200.0	2146
chr8	311	6	1	200	200.0	10669
chr8	312	3	1	200	200.0	485
chr8	313	4	1	200	200.0	595
chr8	314	3	1	200	200.0	450
chr8	316	4	1	200	200.0	622
chr8	317	4	2	200	100.0	555
chr8	318	4	2	200	100.0	669
chr8	318	7	1	200	200.0	71352
chr8	319	3	1	200	200.0	490
chr8	320	4	2	200	100.0	589
chr8	321	3	1	200	200.0	481
chr8	322	5	1	200	200.0	1947
chr8	323	4	2	200	100.0	609
chr8	326	5	1	200	200.0	2007
chr8	327	3	1	200	200.0	465
chr8	327	4	1	200	200.0	564
chr8	328	3	1	200	200.0	504
chr8	329	3	1	200	200.0	425
chr8	329	4	2	200	100.0	587
chr8	330	4	1	200	200.0	599
chr8	330	5	1	200	200.0	1846
chr8	331	4	1	200	200.0	614
chr8	332	3	1	200	200.0	431
chr8	332	5	2	200	100.0	1915
chr8	333	3	1	200	200.0	480
chr8	333	6	1	200	200.0	10065
chr8	335	3	1	200	200.0	469
chr8	335	5	1	200	200.0	2079
chr8	336	4	2	200	100.0	577
chr8	337	3	1	200	200.0	431
chr8	338	3	1	200	200.0	442
chr8	338	5	1	200	200.0	1825
chr8	338	6	1	200	200.0	11527
chr8	339	3	2	200	100.0	464
chr8	339	4	1	200	200.0	499
chr8	339	5	1	200	200.0	2235
chr8	340	5	1	200	200.0	1938
chr8	341	3	1	200	200.0	442
chr8	341	4	1	200	200.0	602
chr8	341	6	1	200	200.0	11155
chr8	343	3	1	200	200.0	474
chr8	344	3	2	200	100.0	458
chr8	344	4	1	200	200.0	606
chr8	345	3	1	200	200.0	482
chr8	346	3	2	200	100.0	490
chr8	346	4	2	200	100.0	594
chr8	347	4	1	200	200.0	578
chr8	348	3	1	200	200.0	490
chr8	348	4	2	200	100.0	631
chr8	349	3	1	200	200.0	481
chr8	349	4	1	200	200.0	560
chr8	349	6	1	200	200.0	10341
chr8	350	4	1	200	200.0	623
chr8	351	3	4	200	50.0	488
chr8	351	4	2	200	100.0	548
chr8	351	6	1	200	200.0	11424
chr8	353	4	2	200	100.0	640
chr8	353	5	1	200	200.0	1975
chr8	354	3	1	200	200.0	468
chr8	354	4	1	200	200.0	574
chr8	355	3	1	200	200.0	453
chr8	356	3	3	200	66.66666666666667	427
chr8	356	4	1	200	200.0	616
chr8	356	5	1	200	200.0	2073
chr8	357	4	1	200	200.0	528
chr8	358	5	1	200	200.0	2127
chr8	359	3	1	200	200.0	444
chr8	359	4	2	200	100.0	559
chr8	359	5	1	200	200.0	2295
chr8	360	3	2	200	100.0	403
chr8	361	4	1	200	200.0	548
chr8	362	5	2	200	100.0	1980
chr8	362	6	1	200	200.0	10886
chr8	363	3	2	200	100.0	503
chr8	363	4	2	200	100.0	553
chr8	363	5	1	200	200.0	2321
chr8	364	3	1	200	200.0	437
chr8	364	4	1	200	200.0	618
chr8	364	5	1	200	200.0	2014
chr8	365	4	1	200	200.0	479
chr8	365	5	2	200	100.0	2217
chr8	366	4	1	200	200.0	563
chr8	366	5	1	200	200.0	2290
chr8	367	3	1	200	200.0	439
chr8	367	4	4	200	50.0	544
chr8	367	5	1	200	200.0	1995
chr8	368	3	1	200	200.0	449
chr8	368	4	2	200	100.0	550
chr8	368	5	1	200	200.0	2282
chr8	369	3	1	200	200.0	437
chr8	370	3	2	200	100.0	492
chr8	370	4	1	200	200.0	518
chr8	371	3	1	200	200.0	477
chr8	371	4	2	200	100.0	559
chr8	371	5	3	200	66.66666666666667	2566
chr8	371	7	1	200	200.0	70882
chr8	372	3	3	200	66.66666666666667	466
chr8	372	4	2	200	100.0	562
chr8	372	5	2	200	100.0	2372
chr8	373	4	2	200	100.0	580
chr8	374	4	2	200	100.0	569
chr8	374	5	1	200	200.0	2172
chr8	374	6	1	200	200.0	12335
chr8	375	4	7	200	28.571428571428573	578
chr8	376	3	3	200	66.66666666666667	451
chr8	376	4	1	200	200.0	545
chr8	376	5	1	200	200.0	2188
chr8	377	3	1	200	200.0	481
chr8	377	7	1	200	200.0	73730
chr8	378	4	2	200	100.0	544
chr8	378	7	1	200	200.0	69441
chr8	379	3	1	200	200.0	487
chr8	379	4	1	200	200.0	557
chr8	379	5	1	200	200.0	2388
chr8	380	3	1	200	200.0	471
chr8	381	4	2	200	100.0	565
chr8	381	6	1	200	200.0	10971
chr8	381	7	1	200	200.0	74074
chr8	382	3	1	200	200.0	466
chr8	382	4	3	200	66.66666666666667	567
chr8	383	3	1	200	200.0	456
chr8	383	4	1	200	200.0	513
chr8	383	5	2	200	100.0	2344
chr8	384	3	2	200	100.0	457
chr8	384	4	1	200	200.0	542
chr8	384	5	1	200	200.0	2293
chr8	385	3	2	200	100.0	434
chr8	385	4	1	200	200.0	581
chr8	385	5	1	200	200.0	2240
chr8	386	3	2	200	100.0	445
chr8	386	4	3	200	66.66666666666667	632
chr8	386	6	1	200	200.0	12389
chr8	387	3	1	200	200.0	451
chr8	387	4	2	200	100.0	592
chr8	388	3	1	200	200.0	448
chr8	388	4	3	200	66.66666666666667	555
chr8	389	3	2	200	100.0	444
chr8	389	5	4	200	50.0	2320
chr8	390	3	1	200	200.0	483
chr8	390	4	3	200	66.66666666666667	542
chr8	390	5	1	200	200.0	2290
chr8	391	4	2	200	100.0	527
chr8	392	4	2	200	100.0	593
chr8	393	4	3	200	66.66666666666667	545
chr8	393	5	1	200	200.0	2324
chr8	394	3	1	200	200.0	420
chr8	394	5	1	200	200.0	2226
chr8	394	6	1	200	200.0	11885
chr8	394	7	1	200	200.0	72288
chr8	395	2	1	200	200.0	2739
chr8	395	5	1	200	200.0	2655
chr8	396	4	2	200	100.0	588
chr8	397	3	2	200	100.0	477
chr8	397	4	2	200	100.0	547
chr8	398	3	2	200	100.0	424
chr8	398	4	3	200	66.66666666666667	581
chr8	398	6	1	200	200.0	12277
chr8	399	4	3	200	66.66666666666667	539
chr8	400	3	1	200	200.0	475
chr8	400	4	3	200	66.66666666666667	519
chr8	401	4	4	200	50.0	561
chr8	401	5	1	200	200.0	2369
chr8	402	4	1	200	200.0	591
chr8	402	5	1	200	200.0	2230
chr8	402	6	1	200	200.0	10130
chr8	403	3	1	200	200.0	431
chr8	403	4	3	200	66.66666666666667	627
chr8	403	5	1	200	200.0	2240
chr8	403	7	1	200	200.0	64679
chr8	404	3	3	200	66.66666666666667	470
chr8	404	4	2	200	100.0	552
chr8	404	5	1	200	200.0	2529
chr8	405	3	1	200	200.0	527
chr8	405	4	2	200	100.0	539
chr8	405	5	3	200	66.66666666666667	2802
chr8	406	3	3	200	66.66666666666667	454
chr8	406	4	1	200	200.0	567
chr8	408	4	2	200	100.0	549
chr8	408	5	3	200	66.66666666666667	2256
chr8	409	3	3	200	66.66666666666667	461
chr8	409	4	2	200	100.0	562
chr8	409	5	1	200	200.0	2609
chr8	409	7	1	200	200.0	82416
chr8	410	3	2	200	100.0	423
chr8	410	4	2	200	100.0	521
chr8	410	5	1	200	200.0	2513
chr8	411	3	2	200	100.0	389
chr8	411	5	3	200	66.66666666666667	2434
chr8	412	3	1	200	200.0	458
chr8	412	4	2	200	100.0	600
chr8	412	5	2	200	100.0	2475
chr8	413	3	1	200	200.0	452
chr8	413	4	4	200	50.0	581
chr8	413	6	1	200	200.0	12204
chr8	414	3	1	200	200.0	438
chr8	414	4	5	200	40.0	590
chr8	414	6	1	200	200.0	12557
chr8	415	3	2	200	100.0	427
chr8	416	5	1	200	200.0	2344
chr8	417	3	1	200	200.0	480
chr8	417	4	2	200	100.0	540
chr8	418	3	2	200	100.0	427
chr8	418	4	3	200	66.66666666666667	648
chr8	418	6	1	200	200.0	11430
chr8	419	3	2	200	100.0	447
chr8	419	4	1	200	200.0	514
chr8	419	5	1	200	200.0	2356
chr8	419	6	1	200	200.0	12909
chr8	420	3	4	200	50.0	448
chr8	420	4	1	200	200.0	567
chr8	420	5	2	200	100.0	2386
chr8	421	4	2	200	100.0	589
chr8	422	4	2	200	100.0	531
chr8	422	6	1	200	200.0	12047
chr8	423	3	2	200	100.0	431
chr8	423	4	2	200	100.0	599
chr8	423	5	1	200	200.0	2813
chr8	424	4	4	200	50.0	539
chr8	425	2	1	200	200.0	2540
chr8	425	4	2	200	100.0	555
chr8	425	5	3	200	66.66666666666667	2252
chr8	426	3	3	200	66.66666666666667	468
chr8	426	4	6	200	33.333333333333336	559
chr8	426	5	1	200	200.0	2495
chr8	427	4	3	200	66.66666666666667	578
chr8	427	5	3	200	66.66666666666667	2445
chr8	428	3	2	200	100.0	452
chr8	428	4	4	200	50.0	615
chr8	429	3	1	200	200.0	414
chr8	429	4	3	200	66.66666666666667	516
chr8	429	5	3	200	66.66666666666667	2352
chr8	430	3	2	200	100.0	428
chr8	430	4	1	200	200.0	540
chr8	430	5	1	200	200.0	2489
chr8	431	3	1	200	200.0	458
chr8	431	4	3	200	66.66666666666667	634
chr8	431	5	1	200	200.0	2428
chr8	432	3	3	200	66.66666666666667	477
chr8	432	4	2	200	100.0	575
chr8	432	5	2	200	100.0	2515
chr8	433	3	4	200	50.0	451
chr8	433	4	1	200	200.0	565
chr8	433	5	1	200	200.0	2635
chr8	434	3	1	200	200.0	510
chr8	434	4	3	200	66.66666666666667	550
chr8	434	5	2	200	100.0	2414
chr8	435	3	2	200	100.0	416
chr8	435	4	1	200	200.0	500
chr8	435	6	1	200	200.0	12842
chr8	436	4	3	200	66.66666666666667	548
chr8	437	3	1	200	200.0	534
chr8	437	5	1	200	200.0	2267
chr8	438	3	1	200	200.0	478
chr8	438	4	5	200	40.0	593
chr8	438	5	3	200	66.66666666666667	2546
chr8	438	6	1	200	200.0	12878
chr8	439	3	1	200	200.0	434
chr8	439	4	4	200	50.0	569
chr8	439	5	1	200	200.0	2492
chr8	440	3	3	200	66.66666666666667	488
chr8	440	4	4	200	50.0	529
chr8	440	5	1	200	200.0	2588
chr8	440	6	1	200	200.0	11370
chr8	441	3	1	200	200.0	453
chr8	441	4	2	200	100.0	570
chr8	442	3	3	200	66.66666666666667	423
chr8	442	4	1	200	200.0	576
chr8	442	7	1	200	200.0	68835
chr8	443	3	1	200	200.0	423
chr8	443	4	4	200	50.0	568
chr8	444	3	1	200	200.0	452
chr8	444	5	1	200	200.0	2286
chr8	445	4	2	200	100.0	500
chr8	445	5	1	200	200.0	2328
chr8	446	3	3	200	66.66666666666667	482
chr8	446	4	3	200	66.66666666666667	578
chr8	446	5	1	200	200.0	2174
chr8	447	3	1	200	200.0	460
chr8	447	4	1	200	200.0	553
chr8	447	5	2	200	100.0	2648
chr8	448	3	3	200	66.66666666666667	381
chr8	448	4	3	200	66.66666666666667	593
chr8	449	3	1	200	200.0	442
chr8	449	4	2	200	100.0	528
chr8	449	5	3	200	66.66666666666667	2583
chr8	450	3	1	200	200.0	437
chr8	450	4	3	200	66.66666666666667	478
chr8	450	5	1	200	200.0	2307
chr8	451	3	2	200	100.0	465
chr8	451	4	2	200	100.0	532
chr8	451	5	1	200	200.0	2519
chr8	451	6	1	200	200.0	12090
chr8	452	4	1	200	200.0	607
chr8	452	5	1	200	200.0	2428
chr8	452	6	1	200	200.0	13683
chr8	453	3	3	200	66.66666666666667	440
chr8	453	4	4	200	50.0	525
chr8	453	6	1	200	200.0	11157
chr8	454	4	1	200	200.0	637
chr8	455	3	3	200	66.66666666666667	430
chr8	455	4	2	200	100.0	540
chr8	455	5	1	200	200.0	2384
chr8	455	7	2	200	100.0	76407
chr8	456	4	4	200	50.0	511
chr8	456	5	1	200	200.0	2343
chr8	457	3	1	200	200.0	448
chr8	457	4	1	200	200.0	546
chr8	457	5	4	200	50.0	2670
chr8	458	3	1	200	200.0	457
chr8	458	4	3	200	66.66666666666667	552
chr8	458	5	1	200	200.0	2303
chr8	459	4	3	200	66.66666666666667	509
chr8	460	4	4	200	50.0	534
chr8	461	3	1	200	200.0	459
chr8	461	4	4	200	50.0	575
chr8	461	6	1	200	200.0	10744
chr8	462	3	1	200	200.0	444
chr8	462	4	2	200	100.0	508
chr8	463	4	2	200	100.0	536
chr8	463	5	3	200	66.66666666666667	2326
chr8	464	3	1	200	200.0	458
chr8	464	4	2	200	100.0	556
chr8	465	3	1	200	200.0	441
chr8	465	4	2	200	100.0	562
chr8	465	5	1	200	200.0	2274
chr8	465	6	1	200	200.0	12419
chr8	466	3	3	200	66.66666666666667	466
chr8	466	4	3	200	66.66666666666667	544
chr8	466	5	2	200	100.0	2224
chr8	467	4	2	200	100.0	572
chr8	468	3	2	200	100.0	453
chr8	468	4	1	200	200.0	562
chr8	468	5	1	200	200.0	2525
chr8	469	4	4	200	50.0	538
chr8	469	5	3	200	66.66666666666667	2648
chr8	470	4	1	200	200.0	507
chr8	470	5	2	200	100.0	2432
chr8	470	7	1	200	200.0	75754
chr8	471	3	1	200	200.0	459
chr8	471	4	2	200	100.0	564
chr8	472	3	2	200	100.0	459
chr8	472	4	1	200	200.0	503
chr8	472	6	1	200	200.0	11986
chr8	473	4	5	200	40.0	506
chr8	473	5	3	200	66.66666666666667	2450
chr8	474	3	1	200	200.0	466
chr8	474	4	5	200	40.0	572
chr8	474	5	2	200	100.0	2813
chr8	474	7	1	200	200.0	85300
chr8	475	3	1	200	200.0	428
chr8	475	4	5	200	40.0	564
chr8	475	5	1	200	200.0	2384
chr8	475	6	2	200	100.0	13014
chr8	476	3	1	200	200.0	424
chr8	476	4	1	200	200.0	580
chr8	476	5	1	200	200.0	2756
chr8	477	4	1	200	200.0	589
chr8	477	6	1	200	200.0	12116
chr8	478	3	1	200	200.0	400
chr8	478	4	1	200	200.0	610
chr8	478	6	1	200	200.0	12415
chr8	479	3	2	200	100.0	430
chr8	479	4	2	200	100.0	524
chr8	479	5	1	200	200.0	2688
chr8	480	4	1	200	200.0	571
chr8	480	6	1	200	200.0	13514
chr8	481	4	4	200	50.0	521
chr8	481	5	1	200	200.0	2601
chr8	481	7	1	200	200.0	75495
chr8	482	4	4	200	50.0	513
chr8	483	3	1	200	200.0	438
chr8	483	4	1	200	200.0	522
chr8	483	6	2	200	100.0	13290
chr8	484	4	1	200	200.0	510
chr8	485	4	2	200	100.0	535
chr8	485	5	3	200	66.66666666666667	2608
chr8	486	3	1	200	200.0	454
chr8	486	4	1	200	200.0	522
chr8	488	4	2	200	100.0	565
chr8	488	5	1	200	200.0	2598
chr8	488	6	1	200	200.0	12197
chr8	489	3	1	200	200.0	426
chr8	489	5	2	200	100.0	2907
chr8	490	4	2	200	100.0	552
chr8	491	4	3	200	66.66666666666667	532
chr8	491	5	2	200	100.0	2607
chr8	491	6	2	200	100.0	12788
chr8	492	3	1	200	200.0	425
chr8	492	4	1	200	200.0	559
chr8	492	5	1	200	200.0	2262
chr8	493	4	1	200	200.0	588
chr8	493	6	1	200	200.0	12351
chr8	494	3	2	200	100.0	459
chr8	494	4	4	200	50.0	534
chr8	495	4	4	200	50.0	527
chr8	495	6	1	200	200.0	12696
chr8	496	3	1	200	200.0	421
chr8	496	4	3	200	66.66666666666667	595
chr8	496	5	2	200	100.0	2836
chr8	497	3	2	200	100.0	445
chr8	497	6	2	200	100.0	12990
chr8	498	4	3	200	66.66666666666667	566
chr8	499	3	1	200	200.0	461
chr8	499	4	3	200	66.66666666666667	556
chr8	499	5	1	200	200.0	2532
chr8	500	4	3	200	66.66666666666667	558
chr8	500	5	1	200	200.0	2610
chr8	501	3	1	200	200.0	402
chr8	501	4	1	200	200.0	507
chr8	501	5	1	200	200.0	2447
chr8	503	3	1	200	200.0	431
chr8	503	4	1	200	200.0	588
chr8	503	5	1	200	200.0	2519
chr8	504	3	1	200	200.0	448
chr8	504	4	4	200	50.0	545
chr8	504	5	3	200	66.66666666666667	2313
chr8	504	6	1	200	200.0	12000
chr8	505	3	1	200	200.0	406
chr8	505	4	1	200	200.0	518
chr8	505	6	1	200	200.0	11469
chr8	506	6	1	200	200.0	12097
chr8	507	5	3	200	66.66666666666667	2554
chr8	507	6	2	200	100.0	13451
chr8	508	3	1	200	200.0	425
chr8	508	4	1	200	200.0	549
chr8	508	5	2	200	100.0	2526
chr8	509	4	1	200	200.0	571
chr8	510	4	2	200	100.0	608
chr8	510	6	1	200	200.0	13052
chr8	511	5	1	200	200.0	2578
chr8	512	4	2	200	100.0	513
chr8	512	5	2	200	100.0	2638
chr8	513	4	6	200	33.333333333333336	519
chr8	514	4	5	200	40.0	515
chr8	514	5	1	200	200.0	2650
chr8	515	3	1	200	200.0	432
chr8	515	4	5	200	40.0	544
chr8	515	5	2	200	100.0	2532
chr8	516	3	1	200	200.0	430
chr8	516	4	3	200	66.66666666666667	552
chr8	516	5	2	200	100.0	2709
chr8	517	4	2	200	100.0	534
chr8	518	4	2	200	100.0	556
chr8	518	5	1	200	200.0	2660
chr8	518	6	1	200	200.0	12760
chr8	519	4	4	200	50.0	565
chr8	519	6	1	200	200.0	13822
chr8	520	4	2	200	100.0	476
chr8	521	4	2	200	100.0	544
chr8	522	3	1	200	200.0	466
chr8	522	4	1	200	200.0	519
chr8	522	5	2	200	100.0	2963
chr8	523	3	1	200	200.0	420
chr8	523	4	1	200	200.0	556
chr8	523	5	1	200	200.0	2749
chr8	524	4	4	200	50.0	565
chr8	524	6	1	200	200.0	14127
chr8	525	5	1	200	200.0	2852
chr8	526	3	2	200	100.0	461
chr8	526	4	1	200	200.0	602
chr8	527	5	2	200	100.0	2671
chr8	528	4	2	200	100.0	527
chr8	528	5	2	200	100.0	2267
chr8	529	3	2	200	100.0	400
chr8	529	4	3	200	66.66666666666667	498
chr8	529	5	1	200	200.0	2931
chr8	530	4	1	200	200.0	530
chr8	530	5	1	200	200.0	2669
chr8	530	6	1	200	200.0	12902
chr8	531	5	1	200	200.0	2766
chr8	532	3	2	200	100.0	446
chr8	532	4	3	200	66.66666666666667	592
chr8	533	4	2	200	100.0	560
chr8	534	4	1	200	200.0	503
chr8	535	3	1	200	200.0	413
chr8	535	4	4	200	50.0	576
chr8	535	5	2	200	100.0	2945
chr8	536	3	1	200	200.0	412
chr8	536	4	1	200	200.0	527
chr8	537	3	2	200	100.0	428
chr8	537	4	3	200	66.66666666666667	526
chr8	538	4	1	200	200.0	531
chr8	538	5	1	200	200.0	2464
chr8	539	5	1	200	200.0	2613
chr8	540	3	3	200	66.66666666666667	445
chr8	540	4	1	200	200.0	536
chr8	541	4	1	200	200.0	544
chr8	541	5	1	200	200.0	2738
chr8	541	6	1	200	200.0	13701
chr8	542	4	2	200	100.0	543
chr8	543	4	1	200	200.0	524
chr8	543	6	1	200	200.0	12469
chr8	544	4	1	200	200.0	574
chr8	544	5	1	200	200.0	2514
chr8	545	5	1	200	200.0	2478
chr8	545	6	2	200	100.0	12973
chr8	546	5	3	200	66.66666666666667	2365
chr8	546	6	1	200	200.0	10931
chr8	547	3	2	200	100.0	431
chr8	547	4	2	200	100.0	592
chr8	547	5	3	200	66.66666666666667	2783
chr8	548	3	1	200	200.0	415
chr8	548	4	1	200	200.0	517
chr8	549	3	1	200	200.0	395
chr8	549	4	2	200	100.0	510
chr8	550	3	1	200	200.0	451
chr8	550	4	1	200	200.0	535
chr8	551	4	1	200	200.0	519
chr8	552	4	1	200	200.0	567
chr8	552	5	1	200	200.0	2515
chr8	553	3	1	200	200.0	409
chr8	553	6	1	200	200.0	12546
chr8	554	3	1	200	200.0	412
chr8	554	6	1	200	200.0	12702
chr8	555	3	1	200	200.0	475
chr8	555	4	1	200	200.0	547
chr8	555	6	1	200	200.0	13183
chr8	556	4	2	200	100.0	530
chr8	556	5	1	200	200.0	2583
chr8	557	4	2	200	100.0	529
chr8	558	3	1	200	200.0	385
chr8	558	6	1	200	200.0	12925
chr8	559	5	3	200	66.66666666666667	2574
chr8	561	5	1	200	200.0	2595
chr8	561	6	1	200	200.0	11836
chr8	562	3	1	200	200.0	419
chr8	562	4	1	200	200.0	543
chr8	562	5	1	200	200.0	2602
chr8	563	3	2	200	100.0	441
chr8	563	4	3	200	66.66666666666667	560
chr8	564	4	1	200	200.0	486
chr8	565	5	1	200	200.0	3147
chr8	565	7	1	200	200.0	87427
chr8	566	4	1	200	200.0	542
chr8	566	5	1	200	200.0	2750
chr8	566	6	1	200	200.0	12694
chr8	567	3	1	200	200.0	407
chr8	568	4	1	200	200.0	471
chr8	569	4	1	200	200.0	477
chr8	569	5	1	200	200.0	2498
chr8	570	4	2	200	100.0	568
chr8	571	6	1	200	200.0	11510
chr8	572	3	1	200	200.0	455
chr8	572	5	1	200	200.0	2804
chr8	572	7	1	200	200.0	83429
chr8	573	4	2	200	100.0	508
chr8	573	5	1	200	200.0	2846
chr8	575	4	3	200	66.66666666666667	532
chr8	575	5	1	200	200.0	2899
chr8	575	6	1	200	200.0	12476
chr8	576	4	1	200	200.0	580
chr8	577	5	2	200	100.0	2638
chr8	578	4	1	200	200.0	517
chr8	578	5	1	200	200.0	2679
chr8	579	5	1	200	200.0	2880
chr8	580	4	1	200	200.0	527
chr8	581	4	1	200	200.0	475
chr8	581	5	1	200	200.0	2589
chr8	582	4	3	200	66.66666666666667	595
chr8	582	5	1	200	200.0	2447
chr8	582	6	1	200	200.0	12923
chr8	583	3	1	200	200.0	430
chr8	583	4	1	200	200.0	593
chr8	584	3	1	200	200.0	442
chr8	584	5	1	200	200.0	2703
chr8	585	5	1	200	200.0	2825
chr8	586	4	4	200	50.0	583
chr8	586	5	1	200	200.0	2412
chr8	586	7	1	200	200.0	83751
chr8	587	4	3	200	66.66666666666667	622
chr8	588	4	1	200	200.0	499
chr8	588	5	1	200	200.0	2728
chr8	589	4	1	200	200.0	546
chr8	591	4	2	200	100.0	534
chr8	592	3	1	200	200.0	458
chr8	592	4	1	200	200.0	576
chr8	592	6	1	200	200.0	12133
chr8	593	4	3	200	66.66666666666667	496
chr8	593	5	2	200	100.0	2633
chr8	593	6	1	200	200.0	11661
chr8	594	5	1	200	200.0	2695
chr8	595	4	4	200	50.0	542
chr8	597	4	1	200	200.0	514
chr8	597	6	1	200	200.0	12735
chr8	598	4	2	200	100.0	545
chr8	600	4	1	200	200.0	485
chr8	601	5	1	200	200.0	2901
chr8	602	4	2	200	100.0	563
chr8	603	4	1	200	200.0	513
chr8	603	5	1	200	200.0	2647
chr8	603	6	1	200	200.0	13536
chr8	604	4	2	200	100.0	531
chr8	604	5	1	200	200.0	2854
chr8	605	3	1	200	200.0	425
chr8	605	4	1	200	200.0	557
chr8	605	5	1	200	200.0	2763
chr8	606	4	2	200	100.0	551
chr8	606	5	2	200	100.0	2643
chr8	606	6	1	200	200.0	13410
chr8	607	4	2	200	100.0	583
chr8	608	4	1	200	200.0	653
chr8	608	5	1	200	200.0	2925
chr8	609	4	1	200	200.0	532
chr8	609	5	1	200	200.0	2743
chr8	609	7	1	200	200.0	88716
chr8	610	4	3	200	66.66666666666667	569
chr8	610	5	1	200	200.0	2914
chr8	611	3	1	200	200.0	419
chr8	611	4	2	200	100.0	644
chr8	611	6	1	200	200.0	13998
chr8	612	4	1	200	200.0	570
chr8	613	5	2	200	100.0	2680
chr8	614	4	1	200	200.0	530
chr8	614	5	2	200	100.0	2942
chr8	617	4	2	200	100.0	572
chr8	617	6	1	200	200.0	13312
chr8	618	4	4	200	50.0	493
chr8	619	3	1	200	200.0	422
chr8	619	4	1	200	200.0	517
chr8	621	4	3	200	66.66666666666667	499
chr8	621	5	2	200	100.0	2863
chr8	621	6	1	200	200.0	12779
chr8	622	4	1	200	200.0	484
chr8	623	5	2	200	100.0	2919
chr8	624	4	1	200	200.0	511
chr8	624	5	4	200	50.0	2952
chr8	625	4	2	200	100.0	492
chr8	625	6	1	200	200.0	12092
chr8	626	4	1	200	200.0	526
chr8	626	5	1	200	200.0	2996
chr8	627	4	1	200	200.0	538
chr8	629	4	2	200	100.0	558
chr8	629	5	1	200	200.0	2638
chr8	630	4	2	200	100.0	540
chr8	631	4	2	200	100.0	567
chr8	631	6	1	200	200.0	12514
chr8	632	6	1	200	200.0	13692
chr8	633	4	1	200	200.0	539
chr8	633	5	1	200	200.0	2908
chr8	634	4	2	200	100.0	531
chr8	634	5	1	200	200.0	2667
chr8	634	6	1	200	200.0	14166
chr8	635	4	1	200	200.0	538
chr8	635	5	2	200	100.0	2854
chr8	636	4	1	200	200.0	562
chr8	636	6	1	200	200.0	13058
chr8	637	4	1	200	200.0	431
chr8	638	4	1	200	200.0	548
chr8	639	3	1	200	200.0	434
chr8	639	4	1	200	200.0	600
chr8	639	6	2	200	100.0	12816
chr8	640	4	1	200	200.0	558
chr8	640	5	1	200	200.0	2819
chr8	641	4	2	200	100.0	575
chr8	641	5	1	200	200.0	3030
chr8	642	3	1	200	200.0	407
chr8	642	4	2	200	100.0	555
chr8	642	7	1	200	200.0	92704
chr8	643	4	1	200	200.0	548
chr8	643	5	2	200	100.0	2757
chr8	644	4	1	200	200.0	604
chr8	644	5	1	200	200.0	2982
chr8	645	4	1	200	200.0	515
chr8	645	5	2	200	100.0	2898
chr8	645	6	1	200	200.0	11584
chr8	646	4	2	200	100.0	499
chr8	646	5	1	200	200.0	2900
chr8	647	4	3	200	66.66666666666667	525
chr8	648	4	1	200	200.0	593
chr8	649	4	3	200	66.66666666666667	531
chr8	650	5	1	200	200.0	2806
chr8	651	4	2	200	100.0	509
chr8	651	6	1	200	200.0	12483
chr8	653	4	2	200	100.0	549
chr8	654	4	2	200	100.0	529
chr8	654	6	1	200	200.0	12635
chr8	658	4	4	200	50.0	519
chr8	658	5	1	200	200.0	2698
chr8	659	4	2	200	100.0	568
chr8	659	5	1	200	200.0	2650
chr8	660	4	1	200	200.0	570
chr8	660	5	1	200	200.0	3221
chr8	661	6	1	200	200.0	13978
chr8	662	4	3	200	66.66666666666667	453
chr8	662	5	1	200	200.0	2704
chr8	663	3	1	200	200.0	429
chr8	663	5	1	200	200.0	2987
chr8	664	5	1	200	200.0	2755
chr8	664	6	1	200	200.0	12806
chr8	665	4	1	200	200.0	521
chr8	665	6	1	200	200.0	14797
chr8	666	5	3	200	66.66666666666667	3136
chr8	666	6	1	200	200.0	15245
chr8	667	5	1	200	200.0	2821
chr8	667	6	2	200	100.0	13801
chr8	668	4	1	200	200.0	544
chr8	669	3	1	200	200.0	369
chr8	669	5	1	200	200.0	2939
chr8	670	5	1	200	200.0	3399
chr8	671	4	2	200	100.0	539
chr8	671	5	1	200	200.0	2726
chr8	672	4	2	200	100.0	573
chr8	673	4	3	200	66.66666666666667	567
chr8	674	4	2	200	100.0	500
chr8	674	6	1	200	200.0	12775
chr8	675	5	1	200	200.0	3096
chr8	676	4	1	200	200.0	542
chr8	676	5	1	200	200.0	2983
chr8	677	4	1	200	200.0	501
chr8	678	4	1	200	200.0	574
chr8	678	5	1	200	200.0	2785
chr8	679	4	1	200	200.0	528
chr8	679	5	1	200	200.0	3111
chr8	680	4	1	200	200.0	524
chr8	682	4	1	200	200.0	564
chr8	683	3	1	200	200.0	442
chr8	683	4	1	200	200.0	546
chr8	683	6	1	200	200.0	12526
chr8	684	4	1	200	200.0	495
chr8	684	5	1	200	200.0	2775
chr8	684	6	1	200	200.0	15940
chr8	685	4	1	200	200.0	560
chr8	686	4	1	200	200.0	527
chr8	686	6	1	200	200.0	12497
chr8	687	3	1	200	200.0	406
chr8	687	6	1	200	200.0	11491
chr8	689	5	1	200	200.0	2958
chr8	690	4	1	200	200.0	517
chr8	690	5	1	200	200.0	2465
chr8	691	4	1	200	200.0	566
chr8	691	5	1	200	200.0	2690
chr8	691	6	2	200	100.0	15371
chr8	693	4	1	200	200.0	511
chr8	694	4	1	200	200.0	512
chr8	694	5	1	200	200.0	2983
chr8	695	4	3	200	66.66666666666667	580
chr8	695	5	1	200	200.0	3627
chr8	696	5	1	200	200.0	2932
chr8	699	4	1	200	200.0	470
chr8	701	4	1	200	200.0	549
chr8	701	5	1	200	200.0	2560
chr8	701	6	1	200	200.0	13455
chr8	702	4	2	200	100.0	589
chr8	703	5	1	200	200.0	2976
chr8	703	6	1	200	200.0	14493
chr8	704	6	1	200	200.0	13535
chr8	705	5	1	200	200.0	3225
chr8	706	5	3	200	66.66666666666667	2978
chr8	707	6	1	200	200.0	13676
chr8	708	6	1	200	200.0	12037
chr8	711	3	1	200	200.0	418
chr8	711	5	2	200	100.0	3279
chr8	711	7	1	200	200.0	97397
chr8	712	4	1	200	200.0	588
chr8	712	6	1	200	200.0	14759
chr8	713	5	1	200	200.0	3119
chr8	713	6	1	200	200.0	13149
chr8	714	4	1	200	200.0	522
chr8	714	5	1	200	200.0	3177
chr8	715	5	1	200	200.0	2946
chr8	716	4	1	200	200.0	514
chr8	716	5	1	200	200.0	2922
chr8	717	4	1	200	200.0	549
chr8	719	4	1	200	200.0	528
chr8	719	6	2	200	100.0	13376
chr8	720	5	2	200	100.0	2813
chr8	720	6	1	200	200.0	13653
chr8	721	5	1	200	200.0	2920
chr8	722	4	1	200	200.0	566
chr8	722	5	1	200	200.0	3135
chr8	724	6	1	200	200.0	11956
chr8	725	5	1	200	200.0	2547
chr8	726	5	3	200	66.66666666666667	3160
chr8	728	4	1	200	200.0	554
chr8	728	5	1	200	200.0	3121
chr8	728	6	1	200	200.0	13254
chr8	734	5	1	200	200.0	2989
chr8	736	5	1	200	200.0	3094
chr8	737	5	1	200	200.0	3030
chr8	738	6	1	200	200.0	14048
chr8	741	6	1	200	200.0	13992
chr8	742	6	1	200	200.0	13690
chr8	743	6	2	200	100.0	14143
chr8	744	4	1	200	200.0	554
chr8	744	6	1	200	200.0	13730
chr8	746	5	1	200	200.0	3297
chr8	748	4	1	200	200.0	537
chr8	748	5	1	200	200.0	3293
chr8	751	4	1	200	200.0	534
chr8	751	5	1	200	200.0	3023
chr8	753	5	2	200	100.0	3058
chr8	753	6	1	200	200.0	12844
chr8	754	4	1	200	200.0	531
chr8	755	6	1	200	200.0	14966
chr8	757	5	1	200	200.0	3289
chr8	758	6	1	200	200.0	14526
chr8	760	5	1	200	200.0	2925
chr8	761	5	1	200	200.0	2744
chr8	761	6	1	200	200.0	14250
chr8	762	5	1	200	200.0	2563
chr8	770	5	1	200	200.0	2566
chr8	771	4	1	200	200.0	525
chr8	772	4	2	200	100.0	536
chr8	773	3	1	200	200.0	446
chr8	773	5	1	200	200.0	3073
chr8	775	4	1	200	200.0	483
chr8	777	4	1	200	200.0	582
chr8	777	5	1	200	200.0	3275
chr8	778	6	1	200	200.0	13717
chr8	778	7	1	200	200.0	95091
chr8	780	5	1	200	200.0	2926
chr8	781	5	1	200	200.0	3246
chr8	781	6	1	200	200.0	13072
chr8	784	4	1	200	200.0	531
chr8	785	4	1	200	200.0	519
chr8	789	5	1	200	200.0	2851
chr8	790	4	1	200	200.0	563
chr8	791	4	1	200	200.0	554
chr8	791	5	1	200	200.0	2925
chr8	792	6	1	200	200.0	14327
chr8	793	5	1	200	200.0	2948
chr8	793	6	1	200	200.0	13371
chr8	795	5	3	200	66.66666666666667	2897
chr8	797	4	1	200	200.0	484
chr8	801	5	1	200	200.0	2820
chr8	804	5	2	200	100.0	2688
chr8	805	5	1	200	200.0	3257
chr8	806	4	1	200	200.0	511
chr8	815	4	1	200	200.0	564
chr8	815	5	1	200	200.0	3210
chr8	816	6	1	200	200.0	12971
chr8	818	6	1	200	200.0	14921
chr8	819	4	1	200	200.0	563
chr8	819	5	1	200	200.0	3350
chr8	823	4	1	200	200.0	542
chr8	823	7	1	200	200.0	105950
chr8	829	5	1	200	200.0	2965
chr8	831	5	1	200	200.0	2869
chr8	834	4	1	200	200.0	552
chr8	836	5	1	200	200.0	3159
chr8	841	4	1	200	200.0	546
chr8	841	5	1	200	200.0	2988
chr8	844	6	1	200	200.0	13181
chr8	847	6	1	200	200.0	13014
chr8	848	5	1	200	200.0	3092
chr8	851	6	1	200	200.0	13029
chr8	863	4	1	200	200.0	584
chr8	865	6	1	200	200.0	14780
chr8	867	4	1	200	200.0	534
chr8	876	5	1	200	200.0	3031
chr8	883	4	1	200	200.0	515
chr8	890	5	1	200	200.0	2734
chr8	893	6	1	200	200.0	14615
chr8	898	5	1	200	200.0	3161
chr8	900	6	1	200	200.0	15115
chr8	906	5	1	200	200.0	2996
chr8	907	6	1	200	200.0	12957
chr8	925	6	1	200	200.0	15540
chr8	945	4	1	200	200.0	535
chr8	948	5	1	200	200.0	3157
chr8	949	5	1	200	200.0	3355
chr8	962	5	1	200	200.0	3332
chr8	965	5	1	200	200.0	3183
chr8	969	5	1	200	200.0	3441
chr8	975	5	2	200	100.0	3316
chr8	1012	6	1	200	200.0	14297
chr8	1024	5	1	200	200.0	3368
chr8	1029	5	1	200	200.0	3113
chr8	1089	6	1	200	200.0	15953
chr8	1108	5	1	200	200.0	3251
chr8	1132	5	1	200	200.0	3353
chr8	1136	7	1	200	200.0	142552
chr8	1139	5	1	200	200.0	3588
chr8	1146	5	1	200	200.0	3289
chr8	1176	4	1	200	200.0	536
chr8	1215	4	1	200	200.0	550
chr8	1247	5	1	200	200.0	3648
chr8	1364	4	1	200	200.0	511
chr8	1398	5	1	200	200.0	4309
chr8	1421	4	1	200	200.0	573
chr8	1438	5	1	200	200.0	3398
chr8	1530	6	1	200	200.0	15208
chr8	1684	6	1	200	200.0	16526
chr9	238	6	1	200	200.0	6865
chr9	270	3	1	200	200.0	578
chr9	280	3	1	200	200.0	637
chr9	283	6	1	200	200.0	6031
chr9	285	5	1	200	200.0	1639
chr9	286	5	1	200	200.0	1688
chr9	291	3	1	200	200.0	576
chr9	294	4	1	200	200.0	671
chr9	302	4	2	200	100.0	702
chr9	305	3	1	200	200.0	652
chr9	305	6	1	200	200.0	8003
chr9	306	3	1	200	200.0	527
chr9	306	4	1	200	200.0	707
chr9	310	5	1	200	200.0	1668
chr9	311	3	2	200	100.0	563
chr9	311	7	1	200	200.0	54722
chr9	312	3	1	200	200.0	574
chr9	312	4	1	200	200.0	693
chr9	313	3	1	200	200.0	528
chr9	314	3	1	200	200.0	526
chr9	316	5	1	200	200.0	1786
chr9	319	3	1	200	200.0	578
chr9	320	4	1	200	200.0	682
chr9	321	7	1	200	200.0	60118
chr9	322	6	1	200	200.0	8386
chr9	323	3	1	200	200.0	574
chr9	324	4	2	200	100.0	621
chr9	324	5	1	200	200.0	1761
chr9	325	3	1	200	200.0	545
chr9	325	6	1	200	200.0	8628
chr9	325	7	1	200	200.0	62965
chr9	326	5	1	200	200.0	1868
chr9	329	4	2	200	100.0	643
chr9	329	5	1	200	200.0	1896
chr9	333	4	1	200	200.0	732
chr9	333	6	1	200	200.0	7916
chr9	334	4	1	200	200.0	701
chr9	335	4	1	200	200.0	659
chr9	336	5	1	200	200.0	1875
chr9	336	6	2	200	100.0	7259
chr9	337	4	1	200	200.0	603
chr9	338	3	2	200	100.0	571
chr9	338	4	1	200	200.0	653
chr9	338	5	1	200	200.0	1841
chr9	339	3	1	200	200.0	583
chr9	339	4	1	200	200.0	603
chr9	340	4	2	200	100.0	690
chr9	340	5	1	200	200.0	1707
chr9	342	3	1	200	200.0	609
chr9	342	5	1	200	200.0	1583
chr9	344	4	1	200	200.0	726
chr9	344	5	1	200	200.0	1706
chr9	345	3	1	200	200.0	504
chr9	346	3	2	200	100.0	607
chr9	346	6	1	200	200.0	7543
chr9	347	3	1	200	200.0	536
chr9	348	4	1	200	200.0	705
chr9	348	7	1	200	200.0	61787
chr9	349	3	1	200	200.0	550
chr9	349	4	1	200	200.0	655
chr9	352	3	1	200	200.0	519
chr9	352	4	1	200	200.0	643
chr9	353	3	1	200	200.0	490
chr9	353	4	2	200	100.0	695
chr9	353	6	1	200	200.0	7005
chr9	354	3	1	200	200.0	584
chr9	354	4	1	200	200.0	665
chr9	354	6	1	200	200.0	7463
chr9	354	7	1	200	200.0	56559
chr9	355	3	1	200	200.0	601
chr9	356	4	2	200	100.0	724
chr9	356	5	1	200	200.0	1695
chr9	357	5	1	200	200.0	1927
chr9	358	4	1	200	200.0	743
chr9	359	4	1	200	200.0	615
chr9	360	3	1	200	200.0	532
chr9	360	4	1	200	200.0	603
chr9	360	5	2	200	100.0	1953
chr9	361	4	1	200	200.0	612
chr9	362	3	1	200	200.0	589
chr9	362	4	1	200	200.0	646
chr9	362	5	1	200	200.0	1947
chr9	362	6	2	200	100.0	7772
chr9	363	3	1	200	200.0	558
chr9	363	4	2	200	100.0	637
chr9	364	3	1	200	200.0	555
chr9	364	4	2	200	100.0	647
chr9	364	5	2	200	100.0	1836
chr9	365	4	2	200	100.0	686
chr9	366	3	1	200	200.0	561
chr9	366	4	1	200	200.0	665
chr9	366	6	1	200	200.0	6833
chr9	367	4	2	200	100.0	619
chr9	368	3	2	200	100.0	542
chr9	368	4	1	200	200.0	664
chr9	369	5	1	200	200.0	1851
chr9	369	6	1	200	200.0	7916
chr9	370	4	2	200	100.0	654
chr9	371	3	2	200	100.0	500
chr9	371	4	3	200	66.66666666666667	664
chr9	372	4	1	200	200.0	619
chr9	373	3	1	200	200.0	552
chr9	373	4	4	200	50.0	644
chr9	374	3	1	200	200.0	575
chr9	374	4	1	200	200.0	626
chr9	374	5	1	200	200.0	1680
chr9	375	4	2	200	100.0	643
chr9	376	4	1	200	200.0	640
chr9	376	5	2	200	100.0	1840
chr9	377	3	1	200	200.0	544
chr9	377	4	2	200	100.0	657
chr9	378	4	1	200	200.0	626
chr9	379	3	1	200	200.0	555
chr9	379	4	4	200	50.0	662
chr9	379	5	2	200	100.0	2013
chr9	380	3	1	200	200.0	650
chr9	380	5	1	200	200.0	1991
chr9	381	3	1	200	200.0	584
chr9	381	5	2	200	100.0	1864
chr9	381	6	1	200	200.0	7290
chr9	382	3	2	200	100.0	527
chr9	382	4	2	200	100.0	630
chr9	383	3	1	200	200.0	546
chr9	383	4	4	200	50.0	616
chr9	383	5	1	200	200.0	1961
chr9	384	6	1	200	200.0	7938
chr9	385	4	2	200	100.0	626
chr9	385	5	3	200	66.66666666666667	2391
chr9	386	3	1	200	200.0	513
chr9	386	4	2	200	100.0	696
chr9	386	5	3	200	66.66666666666667	2026
chr9	387	3	2	200	100.0	592
chr9	387	4	1	200	200.0	610
chr9	387	5	1	200	200.0	1889
chr9	388	4	2	200	100.0	663
chr9	388	5	2	200	100.0	1984
chr9	389	3	2	200	100.0	579
chr9	389	4	3	200	66.66666666666667	594
chr9	391	4	2	200	100.0	616
chr9	392	3	1	200	200.0	512
chr9	392	4	2	200	100.0	642
chr9	392	5	1	200	200.0	1905
chr9	393	3	2	200	100.0	554
chr9	393	5	1	200	200.0	1991
chr9	393	7	1	200	200.0	73568
chr9	394	4	2	200	100.0	719
chr9	395	3	1	200	200.0	638
chr9	395	5	2	200	100.0	1744
chr9	396	3	1	200	200.0	540
chr9	396	4	2	200	100.0	636
chr9	396	5	1	200	200.0	1940
chr9	396	6	1	200	200.0	7973
chr9	396	7	1	200	200.0	60618
chr9	397	3	1	200	200.0	607
chr9	397	4	1	200	200.0	660
chr9	398	3	1	200	200.0	557
chr9	398	4	5	200	40.0	619
chr9	398	6	2	200	100.0	8233
chr9	399	4	1	200	200.0	626
chr9	399	5	1	200	200.0	1875
chr9	400	3	1	200	200.0	547
chr9	400	4	1	200	200.0	629
chr9	400	5	2	200	100.0	2144
chr9	401	4	1	200	200.0	585
chr9	402	3	1	200	200.0	560
chr9	402	4	3	200	66.66666666666667	596
chr9	402	5	2	200	100.0	1872
chr9	403	3	1	200	200.0	568
chr9	403	4	1	200	200.0	636
chr9	404	3	2	200	100.0	575
chr9	404	4	1	200	200.0	597
chr9	404	6	1	200	200.0	6817
chr9	405	3	2	200	100.0	544
chr9	405	4	1	200	200.0	618
chr9	405	6	1	200	200.0	8160
chr9	406	3	1	200	200.0	566
chr9	406	5	1	200	200.0	1691
chr9	407	3	1	200	200.0	613
chr9	407	5	1	200	200.0	2046
chr9	408	5	1	200	200.0	1913
chr9	408	6	3	200	66.66666666666667	7779
chr9	409	4	1	200	200.0	612
chr9	409	6	1	200	200.0	8599
chr9	410	4	3	200	66.66666666666667	671
chr9	411	4	1	200	200.0	571
chr9	411	5	1	200	200.0	1981
chr9	412	4	2	200	100.0	619
chr9	413	4	5	200	40.0	667
chr9	413	5	1	200	200.0	1961
chr9	414	3	3	200	66.66666666666667	581
chr9	414	4	3	200	66.66666666666667	580
chr9	414	5	1	200	200.0	1873
chr9	415	3	2	200	100.0	568
chr9	415	5	1	200	200.0	1935
chr9	415	6	2	200	100.0	7866
chr9	416	3	3	200	66.66666666666667	503
chr9	416	5	1	200	200.0	2155
chr9	417	3	1	200	200.0	589
chr9	417	4	1	200	200.0	621
chr9	417	6	1	200	200.0	7726
chr9	418	3	1	200	200.0	516
chr9	418	4	1	200	200.0	605
chr9	418	5	1	200	200.0	1944
chr9	419	3	3	200	66.66666666666667	519
chr9	419	4	2	200	100.0	643
chr9	419	5	1	200	200.0	1934
chr9	419	6	1	200	200.0	8397
chr9	420	3	1	200	200.0	617
chr9	420	4	2	200	100.0	606
chr9	420	6	1	200	200.0	7808
chr9	421	3	2	200	100.0	518
chr9	421	4	2	200	100.0	622
chr9	421	5	1	200	200.0	1869
chr9	422	4	5	200	40.0	574
chr9	422	5	1	200	200.0	1887
chr9	423	3	1	200	200.0	607
chr9	423	4	1	200	200.0	685
chr9	423	5	1	200	200.0	1931
chr9	424	4	1	200	200.0	576
chr9	424	5	1	200	200.0	1915
chr9	425	4	4	200	50.0	578
chr9	425	5	1	200	200.0	1927
chr9	426	4	1	200	200.0	646
chr9	426	5	1	200	200.0	1974
chr9	427	3	1	200	200.0	586
chr9	427	4	2	200	100.0	602
chr9	427	5	2	200	100.0	2098
chr9	427	7	1	200	200.0	68289
chr9	428	3	1	200	200.0	628
chr9	428	4	2	200	100.0	680
chr9	429	4	6	200	33.333333333333336	642
chr9	430	3	1	200	200.0	525
chr9	430	4	3	200	66.66666666666667	626
chr9	430	6	1	200	200.0	7585
chr9	431	3	2	200	100.0	519
chr9	431	7	1	200	200.0	58161
chr9	432	3	1	200	200.0	560
chr9	432	6	1	200	200.0	9180
chr9	433	3	1	200	200.0	559
chr9	433	4	1	200	200.0	603
chr9	433	5	4	200	50.0	1898
chr9	433	6	1	200	200.0	8359
chr9	434	4	2	200	100.0	614
chr9	434	5	1	200	200.0	1985
chr9	434	6	1	200	200.0	8383
chr9	435	4	1	200	200.0	611
chr9	435	5	2	200	100.0	1906
chr9	436	4	3	200	66.66666666666667	629
chr9	436	5	2	200	100.0	1926
chr9	436	6	1	200	200.0	8189
chr9	437	4	1	200	200.0	571
chr9	437	5	2	200	100.0	2155
chr9	438	3	2	200	100.0	569
chr9	438	4	2	200	100.0	651
chr9	439	4	1	200	200.0	595
chr9	439	5	1	200	200.0	1991
chr9	439	6	2	200	100.0	8280
chr9	440	4	2	200	100.0	661
chr9	440	5	2	200	100.0	2110
chr9	440	6	1	200	200.0	7273
chr9	441	4	1	200	200.0	653
chr9	441	5	3	200	66.66666666666667	2101
chr9	442	3	1	200	200.0	555
chr9	442	4	1	200	200.0	625
chr9	443	4	4	200	50.0	714
chr9	443	5	2	200	100.0	2117
chr9	443	6	1	200	200.0	9463
chr9	444	4	1	200	200.0	634
chr9	444	5	2	200	100.0	2054
chr9	445	3	1	200	200.0	564
chr9	445	4	2	200	100.0	599
chr9	446	3	1	200	200.0	539
chr9	446	4	1	200	200.0	673
chr9	447	4	1	200	200.0	644
chr9	447	5	1	200	200.0	1807
chr9	448	3	1	200	200.0	626
chr9	448	4	1	200	200.0	641
chr9	448	5	2	200	100.0	1745
chr9	449	3	1	200	200.0	538
chr9	449	4	2	200	100.0	659
chr9	450	3	1	200	200.0	582
chr9	450	4	2	200	100.0	631
chr9	450	5	2	200	100.0	2005
chr9	450	6	1	200	200.0	7954
chr9	451	3	1	200	200.0	610
chr9	451	4	5	200	40.0	533
chr9	452	4	2	200	100.0	640
chr9	452	5	1	200	200.0	1947
chr9	453	3	1	200	200.0	525
chr9	453	4	4	200	50.0	715
chr9	454	3	1	200	200.0	533
chr9	454	4	3	200	66.66666666666667	569
chr9	454	5	1	200	200.0	1970
chr9	455	3	2	200	100.0	556
chr9	455	4	2	200	100.0	536
chr9	456	4	2	200	100.0	609
chr9	456	5	2	200	100.0	1853
chr9	457	4	3	200	66.66666666666667	605
chr9	457	5	1	200	200.0	2088
chr9	458	3	2	200	100.0	575
chr9	458	4	2	200	100.0	608
chr9	458	6	1	200	200.0	8520
chr9	459	3	1	200	200.0	560
chr9	459	4	3	200	66.66666666666667	602
chr9	460	4	1	200	200.0	607
chr9	460	5	2	200	100.0	2315
chr9	460	6	1	200	200.0	7865
chr9	461	3	2	200	100.0	568
chr9	461	4	2	200	100.0	665
chr9	461	5	1	200	200.0	1902
chr9	462	4	3	200	66.66666666666667	611
chr9	463	3	3	200	66.66666666666667	508
chr9	463	5	3	200	66.66666666666667	1899
chr9	463	6	2	200	100.0	7730
chr9	464	4	1	200	200.0	674
chr9	464	6	1	200	200.0	8155
chr9	465	4	5	200	40.0	618
chr9	465	5	3	200	66.66666666666667	1968
chr9	466	6	1	200	200.0	8959
chr9	467	4	1	200	200.0	614
chr9	467	5	2	200	100.0	1974
chr9	468	4	1	200	200.0	624
chr9	468	5	1	200	200.0	2070
chr9	468	6	1	200	200.0	9250
chr9	469	4	5	200	40.0	599
chr9	469	5	1	200	200.0	2537
chr9	470	4	4	200	50.0	596
chr9	470	5	3	200	66.66666666666667	2015
chr9	471	4	2	200	100.0	577
chr9	471	5	1	200	200.0	1848
chr9	473	4	1	200	200.0	613
chr9	473	6	1	200	200.0	8165
chr9	474	3	1	200	200.0	584
chr9	474	4	4	200	50.0	584
chr9	475	3	1	200	200.0	589
chr9	475	4	3	200	66.66666666666667	601
chr9	475	5	2	200	100.0	2060
chr9	475	6	1	200	200.0	7266
chr9	475	7	2	200	100.0	70134
chr9	476	4	2	200	100.0	661
chr9	477	4	2	200	100.0	647
chr9	477	5	2	200	100.0	2247
chr9	477	6	1	200	200.0	8795
chr9	478	3	1	200	200.0	607
chr9	478	4	2	200	100.0	674
chr9	478	7	1	200	200.0	59966
chr9	479	4	2	200	100.0	630
chr9	479	5	1	200	200.0	1976
chr9	480	4	4	200	50.0	608
chr9	481	4	1	200	200.0	585
chr9	481	5	1	200	200.0	2027
chr9	482	4	3	200	66.66666666666667	655
chr9	482	5	2	200	100.0	2326
chr9	482	6	1	200	200.0	8110
chr9	483	4	3	200	66.66666666666667	546
chr9	483	5	2	200	100.0	2004
chr9	484	4	2	200	100.0	532
chr9	485	3	2	200	100.0	535
chr9	485	4	3	200	66.66666666666667	547
chr9	486	3	2	200	100.0	501
chr9	486	4	2	200	100.0	609
chr9	487	3	1	200	200.0	546
chr9	487	4	2	200	100.0	641
chr9	487	5	2	200	100.0	2062
chr9	487	6	1	200	200.0	8297
chr9	488	3	1	200	200.0	605
chr9	488	5	2	200	100.0	2140
chr9	488	6	1	200	200.0	8591
chr9	489	6	2	200	100.0	7652
chr9	490	4	1	200	200.0	617
chr9	490	6	1	200	200.0	7928
chr9	491	6	1	200	200.0	8127
chr9	492	5	1	200	200.0	2025
chr9	493	5	1	200	200.0	2105
chr9	494	4	1	200	200.0	662
chr9	495	3	2	200	100.0	561
chr9	495	4	4	200	50.0	600
chr9	495	5	1	200	200.0	2217
chr9	495	6	1	200	200.0	8791
chr9	496	4	2	200	100.0	657
chr9	496	6	1	200	200.0	9126
chr9	497	4	2	200	100.0	629
chr9	498	4	3	200	66.66666666666667	618
chr9	498	5	2	200	100.0	2118
chr9	499	4	1	200	200.0	582
chr9	500	4	2	200	100.0	621
chr9	500	5	1	200	200.0	2073
chr9	501	7	1	200	200.0	75780
chr9	502	4	1	200	200.0	566
chr9	502	5	3	200	66.66666666666667	2098
chr9	502	6	1	200	200.0	9238
chr9	502	7	1	200	200.0	68961
chr9	503	4	1	200	200.0	584
chr9	504	4	1	200	200.0	646
chr9	504	6	1	200	200.0	8014
chr9	505	4	2	200	100.0	632
chr9	506	4	1	200	200.0	575
chr9	507	3	1	200	200.0	589
chr9	507	5	1	200	200.0	2203
chr9	508	4	1	200	200.0	583
chr9	508	5	1	200	200.0	2014
chr9	508	6	1	200	200.0	9111
chr9	509	4	2	200	100.0	579
chr9	510	6	2	200	100.0	10333
chr9	511	4	2	200	100.0	611
chr9	511	6	1	200	200.0	9809
chr9	512	5	1	200	200.0	2261
chr9	512	6	2	200	100.0	8484
chr9	513	3	1	200	200.0	560
chr9	513	4	2	200	100.0	649
chr9	513	5	2	200	100.0	2099
chr9	514	4	1	200	200.0	632
chr9	514	5	1	200	200.0	2227
chr9	514	6	2	200	100.0	8648
chr9	514	7	2	200	100.0	61697
chr9	515	4	1	200	200.0	615
chr9	515	5	1	200	200.0	2268
chr9	516	5	2	200	100.0	1942
chr9	517	4	1	200	200.0	594
chr9	517	6	1	200	200.0	7865
chr9	518	6	1	200	200.0	9068
chr9	519	4	4	200	50.0	612
chr9	519	5	1	200	200.0	1999
chr9	520	4	1	200	200.0	651
chr9	520	5	1	200	200.0	1979
chr9	521	4	3	200	66.66666666666667	604
chr9	521	5	2	200	100.0	2178
chr9	521	6	2	200	100.0	7552
chr9	523	4	1	200	200.0	622
chr9	523	6	1	200	200.0	8629
chr9	524	5	1	200	200.0	1824
chr9	525	5	1	200	200.0	1959
chr9	525	6	1	200	200.0	8108
chr9	526	3	1	200	200.0	478
chr9	526	4	1	200	200.0	638
chr9	526	5	1	200	200.0	1955
chr9	526	6	1	200	200.0	8340
chr9	527	4	1	200	200.0	665
chr9	527	5	1	200	200.0	2241
chr9	528	4	2	200	100.0	624
chr9	529	4	1	200	200.0	626
chr9	529	5	1	200	200.0	2206
chr9	530	5	3	200	66.66666666666667	1951
chr9	531	6	1	200	200.0	9325
chr9	532	4	2	200	100.0	679
chr9	532	5	1	200	200.0	2074
chr9	533	4	2	200	100.0	612
chr9	533	5	1	200	200.0	2417
chr9	534	6	1	200	200.0	8904
chr9	535	5	1	200	200.0	2273
chr9	536	4	2	200	100.0	642
chr9	537	3	1	200	200.0	529
chr9	537	4	1	200	200.0	563
chr9	537	5	1	200	200.0	2123
chr9	538	3	1	200	200.0	530
chr9	538	4	3	200	66.66666666666667	574
chr9	538	7	1	200	200.0	71560
chr9	539	4	3	200	66.66666666666667	613
chr9	539	7	1	200	200.0	82505
chr9	540	4	1	200	200.0	653
chr9	540	6	1	200	200.0	9662
chr9	541	5	1	200	200.0	2440
chr9	543	5	1	200	200.0	2044
chr9	544	6	1	200	200.0	8740
chr9	545	4	2	200	100.0	598
chr9	545	5	1	200	200.0	2089
chr9	545	6	1	200	200.0	8566
chr9	546	5	2	200	100.0	2253
chr9	546	7	1	200	200.0	82411
chr9	547	5	1	200	200.0	2348
chr9	548	5	2	200	100.0	2166
chr9	549	4	1	200	200.0	608
chr9	549	5	1	200	200.0	2187
chr9	550	3	1	200	200.0	515
chr9	550	5	1	200	200.0	1948
chr9	551	4	1	200	200.0	575
chr9	551	5	2	200	100.0	2174
chr9	552	4	1	200	200.0	599
chr9	553	6	1	200	200.0	9240
chr9	554	3	1	200	200.0	488
chr9	554	4	1	200	200.0	601
chr9	555	4	2	200	100.0	573
chr9	555	5	1	200	200.0	2102
chr9	556	3	1	200	200.0	527
chr9	556	4	2	200	100.0	582
chr9	556	5	3	200	66.66666666666667	2172
chr9	557	6	1	200	200.0	8671
chr9	559	4	1	200	200.0	586
chr9	560	6	1	200	200.0	8857
chr9	561	4	1	200	200.0	608
chr9	562	4	2	200	100.0	659
chr9	563	4	1	200	200.0	622
chr9	563	5	1	200	200.0	2194
chr9	563	6	1	200	200.0	8228
chr9	563	7	1	200	200.0	72759
chr9	564	4	1	200	200.0	640
chr9	564	5	1	200	200.0	1979
chr9	564	6	1	200	200.0	7910
chr9	565	4	1	200	200.0	619
chr9	565	5	1	200	200.0	1946
chr9	565	6	1	200	200.0	9113
chr9	566	4	3	200	66.66666666666667	581
chr9	566	5	1	200	200.0	2316
chr9	567	4	1	200	200.0	645
chr9	568	4	1	200	200.0	629
chr9	568	6	1	200	200.0	9175
chr9	569	3	1	200	200.0	487
chr9	569	4	3	200	66.66666666666667	595
chr9	569	5	3	200	66.66666666666667	2065
chr9	571	5	1	200	200.0	2423
chr9	572	4	1	200	200.0	572
chr9	572	6	1	200	200.0	9124
chr9	573	4	3	200	66.66666666666667	596
chr9	573	5	1	200	200.0	2018
chr9	575	5	1	200	200.0	2103
chr9	576	6	1	200	200.0	7880
chr9	577	4	1	200	200.0	594
chr9	577	5	1	200	200.0	2424
chr9	577	6	1	200	200.0	8529
chr9	578	4	1	200	200.0	597
chr9	578	5	3	200	66.66666666666667	1948
chr9	578	6	1	200	200.0	8674
chr9	579	3	1	200	200.0	601
chr9	579	4	1	200	200.0	651
chr9	579	5	1	200	200.0	2228
chr9	580	3	1	200	200.0	549
chr9	580	4	1	200	200.0	621
chr9	580	5	1	200	200.0	1866
chr9	580	6	1	200	200.0	8526
chr9	581	4	1	200	200.0	579
chr9	581	5	1	200	200.0	2208
chr9	582	4	1	200	200.0	731
chr9	582	5	4	200	50.0	2055
chr9	583	3	1	200	200.0	615
chr9	583	4	1	200	200.0	635
chr9	583	5	1	200	200.0	2315
chr9	584	5	1	200	200.0	2096
chr9	586	4	1	200	200.0	681
chr9	586	5	1	200	200.0	2056
chr9	586	7	1	200	200.0	70738
chr9	587	6	2	200	100.0	8151
chr9	588	4	1	200	200.0	674
chr9	589	4	2	200	100.0	549
chr9	589	5	1	200	200.0	2349
chr9	589	7	1	200	200.0	88379
chr9	591	4	2	200	100.0	627
chr9	591	5	2	200	100.0	2414
chr9	593	4	1	200	200.0	629
chr9	593	5	1	200	200.0	2084
chr9	595	3	1	200	200.0	507
chr9	595	4	1	200	200.0	687
chr9	597	4	2	200	100.0	600
chr9	597	5	1	200	200.0	2116
chr9	598	4	2	200	100.0	601
chr9	598	5	2	200	100.0	2119
chr9	599	5	1	200	200.0	2312
chr9	600	4	1	200	200.0	603
chr9	600	5	2	200	100.0	2160
chr9	601	4	1	200	200.0	668
chr9	601	5	2	200	100.0	2271
chr9	601	6	1	200	200.0	9349
chr9	602	4	1	200	200.0	656
chr9	602	5	2	200	100.0	1954
chr9	602	6	1	200	200.0	9490
chr9	604	5	1	200	200.0	2149
chr9	604	6	2	200	100.0	9672
chr9	605	5	1	200	200.0	2265
chr9	606	5	1	200	200.0	2119
chr9	606	6	1	200	200.0	8031
chr9	607	4	1	200	200.0	582
chr9	608	4	3	200	66.66666666666667	546
chr9	610	3	1	200	200.0	531
chr9	610	5	1	200	200.0	2508
chr9	611	5	2	200	100.0	1889
chr9	613	4	1	200	200.0	607
chr9	613	5	1	200	200.0	2098
chr9	614	5	1	200	200.0	2105
chr9	615	4	2	200	100.0	677
chr9	616	3	1	200	200.0	480
chr9	616	5	1	200	200.0	2228
chr9	617	4	1	200	200.0	608
chr9	617	5	2	200	100.0	2261
chr9	617	6	1	200	200.0	8600
chr9	618	4	2	200	100.0	596
chr9	618	7	1	200	200.0	75007
chr9	620	4	1	200	200.0	620
chr9	620	5	1	200	200.0	2084
chr9	622	4	1	200	200.0	615
chr9	623	4	1	200	200.0	613
chr9	623	5	1	200	200.0	2234
chr9	624	4	1	200	200.0	584
chr9	624	5	1	200	200.0	2282
chr9	625	4	2	200	100.0	650
chr9	626	4	2	200	100.0	648
chr9	626	5	1	200	200.0	2284
chr9	627	3	1	200	200.0	541
chr9	627	4	1	200	200.0	625
chr9	627	5	3	200	66.66666666666667	2206
chr9	627	6	3	200	66.66666666666667	8697
chr9	628	5	1	200	200.0	2383
chr9	629	3	1	200	200.0	619
chr9	629	4	3	200	66.66666666666667	625
chr9	629	5	1	200	200.0	2269
chr9	630	4	1	200	200.0	598
chr9	631	4	1	200	200.0	570
chr9	631	5	2	200	100.0	1920
chr9	632	5	1	200	200.0	2008
chr9	633	4	1	200	200.0	652
chr9	634	5	2	200	100.0	2512
chr9	635	4	1	200	200.0	602
chr9	635	6	1	200	200.0	9626
chr9	636	4	1	200	200.0	573
chr9	637	4	1	200	200.0	621
chr9	637	5	1	200	200.0	2197
chr9	639	4	2	200	100.0	589
chr9	639	5	1	200	200.0	2236
chr9	639	6	1	200	200.0	9128
chr9	640	5	1	200	200.0	2212
chr9	640	6	1	200	200.0	9592
chr9	641	4	2	200	100.0	571
chr9	641	5	1	200	200.0	2054
chr9	641	6	1	200	200.0	9182
chr9	643	4	1	200	200.0	575
chr9	643	6	1	200	200.0	10125
chr9	644	4	3	200	66.66666666666667	584
chr9	645	4	1	200	200.0	612
chr9	646	4	1	200	200.0	608
chr9	647	5	1	200	200.0	2235
chr9	647	6	3	200	66.66666666666667	9646
chr9	649	6	2	200	100.0	9977
chr9	650	5	2	200	100.0	2058
chr9	651	5	1	200	200.0	2476
chr9	651	6	1	200	200.0	9014
chr9	653	3	1	200	200.0	487
chr9	653	4	1	200	200.0	585
chr9	654	4	1	200	200.0	560
chr9	655	4	1	200	200.0	586
chr9	655	5	1	200	200.0	2039
chr9	655	6	2	200	100.0	8459
chr9	656	5	1	200	200.0	2339
chr9	657	4	1	200	200.0	611
chr9	658	5	1	200	200.0	2105
chr9	658	6	1	200	200.0	9258
chr9	659	4	2	200	100.0	590
chr9	659	5	1	200	200.0	2390
chr9	660	5	2	200	100.0	2208
chr9	660	6	1	200	200.0	7583
chr9	662	5	1	200	200.0	1729
chr9	663	5	1	200	200.0	2143
chr9	665	6	1	200	200.0	9422
chr9	666	4	1	200	200.0	635
chr9	666	5	1	200	200.0	2066
chr9	667	3	1	200	200.0	516
chr9	667	4	1	200	200.0	655
chr9	668	5	1	200	200.0	1994
chr9	668	6	1	200	200.0	9015
chr9	669	4	1	200	200.0	576
chr9	669	5	2	200	100.0	2394
chr9	671	5	1	200	200.0	2337
chr9	672	4	1	200	200.0	619
chr9	672	5	1	200	200.0	1997
chr9	673	5	1	200	200.0	2160
chr9	673	6	1	200	200.0	8636
chr9	675	6	1	200	200.0	10253
chr9	676	5	2	200	100.0	2168
chr9	676	7	1	200	200.0	85842
chr9	677	4	4	200	50.0	623
chr9	677	5	1	200	200.0	2249
chr9	679	4	1	200	200.0	580
chr9	679	6	2	200	100.0	10653
chr9	680	6	1	200	200.0	9130
chr9	682	3	1	200	200.0	482
chr9	682	5	1	200	200.0	2222
chr9	683	5	1	200	200.0	2112
chr9	684	5	2	200	100.0	2319
chr9	685	4	2	200	100.0	588
chr9	687	4	2	200	100.0	647
chr9	688	5	2	200	100.0	2207
chr9	690	5	2	200	100.0	1952
chr9	690	6	2	200	100.0	10496
chr9	691	5	1	200	200.0	2299
chr9	692	5	1	200	200.0	2378
chr9	693	6	1	200	200.0	9003
chr9	695	5	1	200	200.0	2185
chr9	696	5	1	200	200.0	2176
chr9	697	4	1	200	200.0	622
chr9	698	4	1	200	200.0	655
chr9	698	6	1	200	200.0	8675
chr9	699	5	2	200	100.0	2405
chr9	700	5	1	200	200.0	2478
chr9	700	6	1	200	200.0	8184
chr9	701	3	1	200	200.0	555
chr9	701	5	1	200	200.0	2281
chr9	702	5	2	200	100.0	2113
chr9	703	5	1	200	200.0	2271
chr9	703	6	1	200	200.0	7966
chr9	704	5	1	200	200.0	2188
chr9	704	6	1	200	200.0	9179
chr9	706	4	1	200	200.0	569
chr9	706	5	2	200	100.0	2227
chr9	707	6	1	200	200.0	9344
chr9	708	4	2	200	100.0	619
chr9	708	5	2	200	100.0	2456
chr9	710	5	1	200	200.0	2359
chr9	710	6	1	200	200.0	9148
chr9	711	5	1	200	200.0	2048
chr9	713	5	2	200	100.0	2514
chr9	716	5	1	200	200.0	2191
chr9	719	4	1	200	200.0	593
chr9	719	5	2	200	100.0	2513
chr9	720	4	1	200	200.0	618
chr9	721	4	1	200	200.0	570
chr9	724	3	1	200	200.0	538
chr9	726	6	1	200	200.0	8155
chr9	728	4	1	200	200.0	644
chr9	728	5	1	200	200.0	2002
chr9	729	6	1	200	200.0	7877
chr9	733	5	1	200	200.0	2174
chr9	733	6	1	200	200.0	8519
chr9	735	4	1	200	200.0	660
chr9	737	4	1	200	200.0	620
chr9	737	6	2	200	100.0	9155
chr9	738	5	1	200	200.0	2247
chr9	739	5	1	200	200.0	2331
chr9	740	4	1	200	200.0	571
chr9	740	5	2	200	100.0	2031
chr9	743	5	2	200	100.0	2215
chr9	744	5	1	200	200.0	2302
chr9	745	5	1	200	200.0	2297
chr9	745	6	1	200	200.0	8216
chr9	747	5	2	200	100.0	2391
chr9	748	4	2	200	100.0	581
chr9	748	6	1	200	200.0	8021
chr9	749	4	1	200	200.0	630
chr9	750	5	1	200	200.0	1979
chr9	751	4	1	200	200.0	602
chr9	752	4	1	200	200.0	588
chr9	753	4	2	200	100.0	556
chr9	753	5	1	200	200.0	2251
chr9	754	5	2	200	100.0	2085
chr9	755	6	1	200	200.0	10089
chr9	756	6	3	200	66.66666666666667	8902
chr9	757	5	1	200	200.0	2061
chr9	760	4	1	200	200.0	573
chr9	761	5	2	200	100.0	2375
chr9	763	5	1	200	200.0	2536
chr9	764	4	1	200	200.0	629
chr9	765	5	1	200	200.0	2258
chr9	766	5	1	200	200.0	2366
chr9	766	6	1	200	200.0	8659
chr9	767	5	2	200	100.0	2182
chr9	771	6	1	200	200.0	9755
chr9	772	6	1	200	200.0	8805
chr9	773	4	1	200	200.0	614
chr9	773	5	1	200	200.0	2266
chr9	773	6	1	200	200.0	9077
chr9	774	5	1	200	200.0	2188
chr9	775	5	2	200	100.0	2466
chr9	775	6	1	200	200.0	9425
chr9	777	5	1	200	200.0	1988
chr9	780	6	1	200	200.0	10812
chr9	781	4	1	200	200.0	533
chr9	782	5	1	200	200.0	2130
chr9	784	6	2	200	100.0	9089
chr9	785	5	1	200	200.0	2266
chr9	786	5	1	200	200.0	2401
chr9	790	5	2	200	100.0	2154
chr9	793	4	1	200	200.0	563
chr9	794	6	1	200	200.0	9890
chr9	796	5	1	200	200.0	2217
chr9	798	5	1	200	200.0	2322
chr9	801	6	1	200	200.0	8610
chr9	804	7	1	200	200.0	87966
chr9	806	6	1	200	200.0	11603
chr9	807	4	1	200	200.0	568
chr9	811	4	1	200	200.0	592
chr9	811	5	5	200	40.0	2163
chr9	811	6	2	200	100.0	9410
chr9	813	5	1	200	200.0	2283
chr9	814	5	1	200	200.0	2212
chr9	816	4	3	200	66.66666666666667	605
chr9	816	6	1	200	200.0	9409
chr9	819	5	1	200	200.0	2120
chr9	822	5	1	200	200.0	2231
chr9	823	6	1	200	200.0	7901
chr9	825	6	1	200	200.0	9042
chr9	826	5	1	200	200.0	2370
chr9	829	5	1	200	200.0	2495
chr9	830	5	3	200	66.66666666666667	2355
chr9	832	5	1	200	200.0	2570
chr9	833	5	2	200	100.0	2403
chr9	833	6	1	200	200.0	8924
chr9	835	5	1	200	200.0	2218
chr9	838	4	1	200	200.0	588
chr9	850	5	1	200	200.0	2155
chr9	852	6	2	200	100.0	11059
chr9	853	4	1	200	200.0	598
chr9	854	4	1	200	200.0	615
chr9	854	7	1	200	200.0	92796
chr9	856	6	1	200	200.0	10085
chr9	859	5	1	200	200.0	2382
chr9	863	5	1	200	200.0	2422
chr9	870	4	2	200	100.0	634
chr9	880	5	1	200	200.0	2480
chr9	882	4	1	200	200.0	569
chr9	886	5	1	200	200.0	2374
chr9	887	5	1	200	200.0	2440
chr9	889	4	2	200	100.0	551
chr9	893	5	1	200	200.0	2192
chr9	893	6	1	200	200.0	9769
chr9	894	6	1	200	200.0	10303
chr9	895	5	1	200	200.0	2220
chr9	898	5	1	200	200.0	2251
chr9	901	4	1	200	200.0	599
chr9	902	5	1	200	200.0	2443
chr9	903	5	1	200	200.0	2259
chr9	906	5	1	200	200.0	2490
chr9	912	5	1	200	200.0	2461
chr9	915	5	1	200	200.0	2516
chr9	919	6	1	200	200.0	9324
chr9	920	5	1	200	200.0	2476
chr9	929	6	1	200	200.0	9721
chr9	934	4	1	200	200.0	572
chr9	935	5	1	200	200.0	2146
chr9	936	5	1	200	200.0	2238
chr9	940	6	1	200	200.0	8322
chr9	945	5	1	200	200.0	2622
chr9	949	5	1	200	200.0	2462
chr9	954	6	1	200	200.0	9918
chr9	960	5	1	200	200.0	2305
chr9	964	4	1	200	200.0	581
chr9	964	6	2	200	100.0	9230
chr9	965	6	1	200	200.0	9366
chr9	967	5	1	200	200.0	2595
chr9	968	6	1	200	200.0	9809
chr9	969	4	1	200	200.0	565
chr9	978	5	1	200	200.0	2419
chr9	984	5	1	200	200.0	2441
chr9	986	5	1	200	200.0	2355
chr9	990	6	1	200	200.0	9119
chr9	993	6	1	200	200.0	9870
chr9	1003	5	2	200	100.0	2638
chr9	1018	6	1	200	200.0	9441
chr9	1030	7	1	200	200.0	114181
chr9	1054	5	1	200	200.0	2124
chr9	1056	4	1	200	200.0	601
chr9	1068	6	1	200	200.0	8495
chr9	1110	5	1	200	200.0	2449
chr9	1111	6	1	200	200.0	10087
chr9	1120	5	1	200	200.0	2406
chr9	1129	6	1	200	200.0	10234
chr9	1131	5	1	200	200.0	2697
chr9	1143	5	1	200	200.0	2378
chr9	1147	6	1	200	200.0	10322
chr9	1156	4	1	200	200.0	641
chr9	1172	5	1	200	200.0	2485
chr9	1184	5	1	200	200.0	2283
chr9	1242	6	1	200	200.0	10996
chr9	1369	5	1	200	200.0	2969
chr9	1420	6	1	200	200.0	11106
chr9	1441	5	1	200	200.0	2517
chr9	1523	6	1	200	200.0	10183
chr9	1586	5	1	200	200.0	2616
chr9	1782	5	1	200	200.0	2499
chrX	249	3	1	200	200.0	453
chrX	279	3	1	200	200.0	458
chrX	280	5	1	200	200.0	2118
chrX	282	5	1	200	200.0	2268
chrX	283	3	1	200	200.0	388
chrX	284	4	1	200	200.0	640
chrX	284	6	1	200	200.0	22999
chrX	286	5	1	200	200.0	2008
chrX	288	3	1	200	200.0	400
chrX	289	3	1	200	200.0	450
chrX	292	3	2	200	100.0	451
chrX	294	4	1	200	200.0	609
chrX	301	4	1	200	200.0	621
chrX	302	3	1	200	200.0	434
chrX	304	4	3	200	66.66666666666667	613
chrX	306	4	1	200	200.0	634
chrX	307	4	1	200	200.0	625
chrX	309	4	1	200	200.0	630
chrX	316	3	1	200	200.0	388
chrX	317	4	1	200	200.0	594
chrX	317	5	1	200	200.0	2049
chrX	318	4	1	200	200.0	650
chrX	320	4	2	200	100.0	544
chrX	321	3	1	200	200.0	405
chrX	322	4	1	200	200.0	621
chrX	322	5	1	200	200.0	2107
chrX	323	3	1	200	200.0	426
chrX	324	4	1	200	200.0	677
chrX	325	3	3	200	66.66666666666667	430
chrX	325	4	1	200	200.0	555
chrX	326	3	1	200	200.0	387
chrX	327	5	1	200	200.0	2200
chrX	328	4	3	200	66.66666666666667	692
chrX	329	4	2	200	100.0	633
chrX	329	5	1	200	200.0	2569
chrX	330	3	2	200	100.0	426
chrX	330	4	1	200	200.0	623
chrX	331	4	3	200	66.66666666666667	604
chrX	331	6	1	200	200.0	23067
chrX	332	4	1	200	200.0	576
chrX	334	5	1	200	200.0	2368
chrX	336	4	1	200	200.0	623
chrX	336	5	1	200	200.0	2048
chrX	337	3	4	200	50.0	424
chrX	337	4	1	200	200.0	592
chrX	337	7	1	200	200.0	87852
chrX	338	4	3	200	66.66666666666667	578
chrX	339	4	1	200	200.0	674
chrX	340	3	2	200	100.0	398
chrX	341	3	1	200	200.0	436
chrX	343	5	2	200	100.0	2495
chrX	344	3	2	200	100.0	438
chrX	345	4	3	200	66.66666666666667	584
chrX	346	4	1	200	200.0	610
chrX	348	4	2	200	100.0	645
chrX	349	3	3	200	66.66666666666667	440
chrX	349	4	1	200	200.0	554
chrX	350	4	1	200	200.0	530
chrX	352	4	1	200	200.0	555
chrX	352	5	1	200	200.0	2430
chrX	353	4	3	200	66.66666666666667	616
chrX	353	5	1	200	200.0	2522
chrX	354	4	1	200	200.0	614
chrX	355	4	2	200	100.0	636
chrX	356	4	2	200	100.0	686
chrX	357	5	1	200	200.0	2542
chrX	358	3	2	200	100.0	403
chrX	358	4	2	200	100.0	686
chrX	359	3	1	200	200.0	439
chrX	360	5	1	200	200.0	2565
chrX	361	4	2	200	100.0	641
chrX	362	3	1	200	200.0	417
chrX	363	3	1	200	200.0	438
chrX	363	5	1	200	200.0	2597
chrX	364	3	2	200	100.0	465
chrX	364	4	2	200	100.0	555
chrX	364	5	2	200	100.0	2382
chrX	365	4	2	200	100.0	668
chrX	365	5	2	200	100.0	2515
chrX	366	4	1	200	200.0	658
chrX	367	4	2	200	100.0	635
chrX	368	3	1	200	200.0	430
chrX	368	4	1	200	200.0	556
chrX	369	3	1	200	200.0	428
chrX	369	4	2	200	100.0	670
chrX	371	3	2	200	100.0	411
chrX	371	4	1	200	200.0	631
chrX	372	4	1	200	200.0	596
chrX	372	5	1	200	200.0	2792
chrX	373	3	1	200	200.0	425
chrX	373	4	1	200	200.0	566
chrX	374	2	1	200	200.0	2477
chrX	374	3	1	200	200.0	423
chrX	374	4	3	200	66.66666666666667	654
chrX	374	5	2	200	100.0	2075
chrX	375	4	3	200	66.66666666666667	638
chrX	375	5	1	200	200.0	2448
chrX	376	3	1	200	200.0	393
chrX	376	4	1	200	200.0	623
chrX	376	5	4	200	50.0	2531
chrX	377	3	2	200	100.0	381
chrX	377	4	4	200	50.0	602
chrX	378	3	1	200	200.0	431
chrX	378	4	1	200	200.0	652
chrX	379	4	6	200	33.333333333333336	684
chrX	380	4	1	200	200.0	634
chrX	381	3	2	200	100.0	439
chrX	381	4	1	200	200.0	656
chrX	382	3	1	200	200.0	448
chrX	382	4	2	200	100.0	671
chrX	382	5	2	200	100.0	2557
chrX	383	3	3	200	66.66666666666667	410
chrX	383	4	1	200	200.0	569
chrX	383	7	1	200	200.0	126080
chrX	384	4	1	200	200.0	612
chrX	384	5	2	200	100.0	2646
chrX	385	3	1	200	200.0	474
chrX	385	4	4	200	50.0	592
chrX	385	5	1	200	200.0	2387
chrX	386	3	1	200	200.0	404
chrX	386	4	2	200	100.0	636
chrX	387	3	1	200	200.0	429
chrX	387	4	2	200	100.0	544
chrX	387	5	1	200	200.0	2799
chrX	388	3	1	200	200.0	452
chrX	388	4	2	200	100.0	592
chrX	388	5	1	200	200.0	2878
chrX	389	4	2	200	100.0	590
chrX	389	5	1	200	200.0	2647
chrX	390	3	1	200	200.0	465
chrX	391	3	2	200	100.0	418
chrX	391	4	3	200	66.66666666666667	679
chrX	391	5	1	200	200.0	2328
chrX	392	3	1	200	200.0	407
chrX	392	4	6	200	33.333333333333336	586
chrX	393	3	1	200	200.0	405
chrX	393	4	3	200	66.66666666666667	612
chrX	393	5	1	200	200.0	2466
chrX	393	7	1	200	200.0	115635
chrX	394	3	1	200	200.0	413
chrX	394	4	2	200	100.0	573
chrX	394	5	2	200	100.0	2586
chrX	396	3	2	200	100.0	438
chrX	396	4	7	200	28.571428571428573	606
chrX	396	5	2	200	100.0	2608
chrX	396	6	1	200	200.0	20568
chrX	397	4	2	200	100.0	606
chrX	397	6	1	200	200.0	23129
chrX	398	4	3	200	66.66666666666667	653
chrX	399	3	2	200	100.0	439
chrX	399	4	1	200	200.0	588
chrX	399	5	1	200	200.0	2959
chrX	400	3	2	200	100.0	414
chrX	400	4	4	200	50.0	592
chrX	400	5	1	200	200.0	2796
chrX	401	3	1	200	200.0	403
chrX	401	4	2	200	100.0	580
chrX	401	6	1	200	200.0	21665
chrX	402	3	1	200	200.0	440
chrX	402	4	2	200	100.0	610
chrX	402	5	1	200	200.0	2334
chrX	403	3	3	200	66.66666666666667	426
chrX	403	4	3	200	66.66666666666667	608
chrX	404	4	1	200	200.0	562
chrX	405	3	1	200	200.0	417
chrX	405	4	2	200	100.0	585
chrX	405	5	1	200	200.0	2900
chrX	406	4	2	200	100.0	566
chrX	407	3	1	200	200.0	421
chrX	407	4	1	200	200.0	589
chrX	407	5	2	200	100.0	2632
chrX	407	6	1	200	200.0	21857
chrX	408	3	2	200	100.0	421
chrX	408	5	1	200	200.0	3005
chrX	409	5	3	200	66.66666666666667	2898
chrX	410	3	1	200	200.0	428
chrX	410	5	1	200	200.0	2826
chrX	410	6	1	200	200.0	21526
chrX	411	3	1	200	200.0	427
chrX	411	4	5	200	40.0	575
chrX	412	3	1	200	200.0	433
chrX	412	4	2	200	100.0	556
chrX	413	3	1	200	200.0	411
chrX	413	4	2	200	100.0	611
chrX	413	6	1	200	200.0	19933
chrX	413	7	1	200	200.0	111971
chrX	414	3	2	200	100.0	435
chrX	414	4	4	200	50.0	670
chrX	414	5	2	200	100.0	2656
chrX	415	4	3	200	66.66666666666667	615
chrX	416	3	1	200	200.0	395
chrX	416	4	4	200	50.0	618
chrX	417	4	1	200	200.0	592
chrX	417	5	2	200	100.0	2534
chrX	419	4	3	200	66.66666666666667	581
chrX	419	5	1	200	200.0	2735
chrX	419	6	1	200	200.0	23080
chrX	420	3	1	200	200.0	419
chrX	420	4	3	200	66.66666666666667	602
chrX	420	5	1	200	200.0	2755
chrX	421	3	2	200	100.0	408
chrX	421	4	1	200	200.0	629
chrX	421	6	1	200	200.0	21214
chrX	422	3	1	200	200.0	398
chrX	422	4	1	200	200.0	627
chrX	422	6	1	200	200.0	20476
chrX	423	3	1	200	200.0	368
chrX	423	4	5	200	40.0	549
chrX	423	5	2	200	100.0	2713
chrX	424	4	2	200	100.0	648
chrX	425	3	1	200	200.0	456
chrX	425	4	2	200	100.0	570
chrX	425	5	1	200	200.0	2514
chrX	426	4	3	200	66.66666666666667	606
chrX	426	5	1	200	200.0	2668
chrX	427	3	1	200	200.0	401
chrX	427	4	4	200	50.0	537
chrX	427	5	1	200	200.0	2709
chrX	428	3	1	200	200.0	449
chrX	428	4	3	200	66.66666666666667	563
chrX	428	5	2	200	100.0	2910
chrX	429	4	1	200	200.0	673
chrX	429	5	1	200	200.0	2626
chrX	430	3	3	200	66.66666666666667	461
chrX	430	4	2	200	100.0	649
chrX	430	6	1	200	200.0	19646
chrX	431	4	2	200	100.0	567
chrX	431	5	1	200	200.0	2780
chrX	432	4	4	200	50.0	607
chrX	432	5	1	200	200.0	2821
chrX	433	3	1	200	200.0	398
chrX	433	4	2	200	100.0	606
chrX	434	4	4	200	50.0	613
chrX	434	5	1	200	200.0	2665
chrX	435	4	1	200	200.0	635
chrX	436	4	4	200	50.0	591
chrX	436	5	1	200	200.0	2753
chrX	437	4	1	200	200.0	571
chrX	437	5	1	200	200.0	3139
chrX	438	3	1	200	200.0	408
chrX	438	4	2	200	100.0	666
chrX	439	3	1	200	200.0	405
chrX	439	4	2	200	100.0	595
chrX	439	5	1	200	200.0	2916
chrX	440	3	1	200	200.0	421
chrX	440	4	2	200	100.0	576
chrX	440	5	2	200	100.0	2700
chrX	441	3	2	200	100.0	408
chrX	441	4	3	200	66.66666666666667	566
chrX	441	5	1	200	200.0	2738
chrX	442	3	1	200	200.0	430
chrX	442	4	2	200	100.0	580
chrX	443	4	4	200	50.0	662
chrX	445	4	1	200	200.0	557
chrX	445	5	2	200	100.0	2695
chrX	446	4	2	200	100.0	613
chrX	447	3	1	200	200.0	410
chrX	447	4	2	200	100.0	546
chrX	447	5	1	200	200.0	3014
chrX	448	3	1	200	200.0	403
chrX	448	4	3	200	66.66666666666667	629
chrX	448	6	1	200	200.0	23372
chrX	449	3	1	200	200.0	378
chrX	449	4	2	200	100.0	645
chrX	449	5	2	200	100.0	3117
chrX	450	5	1	200	200.0	2688
chrX	451	4	2	200	100.0	614
chrX	451	5	1	200	200.0	2708
chrX	451	6	1	200	200.0	24324
chrX	453	3	1	200	200.0	433
chrX	453	4	5	200	40.0	629
chrX	453	5	1	200	200.0	3041
chrX	454	4	6	200	33.333333333333336	666
chrX	454	5	3	200	66.66666666666667	2619
chrX	455	4	3	200	66.66666666666667	552
chrX	455	5	1	200	200.0	2688
chrX	455	6	1	200	200.0	22075
chrX	456	4	2	200	100.0	674
chrX	456	5	3	200	66.66666666666667	3314
chrX	456	7	1	200	200.0	107650
chrX	457	4	3	200	66.66666666666667	556
chrX	458	4	3	200	66.66666666666667	587
chrX	459	4	1	200	200.0	571
chrX	459	6	1	200	200.0	23163
chrX	460	3	1	200	200.0	431
chrX	460	4	2	200	100.0	623
chrX	460	5	3	200	66.66666666666667	2875
chrX	461	4	2	200	100.0	586
chrX	461	5	2	200	100.0	3152
chrX	461	6	1	200	200.0	23204
chrX	462	4	1	200	200.0	608
chrX	462	5	2	200	100.0	2521
chrX	463	4	2	200	100.0	642
chrX	464	4	4	200	50.0	554
chrX	464	5	1	200	200.0	3013
chrX	465	3	1	200	200.0	399
chrX	466	4	1	200	200.0	601
chrX	466	7	1	200	200.0	125027
chrX	467	3	1	200	200.0	391
chrX	469	4	2	200	100.0	661
chrX	469	5	2	200	100.0	2763
chrX	470	4	2	200	100.0	643
chrX	470	5	2	200	100.0	3143
chrX	471	3	2	200	100.0	409
chrX	471	4	4	200	50.0	618
chrX	472	5	1	200	200.0	2621
chrX	472	6	1	200	200.0	22779
chrX	473	4	3	200	66.66666666666667	598
chrX	473	5	2	200	100.0	3216
chrX	474	3	1	200	200.0	395
chrX	475	4	2	200	100.0	633
chrX	475	5	1	200	200.0	3016
chrX	475	6	1	200	200.0	22762
chrX	476	4	2	200	100.0	605
chrX	477	4	3	200	66.66666666666667	622
chrX	478	4	2	200	100.0	595
chrX	478	5	2	200	100.0	2940
chrX	479	5	1	200	200.0	3028
chrX	481	5	1	200	200.0	2905
chrX	482	3	1	200	200.0	406
chrX	482	4	1	200	200.0	605
chrX	483	4	1	200	200.0	648
chrX	483	5	2	200	100.0	2774
chrX	484	4	4	200	50.0	640
chrX	486	4	1	200	200.0	689
chrX	487	3	1	200	200.0	407
chrX	488	3	1	200	200.0	432
chrX	488	4	5	200	40.0	587
chrX	488	5	1	200	200.0	2771
chrX	489	3	1	200	200.0	418
chrX	489	4	3	200	66.66666666666667	610
chrX	489	5	2	200	100.0	2841
chrX	490	3	1	200	200.0	390
chrX	490	6	1	200	200.0	23968
chrX	490	7	1	200	200.0	107995
chrX	491	4	3	200	66.66666666666667	559
chrX	492	4	2	200	100.0	592
chrX	493	3	3	200	66.66666666666667	433
chrX	493	4	2	200	100.0	573
chrX	493	5	2	200	100.0	2932
chrX	494	4	2	200	100.0	571
chrX	495	4	1	200	200.0	604
chrX	498	4	1	200	200.0	662
chrX	498	5	1	200	200.0	2842
chrX	499	3	1	200	200.0	414
chrX	499	4	2	200	100.0	657
chrX	499	5	1	200	200.0	3182
chrX	500	3	1	200	200.0	399
chrX	500	5	1	200	200.0	3141
chrX	501	3	1	200	200.0	417
chrX	501	4	1	200	200.0	616
chrX	502	4	3	200	66.66666666666667	636
chrX	502	6	1	200	200.0	21253
chrX	503	3	2	200	100.0	365
chrX	503	4	2	200	100.0	643
chrX	504	5	2	200	100.0	3027
chrX	504	7	1	200	200.0	130361
chrX	505	3	1	200	200.0	428
chrX	505	4	2	200	100.0	650
chrX	505	5	2	200	100.0	3078
chrX	505	6	1	200	200.0	23302
chrX	506	4	3	200	66.66666666666667	614
chrX	506	5	2	200	100.0	2950
chrX	507	4	1	200	200.0	585
chrX	507	5	1	200	200.0	2760
chrX	508	4	2	200	100.0	669
chrX	508	5	2	200	100.0	3163
chrX	510	4	1	200	200.0	695
chrX	511	4	2	200	100.0	597
chrX	511	6	1	200	200.0	23994
chrX	512	4	4	200	50.0	585
chrX	513	4	2	200	100.0	591
chrX	514	4	2	200	100.0	584
chrX	514	6	1	200	200.0	24577
chrX	515	3	1	200	200.0	404
chrX	515	4	1	200	200.0	620
chrX	515	5	1	200	200.0	3045
chrX	515	6	1	200	200.0	22367
chrX	516	3	1	200	200.0	424
chrX	516	4	2	200	100.0	613
chrX	517	4	3	200	66.66666666666667	579
chrX	517	6	1	200	200.0	26092
chrX	518	4	1	200	200.0	601
chrX	519	4	1	200	200.0	538
chrX	520	4	1	200	200.0	614
chrX	521	4	1	200	200.0	620
chrX	521	6	1	200	200.0	21922
chrX	522	4	2	200	100.0	573
chrX	523	4	1	200	200.0	605
chrX	523	5	2	200	100.0	2862
chrX	525	4	1	200	200.0	546
chrX	525	5	2	200	100.0	3443
chrX	526	3	1	200	200.0	390
chrX	526	4	5	200	40.0	673
chrX	526	6	1	200	200.0	24468
chrX	527	5	1	200	200.0	3486
chrX	528	5	1	200	200.0	3539
chrX	530	6	1	200	200.0	21419
chrX	531	4	2	200	100.0	570
chrX	531	5	1	200	200.0	3222
chrX	532	5	2	200	100.0	3169
chrX	533	3	1	200	200.0	371
chrX	533	4	2	200	100.0	591
chrX	533	5	1	200	200.0	3336
chrX	534	4	2	200	100.0	569
chrX	534	5	1	200	200.0	2963
chrX	536	3	1	200	200.0	404
chrX	536	4	1	200	200.0	574
chrX	536	6	1	200	200.0	23287
chrX	537	4	1	200	200.0	584
chrX	537	6	1	200	200.0	23688
chrX	538	4	1	200	200.0	633
chrX	538	6	1	200	200.0	21955
chrX	540	4	1	200	200.0	576
chrX	540	5	1	200	200.0	3170
chrX	541	3	1	200	200.0	390
chrX	542	4	1	200	200.0	572
chrX	542	5	2	200	100.0	3078
chrX	544	3	1	200	200.0	400
chrX	544	6	1	200	200.0	24902
chrX	545	4	4	200	50.0	599
chrX	546	4	1	200	200.0	634
chrX	547	4	1	200	200.0	588
chrX	548	5	1	200	200.0	3081
chrX	549	3	1	200	200.0	382
chrX	550	4	2	200	100.0	586
chrX	552	6	1	200	200.0	23247
chrX	554	5	1	200	200.0	2987
chrX	555	5	1	200	200.0	3111
chrX	556	3	2	200	100.0	416
chrX	556	4	1	200	200.0	645
chrX	557	5	1	200	200.0	3044
chrX	558	4	3	200	66.66666666666667	626
chrX	558	6	1	200	200.0	21005
chrX	559	4	1	200	200.0	648
chrX	560	4	1	200	200.0	605
chrX	560	6	1	200	200.0	18973
chrX	561	4	1	200	200.0	631
chrX	561	5	1	200	200.0	3340
chrX	562	4	2	200	100.0	590
chrX	562	5	1	200	200.0	3234
chrX	563	5	1	200	200.0	2958
chrX	563	6	1	200	200.0	22898
chrX	564	4	5	200	40.0	565
chrX	564	6	1	200	200.0	28061
chrX	567	5	1	200	200.0	3446
chrX	568	4	2	200	100.0	584
chrX	568	5	1	200	200.0	3334
chrX	570	4	1	200	200.0	549
chrX	571	3	1	200	200.0	429
chrX	571	4	1	200	200.0	586
chrX	571	5	3	200	66.66666666666667	3210
chrX	572	4	1	200	200.0	590
chrX	572	5	1	200	200.0	2707
chrX	573	5	2	200	100.0	3262
chrX	574	4	4	200	50.0	553
chrX	576	4	3	200	66.66666666666667	556
chrX	576	6	1	200	200.0	20936
chrX	577	5	1	200	200.0	3438
chrX	578	4	1	200	200.0	621
chrX	578	5	1	200	200.0	3271
chrX	579	4	1	200	200.0	543
chrX	579	5	1	200	200.0	3238
chrX	580	4	1	200	200.0	603
chrX	582	4	1	200	200.0	646
chrX	582	5	1	200	200.0	2849
chrX	585	4	1	200	200.0	573
chrX	586	4	1	200	200.0	629
chrX	586	5	1	200	200.0	3055
chrX	587	3	1	200	200.0	415
chrX	588	5	3	200	66.66666666666667	3288
chrX	589	3	1	200	200.0	419
chrX	589	4	1	200	200.0	662
chrX	589	5	1	200	200.0	3300
chrX	590	4	2	200	100.0	637
chrX	590	5	1	200	200.0	3675
chrX	591	4	2	200	100.0	577
chrX	591	5	2	200	100.0	3299
chrX	592	4	1	200	200.0	618
chrX	592	5	2	200	100.0	3792
chrX	592	6	1	200	200.0	22769
chrX	593	4	3	200	66.66666666666667	606
chrX	593	5	1	200	200.0	3299
chrX	595	6	1	200	200.0	22473
chrX	596	5	1	200	200.0	3140
chrX	596	6	1	200	200.0	24640
chrX	597	4	1	200	200.0	642
chrX	597	5	1	200	200.0	2882
chrX	599	4	1	200	200.0	596
chrX	599	5	1	200	200.0	3256
chrX	600	4	1	200	200.0	556
chrX	601	5	1	200	200.0	3401
chrX	602	4	2	200	100.0	624
chrX	603	4	1	200	200.0	586
chrX	603	5	1	200	200.0	3180
chrX	605	4	2	200	100.0	581
chrX	605	6	1	200	200.0	24171
chrX	606	4	1	200	200.0	668
chrX	606	5	3	200	66.66666666666667	3269
chrX	607	4	1	200	200.0	577
chrX	607	5	2	200	100.0	3291
chrX	608	4	1	200	200.0	688
chrX	609	4	1	200	200.0	599
chrX	609	5	1	200	200.0	3484
chrX	610	4	1	200	200.0	616
chrX	611	4	1	200	200.0	613
chrX	612	4	1	200	200.0	591
chrX	612	5	1	200	200.0	3186
chrX	613	4	1	200	200.0	630
chrX	614	4	1	200	200.0	594
chrX	614	6	1	200	200.0	26853
chrX	616	6	1	200	200.0	22571
chrX	618	4	2	200	100.0	631
chrX	618	5	1	200	200.0	3309
chrX	621	5	1	200	200.0	3381
chrX	624	4	2	200	100.0	601
chrX	624	5	1	200	200.0	3425
chrX	625	4	1	200	200.0	612
chrX	627	5	1	200	200.0	3335
chrX	628	5	2	200	100.0	3311
chrX	629	5	1	200	200.0	3886
chrX	630	4	2	200	100.0	539
chrX	631	5	2	200	100.0	3236
chrX	633	4	1	200	200.0	541
chrX	634	5	1	200	200.0	2780
chrX	635	4	1	200	200.0	560
chrX	635	7	1	200	200.0	147876
chrX	636	4	1	200	200.0	589
chrX	641	6	1	200	200.0	21413
chrX	642	4	2	200	100.0	559
chrX	642	5	1	200	200.0	3353
chrX	643	6	1	200	200.0	25024
chrX	644	6	1	200	200.0	24694
chrX	647	3	1	200	200.0	442
chrX	647	4	1	200	200.0	549
chrX	649	4	1	200	200.0	600
chrX	650	4	1	200	200.0	558
chrX	651	5	1	200	200.0	3395
chrX	652	4	1	200	200.0	573
chrX	652	5	1	200	200.0	3034
chrX	652	6	1	200	200.0	27199
chrX	654	4	2	200	100.0	632
chrX	654	6	1	200	200.0	25268
chrX	656	3	1	200	200.0	381
chrX	656	5	1	200	200.0	3309
chrX	657	6	1	200	200.0	25352
chrX	658	3	2	200	100.0	404
chrX	660	6	1	200	200.0	23324
chrX	664	4	1	200	200.0	565
chrX	668	6	1	200	200.0	22096
chrX	669	5	1	200	200.0	3243
chrX	671	5	1	200	200.0	3704
chrX	672	5	1	200	200.0	3489
chrX	674	4	1	200	200.0	601
chrX	676	5	1	200	200.0	3457
chrX	676	6	1	200	200.0	23606
chrX	680	4	1	200	200.0	497
chrX	681	4	1	200	200.0	646
chrX	684	5	1	200	200.0	3193
chrX	685	5	1	200	200.0	3694
chrX	688	4	2	200	100.0	585
chrX	688	5	1	200	200.0	3382
chrX	689	4	2	200	100.0	541
chrX	693	5	1	200	200.0	3707
chrX	695	4	1	200	200.0	621
chrX	695	5	1	200	200.0	3481
chrX	698	5	1	200	200.0	3768
chrX	699	4	1	200	200.0	582
chrX	699	6	1	200	200.0	20453
chrX	702	5	1	200	200.0	3207
chrX	704	4	1	200	200.0	501
chrX	707	5	1	200	200.0	3521
chrX	707	6	1	200	200.0	23518
chrX	708	4	2	200	100.0	659
chrX	709	4	2	200	100.0	577
chrX	715	4	1	200	200.0	561
chrX	717	5	1	200	200.0	3784
chrX	718	5	1	200	200.0	3262
chrX	720	4	1	200	200.0	535
chrX	721	5	1	200	200.0	3680
chrX	722	4	1	200	200.0	591
chrX	722	5	1	200	200.0	3498
chrX	723	5	1	200	200.0	3387
chrX	723	6	1	200	200.0	28000
chrX	725	5	1	200	200.0	3328
chrX	726	4	1	200	200.0	614
chrX	730	4	1	200	200.0	626
chrX	733	3	1	200	200.0	378
chrX	733	4	1	200	200.0	590
chrX	736	4	1	200	200.0	609
chrX	741	5	1	200	200.0	3201
chrX	742	6	1	200	200.0	27161
chrX	743	5	1	200	200.0	3770
chrX	744	5	1	200	200.0	3555
chrX	746	5	1	200	200.0	3531
chrX	747	4	1	200	200.0	569
chrX	750	5	2	200	100.0	3228
chrX	757	5	2	200	100.0	3653
chrX	771	5	2	200	100.0	3404
chrX	783	4	1	200	200.0	642
chrX	790	5	1	200	200.0	3779
chrX	809	4	1	200	200.0	597
chrX	809	5	1	200	200.0	3850
chrX	811	4	1	200	200.0	605
chrX	811	5	2	200	100.0	3872
chrX	815	4	1	200	200.0	612
chrX	819	5	1	200	200.0	3589
chrX	820	5	1	200	200.0	3597
chrX	825	5	1	200	200.0	3847
chrX	826	4	1	200	200.0	588
chrX	837	4	1	200	200.0	558
chrX	837	5	1	200	200.0	3969
chrX	842	5	1	200	200.0	3834
chrX	852	5	1	200	200.0	4054
chrX	866	5	1	200	200.0	3539
chrX	870	5	1	200	200.0	4086
chrX	871	5	1	200	200.0	3828
chrX	873	5	1	200	200.0	4148
chrX	879	4	1	200	200.0	590
chrX	881	6	1	200	200.0	25174
chrX	894	6	1	200	200.0	27110
chrX	895	6	1	200	200.0	22703
chrX	974	5	1	200	200.0	3916
chrX	975	5	1	200	200.0	3742
chrX	981	4	1	200	200.0	575
chrX	991	5	1	200	200.0	3758
chrX	1083	4	2	200	100.0	585
chrX	1196	5	1	200	200.0	4395
chrX	1263	4	1	200	200.0	584
chrX	1416	4	1	200	200.0	572
chrX	1543	4	1	200	200.0	602
