peak_set	threshold	precision	recall	tp	fp
helixforge_chip_rep1	Inf	1.0	0.0	0	0
helixforge_chip_rep1	8.90559	1.0	0.0006666666666666666	1	0
helixforge_chip_rep1	8.71114	1.0	0.0013333333333333333	2	0
helixforge_chip_rep1	8.63336	1.0	0.002	3	0
helixforge_chip_rep1	8.59448	1.0	0.0026666666666666666	4	0
helixforge_chip_rep1	8.55559	1.0	0.004	6	0
helixforge_chip_rep1	8.5167	1.0	0.005333333333333333	8	0
helixforge_chip_rep1	8.47781	1.0	0.006666666666666667	10	0
helixforge_chip_rep1	8.40003	1.0	0.008	12	0
helixforge_chip_rep1	8.36114	1.0	0.008666666666666666	13	0
helixforge_chip_rep1	8.32225	1.0	0.011333333333333334	17	0
helixforge_chip_rep1	8.28336	1.0	0.012666666666666666	19	0
helixforge_chip_rep1	8.27563	1.0	0.013333333333333334	20	0
helixforge_chip_rep1	8.27151	1.0	0.014	21	0
helixforge_chip_rep1	8.24447	1.0	0.015333333333333332	23	0
helixforge_chip_rep1	8.23392	1.0	0.016	24	0
helixforge_chip_rep1	8.2278	1.0	0.016666666666666666	25	0
helixforge_chip_rep1	8.21929	1.0	0.017333333333333333	26	0
helixforge_chip_rep1	8.20559	1.0	0.018	27	0
helixforge_chip_rep1	8.19216	1.0	0.018666666666666668	28	0
helixforge_chip_rep1	8.12781	1.0	0.02	30	0
helixforge_chip_rep1	8.08892	1.0	0.02266666666666667	34	0
helixforge_chip_rep1	8.05003	1.0	0.024	36	0
helixforge_chip_rep1	8.04593	1.0	0.024666666666666667	37	0
helixforge_chip_rep1	8.01114	1.0	0.02666666666666667	40	0
helixforge_chip_rep1	7.99831	1.0	0.027333333333333334	41	0
helixforge_chip_rep1	7.97225	1.0	0.028666666666666667	43	0
helixforge_chip_rep1	7.97073	1.0	0.029333333333333333	44	0
helixforge_chip_rep1	7.93883	1.0	0.03	45	0
helixforge_chip_rep1	7.93336	1.0	0.03266666666666666	49	0
helixforge_chip_rep1	7.93243	1.0	0.034	51	0
helixforge_chip_rep1	7.89447	1.0	0.037333333333333336	56	0
helixforge_chip_rep1	7.88734	1.0	0.038	57	0
helixforge_chip_rep1	7.87851	1.0	0.03866666666666667	58	0
helixforge_chip_rep1	7.86642	1.0	0.03933333333333333	59	0
helixforge_chip_rep1	7.85558	1.0	0.044	66	0
helixforge_chip_rep1	7.84523	1.0	0.04466666666666667	67	0
helixforge_chip_rep1	7.81747	1.0	0.04533333333333334	68	0
helixforge_chip_rep1	7.8167	1.0	0.048666666666666664	73	0
helixforge_chip_rep1	7.79094	1.0	0.04933333333333333	74	0
helixforge_chip_rep1	7.78274	1.0	0.05	75	0
helixforge_chip_rep1	7.77781	1.0	0.05333333333333334	80	0
helixforge_chip_rep1	7.77223	1.0	0.054	81	0
helixforge_chip_rep1	7.7493	1.0	0.05466666666666667	82	0
helixforge_chip_rep1	7.74083	1.0	0.05533333333333333	83	0
helixforge_chip_rep1	7.73892	1.0	0.058	87	0
helixforge_chip_rep1	7.71905	1.0	0.058666666666666666	88	0
helixforge_chip_rep1	7.7076	1.0	0.059333333333333335	89	0
helixforge_chip_rep1	7.70251	1.0	0.06	90	0
helixforge_chip_rep1	7.70003	1.0	0.06466666666666666	97	0
helixforge_chip_rep1	7.66114	1.0	0.068	102	0
helixforge_chip_rep1	7.65843	1.0	0.06866666666666667	103	0
helixforge_chip_rep1	7.65503	1.0	0.06933333333333333	104	0
helixforge_chip_rep1	7.64564	1.0	0.07	105	0
helixforge_chip_rep1	7.64379	1.0	0.07066666666666667	106	0
helixforge_chip_rep1	7.63739	1.0	0.07133333333333333	107	0
helixforge_chip_rep1	7.63052	1.0	0.072	108	0
helixforge_chip_rep1	7.62225	1.0	0.07333333333333333	110	0
helixforge_chip_rep1	7.59805	1.0	0.074	111	0
helixforge_chip_rep1	7.59475	1.0	0.07533333333333334	113	0
helixforge_chip_rep1	7.59248	1.0	0.076	114	0
helixforge_chip_rep1	7.58336	1.0	0.07933333333333334	119	0
helixforge_chip_rep1	7.57735	1.0	0.08	120	0
helixforge_chip_rep1	7.56802	1.0	0.08133333333333333	122	0
helixforge_chip_rep1	7.55114	1.0	0.082	123	0
helixforge_chip_rep1	7.54447	1.0	0.08733333333333333	131	0
helixforge_chip_rep1	7.52789	1.0	0.088	132	0
helixforge_chip_rep1	7.51956	1.0	0.08866666666666667	133	0
helixforge_chip_rep1	7.50558	1.0	0.09533333333333334	143	0
helixforge_chip_rep1	7.4869	1.0	0.096	144	0
helixforge_chip_rep1	7.46669	1.0	0.09733333333333333	146	0
helixforge_chip_rep1	7.46403	1.0	0.098	147	0
helixforge_chip_rep1	7.45555	1.0	0.09866666666666667	148	0
helixforge_chip_rep1	7.44436	1.0	0.09933333333333333	149	0
helixforge_chip_rep1	7.43663	1.0	0.1	150	0
helixforge_chip_rep1	7.43426	1.0	0.10066666666666667	151	0
helixforge_chip_rep1	7.4278	1.0	0.10666666666666667	160	0
helixforge_chip_rep1	7.41038	1.0	0.10733333333333334	161	0
helixforge_chip_rep1	7.4082	1.0	0.108	162	0
helixforge_chip_rep1	7.39542	1.0	0.10866666666666666	163	0
helixforge_chip_rep1	7.39469	1.0	0.10933333333333334	164	0
helixforge_chip_rep1	7.38892	1.0	0.11466666666666667	172	0
helixforge_chip_rep1	7.38029	1.0	0.11533333333333333	173	0
helixforge_chip_rep1	7.37397	1.0	0.11666666666666667	175	0
helixforge_chip_rep1	7.3728	1.0	0.11733333333333333	176	0
helixforge_chip_rep1	7.36917	1.0	0.118	177	0
helixforge_chip_rep1	7.35003	1.0	0.12	180	0
helixforge_chip_rep1	7.34669	1.0	0.12066666666666667	181	0
helixforge_chip_rep1	7.34139	1.0	0.122	183	0
helixforge_chip_rep1	7.33462	1.0	0.12266666666666666	184	0
helixforge_chip_rep1	7.32222	1.0	0.12333333333333334	185	0
helixforge_chip_rep1	7.3193	1.0	0.12466666666666666	187	0
helixforge_chip_rep1	7.31114	1.0	0.12933333333333333	194	0
helixforge_chip_rep1	7.29397	1.0	0.13066666666666665	196	0
helixforge_chip_rep1	7.28408	1.0	0.13133333333333333	197	0
helixforge_chip_rep1	7.28231	1.0	0.132	198	0
helixforge_chip_rep1	7.28098	1.0	0.13266666666666665	199	0
helixforge_chip_rep1	7.27225	1.0	0.13866666666666666	208	0
helixforge_chip_rep1	7.27066	1.0	0.14	210	0
helixforge_chip_rep1	7.25952	1.0	0.14066666666666666	211	0
helixforge_chip_rep1	7.24608	1.0	0.14133333333333334	212	0
helixforge_chip_rep1	7.24594	1.0	0.142	213	0
helixforge_chip_rep1	7.23734	1.0	0.14266666666666666	214	0
helixforge_chip_rep1	7.23649	1.0	0.14333333333333334	215	0
helixforge_chip_rep1	7.23336	1.0	0.14533333333333334	218	0
helixforge_chip_rep1	7.22342	1.0	0.146	219	0
helixforge_chip_rep1	7.22191	1.0	0.14666666666666667	220	0
helixforge_chip_rep1	7.21926	1.0	0.14733333333333334	221	0
helixforge_chip_rep1	7.19578	1.0	0.148	222	0
helixforge_chip_rep1	7.19447	1.0	0.152	228	0
helixforge_chip_rep1	7.18784	1.0	0.15333333333333332	230	0
helixforge_chip_rep1	7.18286	1.0	0.154	231	0
helixforge_chip_rep1	7.16659	1.0	0.15466666666666667	232	0
helixforge_chip_rep1	7.1646	1.0	0.15533333333333332	233	0
helixforge_chip_rep1	7.15888	1.0	0.156	234	0
helixforge_chip_rep1	7.15558	1.0	0.16133333333333333	242	0
helixforge_chip_rep1	7.15464	1.0	0.162	243	0
helixforge_chip_rep1	7.14846	1.0	0.16266666666666665	244	0
helixforge_chip_rep1	7.13739	1.0	0.16333333333333333	245	0
helixforge_chip_rep1	7.13153	1.0	0.164	246	0
helixforge_chip_rep1	7.12627	1.0	0.16466666666666666	247	0
helixforge_chip_rep1	7.12334	1.0	0.16533333333333333	248	0
helixforge_chip_rep1	7.11669	1.0	0.16933333333333334	254	0
helixforge_chip_rep1	7.11667	1.0	0.17133333333333334	257	0
helixforge_chip_rep1	7.10116	1.0	0.172	258	0
helixforge_chip_rep1	7.09668	1.0	0.17266666666666666	259	0
helixforge_chip_rep1	7.08937	1.0	0.17333333333333334	260	0
helixforge_chip_rep1	7.08508	1.0	0.174	261	0
helixforge_chip_rep1	7.0778	1.0	0.17733333333333334	266	0
helixforge_chip_rep1	7.07649	1.0	0.178	267	0
helixforge_chip_rep1	7.07066	1.0	0.17866666666666667	268	0
helixforge_chip_rep1	7.0662	1.0	0.17933333333333334	269	0
helixforge_chip_rep1	7.06172	1.0	0.18	270	0
helixforge_chip_rep1	7.05105	1.0	0.18066666666666667	271	0
helixforge_chip_rep1	7.04818	1.0	0.18133333333333335	272	0
helixforge_chip_rep1	7.03891	1.0	0.18666666666666668	280	0
helixforge_chip_rep1	7.03676	1.0	0.18733333333333332	281	0
helixforge_chip_rep1	7.01392	1.0	0.188	282	0
helixforge_chip_rep1	7.00638	1.0	0.18866666666666668	283	0
helixforge_chip_rep1	7.00003	1.0	0.18933333333333333	284	0
helixforge_chip_rep1	6.99247	1.0	0.19	285	0
helixforge_chip_rep1	6.98619	1.0	0.19066666666666668	286	0
helixforge_chip_rep1	6.98598	1.0	0.19133333333333333	287	0
helixforge_chip_rep1	6.97538	1.0	0.192	288	0
helixforge_chip_rep1	6.96114	1.0	0.19266666666666668	289	0
helixforge_chip_rep1	6.95684	1.0	0.19333333333333333	290	0
helixforge_chip_rep1	6.93995	1.0	0.194	291	0
helixforge_chip_rep1	6.93609	1.0	0.19466666666666665	292	0
helixforge_chip_rep1	6.93495	1.0	0.19533333333333333	293	0
helixforge_chip_rep1	6.93085	1.0	0.196	294	0
helixforge_chip_rep1	6.92677	1.0	0.19666666666666666	295	0
helixforge_chip_rep1	6.92259	1.0	0.19733333333333333	296	0
helixforge_chip_rep1	6.92225	1.0	0.19866666666666666	298	0
helixforge_chip_rep1	6.91799	1.0	0.2	300	0
helixforge_chip_rep1	6.90559	1.0	0.20066666666666666	301	0
helixforge_chip_rep1	6.90057	1.0	0.20133333333333334	302	0
helixforge_chip_rep1	6.88336	1.0	0.20466666666666666	307	0
helixforge_chip_rep1	6.86458	1.0	0.20533333333333334	308	0
helixforge_chip_rep1	6.85993	1.0	0.206	309	0
helixforge_chip_rep1	6.85945	1.0	0.20666666666666667	310	0
helixforge_chip_rep1	6.85535	1.0	0.20733333333333334	311	0
helixforge_chip_rep1	6.85023	1.0	0.208	312	0
helixforge_chip_rep1	6.84755	1.0	0.20933333333333334	314	0
helixforge_chip_rep1	6.84576	1.0	0.21	315	0
helixforge_chip_rep1	6.84447	1.0	0.21133333333333335	317	0
helixforge_chip_rep1	6.83688	1.0	0.212	318	0
helixforge_chip_rep1	6.81106	1.0	0.21266666666666667	319	0
helixforge_chip_rep1	6.80657	1.0	0.21333333333333335	320	0
helixforge_chip_rep1	6.80558	1.0	0.21533333333333332	323	0
helixforge_chip_rep1	6.80447	1.0	0.216	324	0
helixforge_chip_rep1	6.79919	1.0	0.21733333333333332	326	0
helixforge_chip_rep1	6.79642	1.0	0.218	327	0
helixforge_chip_rep1	6.78853	1.0	0.21866666666666668	328	0
helixforge_chip_rep1	6.7883	1.0	0.21933333333333332	329	0
helixforge_chip_rep1	6.78379	1.0	0.22	330	0
helixforge_chip_rep1	6.78205	1.0	0.22066666666666668	331	0
helixforge_chip_rep1	6.77614	1.0	0.22133333333333333	332	0
helixforge_chip_rep1	6.77501	1.0	0.222	333	0
helixforge_chip_rep1	6.77243	1.0	0.22266666666666668	334	0
helixforge_chip_rep1	6.7676	1.0	0.22333333333333333	335	0
helixforge_chip_rep1	6.76669	1.0	0.22533333333333333	338	0
helixforge_chip_rep1	6.74709	1.0	0.226	339	0
helixforge_chip_rep1	6.73402	1.0	0.22666666666666666	340	0
helixforge_chip_rep1	6.73381	1.0	0.22733333333333333	341	0
helixforge_chip_rep1	6.7278	1.0	0.23	345	0
helixforge_chip_rep1	6.72099	1.0	0.23066666666666666	346	0
helixforge_chip_rep1	6.71363	1.0	0.23133333333333334	347	0
helixforge_chip_rep1	6.70792	1.0	0.232	348	0
helixforge_chip_rep1	6.70629	1.0	0.23266666666666666	349	0
helixforge_chip_rep1	6.70538	1.0	0.23333333333333334	350	0
helixforge_chip_rep1	6.70263	1.0	0.23466666666666666	352	0
helixforge_chip_rep1	6.70168	1.0	0.23533333333333334	353	0
helixforge_chip_rep1	6.69241	1.0	0.236	354	0
helixforge_chip_rep1	6.68891	1.0	0.238	357	0
helixforge_chip_rep1	6.68712	1.0	0.23866666666666667	358	0
helixforge_chip_rep1	6.67538	1.0	0.23933333333333334	359	0
helixforge_chip_rep1	6.6651	1.0	0.24066666666666667	361	0
helixforge_chip_rep1	6.65888	1.0	0.24133333333333334	362	0
helixforge_chip_rep1	6.65002	1.0	0.242	363	0
helixforge_chip_rep1	6.64226	1.0	0.24266666666666667	364	0
helixforge_chip_rep1	6.64217	1.0	0.24333333333333335	365	0
helixforge_chip_rep1	6.63347	1.0	0.244	366	0
helixforge_chip_rep1	6.63126	1.0	0.24466666666666667	367	0
helixforge_chip_rep1	6.63074	1.0	0.24533333333333332	368	0
helixforge_chip_rep1	6.60364	1.0	0.246	369	0
helixforge_chip_rep1	6.59643	1.0	0.24666666666666667	370	0
helixforge_chip_rep1	6.5912	1.0	0.24733333333333332	371	0
helixforge_chip_rep1	6.57961	1.0	0.248	372	0
helixforge_chip_rep1	6.57225	1.0	0.25	375	0
helixforge_chip_rep1	6.56772	1.0	0.25066666666666665	376	0
helixforge_chip_rep1	6.56593	1.0	0.25133333333333335	377	0
helixforge_chip_rep1	6.55146	1.0	0.252	378	0
helixforge_chip_rep1	6.54734	1.0	0.25333333333333335	380	0
helixforge_chip_rep1	6.53254	1.0	0.254	381	0
helixforge_chip_rep1	6.53159	1.0	0.25466666666666665	382	0
helixforge_chip_rep1	6.53156	1.0	0.25533333333333336	383	0
helixforge_chip_rep1	6.52779	1.0	0.25666666666666665	385	0
helixforge_chip_rep1	6.50862	1.0	0.25733333333333336	386	0
helixforge_chip_rep1	6.5006	1.0	0.258	387	0
helixforge_chip_rep1	6.49465	1.0	0.25866666666666666	388	0
helixforge_chip_rep1	6.49351	1.0	0.25933333333333336	389	0
helixforge_chip_rep1	6.47617	1.0	0.26	390	0
helixforge_chip_rep1	6.46793	1.0	0.26066666666666666	391	0
helixforge_chip_rep1	6.45235	1.0	0.262	393	0
helixforge_chip_rep1	6.44901	1.0	0.2633333333333333	395	0
helixforge_chip_rep1	6.4429	1.0	0.264	396	0
helixforge_chip_rep1	6.44059	1.0	0.26466666666666666	397	0
helixforge_chip_rep1	6.43773	1.0	0.2653333333333333	398	0
helixforge_chip_rep1	6.43357	1.0	0.26666666666666666	400	0
helixforge_chip_rep1	6.41669	1.0	0.268	402	0
helixforge_chip_rep1	6.41278	1.0	0.26866666666666666	403	0
helixforge_chip_rep1	6.40969	1.0	0.2693333333333333	404	0
helixforge_chip_rep1	6.40403	1.0	0.27	405	0
helixforge_chip_rep1	6.3975	1.0	0.27066666666666667	406	0
helixforge_chip_rep1	6.39574	1.0	0.2713333333333333	407	0
helixforge_chip_rep1	6.38395	1.0	0.27266666666666667	409	0
helixforge_chip_rep1	6.38325	1.0	0.2733333333333333	410	0
helixforge_chip_rep1	6.3778	1.0	0.27466666666666667	412	0
helixforge_chip_rep1	6.37648	1.0	0.27666666666666667	415	0
helixforge_chip_rep1	6.36816	1.0	0.2773333333333333	416	0
helixforge_chip_rep1	6.35746	1.0	0.278	417	0
helixforge_chip_rep1	6.33891	1.0	0.28	420	0
helixforge_chip_rep1	6.32609	1.0	0.2806666666666667	421	0
helixforge_chip_rep1	6.32583	1.0	0.2813333333333333	422	0
helixforge_chip_rep1	6.32039	1.0	0.2826666666666667	424	0
helixforge_chip_rep1	6.31015	1.0	0.284	426	0
helixforge_chip_rep1	6.30998	1.0	0.2846666666666667	427	0
helixforge_chip_rep1	6.2976	1.0	0.2853333333333333	428	0
helixforge_chip_rep1	6.28193	1.0	0.286	429	0
helixforge_chip_rep1	6.25766	1.0	0.2866666666666667	430	0
helixforge_chip_rep1	6.25299	1.0	0.28733333333333333	431	0
helixforge_chip_rep1	6.24815	1.0	0.288	432	0
helixforge_chip_rep1	6.24631	1.0	0.2886666666666667	433	0
helixforge_chip_rep1	6.24364	1.0	0.28933333333333333	434	0
helixforge_chip_rep1	6.24181	1.0	0.29	435	0
helixforge_chip_rep1	6.23634	1.0	0.2906666666666667	436	0
helixforge_chip_rep1	6.22225	1.0	0.292	438	0
helixforge_chip_rep1	6.21847	1.0	0.2926666666666667	439	0
helixforge_chip_rep1	6.20642	1.0	0.29333333333333333	440	0
helixforge_chip_rep1	6.19932	1.0	0.2946666666666667	442	0
helixforge_chip_rep1	6.18336	1.0	0.296	444	0
helixforge_chip_rep1	6.18017	1.0	0.2966666666666667	445	0
helixforge_chip_rep1	6.16769	1.0	0.29733333333333334	446	0
helixforge_chip_rep1	6.15592	1.0	0.298	447	0
helixforge_chip_rep1	6.14683	1.0	0.2986666666666667	448	0
helixforge_chip_rep1	6.14447	1.0	0.29933333333333334	449	0
helixforge_chip_rep1	6.13094	1.0	0.3	450	0
helixforge_chip_rep1	6.10558	1.0	0.302	453	0
helixforge_chip_rep1	6.09336	1.0	0.30266666666666664	454	0
helixforge_chip_rep1	6.089	1.0	0.30333333333333334	455	0
helixforge_chip_rep1	6.07928	1.0	0.304	456	0
helixforge_chip_rep1	6.07758	1.0	0.30466666666666664	457	0
helixforge_chip_rep1	6.07511	1.0	0.30533333333333335	458	0
helixforge_chip_rep1	6.07308	1.0	0.306	459	0
helixforge_chip_rep1	6.0728	1.0	0.30666666666666664	460	0
helixforge_chip_rep1	6.06709	1.0	0.30733333333333335	461	0
helixforge_chip_rep1	6.06669	1.0	0.308	462	0
helixforge_chip_rep1	6.04981	1.0	0.30866666666666664	463	0
helixforge_chip_rep1	6.04551	1.0	0.31	465	0
helixforge_chip_rep1	6.04017	1.0	0.31066666666666665	466	0
helixforge_chip_rep1	6.0278	1.0	0.31333333333333335	470	0
helixforge_chip_rep1	6.01359	1.0	0.314	471	0
helixforge_chip_rep1	6.01193	1.0	0.31466666666666665	472	0
helixforge_chip_rep1	5.98891	1.0	0.31666666666666665	475	0
helixforge_chip_rep1	5.97865	1.0	0.31733333333333336	476	0
helixforge_chip_rep1	5.97796	1.0	0.318	477	0
helixforge_chip_rep1	5.97792	1.0	0.31866666666666665	478	0
helixforge_chip_rep1	5.9779	1.0	0.31933333333333336	479	0
helixforge_chip_rep1	5.97789	1.0	0.32	480	0
helixforge_chip_rep1	5.97788	1.0	0.32066666666666666	481	0
helixforge_chip_rep1	5.95002	1.0	0.322	483	0
helixforge_chip_rep1	5.94474	1.0	0.3233333333333333	485	0
helixforge_chip_rep1	5.94362	1.0	0.324	486	0
helixforge_chip_rep1	5.9126	1.0	0.32466666666666666	487	0
helixforge_chip_rep1	5.91113	1.0	0.328	492	0
helixforge_chip_rep1	5.90684	1.0	0.3293333333333333	494	0
helixforge_chip_rep1	5.90577	1.0	0.33	495	0
helixforge_chip_rep1	5.89122	1.0	0.33066666666666666	496	0
helixforge_chip_rep1	5.88758	1.0	0.3313333333333333	497	0
helixforge_chip_rep1	5.88267	1.0	0.332	498	0
helixforge_chip_rep1	5.87832	1.0	0.33266666666666667	499	0
helixforge_chip_rep1	5.87224	1.0	0.336	504	0
helixforge_chip_rep1	5.86526	1.0	0.3373333333333333	506	0
helixforge_chip_rep1	5.85527	1.0	0.338	507	0
helixforge_chip_rep1	5.84727	1.0	0.33866666666666667	508	0
helixforge_chip_rep1	5.83335	1.0	0.34	510	0
helixforge_chip_rep1	5.82115	1.0	0.3406666666666667	511	0
helixforge_chip_rep1	5.80319	1.0	0.3413333333333333	512	0
helixforge_chip_rep1	5.79447	1.0	0.3433333333333333	515	0
helixforge_chip_rep1	5.79109	1.0	0.344	516	0
helixforge_chip_rep1	5.7841	1.0	0.3446666666666667	517	0
helixforge_chip_rep1	5.77868	1.0	0.3453333333333333	518	0
helixforge_chip_rep1	5.76864	1.0	0.346	519	0
helixforge_chip_rep1	5.75662	1.0	0.3466666666666667	520	0
helixforge_chip_rep1	5.75558	1.0	0.348	522	0
helixforge_chip_rep1	5.75246	1.0	0.3486666666666667	523	0
helixforge_chip_rep1	5.74986	1.0	0.34933333333333333	524	0
helixforge_chip_rep1	5.74155	1.0	0.35	525	0
helixforge_chip_rep1	5.71669	1.0	0.3526666666666667	529	0
helixforge_chip_rep1	5.71486	1.0	0.35333333333333333	530	0
helixforge_chip_rep1	5.70199	1.0	0.354	531	0
helixforge_chip_rep1	5.69325	1.0	0.3546666666666667	532	0
helixforge_chip_rep1	5.6778	1.0	0.35933333333333334	539	0
helixforge_chip_rep1	5.65194	1.0	0.36	540	0
helixforge_chip_rep1	5.63967	1.0	0.3606666666666667	541	0
helixforge_chip_rep1	5.63891	1.0	0.36933333333333335	554	0
helixforge_chip_rep1	5.63318	1.0	0.37	555	0
helixforge_chip_rep1	5.62655	1.0	0.37066666666666664	556	0
helixforge_chip_rep1	5.60002	1.0	0.37266666666666665	559	0
helixforge_chip_rep1	5.59725	1.0	0.37333333333333335	560	0
helixforge_chip_rep1	5.59486	1.0	0.374	561	0
helixforge_chip_rep1	5.58594	1.0	0.37466666666666665	562	0
helixforge_chip_rep1	5.57948	1.0	0.37533333333333335	563	0
helixforge_chip_rep1	5.57942	1.0	0.376	564	0
helixforge_chip_rep1	5.56487	1.0	0.37666666666666665	565	0
helixforge_chip_rep1	5.56113	1.0	0.38333333333333336	575	0
helixforge_chip_rep1	5.56011	1.0	0.384	576	0
helixforge_chip_rep1	5.54602	1.0	0.38466666666666666	577	0
helixforge_chip_rep1	5.53522	1.0	0.38533333333333336	578	0
helixforge_chip_rep1	5.53007	1.0	0.38666666666666666	580	0
helixforge_chip_rep1	5.5298	1.0	0.3873333333333333	581	0
helixforge_chip_rep1	5.52224	1.0	0.394	591	0
helixforge_chip_rep1	5.51107	1.0	0.39466666666666667	592	0
helixforge_chip_rep1	5.50965	1.0	0.3953333333333333	593	0
helixforge_chip_rep1	5.50752	1.0	0.396	594	0
helixforge_chip_rep1	5.50513	1.0	0.39666666666666667	595	0
helixforge_chip_rep1	5.50348	1.0	0.3973333333333333	596	0
helixforge_chip_rep1	5.49831	1.0	0.398	597	0
helixforge_chip_rep1	5.49167	1.0	0.39866666666666667	598	0
helixforge_chip_rep1	5.49163	1.0	0.3993333333333333	599	0
helixforge_chip_rep1	5.48335	1.0	0.404	606	0
helixforge_chip_rep1	5.47441	1.0	0.4046666666666667	607	0
helixforge_chip_rep1	5.4734	1.0	0.4053333333333333	608	0
helixforge_chip_rep1	5.47135	1.0	0.406	609	0
helixforge_chip_rep1	5.46369	1.0	0.4066666666666667	610	0
helixforge_chip_rep1	5.45804	1.0	0.4073333333333333	611	0
helixforge_chip_rep1	5.45353	1.0	0.408	612	0
helixforge_chip_rep1	5.45168	1.0	0.4086666666666667	613	0
helixforge_chip_rep1	5.44446	1.0	0.4166666666666667	625	0
helixforge_chip_rep1	5.43655	1.0	0.41733333333333333	626	0
helixforge_chip_rep1	5.43465	1.0	0.418	627	0
helixforge_chip_rep1	5.43444	1.0	0.4186666666666667	628	0
helixforge_chip_rep1	5.42451	1.0	0.41933333333333334	629	0
helixforge_chip_rep1	5.42261	1.0	0.42	630	0
helixforge_chip_rep1	5.41864	1.0	0.4206666666666667	631	0
helixforge_chip_rep1	5.41694	1.0	0.42133333333333334	632	0
helixforge_chip_rep1	5.40558	1.0	0.4266666666666667	640	0
helixforge_chip_rep1	5.40325	1.0	0.42733333333333334	641	0
helixforge_chip_rep1	5.36669	1.0	0.43333333333333335	650	0
helixforge_chip_rep1	5.36493	1.0	0.434	651	0
helixforge_chip_rep1	5.35678	1.0	0.43533333333333335	653	0
helixforge_chip_rep1	5.35332	1.0	0.436	654	0
helixforge_chip_rep1	5.35071	1.0	0.43666666666666665	655	0
helixforge_chip_rep1	5.33514	1.0	0.43733333333333335	656	0
helixforge_chip_rep1	5.3278	1.0	0.442	663	0
helixforge_chip_rep1	5.32661	1.0	0.44333333333333336	665	0
helixforge_chip_rep1	5.31381	1.0	0.444	666	0
helixforge_chip_rep1	5.30737	1.0	0.44466666666666665	667	0
helixforge_chip_rep1	5.30427	1.0	0.44533333333333336	668	0
helixforge_chip_rep1	5.28891	1.0	0.45466666666666666	682	0
helixforge_chip_rep1	5.27691	1.0	0.456	684	0
helixforge_chip_rep1	5.26442	1.0	0.45666666666666667	685	0
helixforge_chip_rep1	5.26369	1.0	0.4573333333333333	686	0
helixforge_chip_rep1	5.26284	1.0	0.458	687	0
helixforge_chip_rep1	5.25002	1.0	0.4633333333333333	695	0
helixforge_chip_rep1	5.24385	1.0	0.464	696	0
helixforge_chip_rep1	5.24039	1.0	0.4646666666666667	697	0
helixforge_chip_rep1	5.24	1.0	0.4653333333333333	698	0
helixforge_chip_rep1	5.23816	1.0	0.466	699	0
helixforge_chip_rep1	5.23537	1.0	0.4666666666666667	700	0
helixforge_chip_rep1	5.2306	1.0	0.4673333333333333	701	0
helixforge_chip_rep1	5.22846	1.0	0.468	702	0
helixforge_chip_rep1	5.22214	1.0	0.4686666666666667	703	0
helixforge_chip_rep1	5.21718	1.0	0.4693333333333333	704	0
helixforge_chip_rep1	5.21165	1.0	0.47	705	0
helixforge_chip_rep1	5.21113	1.0	0.47533333333333333	713	0
helixforge_chip_rep1	5.2045	1.0	0.476	714	0
helixforge_chip_rep1	5.2031	1.0	0.478	717	0
helixforge_chip_rep1	5.2007	1.0	0.4786666666666667	718	0
helixforge_chip_rep1	5.19876	1.0	0.47933333333333333	719	0
helixforge_chip_rep1	5.18228	1.0	0.48	720	0
helixforge_chip_rep1	5.18095	1.0	0.4806666666666667	721	0
helixforge_chip_rep1	5.17277	1.0	0.48133333333333334	722	0
helixforge_chip_rep1	5.17224	1.0	0.484	726	0
helixforge_chip_rep1	5.1662	1.0	0.48533333333333334	728	0
helixforge_chip_rep1	5.15343	1.0	0.486	729	0
helixforge_chip_rep1	5.14768	1.0	0.4866666666666667	730	0
helixforge_chip_rep1	5.145	1.0	0.48733333333333334	731	0
helixforge_chip_rep1	5.13678	1.0	0.488	732	0
helixforge_chip_rep1	5.13335	1.0	0.492	738	0
helixforge_chip_rep1	5.13062	1.0	0.49266666666666664	739	0
helixforge_chip_rep1	5.12328	1.0	0.49333333333333335	740	0
helixforge_chip_rep1	5.11104	1.0	0.494	741	0
helixforge_chip_rep1	5.10401	1.0	0.49466666666666664	742	0
helixforge_chip_rep1	5.09446	1.0	0.502	753	0
helixforge_chip_rep1	5.09261	1.0	0.5026666666666667	754	0
helixforge_chip_rep1	5.0898	1.0	0.5033333333333333	755	0
helixforge_chip_rep1	5.08471	1.0	0.5046666666666667	757	0
helixforge_chip_rep1	5.08126	1.0	0.5053333333333333	758	0
helixforge_chip_rep1	5.07752	1.0	0.506	759	0
helixforge_chip_rep1	5.0757	1.0	0.5066666666666667	760	0
helixforge_chip_rep1	5.07226	1.0	0.5073333333333333	761	0
helixforge_chip_rep1	5.07206	1.0	0.508	762	0
helixforge_chip_rep1	5.06923	1.0	0.5086666666666667	763	0
helixforge_chip_rep1	5.06057	1.0	0.51	765	0
helixforge_chip_rep1	5.05557	1.0	0.5173333333333333	776	0
helixforge_chip_rep1	5.05036	1.0	0.518	777	0
helixforge_chip_rep1	5.04336	1.0	0.5186666666666667	778	0
helixforge_chip_rep1	5.0381	1.0	0.5193333333333333	779	0
helixforge_chip_rep1	5.02939	1.0	0.52	780	0
helixforge_chip_rep1	5.02503	1.0	0.5206666666666667	781	0
helixforge_chip_rep1	5.02309	1.0	0.5213333333333333	782	0
helixforge_chip_rep1	5.0186	1.0	0.522	783	0
helixforge_chip_rep1	5.01669	1.0	0.5246666666666666	787	0
helixforge_chip_rep1	5.01484	1.0	0.526	789	0
helixforge_chip_rep1	5.01374	1.0	0.5266666666666666	790	0
helixforge_chip_rep1	5.00051	1.0	0.5273333333333333	791	0
helixforge_chip_rep1	4.99914	1.0	0.528	792	0
helixforge_chip_rep1	4.9924	1.0	0.5286666666666666	793	0
helixforge_chip_rep1	4.98283	1.0	0.5293333333333333	794	0
helixforge_chip_rep1	4.98172	1.0	0.53	795	0
helixforge_chip_rep1	4.98169	1.0	0.5313333333333333	797	0
helixforge_chip_rep1	4.98165	1.0	0.532	798	0
helixforge_chip_rep1	4.9778	1.0	0.5386666666666666	808	0
helixforge_chip_rep1	4.97289	1.0	0.5393333333333333	809	0
helixforge_chip_rep1	4.96625	1.0	0.5406666666666666	811	0
helixforge_chip_rep1	4.96528	1.0	0.5413333333333333	812	0
helixforge_chip_rep1	4.96475	1.0	0.5426666666666666	814	0
helixforge_chip_rep1	4.96418	1.0	0.5433333333333333	815	0
helixforge_chip_rep1	4.96291	1.0	0.544	816	0
helixforge_chip_rep1	4.96255	1.0	0.5446666666666666	817	0
helixforge_chip_rep1	4.94729	1.0	0.5453333333333333	818	0
helixforge_chip_rep1	4.94479	1.0	0.546	819	0
helixforge_chip_rep1	4.9407	1.0	0.5466666666666666	820	0
helixforge_chip_rep1	4.93943	1.0	0.5473333333333333	821	0
helixforge_chip_rep1	4.93891	1.0	0.55	825	0
helixforge_chip_rep1	4.93676	1.0	0.5506666666666666	826	0
helixforge_chip_rep1	4.93097	1.0	0.5513333333333333	827	0
helixforge_chip_rep1	4.92922	1.0	0.552	828	0
helixforge_chip_rep1	4.92734	1.0	0.5526666666666666	829	0
helixforge_chip_rep1	4.91995	1.0	0.5533333333333333	830	0
helixforge_chip_rep1	4.91845	1.0	0.554	831	0
helixforge_chip_rep1	4.91562	1.0	0.5546666666666666	832	0
helixforge_chip_rep1	4.91293	1.0	0.5553333333333333	833	0
helixforge_chip_rep1	4.9105	1.0	0.5573333333333333	836	0
helixforge_chip_rep1	4.90002	1.0	0.5586666666666666	838	0
helixforge_chip_rep1	4.89426	1.0	0.5593333333333333	839	0
helixforge_chip_rep1	4.87858	1.0	0.56	840	0
helixforge_chip_rep1	4.87721	1.0	0.5606666666666666	841	0
helixforge_chip_rep1	4.86926	1.0	0.5613333333333334	842	0
helixforge_chip_rep1	4.86113	1.0	0.564	846	0
helixforge_chip_rep1	4.85488	1.0	0.5646666666666667	847	0
helixforge_chip_rep1	4.85305	1.0	0.5653333333333334	848	0
helixforge_chip_rep1	4.84878	1.0	0.566	849	0
helixforge_chip_rep1	4.84658	1.0	0.5666666666666667	850	0
helixforge_chip_rep1	4.84449	1.0	0.5673333333333334	851	0
helixforge_chip_rep1	4.84422	1.0	0.568	852	0
helixforge_chip_rep1	4.83934	1.0	0.5686666666666667	853	0
helixforge_chip_rep1	4.83829	1.0	0.5693333333333334	854	0
helixforge_chip_rep1	4.82844	1.0	0.57	855	0
helixforge_chip_rep1	4.82224	1.0	0.5726666666666667	859	0
helixforge_chip_rep1	4.79817	1.0	0.5733333333333334	860	0
helixforge_chip_rep1	4.79719	1.0	0.574	861	0
helixforge_chip_rep1	4.79604	1.0	0.5746666666666667	862	0
helixforge_chip_rep1	4.78938	1.0	0.5753333333333334	863	0
helixforge_chip_rep1	4.78335	1.0	0.5773333333333334	866	0
helixforge_chip_rep1	4.78241	1.0	0.578	867	0
helixforge_chip_rep1	4.78236	1.0	0.5793333333333334	869	0
helixforge_chip_rep1	4.78011	1.0	0.58	870	0
helixforge_chip_rep1	4.77551	1.0	0.5806666666666667	871	0
helixforge_chip_rep1	4.76928	1.0	0.5813333333333334	872	0
helixforge_chip_rep1	4.76428	1.0	0.582	873	0
helixforge_chip_rep1	4.76298	1.0	0.5826666666666667	874	0
helixforge_chip_rep1	4.76211	1.0	0.584	876	0
helixforge_chip_rep1	4.75057	1.0	0.5846666666666667	877	0
helixforge_chip_rep1	4.74618	1.0	0.586	879	0
helixforge_chip_rep1	4.74449	1.0	0.5866666666666667	880	0
helixforge_chip_rep1	4.74446	1.0	0.588	882	0
helixforge_chip_rep1	4.74115	1.0	0.5886666666666667	883	0
helixforge_chip_rep1	4.7347	1.0	0.5893333333333334	884	0
helixforge_chip_rep1	4.73293	1.0	0.59	885	0
helixforge_chip_rep1	4.71594	1.0	0.5906666666666667	886	0
helixforge_chip_rep1	4.71275	1.0	0.5913333333333334	887	0
helixforge_chip_rep1	4.70995	1.0	0.592	888	0
helixforge_chip_rep1	4.70713	1.0	0.5926666666666667	889	0
helixforge_chip_rep1	4.70557	1.0	0.5933333333333334	890	0
helixforge_chip_rep1	4.70395	1.0	0.594	891	0
helixforge_chip_rep1	4.69902	1.0	0.5946666666666667	892	0
helixforge_chip_rep1	4.69456	1.0	0.5953333333333334	893	0
helixforge_chip_rep1	4.68112	1.0	0.596	894	0
helixforge_chip_rep1	4.66668	1.0	0.5973333333333334	896	0
helixforge_chip_rep1	4.66213	1.0	0.598	897	0
helixforge_chip_rep1	4.64958	1.0	0.5986666666666667	898	0
helixforge_chip_rep1	4.64955	1.0	0.5993333333333334	899	0
helixforge_chip_rep1	4.64949	1.0	0.6	900	0
helixforge_chip_rep1	4.62779	1.0	0.6006666666666667	901	0
helixforge_chip_rep1	4.62701	1.0	0.6013333333333334	902	0
helixforge_chip_rep1	4.61671	1.0	0.602	903	0
helixforge_chip_rep1	4.61268	1.0	0.6026666666666667	904	0
helixforge_chip_rep1	4.61074	1.0	0.6033333333333334	905	0
helixforge_chip_rep1	4.60154	1.0	0.604	906	0
helixforge_chip_rep1	4.60016	1.0	0.6046666666666667	907	0
helixforge_chip_rep1	4.59593	1.0	0.6053333333333333	908	0
helixforge_chip_rep1	4.59432	1.0	0.606	909	0
helixforge_chip_rep1	4.59001	1.0	0.6066666666666667	910	0
helixforge_chip_rep1	4.58891	1.0	0.6073333333333333	911	0
helixforge_chip_rep1	4.58309	1.0	0.608	912	0
helixforge_chip_rep1	4.58006	1.0	0.6086666666666667	913	0
helixforge_chip_rep1	4.57683	1.0	0.61	915	0
helixforge_chip_rep1	4.57578	1.0	0.6106666666666667	916	0
helixforge_chip_rep1	4.57329	1.0	0.6113333333333333	917	0
helixforge_chip_rep1	4.55946	1.0	0.612	918	0
helixforge_chip_rep1	4.55467	1.0	0.6126666666666667	919	0
helixforge_chip_rep1	4.55002	1.0	0.6133333333333333	920	0
helixforge_chip_rep1	4.53656	1.0	0.614	921	0
helixforge_chip_rep1	4.53502	1.0	0.6146666666666667	922	0
helixforge_chip_rep1	4.53393	1.0	0.6153333333333333	923	0
helixforge_chip_rep1	4.53165	1.0	0.616	924	0
helixforge_chip_rep1	4.53106	1.0	0.6166666666666667	925	0
helixforge_chip_rep1	4.52882	1.0	0.6173333333333333	926	0
helixforge_chip_rep1	4.52058	1.0	0.618	927	0
helixforge_chip_rep1	4.50641	1.0	0.6186666666666667	928	0
helixforge_chip_rep1	4.502	1.0	0.6193333333333333	929	0
helixforge_chip_rep1	4.49134	1.0	0.62	930	0
helixforge_chip_rep1	4.4835	1.0	0.6206666666666667	931	0
helixforge_chip_rep1	4.48346	1.0	0.6213333333333333	932	0
helixforge_chip_rep1	4.47475	1.0	0.622	933	0
helixforge_chip_rep1	4.47224	1.0	0.6226666666666667	934	0
helixforge_chip_rep1	4.47076	1.0	0.6233333333333333	935	0
helixforge_chip_rep1	4.46304	1.0	0.624	936	0
helixforge_chip_rep1	4.45814	1.0	0.6246666666666667	937	0
helixforge_chip_rep1	4.45025	1.0	0.6253333333333333	938	0
helixforge_chip_rep1	4.4451	1.0	0.626	939	0
helixforge_chip_rep1	4.43195	1.0	0.6266666666666667	940	0
helixforge_chip_rep1	4.43136	1.0	0.6273333333333333	941	0
helixforge_chip_rep1	4.41704	1.0	0.628	942	0
helixforge_chip_rep1	4.39894	1.0	0.6286666666666667	943	0
helixforge_chip_rep1	4.39446	1.0	0.6293333333333333	944	0
helixforge_chip_rep1	4.39059	1.0	0.63	945	0
helixforge_chip_rep1	4.38388	1.0	0.6306666666666667	946	0
helixforge_chip_rep1	4.37872	1.0	0.6313333333333333	947	0
helixforge_chip_rep1	4.36483	1.0	0.632	948	0
helixforge_chip_rep1	4.36323	1.0	0.6326666666666667	949	0
helixforge_chip_rep1	4.35682	1.0	0.6333333333333333	950	0
helixforge_chip_rep1	4.35437	1.0	0.634	951	0
helixforge_chip_rep1	4.34462	1.0	0.6346666666666667	952	0
helixforge_chip_rep1	4.33882	1.0	0.6353333333333333	953	0
helixforge_chip_rep1	4.3332	1.0	0.636	954	0
helixforge_chip_rep1	4.32775	1.0	0.6366666666666667	955	0
helixforge_chip_rep1	4.30668	1.0	0.6373333333333333	956	0
helixforge_chip_rep1	4.2842	1.0	0.638	957	0
helixforge_chip_rep1	4.27312	1.0	0.6386666666666667	958	0
helixforge_chip_rep1	4.25698	1.0	0.6393333333333333	959	0
helixforge_chip_rep1	4.25099	1.0	0.64	960	0
helixforge_chip_rep1	4.2389	1.0	0.6406666666666667	961	0
helixforge_chip_rep1	4.22981	1.0	0.6413333333333333	962	0
helixforge_chip_rep1	4.22317	1.0	0.642	963	0
helixforge_chip_rep1	4.21396	1.0	0.6426666666666667	964	0
helixforge_chip_rep1	4.1984	1.0	0.6433333333333333	965	0
helixforge_chip_rep1	4.18456	1.0	0.644	966	0
helixforge_chip_rep1	4.12224	1.0	0.6446666666666667	967	0
helixforge_chip_rep1	4.1204	1.0	0.6453333333333333	968	0
helixforge_chip_rep1	4.11596	1.0	0.646	969	0
helixforge_chip_rep1	4.11179	1.0	0.6466666666666666	970	0
helixforge_chip_rep1	4.10043	1.0	0.6473333333333333	971	0
helixforge_chip_rep1	4.0949	1.0	0.648	972	0
helixforge_chip_rep1	4.07867	1.0	0.6493333333333333	974	0
helixforge_chip_rep1	4.07723	1.0	0.6506666666666666	976	0
helixforge_chip_rep1	4.04135	1.0	0.6513333333333333	977	0
helixforge_chip_rep1	4.03795	1.0	0.652	978	0
helixforge_chip_rep1	4.02834	1.0	0.6526666666666666	979	0
helixforge_chip_rep1	4.0164	1.0	0.6533333333333333	980	0
helixforge_chip_rep1	4.01329	1.0	0.654	981	0
helixforge_chip_rep1	3.98528	1.0	0.6546666666666666	982	0
helixforge_chip_rep1	3.98525	1.0	0.6553333333333333	983	0
helixforge_chip_rep1	3.98523	1.0	0.656	984	0
helixforge_chip_rep1	3.98339	1.0	0.6566666666666666	985	0
helixforge_chip_rep1	3.96668	1.0	0.6573333333333333	986	0
helixforge_chip_rep1	3.92779	1.0	0.658	987	0
helixforge_chip_rep1	3.92202	1.0	0.6593333333333333	989	0
helixforge_chip_rep1	3.921	1.0	0.66	990	0
helixforge_chip_rep1	3.89602	1.0	0.6606666666666666	991	0
helixforge_chip_rep1	3.8889	1.0	0.6626666666666666	994	0
helixforge_chip_rep1	3.88567	1.0	0.6633333333333333	995	0
helixforge_chip_rep1	3.86803	1.0	0.664	996	0
helixforge_chip_rep1	3.86449	1.0	0.6646666666666666	997	0
helixforge_chip_rep1	3.85876	1.0	0.6653333333333333	998	0
helixforge_chip_rep1	3.85463	1.0	0.666	999	0
helixforge_chip_rep1	3.85001	1.0	0.6666666666666666	1000	0
helixforge_chip_rep1	3.83664	1.0	0.6673333333333333	1001	0
helixforge_chip_rep1	3.81113	1.0	0.6693333333333333	1004	0
helixforge_chip_rep1	3.80419	1.0	0.67	1005	0
helixforge_chip_rep1	3.79738	1.0	0.6706666666666666	1006	0
helixforge_chip_rep1	3.77224	1.0	0.6726666666666666	1009	0
helixforge_chip_rep1	3.73614	1.0	0.6733333333333333	1010	0
helixforge_chip_rep1	3.73335	1.0	0.6753333333333333	1013	0
helixforge_chip_rep1	3.71758	1.0	0.676	1014	0
helixforge_chip_rep1	3.7116	1.0	0.6766666666666666	1015	0
helixforge_chip_rep1	3.69446	1.0	0.682	1023	0
helixforge_chip_rep1	3.68618	1.0	0.6826666666666666	1024	0
helixforge_chip_rep1	3.66509	1.0	0.6833333333333333	1025	0
helixforge_chip_rep1	3.66108	1.0	0.684	1026	0
helixforge_chip_rep1	3.65557	1.0	0.686	1029	0
helixforge_chip_rep1	3.64878	1.0	0.6866666666666666	1030	0
helixforge_chip_rep1	3.64805	1.0	0.6873333333333334	1031	0
helixforge_chip_rep1	3.64049	1.0	0.688	1032	0
helixforge_chip_rep1	3.63515	1.0	0.6886666666666666	1033	0
helixforge_chip_rep1	3.62304	1.0	0.6893333333333334	1034	0
helixforge_chip_rep1	3.62038	1.0	0.69	1035	0
helixforge_chip_rep1	3.61668	1.0	0.694	1041	0
helixforge_chip_rep1	3.60991	1.0	0.6946666666666667	1042	0
helixforge_chip_rep1	3.60939	1.0	0.6953333333333334	1043	0
helixforge_chip_rep1	3.60936	1.0	0.696	1044	0
helixforge_chip_rep1	3.60078	1.0	0.6966666666666667	1045	0
helixforge_chip_rep1	3.59733	1.0	0.6973333333333334	1046	0
helixforge_chip_rep1	3.58403	1.0	0.698	1047	0
helixforge_chip_rep1	3.57779	1.0	0.7073333333333334	1061	0
helixforge_chip_rep1	3.57243	1.0	0.708	1062	0
helixforge_chip_rep1	3.55016	1.0	0.7086666666666667	1063	0
helixforge_chip_rep1	3.5389	1.0	0.714	1071	0
helixforge_chip_rep1	3.53419	1.0	0.7146666666666667	1072	0
helixforge_chip_rep1	3.5331	1.0	0.7153333333333334	1073	0
helixforge_chip_rep1	3.52535	1.0	0.716	1074	0
helixforge_chip_rep1	3.5161	1.0	0.7166666666666667	1075	0
helixforge_chip_rep1	3.51167	1.0	0.7173333333333334	1076	0
helixforge_chip_rep1	3.50001	1.0	0.7193333333333334	1079	0
helixforge_chip_rep1	3.49659	1.0	0.72	1080	0
helixforge_chip_rep1	3.49138	1.0	0.7206666666666667	1081	0
helixforge_chip_rep1	3.48721	1.0	0.7213333333333334	1082	0
helixforge_chip_rep1	3.47812	1.0	0.722	1083	0
helixforge_chip_rep1	3.46112	1.0	0.7266666666666667	1090	0
helixforge_chip_rep1	3.4605	1.0	0.728	1092	0
helixforge_chip_rep1	3.45703	1.0	0.7286666666666667	1093	0
helixforge_chip_rep1	3.45629	1.0	0.7293333333333333	1094	0
helixforge_chip_rep1	3.45412	1.0	0.73	1095	0
helixforge_chip_rep1	3.45199	1.0	0.7306666666666667	1096	0
helixforge_chip_rep1	3.45159	1.0	0.7313333333333333	1097	0
helixforge_chip_rep1	3.44888	1.0	0.732	1098	0
helixforge_chip_rep1	3.44869	1.0	0.7326666666666667	1099	0
helixforge_chip_rep1	3.44196	1.0	0.7333333333333333	1100	0
helixforge_chip_rep1	3.44189	1.0	0.734	1101	0
helixforge_chip_rep1	3.43885	1.0	0.7346666666666667	1102	0
helixforge_chip_rep1	3.42223	1.0	0.744	1116	0
helixforge_chip_rep1	3.4214	1.0	0.7446666666666667	1117	0
helixforge_chip_rep1	3.42041	1.0	0.7453333333333333	1118	0
helixforge_chip_rep1	3.41789	1.0	0.746	1119	0
helixforge_chip_rep1	3.41056	1.0	0.7466666666666667	1120	0
helixforge_chip_rep1	3.40566	1.0	0.7473333333333333	1121	0
helixforge_chip_rep1	3.39415	1.0	0.7486666666666667	1123	0
helixforge_chip_rep1	3.38807	1.0	0.7493333333333333	1124	0
helixforge_chip_rep1	3.3838	1.0	0.75	1125	0
helixforge_chip_rep1	3.38335	1.0	0.754	1131	0
helixforge_chip_rep1	3.3765	1.0	0.7546666666666667	1132	0
helixforge_chip_rep1	3.37224	1.0	0.756	1134	0
helixforge_chip_rep1	3.37074	1.0	0.7566666666666667	1135	0
helixforge_chip_rep1	3.36771	1.0	0.7573333333333333	1136	0
helixforge_chip_rep1	3.36463	1.0	0.758	1137	0
helixforge_chip_rep1	3.36002	1.0	0.7586666666666667	1138	0
helixforge_chip_rep1	3.35803	1.0	0.7593333333333333	1139	0
helixforge_chip_rep1	3.35794	1.0	0.76	1140	0
helixforge_chip_rep1	3.34765	1.0	0.7606666666666667	1141	0
helixforge_chip_rep1	3.34446	1.0	0.7673333333333333	1151	0
helixforge_chip_rep1	3.3425	1.0	0.768	1152	0
helixforge_chip_rep1	3.33952	1.0	0.7686666666666667	1153	0
helixforge_chip_rep1	3.33769	1.0	0.7693333333333333	1154	0
helixforge_chip_rep1	3.33392	1.0	0.7706666666666667	1156	0
helixforge_chip_rep1	3.3332	1.0	0.7713333333333333	1157	0
helixforge_chip_rep1	3.32488	1.0	0.772	1158	0
helixforge_chip_rep1	3.32113	1.0	0.7726666666666666	1159	0
helixforge_chip_rep1	3.30983	1.0	0.7733333333333333	1160	0
helixforge_chip_rep1	3.30557	1.0	0.782	1173	0
helixforge_chip_rep1	3.3003	1.0	0.7826666666666666	1174	0
helixforge_chip_rep1	3.2851	1.0	0.7833333333333333	1175	0
helixforge_chip_rep1	3.28423	1.0	0.7846666666666666	1177	0
helixforge_chip_rep1	3.28367	1.0	0.7853333333333333	1178	0
helixforge_chip_rep1	3.27974	1.0	0.786	1179	0
helixforge_chip_rep1	3.27367	1.0	0.7866666666666666	1180	0
helixforge_chip_rep1	3.27101	1.0	0.7873333333333333	1181	0
helixforge_chip_rep1	3.26928	1.0	0.788	1182	0
helixforge_chip_rep1	3.26668	1.0	0.796	1194	0
helixforge_chip_rep1	3.26531	1.0	0.7966666666666666	1195	0
helixforge_chip_rep1	3.25466	1.0	0.7973333333333333	1196	0
helixforge_chip_rep1	3.24907	1.0	0.798	1197	0
helixforge_chip_rep1	3.24733	1.0	0.7986666666666666	1198	0
helixforge_chip_rep1	3.24228	1.0	0.7993333333333333	1199	0
helixforge_chip_rep1	3.23809	1.0	0.8	1200	0
helixforge_chip_rep1	3.23038	1.0	0.8006666666666666	1201	0
helixforge_chip_rep1	3.22779	1.0	0.8066666666666666	1210	0
helixforge_chip_rep1	3.22587	1.0	0.8073333333333333	1211	0
helixforge_chip_rep1	3.22412	1.0	0.808	1212	0
helixforge_chip_rep1	3.21896	1.0	0.8093333333333333	1214	0
helixforge_chip_rep1	3.21463	1.0	0.8106666666666666	1216	0
helixforge_chip_rep1	3.18987	1.0	0.8113333333333334	1217	0
helixforge_chip_rep1	3.1889	1.0	0.8173333333333334	1226	0
helixforge_chip_rep1	3.18828	1.0	0.818	1227	0
helixforge_chip_rep1	3.18064	1.0	0.8186666666666667	1228	0
helixforge_chip_rep1	3.17844	1.0	0.8193333333333334	1229	0
helixforge_chip_rep1	3.17545	1.0	0.82	1230	0
helixforge_chip_rep1	3.17352	1.0	0.8213333333333334	1232	0
helixforge_chip_rep1	3.17124	1.0	0.822	1233	0
helixforge_chip_rep1	3.17044	1.0	0.8226666666666667	1234	0
helixforge_chip_rep1	3.16533	1.0	0.8233333333333334	1235	0
helixforge_chip_rep1	3.15821	1.0	0.824	1236	0
helixforge_chip_rep1	3.15205	1.0	0.8253333333333334	1238	0
helixforge_chip_rep1	3.15001	1.0	0.832	1248	0
helixforge_chip_rep1	3.14337	1.0	0.8326666666666667	1249	0
helixforge_chip_rep1	3.13809	1.0	0.8333333333333334	1250	0
helixforge_chip_rep1	3.13662	1.0	0.8346666666666667	1252	0
helixforge_chip_rep1	3.13597	1.0	0.8353333333333334	1253	0
helixforge_chip_rep1	3.13282	1.0	0.836	1254	0
helixforge_chip_rep1	3.1327	1.0	0.8366666666666667	1255	0
helixforge_chip_rep1	3.13134	1.0	0.838	1257	0
helixforge_chip_rep1	3.12234	1.0	0.8386666666666667	1258	0
helixforge_chip_rep1	3.12182	1.0	0.8393333333333334	1259	0
helixforge_chip_rep1	3.12158	1.0	0.84	1260	0
helixforge_chip_rep1	3.12062	1.0	0.8406666666666667	1261	0
helixforge_chip_rep1	3.11737	1.0	0.8413333333333334	1262	0
helixforge_chip_rep1	3.11582	1.0	0.8433333333333334	1265	0
helixforge_chip_rep1	3.11112	1.0	0.8486666666666667	1273	0
helixforge_chip_rep1	3.104	1.0	0.8493333333333334	1274	0
helixforge_chip_rep1	3.10073	1.0	0.85	1275	0
helixforge_chip_rep1	3.09972	1.0	0.8506666666666667	1276	0
helixforge_chip_rep1	3.08681	1.0	0.8513333333333334	1277	0
helixforge_chip_rep1	3.07951	1.0	0.852	1278	0
helixforge_chip_rep1	3.07837	1.0	0.8526666666666667	1279	0
helixforge_chip_rep1	3.07342	1.0	0.8533333333333334	1280	0
helixforge_chip_rep1	3.07223	1.0	0.858	1287	0
helixforge_chip_rep1	3.0713	1.0	0.8586666666666667	1288	0
helixforge_chip_rep1	3.06985	1.0	0.8593333333333333	1289	0
helixforge_chip_rep1	3.06567	1.0	0.86	1290	0
helixforge_chip_rep1	3.06017	1.0	0.8606666666666667	1291	0
helixforge_chip_rep1	3.05496	1.0	0.8613333333333333	1292	0
helixforge_chip_rep1	3.03797	1.0	0.862	1293	0
helixforge_chip_rep1	3.03634	1.0	0.8626666666666667	1294	0
helixforge_chip_rep1	3.03334	1.0	0.8693333333333333	1304	0
helixforge_chip_rep1	3.02601	1.0	0.87	1305	0
helixforge_chip_rep1	3.02459	1.0	0.8706666666666667	1306	0
helixforge_chip_rep1	3.02334	1.0	0.8713333333333333	1307	0
helixforge_chip_rep1	3.02225	1.0	0.872	1308	0
helixforge_chip_rep1	3.0021	1.0	0.8726666666666667	1309	0
helixforge_chip_rep1	2.99446	1.0	0.8746666666666667	1312	0
helixforge_chip_rep1	2.98902	1.0	0.8753333333333333	1313	0
helixforge_chip_rep1	2.98897	1.0	0.8773333333333333	1316	0
helixforge_chip_rep1	2.97314	1.0	0.878	1317	0
helixforge_chip_rep1	2.97089	1.0	0.88	1320	0
helixforge_chip_rep1	2.97023	1.0	0.8806666666666667	1321	0
helixforge_chip_rep1	2.96436	1.0	0.8813333333333333	1322	0
helixforge_chip_rep1	2.95557	1.0	0.886	1329	0
helixforge_chip_rep1	2.95342	1.0	0.8866666666666667	1330	0
helixforge_chip_rep1	2.95212	1.0	0.8873333333333333	1331	0
helixforge_chip_rep1	2.95071	1.0	0.8886666666666667	1333	0
helixforge_chip_rep1	2.93997	1.0	0.8893333333333333	1334	0
helixforge_chip_rep1	2.93656	1.0	0.89	1335	0
helixforge_chip_rep1	2.93613	1.0	0.8906666666666667	1336	0
helixforge_chip_rep1	2.93466	1.0	0.8913333333333333	1337	0
helixforge_chip_rep1	2.92888	1.0	0.892	1338	0
helixforge_chip_rep1	2.92255	1.0	0.8926666666666667	1339	0
helixforge_chip_rep1	2.92002	1.0	0.8933333333333333	1340	0
helixforge_chip_rep1	2.91783	1.0	0.894	1341	0
helixforge_chip_rep1	2.91668	1.0	0.898	1347	0
helixforge_chip_rep1	2.90455	1.0	0.8986666666666666	1348	0
helixforge_chip_rep1	2.9016	1.0	0.9	1350	0
helixforge_chip_rep1	2.89425	1.0	0.9006666666666666	1351	0
helixforge_chip_rep1	2.88934	1.0	0.902	1353	0
helixforge_chip_rep1	2.88856	1.0	0.9026666666666666	1354	0
helixforge_chip_rep1	2.8864	1.0	0.9033333333333333	1355	0
helixforge_chip_rep1	2.88592	1.0	0.904	1356	0
helixforge_chip_rep1	2.88225	1.0	0.9046666666666666	1357	0
helixforge_chip_rep1	2.88165	1.0	0.9053333333333333	1358	0
helixforge_chip_rep1	2.87831	1.0	0.906	1359	0
helixforge_chip_rep1	2.87779	1.0	0.91	1365	0
helixforge_chip_rep1	2.87502	1.0	0.9106666666666666	1366	0
helixforge_chip_rep1	2.87464	1.0	0.9113333333333333	1367	0
helixforge_chip_rep1	2.87407	1.0	0.912	1368	0
helixforge_chip_rep1	2.86683	1.0	0.9126666666666666	1369	0
helixforge_chip_rep1	2.8606	1.0	0.9133333333333333	1370	0
helixforge_chip_rep1	2.85743	1.0	0.914	1371	0
helixforge_chip_rep1	2.85421	1.0	0.9146666666666666	1372	0
helixforge_chip_rep1	2.85181	1.0	0.9153333333333333	1373	0
helixforge_chip_rep1	2.85156	1.0	0.916	1374	0
helixforge_chip_rep1	2.84663	1.0	0.9166666666666666	1375	0
helixforge_chip_rep1	2.84141	1.0	0.9173333333333333	1376	0
helixforge_chip_rep1	2.8389	1.0	0.918	1377	0
helixforge_chip_rep1	2.837	1.0	0.9186666666666666	1378	0
helixforge_chip_rep1	2.83439	1.0	0.9193333333333333	1379	0
helixforge_chip_rep1	2.83216	1.0	0.92	1380	0
helixforge_chip_rep1	2.83168	1.0	0.9213333333333333	1382	0
helixforge_chip_rep1	2.8296	1.0	0.922	1383	0
helixforge_chip_rep1	2.82827	1.0	0.9226666666666666	1384	0
helixforge_chip_rep1	2.81721	1.0	0.924	1386	0
helixforge_chip_rep1	2.81446	1.0	0.9246666666666666	1387	0
helixforge_chip_rep1	2.8093	1.0	0.9253333333333333	1388	0
helixforge_chip_rep1	2.80884	1.0	0.926	1389	0
helixforge_chip_rep1	2.80723	1.0	0.9266666666666666	1390	0
helixforge_chip_rep1	2.80323	1.0	0.9273333333333333	1391	0
helixforge_chip_rep1	2.80214	1.0	0.928	1392	0
helixforge_chip_rep1	2.80001	1.0	0.9293333333333333	1394	0
helixforge_chip_rep1	2.79672	1.0	0.9306666666666666	1396	0
helixforge_chip_rep1	2.79613	1.0	0.9313333333333333	1397	0
helixforge_chip_rep1	2.79301	1.0	0.932	1398	0
helixforge_chip_rep1	2.78974	1.0	0.9326666666666666	1399	0
helixforge_chip_rep1	2.78966	1.0	0.9333333333333333	1400	0
helixforge_chip_rep1	2.78014	1.0	0.934	1401	0
helixforge_chip_rep1	2.76451	1.0	0.9346666666666666	1402	0
helixforge_chip_rep1	2.76112	1.0	0.9366666666666666	1405	0
helixforge_chip_rep1	2.75911	1.0	0.9373333333333334	1406	0
helixforge_chip_rep1	2.75453	1.0	0.938	1407	0
helixforge_chip_rep1	2.75351	1.0	0.9386666666666666	1408	0
helixforge_chip_rep1	2.74849	1.0	0.94	1410	0
helixforge_chip_rep1	2.74741	1.0	0.9406666666666667	1411	0
helixforge_chip_rep1	2.74581	1.0	0.9413333333333334	1412	0
helixforge_chip_rep1	2.73987	1.0	0.942	1413	0
helixforge_chip_rep1	2.73705	1.0	0.9426666666666667	1414	0
helixforge_chip_rep1	2.73568	1.0	0.944	1416	0
helixforge_chip_rep1	2.73071	1.0	0.9453333333333334	1418	0
helixforge_chip_rep1	2.7252	1.0	0.946	1419	0
helixforge_chip_rep1	2.72223	1.0	0.9486666666666667	1423	0
helixforge_chip_rep1	2.71827	1.0	0.9493333333333334	1424	0
helixforge_chip_rep1	2.7179	1.0	0.95	1425	0
helixforge_chip_rep1	2.71728	1.0	0.9506666666666667	1426	0
helixforge_chip_rep1	2.71414	1.0	0.9513333333333334	1427	0
helixforge_chip_rep1	2.71106	1.0	0.952	1428	0
helixforge_chip_rep1	2.70874	1.0	0.9526666666666667	1429	0
helixforge_chip_rep1	2.70426	1.0	0.9533333333333334	1430	0
helixforge_chip_rep1	2.69184	1.0	0.9546666666666667	1432	0
helixforge_chip_rep1	2.68334	1.0	0.958	1437	0
helixforge_chip_rep1	2.68105	1.0	0.9586666666666667	1438	0
helixforge_chip_rep1	2.67864	1.0	0.9593333333333334	1439	0
helixforge_chip_rep1	2.6776	1.0	0.96	1440	0
helixforge_chip_rep1	2.67541	1.0	0.9606666666666667	1441	0
helixforge_chip_rep1	2.6745	1.0	0.9613333333333334	1442	0
helixforge_chip_rep1	2.66032	1.0	0.962	1443	0
helixforge_chip_rep1	2.65685	1.0	0.9626666666666667	1444	0
helixforge_chip_rep1	2.65684	1.0	0.9633333333333334	1445	0
helixforge_chip_rep1	2.65682	1.0	0.964	1446	0
helixforge_chip_rep1	2.63743	1.0	0.9646666666666667	1447	0
helixforge_chip_rep1	2.63729	1.0	0.9653333333333334	1448	0
helixforge_chip_rep1	2.63436	1.0	0.966	1449	0
helixforge_chip_rep1	2.63177	1.0	0.9666666666666667	1450	0
helixforge_chip_rep1	2.62664	1.0	0.9673333333333334	1451	0
helixforge_chip_rep1	2.62522	1.0	0.968	1452	0
helixforge_chip_rep1	2.62493	1.0	0.9686666666666667	1453	0
helixforge_chip_rep1	2.62058	1.0	0.9693333333333334	1454	0
helixforge_chip_rep1	2.61886	1.0	0.97	1455	0
helixforge_chip_rep1	2.61166	1.0	0.9706666666666667	1456	0
helixforge_chip_rep1	2.60557	1.0	0.9713333333333334	1457	0
helixforge_chip_rep1	2.60219	1.0	0.972	1458	0
helixforge_chip_rep1	2.60058	1.0	0.9733333333333334	1460	0
helixforge_chip_rep1	2.59359	1.0	0.974	1461	0
helixforge_chip_rep1	2.59044	1.0	0.9753333333333334	1463	0
helixforge_chip_rep1	2.57509	1.0	0.976	1464	0
helixforge_chip_rep1	2.56681	1.0	0.9766666666666667	1465	0
helixforge_chip_rep1	2.56196	1.0	0.9773333333333334	1466	0
helixforge_chip_rep1	2.55723	1.0	0.9786666666666667	1468	0
helixforge_chip_rep1	2.54903	1.0	0.9793333333333333	1469	0
helixforge_chip_rep1	2.53901	1.0	0.98	1470	0
helixforge_chip_rep1	2.52779	1.0	0.9806666666666667	1471	0
helixforge_chip_rep1	2.508	1.0	0.9813333333333333	1472	0
helixforge_chip_rep1	2.50687	1.0	0.982	1473	0
helixforge_chip_rep1	2.50588	1.0	0.9826666666666667	1474	0
helixforge_chip_rep1	2.49081	1.0	0.984	1476	0
helixforge_chip_rep1	2.49078	1.0	0.9846666666666667	1477	0
helixforge_chip_rep1	2.46643	1.0	0.9853333333333333	1478	0
helixforge_chip_rep1	2.46549	1.0	0.986	1479	0
helixforge_chip_rep1	2.44074	1.0	0.9866666666666667	1480	0
helixforge_chip_rep1	2.43873	1.0	0.9873333333333333	1481	0
helixforge_chip_rep1	2.42181	1.0	0.988	1482	0
helixforge_chip_rep1	2.40899	1.0	0.9893333333333333	1484	0
helixforge_chip_rep1	2.39739	1.0	0.99	1485	0
helixforge_chip_rep1	2.38474	1.0	0.9906666666666667	1486	0
helixforge_chip_rep1	2.35797	1.0	0.9913333333333333	1487	0
helixforge_chip_rep1	2.33758	1.0	0.992	1488	0
helixforge_chip_rep1	2.32473	1.0	0.9926666666666667	1489	0
helixforge_chip_rep1	2.29919	1.0	0.9933333333333333	1490	0
helixforge_chip_rep1	2.29281	1.0	0.994	1491	0
helixforge_chip_rep1	2.24741	1.0	0.9946666666666667	1492	0
helixforge_chip_rep1	2.21006	1.0	0.9953333333333333	1493	0
helixforge_chip_rep1	2.20397	1.0	0.996	1494	0
helixforge_chip_rep1	2.18241	1.0	0.9966666666666667	1495	0
helixforge_chip_rep1	2.09754	1.0	0.9973333333333333	1496	0
helixforge_chip_rep1	2.02108	1.0	0.998	1497	0
helixforge_chip_rep1	1.96567	1.0	0.9986666666666667	1498	0
helixforge_chip_rep1	1.91692	1.0	0.9993333333333333	1499	0
helixforge_chip_rep1	1.80411	1.0	1.0	1500	0
helixforge_chip_rep1	0.0	0.5	1.0	1500	1500
helixforge_chip_rep2	Inf	1.0	0.0	0	0
helixforge_chip_rep2	8.74948	1.0	0.0006666666666666666	1	0
helixforge_chip_rep2	8.71059	1.0	0.0013333333333333333	2	0
helixforge_chip_rep2	8.63282	1.0	0.002	3	0
helixforge_chip_rep2	8.55505	1.0	0.0026666666666666666	4	0
helixforge_chip_rep2	8.51616	1.0	0.0033333333333333335	5	0
helixforge_chip_rep2	8.46013	1.0	0.004	6	0
helixforge_chip_rep2	8.43839	1.0	0.004666666666666667	7	0
helixforge_chip_rep2	8.3995	1.0	0.005333333333333333	8	0
helixforge_chip_rep2	8.36062	1.0	0.006666666666666667	10	0
helixforge_chip_rep2	8.35388	1.0	0.007333333333333333	11	0
helixforge_chip_rep2	8.32173	1.0	0.008	12	0
helixforge_chip_rep2	8.31117	1.0	0.008666666666666666	13	0
helixforge_chip_rep2	8.28284	1.0	0.010666666666666666	16	0
helixforge_chip_rep2	8.24396	1.0	0.011333333333333334	17	0
helixforge_chip_rep2	8.19624	1.0	0.012	18	0
helixforge_chip_rep2	8.16618	1.0	0.013333333333333334	20	0
helixforge_chip_rep2	8.16228	1.0	0.014	21	0
helixforge_chip_rep2	8.1273	1.0	0.014666666666666666	22	0
helixforge_chip_rep2	8.08841	1.0	0.015333333333333332	23	0
helixforge_chip_rep2	8.04952	1.0	0.018	27	0
helixforge_chip_rep2	8.01064	1.0	0.019333333333333334	29	0
helixforge_chip_rep2	7.99443	1.0	0.02	30	0
helixforge_chip_rep2	7.97175	1.0	0.021333333333333333	32	0
helixforge_chip_rep2	7.95563	1.0	0.022	33	0
helixforge_chip_rep2	7.93286	1.0	0.026	39	0
helixforge_chip_rep2	7.91944	1.0	0.02666666666666667	40	0
helixforge_chip_rep2	7.89683	1.0	0.027333333333333334	41	0
helixforge_chip_rep2	7.89398	1.0	0.032	48	0
helixforge_chip_rep2	7.85572	1.0	0.03333333333333333	50	0
helixforge_chip_rep2	7.85509	1.0	0.035333333333333335	53	0
helixforge_chip_rep2	7.82272	1.0	0.036	54	0
helixforge_chip_rep2	7.8174	1.0	0.03666666666666667	55	0
helixforge_chip_rep2	7.8162	1.0	0.04066666666666666	61	0
helixforge_chip_rep2	7.80039	1.0	0.04133333333333333	62	0
helixforge_chip_rep2	7.79878	1.0	0.042	63	0
helixforge_chip_rep2	7.77732	1.0	0.04533333333333334	68	0
helixforge_chip_rep2	7.73843	1.0	0.048	72	0
helixforge_chip_rep2	7.71233	1.0	0.048666666666666664	73	0
helixforge_chip_rep2	7.69954	1.0	0.052	78	0
helixforge_chip_rep2	7.68041	1.0	0.05266666666666667	79	0
helixforge_chip_rep2	7.67279	1.0	0.05333333333333334	80	0
helixforge_chip_rep2	7.66411	1.0	0.054	81	0
helixforge_chip_rep2	7.66066	1.0	0.06066666666666667	91	0
helixforge_chip_rep2	7.65795	1.0	0.06133333333333333	92	0
helixforge_chip_rep2	7.62579	1.0	0.062	93	0
helixforge_chip_rep2	7.62177	1.0	0.06333333333333334	95	0
helixforge_chip_rep2	7.60912	1.0	0.064	96	0
helixforge_chip_rep2	7.60162	1.0	0.06466666666666666	97	0
helixforge_chip_rep2	7.60044	1.0	0.06533333333333333	98	0
helixforge_chip_rep2	7.59151	1.0	0.066	99	0
helixforge_chip_rep2	7.58869	1.0	0.06666666666666667	100	0
helixforge_chip_rep2	7.58594	1.0	0.06733333333333333	101	0
helixforge_chip_rep2	7.58288	1.0	0.07333333333333333	110	0
helixforge_chip_rep2	7.57687	1.0	0.074	111	0
helixforge_chip_rep2	7.56661	1.0	0.07466666666666667	112	0
helixforge_chip_rep2	7.544	1.0	0.07666666666666666	115	0
helixforge_chip_rep2	7.5436	1.0	0.07733333333333334	116	0
helixforge_chip_rep2	7.50511	1.0	0.08266666666666667	124	0
helixforge_chip_rep2	7.4759	1.0	0.08333333333333333	125	0
helixforge_chip_rep2	7.47251	1.0	0.084	126	0
helixforge_chip_rep2	7.46622	1.0	0.09	135	0
helixforge_chip_rep2	7.45376	1.0	0.09066666666666667	136	0
helixforge_chip_rep2	7.43616	1.0	0.09133333333333334	137	0
helixforge_chip_rep2	7.42734	1.0	0.098	147	0
helixforge_chip_rep2	7.4217	1.0	0.09866666666666667	148	0
helixforge_chip_rep2	7.41499	1.0	0.09933333333333333	149	0
helixforge_chip_rep2	7.4067	1.0	0.1	150	0
helixforge_chip_rep2	7.39723	1.0	0.10066666666666667	151	0
helixforge_chip_rep2	7.39646	1.0	0.10133333333333333	152	0
helixforge_chip_rep2	7.39093	1.0	0.102	153	0
helixforge_chip_rep2	7.38845	1.0	0.10733333333333334	161	0
helixforge_chip_rep2	7.38358	1.0	0.108	162	0
helixforge_chip_rep2	7.38296	1.0	0.10866666666666666	163	0
helixforge_chip_rep2	7.37273	1.0	0.10933333333333334	164	0
helixforge_chip_rep2	7.37088	1.0	0.11	165	0
helixforge_chip_rep2	7.3691	1.0	0.11066666666666666	166	0
helixforge_chip_rep2	7.3603	1.0	0.11133333333333334	167	0
helixforge_chip_rep2	7.34956	1.0	0.11333333333333333	170	0
helixforge_chip_rep2	7.3455	1.0	0.114	171	0
helixforge_chip_rep2	7.34332	1.0	0.116	174	0
helixforge_chip_rep2	7.34132	1.0	0.11666666666666667	175	0
helixforge_chip_rep2	7.31923	1.0	0.11733333333333333	176	0
helixforge_chip_rep2	7.31847	1.0	0.118	177	0
helixforge_chip_rep2	7.31663	1.0	0.11866666666666667	178	0
helixforge_chip_rep2	7.31068	1.0	0.12466666666666666	187	0
helixforge_chip_rep2	7.30949	1.0	0.12533333333333332	188	0
helixforge_chip_rep2	7.30642	1.0	0.126	189	0
helixforge_chip_rep2	7.2939	1.0	0.12666666666666668	190	0
helixforge_chip_rep2	7.28476	1.0	0.12733333333333333	191	0
helixforge_chip_rep2	7.28344	1.0	0.128	192	0
helixforge_chip_rep2	7.28322	1.0	0.12866666666666668	193	0
helixforge_chip_rep2	7.28224	1.0	0.12933333333333333	194	0
helixforge_chip_rep2	7.28091	1.0	0.13	195	0
helixforge_chip_rep2	7.27179	1.0	0.136	204	0
helixforge_chip_rep2	7.27177	1.0	0.13666666666666666	205	0
helixforge_chip_rep2	7.2613	1.0	0.13733333333333334	206	0
helixforge_chip_rep2	7.2597	1.0	0.138	207	0
helixforge_chip_rep2	7.25906	1.0	0.13866666666666666	208	0
helixforge_chip_rep2	7.25842	1.0	0.13933333333333334	209	0
helixforge_chip_rep2	7.25631	1.0	0.14	210	0
helixforge_chip_rep2	7.25391	1.0	0.14066666666666666	211	0
helixforge_chip_rep2	7.24924	1.0	0.14133333333333334	212	0
helixforge_chip_rep2	7.24601	1.0	0.142	213	0
helixforge_chip_rep2	7.24259	1.0	0.14266666666666666	214	0
helixforge_chip_rep2	7.2329	1.0	0.14666666666666667	220	0
helixforge_chip_rep2	7.22752	1.0	0.14733333333333334	221	0
helixforge_chip_rep2	7.22444	1.0	0.148	222	0
helixforge_chip_rep2	7.22247	1.0	0.14933333333333335	224	0
helixforge_chip_rep2	7.19402	1.0	0.15333333333333332	230	0
helixforge_chip_rep2	7.18777	1.0	0.154	231	0
helixforge_chip_rep2	7.17947	1.0	0.15466666666666667	232	0
helixforge_chip_rep2	7.1753	1.0	0.15533333333333332	233	0
helixforge_chip_rep2	7.17355	1.0	0.156	234	0
helixforge_chip_rep2	7.15998	1.0	0.15666666666666668	235	0
helixforge_chip_rep2	7.15764	1.0	0.15733333333333333	236	0
helixforge_chip_rep2	7.15513	1.0	0.16266666666666665	244	0
helixforge_chip_rep2	7.14801	1.0	0.16333333333333333	245	0
helixforge_chip_rep2	7.14602	1.0	0.164	246	0
helixforge_chip_rep2	7.14401	1.0	0.16466666666666666	247	0
helixforge_chip_rep2	7.14351	1.0	0.16533333333333333	248	0
helixforge_chip_rep2	7.1262	1.0	0.166	249	0
helixforge_chip_rep2	7.12191	1.0	0.16666666666666666	250	0
helixforge_chip_rep2	7.11624	1.0	0.172	258	0
helixforge_chip_rep2	7.10109	1.0	0.17266666666666666	259	0
helixforge_chip_rep2	7.09661	1.0	0.17333333333333334	260	0
helixforge_chip_rep2	7.08911	1.0	0.174	261	0
helixforge_chip_rep2	7.08675	1.0	0.17533333333333334	263	0
helixforge_chip_rep2	7.07736	1.0	0.18	270	0
helixforge_chip_rep2	7.07731	1.0	0.18066666666666667	271	0
helixforge_chip_rep2	7.06841	1.0	0.18133333333333335	272	0
helixforge_chip_rep2	7.06832	1.0	0.182	273	0
helixforge_chip_rep2	7.06522	1.0	0.18266666666666667	274	0
helixforge_chip_rep2	7.05866	1.0	0.18333333333333332	275	0
helixforge_chip_rep2	7.04811	1.0	0.184	276	0
helixforge_chip_rep2	7.04544	1.0	0.18466666666666667	277	0
helixforge_chip_rep2	7.03919	1.0	0.18533333333333332	278	0
helixforge_chip_rep2	7.03847	1.0	0.18933333333333333	284	0
helixforge_chip_rep2	7.03836	1.0	0.19	285	0
helixforge_chip_rep2	7.03817	1.0	0.19066666666666668	286	0
helixforge_chip_rep2	7.0304	1.0	0.19133333333333333	287	0
helixforge_chip_rep2	7.02424	1.0	0.192	288	0
helixforge_chip_rep2	7.01868	1.0	0.19266666666666668	289	0
helixforge_chip_rep2	7.01255	1.0	0.19333333333333333	290	0
helixforge_chip_rep2	7.01121	1.0	0.194	291	0
helixforge_chip_rep2	7.00863	1.0	0.19466666666666665	292	0
helixforge_chip_rep2	7.00742	1.0	0.19533333333333333	293	0
helixforge_chip_rep2	6.99958	1.0	0.19733333333333333	296	0
helixforge_chip_rep2	6.99312	1.0	0.198	297	0
helixforge_chip_rep2	6.97635	1.0	0.19866666666666666	298	0
helixforge_chip_rep2	6.97431	1.0	0.19933333333333333	299	0
helixforge_chip_rep2	6.9607	1.0	0.20333333333333334	305	0
helixforge_chip_rep2	6.95565	1.0	0.204	306	0
helixforge_chip_rep2	6.95196	1.0	0.20466666666666666	307	0
helixforge_chip_rep2	6.95055	1.0	0.20533333333333334	308	0
helixforge_chip_rep2	6.93869	1.0	0.206	309	0
helixforge_chip_rep2	6.93741	1.0	0.20666666666666667	310	0
helixforge_chip_rep2	6.92181	1.0	0.20866666666666667	313	0
helixforge_chip_rep2	6.91994	1.0	0.21	315	0
helixforge_chip_rep2	6.91793	1.0	0.21066666666666667	316	0
helixforge_chip_rep2	6.90958	1.0	0.21133333333333335	317	0
helixforge_chip_rep2	6.9031	1.0	0.212	318	0
helixforge_chip_rep2	6.9005	1.0	0.21266666666666667	319	0
helixforge_chip_rep2	6.88293	1.0	0.214	321	0
helixforge_chip_rep2	6.87375	1.0	0.21466666666666667	322	0
helixforge_chip_rep2	6.87117	1.0	0.21533333333333332	323	0
helixforge_chip_rep2	6.85967	1.0	0.216	324	0
helixforge_chip_rep2	6.85938	1.0	0.21666666666666667	325	0
helixforge_chip_rep2	6.85602	1.0	0.21733333333333332	326	0
helixforge_chip_rep2	6.8498	1.0	0.218	327	0
helixforge_chip_rep2	6.84748	1.0	0.21866666666666668	328	0
helixforge_chip_rep2	6.84673	1.0	0.21933333333333332	329	0
helixforge_chip_rep2	6.84404	1.0	0.22066666666666668	331	0
helixforge_chip_rep2	6.84273	1.0	0.222	333	0
helixforge_chip_rep2	6.84039	1.0	0.22266666666666668	334	0
helixforge_chip_rep2	6.83194	1.0	0.22333333333333333	335	0
helixforge_chip_rep2	6.82413	1.0	0.224	336	0
helixforge_chip_rep2	6.82106	1.0	0.22466666666666665	337	0
helixforge_chip_rep2	6.81295	1.0	0.22533333333333333	338	0
helixforge_chip_rep2	6.81153	1.0	0.226	339	0
helixforge_chip_rep2	6.80515	1.0	0.22866666666666666	343	0
helixforge_chip_rep2	6.7696	1.0	0.22933333333333333	344	0
helixforge_chip_rep2	6.76627	1.0	0.23266666666666666	349	0
helixforge_chip_rep2	6.75469	1.0	0.23333333333333334	350	0
helixforge_chip_rep2	6.75074	1.0	0.234	351	0
helixforge_chip_rep2	6.74748	1.0	0.23466666666666666	352	0
helixforge_chip_rep2	6.74442	1.0	0.23533333333333334	353	0
helixforge_chip_rep2	6.74435	1.0	0.236	354	0
helixforge_chip_rep2	6.74173	1.0	0.23666666666666666	355	0
helixforge_chip_rep2	6.73879	1.0	0.23733333333333334	356	0
helixforge_chip_rep2	6.73359	1.0	0.238	357	0
helixforge_chip_rep2	6.72738	1.0	0.24	360	0
helixforge_chip_rep2	6.72639	1.0	0.24066666666666667	361	0
helixforge_chip_rep2	6.71158	1.0	0.24133333333333334	362	0
helixforge_chip_rep2	6.7075	1.0	0.242	363	0
helixforge_chip_rep2	6.69394	1.0	0.24266666666666667	364	0
helixforge_chip_rep2	6.68849	1.0	0.244	366	0
helixforge_chip_rep2	6.68507	1.0	0.24466666666666667	367	0
helixforge_chip_rep2	6.66504	1.0	0.24533333333333332	368	0
helixforge_chip_rep2	6.65402	1.0	0.246	369	0
helixforge_chip_rep2	6.65146	1.0	0.24666666666666667	370	0
helixforge_chip_rep2	6.64961	1.0	0.24866666666666667	373	0
helixforge_chip_rep2	6.64934	1.0	0.24933333333333332	374	0
helixforge_chip_rep2	6.63379	1.0	0.25	375	0
helixforge_chip_rep2	6.6301	1.0	0.25066666666666665	376	0
helixforge_chip_rep2	6.62745	1.0	0.25133333333333335	377	0
helixforge_chip_rep2	6.62498	1.0	0.252	378	0
helixforge_chip_rep2	6.6196	1.0	0.25266666666666665	379	0
helixforge_chip_rep2	6.61844	1.0	0.25333333333333335	380	0
helixforge_chip_rep2	6.61072	1.0	0.254	381	0
helixforge_chip_rep2	6.59853	1.0	0.25466666666666665	382	0
helixforge_chip_rep2	6.58291	1.0	0.25533333333333336	383	0
helixforge_chip_rep2	6.57223	1.0	0.256	384	0
helixforge_chip_rep2	6.57183	1.0	0.25733333333333336	386	0
helixforge_chip_rep2	6.56197	1.0	0.258	387	0
helixforge_chip_rep2	6.56056	1.0	0.25866666666666666	388	0
helixforge_chip_rep2	6.56008	1.0	0.25933333333333336	389	0
helixforge_chip_rep2	6.55205	1.0	0.26	390	0
helixforge_chip_rep2	6.53979	1.0	0.26066666666666666	391	0
helixforge_chip_rep2	6.53295	1.0	0.262	393	0
helixforge_chip_rep2	6.52432	1.0	0.26266666666666666	394	0
helixforge_chip_rep2	6.51169	1.0	0.2633333333333333	395	0
helixforge_chip_rep2	6.50231	1.0	0.26466666666666666	397	0
helixforge_chip_rep2	6.50058	1.0	0.2653333333333333	398	0
helixforge_chip_rep2	6.49406	1.0	0.26666666666666666	400	0
helixforge_chip_rep2	6.49326	1.0	0.2673333333333333	401	0
helixforge_chip_rep2	6.48518	1.0	0.268	402	0
helixforge_chip_rep2	6.48495	1.0	0.26866666666666666	403	0
helixforge_chip_rep2	6.47605	1.0	0.2693333333333333	404	0
helixforge_chip_rep2	6.46673	1.0	0.27	405	0
helixforge_chip_rep2	6.46037	1.0	0.27066666666666667	406	0
helixforge_chip_rep2	6.45995	1.0	0.2713333333333333	407	0
helixforge_chip_rep2	6.45517	1.0	0.272	408	0
helixforge_chip_rep2	6.45073	1.0	0.27266666666666667	409	0
helixforge_chip_rep2	6.4352	1.0	0.2733333333333333	410	0
helixforge_chip_rep2	6.43239	1.0	0.274	411	0
helixforge_chip_rep2	6.4306	1.0	0.27466666666666667	412	0
helixforge_chip_rep2	6.42781	1.0	0.2753333333333333	413	0
helixforge_chip_rep2	6.42172	1.0	0.276	414	0
helixforge_chip_rep2	6.42066	1.0	0.27666666666666667	415	0
helixforge_chip_rep2	6.41629	1.0	0.2773333333333333	416	0
helixforge_chip_rep2	6.41558	1.0	0.278	417	0
helixforge_chip_rep2	6.41272	1.0	0.2786666666666667	418	0
helixforge_chip_rep2	6.39744	1.0	0.2793333333333333	419	0
helixforge_chip_rep2	6.38857	1.0	0.28	420	0
helixforge_chip_rep2	6.38389	1.0	0.2806666666666667	421	0
helixforge_chip_rep2	6.38076	1.0	0.2813333333333333	422	0
helixforge_chip_rep2	6.3774	1.0	0.2826666666666667	424	0
helixforge_chip_rep2	6.37649	1.0	0.2833333333333333	425	0
helixforge_chip_rep2	6.3684	1.0	0.284	426	0
helixforge_chip_rep2	6.35583	1.0	0.2846666666666667	427	0
helixforge_chip_rep2	6.34026	1.0	0.2853333333333333	428	0
helixforge_chip_rep2	6.33851	1.0	0.286	429	0
helixforge_chip_rep2	6.32577	1.0	0.28733333333333333	431	0
helixforge_chip_rep2	6.32569	1.0	0.288	432	0
helixforge_chip_rep2	6.29963	1.0	0.2886666666666667	433	0
helixforge_chip_rep2	6.29414	1.0	0.28933333333333333	434	0
helixforge_chip_rep2	6.29256	1.0	0.29	435	0
helixforge_chip_rep2	6.29136	1.0	0.2906666666666667	436	0
helixforge_chip_rep2	6.28712	1.0	0.29133333333333333	437	0
helixforge_chip_rep2	6.28187	1.0	0.292	438	0
helixforge_chip_rep2	6.26074	1.0	0.2926666666666667	439	0
helixforge_chip_rep2	6.25806	1.0	0.294	441	0
helixforge_chip_rep2	6.24809	1.0	0.2946666666666667	442	0
helixforge_chip_rep2	6.23701	1.0	0.29533333333333334	443	0
helixforge_chip_rep2	6.23498	1.0	0.296	444	0
helixforge_chip_rep2	6.23338	1.0	0.2966666666666667	445	0
helixforge_chip_rep2	6.22264	1.0	0.29733333333333334	446	0
helixforge_chip_rep2	6.22185	1.0	0.298	447	0
helixforge_chip_rep2	6.19938	1.0	0.2986666666666667	448	0
helixforge_chip_rep2	6.18916	1.0	0.29933333333333334	449	0
helixforge_chip_rep2	6.18297	1.0	0.30133333333333334	452	0
helixforge_chip_rep2	6.17388	1.0	0.302	453	0
helixforge_chip_rep2	6.16563	1.0	0.30266666666666664	454	0
helixforge_chip_rep2	6.1497	1.0	0.30333333333333334	455	0
helixforge_chip_rep2	6.14408	1.0	0.30466666666666664	457	0
helixforge_chip_rep2	6.13856	1.0	0.306	459	0
helixforge_chip_rep2	6.136	1.0	0.30666666666666664	460	0
helixforge_chip_rep2	6.13129	1.0	0.30733333333333335	461	0
helixforge_chip_rep2	6.10854	1.0	0.308	462	0
helixforge_chip_rep2	6.10642	1.0	0.30866666666666664	463	0
helixforge_chip_rep2	6.10519	1.0	0.30933333333333335	464	0
helixforge_chip_rep2	6.09297	1.0	0.31	465	0
helixforge_chip_rep2	6.0711	1.0	0.31066666666666665	466	0
helixforge_chip_rep2	6.06631	1.0	0.312	468	0
helixforge_chip_rep2	6.05319	1.0	0.31266666666666665	469	0
helixforge_chip_rep2	6.02742	1.0	0.316	474	0
helixforge_chip_rep2	6.01419	1.0	0.31666666666666665	475	0
helixforge_chip_rep2	5.9962	1.0	0.31733333333333336	476	0
helixforge_chip_rep2	5.98853	1.0	0.31933333333333336	479	0
helixforge_chip_rep2	5.97788	1.0	0.32	480	0
helixforge_chip_rep2	5.97782	1.0	0.32066666666666666	481	0
helixforge_chip_rep2	5.95046	1.0	0.32133333333333336	482	0
helixforge_chip_rep2	5.94965	1.0	0.326	489	0
helixforge_chip_rep2	5.91919	1.0	0.32666666666666666	490	0
helixforge_chip_rep2	5.91371	1.0	0.3273333333333333	491	0
helixforge_chip_rep2	5.91147	1.0	0.328	492	0
helixforge_chip_rep2	5.91076	1.0	0.33	495	0
helixforge_chip_rep2	5.90003	1.0	0.33066666666666666	496	0
helixforge_chip_rep2	5.89881	1.0	0.3313333333333333	497	0
helixforge_chip_rep2	5.88759	1.0	0.332	498	0
helixforge_chip_rep2	5.88297	1.0	0.33266666666666667	499	0
helixforge_chip_rep2	5.87988	1.0	0.3333333333333333	500	0
helixforge_chip_rep2	5.87485	1.0	0.334	501	0
helixforge_chip_rep2	5.87187	1.0	0.3373333333333333	506	0
helixforge_chip_rep2	5.86604	1.0	0.338	507	0
helixforge_chip_rep2	5.86305	1.0	0.33866666666666667	508	0
helixforge_chip_rep2	5.84505	1.0	0.3393333333333333	509	0
helixforge_chip_rep2	5.83299	1.0	0.342	513	0
helixforge_chip_rep2	5.82911	1.0	0.3426666666666667	514	0
helixforge_chip_rep2	5.82816	1.0	0.3433333333333333	515	0
helixforge_chip_rep2	5.82473	1.0	0.344	516	0
helixforge_chip_rep2	5.81887	1.0	0.3446666666666667	517	0
helixforge_chip_rep2	5.8186	1.0	0.3453333333333333	518	0
helixforge_chip_rep2	5.80452	1.0	0.3466666666666667	520	0
helixforge_chip_rep2	5.79937	1.0	0.3473333333333333	521	0
helixforge_chip_rep2	5.7941	1.0	0.34933333333333333	524	0
helixforge_chip_rep2	5.77709	1.0	0.35	525	0
helixforge_chip_rep2	5.77178	1.0	0.3506666666666667	526	0
helixforge_chip_rep2	5.75521	1.0	0.354	531	0
helixforge_chip_rep2	5.74677	1.0	0.3546666666666667	532	0
helixforge_chip_rep2	5.7418	1.0	0.35533333333333333	533	0
helixforge_chip_rep2	5.73167	1.0	0.356	534	0
helixforge_chip_rep2	5.72847	1.0	0.3566666666666667	535	0
helixforge_chip_rep2	5.71967	1.0	0.35733333333333334	536	0
helixforge_chip_rep2	5.71698	1.0	0.358	537	0
helixforge_chip_rep2	5.71633	1.0	0.3626666666666667	544	0
helixforge_chip_rep2	5.71544	1.0	0.36333333333333334	545	0
helixforge_chip_rep2	5.6985	1.0	0.364	546	0
helixforge_chip_rep2	5.68389	1.0	0.36466666666666664	547	0
helixforge_chip_rep2	5.68041	1.0	0.36533333333333334	548	0
helixforge_chip_rep2	5.67744	1.0	0.36933333333333335	554	0
helixforge_chip_rep2	5.67144	1.0	0.37066666666666664	556	0
helixforge_chip_rep2	5.66473	1.0	0.37133333333333335	557	0
helixforge_chip_rep2	5.66157	1.0	0.372	558	0
helixforge_chip_rep2	5.65767	1.0	0.37266666666666665	559	0
helixforge_chip_rep2	5.641	1.0	0.37333333333333335	560	0
helixforge_chip_rep2	5.63855	1.0	0.37866666666666665	568	0
helixforge_chip_rep2	5.63312	1.0	0.37933333333333336	569	0
helixforge_chip_rep2	5.62715	1.0	0.38	570	0
helixforge_chip_rep2	5.6165	1.0	0.38066666666666665	571	0
helixforge_chip_rep2	5.61553	1.0	0.38133333333333336	572	0
helixforge_chip_rep2	5.60493	1.0	0.382	573	0
helixforge_chip_rep2	5.59967	1.0	0.38666666666666666	580	0
helixforge_chip_rep2	5.59897	1.0	0.3873333333333333	581	0
helixforge_chip_rep2	5.5922	1.0	0.388	582	0
helixforge_chip_rep2	5.58699	1.0	0.3893333333333333	584	0
helixforge_chip_rep2	5.56812	1.0	0.39	585	0
helixforge_chip_rep2	5.56565	1.0	0.39066666666666666	586	0
helixforge_chip_rep2	5.56452	1.0	0.3913333333333333	587	0
helixforge_chip_rep2	5.56078	1.0	0.39466666666666667	592	0
helixforge_chip_rep2	5.55648	1.0	0.3953333333333333	593	0
helixforge_chip_rep2	5.54616	1.0	0.396	594	0
helixforge_chip_rep2	5.52816	1.0	0.39666666666666667	595	0
helixforge_chip_rep2	5.52682	1.0	0.3973333333333333	596	0
helixforge_chip_rep2	5.52347	1.0	0.398	597	0
helixforge_chip_rep2	5.52233	1.0	0.39866666666666667	598	0
helixforge_chip_rep2	5.52189	1.0	0.4086666666666667	613	0
helixforge_chip_rep2	5.51059	1.0	0.4093333333333333	614	0
helixforge_chip_rep2	5.50729	1.0	0.41	615	0
helixforge_chip_rep2	5.49826	1.0	0.4106666666666667	616	0
helixforge_chip_rep2	5.49477	1.0	0.41133333333333333	617	0
helixforge_chip_rep2	5.48923	1.0	0.412	618	0
helixforge_chip_rep2	5.48734	1.0	0.4126666666666667	619	0
helixforge_chip_rep2	5.48301	1.0	0.418	627	0
helixforge_chip_rep2	5.47984	1.0	0.4186666666666667	628	0
helixforge_chip_rep2	5.47223	1.0	0.41933333333333334	629	0
helixforge_chip_rep2	5.47192	1.0	0.42	630	0
helixforge_chip_rep2	5.47074	1.0	0.4206666666666667	631	0
helixforge_chip_rep2	5.46364	1.0	0.42133333333333334	632	0
helixforge_chip_rep2	5.46136	1.0	0.422	633	0
helixforge_chip_rep2	5.44412	1.0	0.424	636	0
helixforge_chip_rep2	5.44017	1.0	0.4246666666666667	637	0
helixforge_chip_rep2	5.43657	1.0	0.42533333333333334	638	0
helixforge_chip_rep2	5.43451	1.0	0.426	639	0
helixforge_chip_rep2	5.40523	1.0	0.43266666666666664	649	0
helixforge_chip_rep2	5.39828	1.0	0.43333333333333335	650	0
helixforge_chip_rep2	5.39631	1.0	0.434	651	0
helixforge_chip_rep2	5.38756	1.0	0.43466666666666665	652	0
helixforge_chip_rep2	5.37643	1.0	0.43533333333333335	653	0
helixforge_chip_rep2	5.37531	1.0	0.436	654	0
helixforge_chip_rep2	5.36635	1.0	0.44066666666666665	661	0
helixforge_chip_rep2	5.36274	1.0	0.44133333333333336	662	0
helixforge_chip_rep2	5.36188	1.0	0.442	663	0
helixforge_chip_rep2	5.35951	1.0	0.44266666666666665	664	0
helixforge_chip_rep2	5.34773	1.0	0.44333333333333336	665	0
helixforge_chip_rep2	5.33983	1.0	0.444	666	0
helixforge_chip_rep2	5.33884	1.0	0.44466666666666665	667	0
helixforge_chip_rep2	5.33745	1.0	0.446	669	0
helixforge_chip_rep2	5.33621	1.0	0.44733333333333336	671	0
helixforge_chip_rep2	5.32746	1.0	0.45266666666666666	679	0
helixforge_chip_rep2	5.32582	1.0	0.4533333333333333	680	0
helixforge_chip_rep2	5.30341	1.0	0.454	681	0
helixforge_chip_rep2	5.30311	1.0	0.45466666666666666	682	0
helixforge_chip_rep2	5.30244	1.0	0.4553333333333333	683	0
helixforge_chip_rep2	5.29931	1.0	0.456	684	0
helixforge_chip_rep2	5.29461	1.0	0.45666666666666667	685	0
helixforge_chip_rep2	5.29454	1.0	0.4573333333333333	686	0
helixforge_chip_rep2	5.29189	1.0	0.458	687	0
helixforge_chip_rep2	5.29062	1.0	0.45866666666666667	688	0
helixforge_chip_rep2	5.28858	1.0	0.4633333333333333	695	0
helixforge_chip_rep2	5.28824	1.0	0.464	696	0
helixforge_chip_rep2	5.28343	1.0	0.4646666666666667	697	0
helixforge_chip_rep2	5.27686	1.0	0.4653333333333333	698	0
helixforge_chip_rep2	5.26717	1.0	0.466	699	0
helixforge_chip_rep2	5.25336	1.0	0.4666666666666667	700	0
helixforge_chip_rep2	5.24969	1.0	0.4706666666666667	706	0
helixforge_chip_rep2	5.23995	1.0	0.4726666666666667	709	0
helixforge_chip_rep2	5.23158	1.0	0.47333333333333333	710	0
helixforge_chip_rep2	5.2307	1.0	0.474	711	0
helixforge_chip_rep2	5.22813	1.0	0.4746666666666667	712	0
helixforge_chip_rep2	5.22622	1.0	0.47533333333333333	713	0
helixforge_chip_rep2	5.2116	1.0	0.476	714	0
helixforge_chip_rep2	5.2108	1.0	0.4826666666666667	724	0
helixforge_chip_rep2	5.18845	1.0	0.48333333333333334	725	0
helixforge_chip_rep2	5.18084	1.0	0.4846666666666667	727	0
helixforge_chip_rep2	5.17328	1.0	0.48533333333333334	728	0
helixforge_chip_rep2	5.17221	1.0	0.486	729	0
helixforge_chip_rep2	5.17192	1.0	0.4886666666666667	733	0
helixforge_chip_rep2	5.16615	1.0	0.48933333333333334	734	0
helixforge_chip_rep2	5.15954	1.0	0.49	735	0
helixforge_chip_rep2	5.14467	1.0	0.49066666666666664	736	0
helixforge_chip_rep2	5.13763	1.0	0.49133333333333334	737	0
helixforge_chip_rep2	5.13303	1.0	0.49733333333333335	746	0
helixforge_chip_rep2	5.12395	1.0	0.498	747	0
helixforge_chip_rep2	5.11902	1.0	0.49866666666666665	748	0
helixforge_chip_rep2	5.11609	1.0	0.49933333333333335	749	0
helixforge_chip_rep2	5.10844	1.0	0.5	750	0
helixforge_chip_rep2	5.10655	1.0	0.5006666666666667	751	0
helixforge_chip_rep2	5.10397	1.0	0.5013333333333333	752	0
helixforge_chip_rep2	5.09906	1.0	0.5026666666666667	754	0
helixforge_chip_rep2	5.09664	1.0	0.5033333333333333	755	0
helixforge_chip_rep2	5.09414	1.0	0.506	759	0
helixforge_chip_rep2	5.09235	1.0	0.5073333333333333	761	0
helixforge_chip_rep2	5.09229	1.0	0.508	762	0
helixforge_chip_rep2	5.08837	1.0	0.5086666666666667	763	0
helixforge_chip_rep2	5.08518	1.0	0.5093333333333333	764	0
helixforge_chip_rep2	5.08317	1.0	0.51	765	0
helixforge_chip_rep2	5.07565	1.0	0.5106666666666667	766	0
helixforge_chip_rep2	5.06891	1.0	0.5113333333333333	767	0
helixforge_chip_rep2	5.05526	1.0	0.5153333333333333	773	0
helixforge_chip_rep2	5.03405	1.0	0.516	774	0
helixforge_chip_rep2	5.02481	1.0	0.5166666666666667	775	0
helixforge_chip_rep2	5.01855	1.0	0.5173333333333333	776	0
helixforge_chip_rep2	5.01637	1.0	0.522	783	0
helixforge_chip_rep2	5.01595	1.0	0.5226666666666666	784	0
helixforge_chip_rep2	5.0137	1.0	0.5233333333333333	785	0
helixforge_chip_rep2	5.0122	1.0	0.524	786	0
helixforge_chip_rep2	5.00963	1.0	0.5246666666666666	787	0
helixforge_chip_rep2	5.00046	1.0	0.526	789	0
helixforge_chip_rep2	4.99975	1.0	0.5266666666666666	790	0
helixforge_chip_rep2	4.99551	1.0	0.5273333333333333	791	0
helixforge_chip_rep2	4.99438	1.0	0.528	792	0
helixforge_chip_rep2	4.98871	1.0	0.5286666666666666	793	0
helixforge_chip_rep2	4.9816	1.0	0.5293333333333333	794	0
helixforge_chip_rep2	4.97829	1.0	0.53	795	0
helixforge_chip_rep2	4.97748	1.0	0.538	807	0
helixforge_chip_rep2	4.9647	1.0	0.5386666666666666	808	0
helixforge_chip_rep2	4.96413	1.0	0.5393333333333333	809	0
helixforge_chip_rep2	4.96352	1.0	0.54	810	0
helixforge_chip_rep2	4.96286	1.0	0.5413333333333333	812	0
helixforge_chip_rep2	4.94724	1.0	0.542	813	0
helixforge_chip_rep2	4.9356	1.0	0.5426666666666666	814	0
helixforge_chip_rep2	4.93093	1.0	0.5433333333333333	815	0
helixforge_chip_rep2	4.92917	1.0	0.544	816	0
helixforge_chip_rep2	4.92808	1.0	0.5446666666666666	817	0
helixforge_chip_rep2	4.91426	1.0	0.5453333333333333	818	0
helixforge_chip_rep2	4.90785	1.0	0.546	819	0
helixforge_chip_rep2	4.90489	1.0	0.5466666666666666	820	0
helixforge_chip_rep2	4.90417	1.0	0.5473333333333333	821	0
helixforge_chip_rep2	4.89971	1.0	0.5486666666666666	823	0
helixforge_chip_rep2	4.89716	1.0	0.5493333333333333	824	0
helixforge_chip_rep2	4.88952	1.0	0.55	825	0
helixforge_chip_rep2	4.87853	1.0	0.552	828	0
helixforge_chip_rep2	4.87703	1.0	0.5526666666666666	829	0
helixforge_chip_rep2	4.87691	1.0	0.5533333333333333	830	0
helixforge_chip_rep2	4.86724	1.0	0.554	831	0
helixforge_chip_rep2	4.86525	1.0	0.5546666666666666	832	0
helixforge_chip_rep2	4.86082	1.0	0.5586666666666666	838	0
helixforge_chip_rep2	4.85925	1.0	0.5593333333333333	839	0
helixforge_chip_rep2	4.85699	1.0	0.56	840	0
helixforge_chip_rep2	4.853	1.0	0.5606666666666666	841	0
helixforge_chip_rep2	4.85035	1.0	0.5613333333333334	842	0
helixforge_chip_rep2	4.85007	1.0	0.562	843	0
helixforge_chip_rep2	4.84851	1.0	0.5633333333333334	845	0
helixforge_chip_rep2	4.84418	1.0	0.564	846	0
helixforge_chip_rep2	4.83457	1.0	0.5646666666666667	847	0
helixforge_chip_rep2	4.82961	1.0	0.5653333333333334	848	0
helixforge_chip_rep2	4.82194	1.0	0.5666666666666667	850	0
helixforge_chip_rep2	4.81993	1.0	0.5673333333333334	851	0
helixforge_chip_rep2	4.81695	1.0	0.568	852	0
helixforge_chip_rep2	4.81552	1.0	0.5686666666666667	853	0
helixforge_chip_rep2	4.80267	1.0	0.5693333333333334	854	0
helixforge_chip_rep2	4.79574	1.0	0.57	855	0
helixforge_chip_rep2	4.79007	1.0	0.5706666666666667	856	0
helixforge_chip_rep2	4.78305	1.0	0.5733333333333334	860	0
helixforge_chip_rep2	4.78231	1.0	0.574	861	0
helixforge_chip_rep2	4.77814	1.0	0.5746666666666667	862	0
helixforge_chip_rep2	4.76736	1.0	0.5753333333333334	863	0
helixforge_chip_rep2	4.76206	1.0	0.576	864	0
helixforge_chip_rep2	4.76039	1.0	0.5766666666666667	865	0
helixforge_chip_rep2	4.76024	1.0	0.5773333333333334	866	0
helixforge_chip_rep2	4.75108	1.0	0.578	867	0
helixforge_chip_rep2	4.74416	1.0	0.5806666666666667	871	0
helixforge_chip_rep2	4.72252	1.0	0.5813333333333334	872	0
helixforge_chip_rep2	4.71942	1.0	0.5826666666666667	874	0
helixforge_chip_rep2	4.71665	1.0	0.5833333333333334	875	0
helixforge_chip_rep2	4.70675	1.0	0.584	876	0
helixforge_chip_rep2	4.70528	1.0	0.5853333333333334	878	0
helixforge_chip_rep2	4.70391	1.0	0.586	879	0
helixforge_chip_rep2	4.70147	1.0	0.5866666666666667	880	0
helixforge_chip_rep2	4.69696	1.0	0.5873333333333334	881	0
helixforge_chip_rep2	4.6849	1.0	0.588	882	0
helixforge_chip_rep2	4.68446	1.0	0.5886666666666667	883	0
helixforge_chip_rep2	4.68268	1.0	0.59	885	0
helixforge_chip_rep2	4.67712	1.0	0.5906666666666667	886	0
helixforge_chip_rep2	4.67427	1.0	0.5913333333333334	887	0
helixforge_chip_rep2	4.66639	1.0	0.5933333333333334	890	0
helixforge_chip_rep2	4.66017	1.0	0.594	891	0
helixforge_chip_rep2	4.64954	1.0	0.5946666666666667	892	0
helixforge_chip_rep2	4.6495	1.0	0.5953333333333334	893	0
helixforge_chip_rep2	4.64942	1.0	0.596	894	0
helixforge_chip_rep2	4.64276	1.0	0.5966666666666667	895	0
helixforge_chip_rep2	4.62579	1.0	0.5973333333333334	896	0
helixforge_chip_rep2	4.62449	1.0	0.598	897	0
helixforge_chip_rep2	4.61883	1.0	0.5986666666666667	898	0
helixforge_chip_rep2	4.61642	1.0	0.5993333333333334	899	0
helixforge_chip_rep2	4.61269	1.0	0.6	900	0
helixforge_chip_rep2	4.60591	1.0	0.6006666666666667	901	0
helixforge_chip_rep2	4.59847	1.0	0.6013333333333334	902	0
helixforge_chip_rep2	4.58862	1.0	0.6033333333333334	905	0
helixforge_chip_rep2	4.58619	1.0	0.604	906	0
helixforge_chip_rep2	4.5819	1.0	0.6046666666666667	907	0
helixforge_chip_rep2	4.57959	1.0	0.6053333333333333	908	0
helixforge_chip_rep2	4.57894	1.0	0.606	909	0
helixforge_chip_rep2	4.57574	1.0	0.6073333333333333	911	0
helixforge_chip_rep2	4.56933	1.0	0.608	912	0
helixforge_chip_rep2	4.56736	1.0	0.6086666666666667	913	0
helixforge_chip_rep2	4.56702	1.0	0.6093333333333333	914	0
helixforge_chip_rep2	4.56419	1.0	0.61	915	0
helixforge_chip_rep2	4.55942	1.0	0.6106666666666667	916	0
helixforge_chip_rep2	4.54973	1.0	0.612	918	0
helixforge_chip_rep2	4.54451	1.0	0.6126666666666667	919	0
helixforge_chip_rep2	4.54058	1.0	0.614	921	0
helixforge_chip_rep2	4.52989	1.0	0.6146666666666667	922	0
helixforge_chip_rep2	4.51084	1.0	0.6153333333333333	923	0
helixforge_chip_rep2	4.50967	1.0	0.616	924	0
helixforge_chip_rep2	4.50941	1.0	0.6166666666666667	925	0
helixforge_chip_rep2	4.50481	1.0	0.6173333333333333	926	0
helixforge_chip_rep2	4.49187	1.0	0.618	927	0
helixforge_chip_rep2	4.4827	1.0	0.6186666666666667	928	0
helixforge_chip_rep2	4.47471	1.0	0.6193333333333333	929	0
helixforge_chip_rep2	4.47196	1.0	0.6206666666666667	931	0
helixforge_chip_rep2	4.47174	1.0	0.6213333333333333	932	0
helixforge_chip_rep2	4.4581	1.0	0.622	933	0
helixforge_chip_rep2	4.45519	1.0	0.6226666666666667	934	0
helixforge_chip_rep2	4.4492	1.0	0.6233333333333333	935	0
helixforge_chip_rep2	4.44362	1.0	0.624	936	0
helixforge_chip_rep2	4.43808	1.0	0.6246666666666667	937	0
helixforge_chip_rep2	4.43395	1.0	0.6253333333333333	938	0
helixforge_chip_rep2	4.42804	1.0	0.626	939	0
helixforge_chip_rep2	4.42156	1.0	0.6266666666666667	940	0
helixforge_chip_rep2	4.4144	1.0	0.6273333333333333	941	0
helixforge_chip_rep2	4.41388	1.0	0.628	942	0
helixforge_chip_rep2	4.40305	1.0	0.6286666666666667	943	0
helixforge_chip_rep2	4.39418	1.0	0.63	945	0
helixforge_chip_rep2	4.38612	1.0	0.6313333333333333	947	0
helixforge_chip_rep2	4.37204	1.0	0.632	948	0
helixforge_chip_rep2	4.3553	1.0	0.6326666666666667	949	0
helixforge_chip_rep2	4.35309	1.0	0.634	951	0
helixforge_chip_rep2	4.34209	1.0	0.6346666666666667	952	0
helixforge_chip_rep2	4.33878	1.0	0.6353333333333333	953	0
helixforge_chip_rep2	4.31737	1.0	0.636	954	0
helixforge_chip_rep2	4.31235	1.0	0.6366666666666667	955	0
helixforge_chip_rep2	4.30753	1.0	0.6373333333333333	956	0
helixforge_chip_rep2	4.30664	1.0	0.638	957	0
helixforge_chip_rep2	4.29658	1.0	0.6386666666666667	958	0
helixforge_chip_rep2	4.27752	1.0	0.6393333333333333	959	0
helixforge_chip_rep2	4.2699	1.0	0.64	960	0
helixforge_chip_rep2	4.26496	1.0	0.6406666666666667	961	0
helixforge_chip_rep2	4.25813	1.0	0.6413333333333333	962	0
helixforge_chip_rep2	4.25693	1.0	0.642	963	0
helixforge_chip_rep2	4.25546	1.0	0.6426666666666667	964	0
helixforge_chip_rep2	4.23777	1.0	0.6433333333333333	965	0
helixforge_chip_rep2	4.20317	1.0	0.644	966	0
helixforge_chip_rep2	4.19975	1.0	0.6446666666666667	967	0
helixforge_chip_rep2	4.1988	1.0	0.6453333333333333	968	0
helixforge_chip_rep2	4.18125	1.0	0.646	969	0
helixforge_chip_rep2	4.16982	1.0	0.6466666666666666	970	0
helixforge_chip_rep2	4.15414	1.0	0.6473333333333333	971	0
helixforge_chip_rep2	4.14159	1.0	0.648	972	0
helixforge_chip_rep2	4.13617	1.0	0.6486666666666666	973	0
helixforge_chip_rep2	4.13391	1.0	0.6493333333333333	974	0
helixforge_chip_rep2	4.12198	1.0	0.6506666666666666	976	0
helixforge_chip_rep2	4.11592	1.0	0.6513333333333333	977	0
helixforge_chip_rep2	4.10598	1.0	0.652	978	0
helixforge_chip_rep2	4.10417	1.0	0.6526666666666666	979	0
helixforge_chip_rep2	4.094	1.0	0.6533333333333333	980	0
helixforge_chip_rep2	4.08659	1.0	0.654	981	0
helixforge_chip_rep2	4.08414	1.0	0.6546666666666666	982	0
helixforge_chip_rep2	4.08309	1.0	0.6553333333333333	983	0
helixforge_chip_rep2	4.05521	1.0	0.656	984	0
helixforge_chip_rep2	4.05399	1.0	0.6566666666666666	985	0
helixforge_chip_rep2	4.0475	1.0	0.6573333333333333	986	0
helixforge_chip_rep2	4.0442	1.0	0.658	987	0
helixforge_chip_rep2	4.01904	1.0	0.6586666666666666	988	0
helixforge_chip_rep2	4.01365	1.0	0.6593333333333333	989	0
helixforge_chip_rep2	4.00532	1.0	0.66	990	0
helixforge_chip_rep2	3.98684	1.0	0.6606666666666666	991	0
helixforge_chip_rep2	3.98526	1.0	0.6613333333333333	992	0
helixforge_chip_rep2	3.98525	1.0	0.662	993	0
helixforge_chip_rep2	3.98524	1.0	0.6626666666666666	994	0
helixforge_chip_rep2	3.96643	1.0	0.664	996	0
helixforge_chip_rep2	3.92905	1.0	0.6646666666666666	997	0
helixforge_chip_rep2	3.92754	1.0	0.666	999	0
helixforge_chip_rep2	3.91254	1.0	0.6666666666666666	1000	0
helixforge_chip_rep2	3.89979	1.0	0.6673333333333333	1001	0
helixforge_chip_rep2	3.89729	1.0	0.668	1002	0
helixforge_chip_rep2	3.88883	1.0	0.6686666666666666	1003	0
helixforge_chip_rep2	3.88866	1.0	0.6713333333333333	1007	0
helixforge_chip_rep2	3.88726	1.0	0.672	1008	0
helixforge_chip_rep2	3.87662	1.0	0.6726666666666666	1009	0
helixforge_chip_rep2	3.87622	1.0	0.6733333333333333	1010	0
helixforge_chip_rep2	3.86069	1.0	0.674	1011	0
helixforge_chip_rep2	3.84977	1.0	0.6753333333333333	1013	0
helixforge_chip_rep2	3.8468	1.0	0.676	1014	0
helixforge_chip_rep2	3.83494	1.0	0.6773333333333333	1016	0
helixforge_chip_rep2	3.8144	1.0	0.678	1017	0
helixforge_chip_rep2	3.81089	1.0	0.6786666666666666	1018	0
helixforge_chip_rep2	3.772	1.0	0.68	1020	0
helixforge_chip_rep2	3.76222	1.0	0.6806666666666666	1021	0
helixforge_chip_rep2	3.75746	1.0	0.6813333333333333	1022	0
helixforge_chip_rep2	3.74729	1.0	0.682	1023	0
helixforge_chip_rep2	3.73795	1.0	0.6826666666666666	1024	0
helixforge_chip_rep2	3.73311	1.0	0.686	1029	0
helixforge_chip_rep2	3.71244	1.0	0.6866666666666666	1030	0
helixforge_chip_rep2	3.70984	1.0	0.6873333333333334	1031	0
helixforge_chip_rep2	3.69423	1.0	0.6893333333333334	1034	0
helixforge_chip_rep2	3.69011	1.0	0.69	1035	0
helixforge_chip_rep2	3.68455	1.0	0.6906666666666667	1036	0
helixforge_chip_rep2	3.66505	1.0	0.6913333333333334	1037	0
helixforge_chip_rep2	3.66287	1.0	0.692	1038	0
helixforge_chip_rep2	3.65534	1.0	0.6933333333333334	1040	0
helixforge_chip_rep2	3.65321	1.0	0.694	1041	0
helixforge_chip_rep2	3.64695	1.0	0.6946666666666667	1042	0
helixforge_chip_rep2	3.63866	1.0	0.6953333333333334	1043	0
helixforge_chip_rep2	3.63537	1.0	0.696	1044	0
helixforge_chip_rep2	3.61645	1.0	0.7	1050	0
helixforge_chip_rep2	3.61631	1.0	0.7006666666666667	1051	0
helixforge_chip_rep2	3.60085	1.0	0.7013333333333334	1052	0
helixforge_chip_rep2	3.57757	1.0	0.7046666666666667	1057	0
helixforge_chip_rep2	3.57221	1.0	0.706	1059	0
helixforge_chip_rep2	3.54621	1.0	0.7066666666666667	1060	0
helixforge_chip_rep2	3.54566	1.0	0.7073333333333334	1061	0
helixforge_chip_rep2	3.5425	1.0	0.708	1062	0
helixforge_chip_rep2	3.53868	1.0	0.718	1077	0
helixforge_chip_rep2	3.5355	1.0	0.7186666666666667	1078	0
helixforge_chip_rep2	3.53083	1.0	0.7193333333333334	1079	0
helixforge_chip_rep2	3.49979	1.0	0.724	1086	0
helixforge_chip_rep2	3.48946	1.0	0.7246666666666667	1087	0
helixforge_chip_rep2	3.48041	1.0	0.7253333333333334	1088	0
helixforge_chip_rep2	3.4687	1.0	0.726	1089	0
helixforge_chip_rep2	3.46627	1.0	0.7266666666666667	1090	0
helixforge_chip_rep2	3.46091	1.0	0.7326666666666667	1099	0
helixforge_chip_rep2	3.46028	1.0	0.7333333333333333	1100	0
helixforge_chip_rep2	3.45896	1.0	0.734	1101	0
helixforge_chip_rep2	3.44847	1.0	0.7346666666666667	1102	0
helixforge_chip_rep2	3.44403	1.0	0.7353333333333333	1103	0
helixforge_chip_rep2	3.439	1.0	0.736	1104	0
helixforge_chip_rep2	3.43207	1.0	0.7366666666666667	1105	0
helixforge_chip_rep2	3.4318	1.0	0.7373333333333333	1106	0
helixforge_chip_rep2	3.42202	1.0	0.7453333333333333	1118	0
helixforge_chip_rep2	3.41767	1.0	0.746	1119	0
helixforge_chip_rep2	3.40202	1.0	0.7466666666666667	1120	0
helixforge_chip_rep2	3.40123	1.0	0.7473333333333333	1121	0
helixforge_chip_rep2	3.40067	1.0	0.748	1122	0
helixforge_chip_rep2	3.39773	1.0	0.7486666666666667	1123	0
helixforge_chip_rep2	3.38506	1.0	0.7493333333333333	1124	0
helixforge_chip_rep2	3.38377	1.0	0.75	1125	0
helixforge_chip_rep2	3.38313	1.0	0.7553333333333333	1133	0
helixforge_chip_rep2	3.37927	1.0	0.756	1134	0
helixforge_chip_rep2	3.3735	1.0	0.7566666666666667	1135	0
helixforge_chip_rep2	3.37221	1.0	0.7573333333333333	1136	0
helixforge_chip_rep2	3.34425	1.0	0.762	1143	0
helixforge_chip_rep2	3.33389	1.0	0.7626666666666667	1144	0
helixforge_chip_rep2	3.33252	1.0	0.7633333333333333	1145	0
helixforge_chip_rep2	3.3211	1.0	0.764	1146	0
helixforge_chip_rep2	3.3169	1.0	0.7646666666666667	1147	0
helixforge_chip_rep2	3.31617	1.0	0.7653333333333333	1148	0
helixforge_chip_rep2	3.31278	1.0	0.766	1149	0
helixforge_chip_rep2	3.3098	1.0	0.7666666666666667	1150	0
helixforge_chip_rep2	3.30922	1.0	0.7673333333333333	1151	0
helixforge_chip_rep2	3.30544	1.0	0.768	1152	0
helixforge_chip_rep2	3.30536	1.0	0.776	1164	0
helixforge_chip_rep2	3.29557	1.0	0.7766666666666666	1165	0
helixforge_chip_rep2	3.29131	1.0	0.7773333333333333	1166	0
helixforge_chip_rep2	3.28611	1.0	0.778	1167	0
helixforge_chip_rep2	3.28481	1.0	0.7786666666666666	1168	0
helixforge_chip_rep2	3.27954	1.0	0.7793333333333333	1169	0
helixforge_chip_rep2	3.26819	1.0	0.78	1170	0
helixforge_chip_rep2	3.26647	1.0	0.7873333333333333	1181	0
helixforge_chip_rep2	3.26607	1.0	0.788	1182	0
helixforge_chip_rep2	3.26381	1.0	0.7886666666666666	1183	0
helixforge_chip_rep2	3.26071	1.0	0.7893333333333333	1184	0
helixforge_chip_rep2	3.25463	1.0	0.79	1185	0
helixforge_chip_rep2	3.23805	1.0	0.7906666666666666	1186	0
helixforge_chip_rep2	3.238	1.0	0.7913333333333333	1187	0
helixforge_chip_rep2	3.23338	1.0	0.792	1188	0
helixforge_chip_rep2	3.22759	1.0	0.8013333333333333	1202	0
helixforge_chip_rep2	3.22567	1.0	0.802	1203	0
helixforge_chip_rep2	3.22106	1.0	0.8026666666666666	1204	0
helixforge_chip_rep2	3.21893	1.0	0.8033333333333333	1205	0
helixforge_chip_rep2	3.21039	1.0	0.804	1206	0
helixforge_chip_rep2	3.20476	1.0	0.8046666666666666	1207	0
helixforge_chip_rep2	3.20247	1.0	0.8053333333333333	1208	0
helixforge_chip_rep2	3.20127	1.0	0.806	1209	0
helixforge_chip_rep2	3.19578	1.0	0.8066666666666666	1210	0
helixforge_chip_rep2	3.19428	1.0	0.8073333333333333	1211	0
helixforge_chip_rep2	3.1887	1.0	0.814	1221	0
helixforge_chip_rep2	3.18825	1.0	0.8146666666666667	1222	0
helixforge_chip_rep2	3.18225	1.0	0.8153333333333334	1223	0
helixforge_chip_rep2	3.18061	1.0	0.8166666666666667	1225	0
helixforge_chip_rep2	3.18015	1.0	0.8173333333333334	1226	0
helixforge_chip_rep2	3.17349	1.0	0.8186666666666667	1228	0
helixforge_chip_rep2	3.17104	1.0	0.8193333333333334	1229	0
helixforge_chip_rep2	3.16386	1.0	0.82	1230	0
helixforge_chip_rep2	3.155	1.0	0.8206666666666667	1231	0
helixforge_chip_rep2	3.15202	1.0	0.822	1233	0
helixforge_chip_rep2	3.14981	1.0	0.8306666666666667	1246	0
helixforge_chip_rep2	3.14963	1.0	0.8313333333333334	1247	0
helixforge_chip_rep2	3.14887	1.0	0.832	1248	0
helixforge_chip_rep2	3.1481	1.0	0.8326666666666667	1249	0
helixforge_chip_rep2	3.14628	1.0	0.8333333333333334	1250	0
helixforge_chip_rep2	3.14093	1.0	0.834	1251	0
helixforge_chip_rep2	3.13594	1.0	0.8346666666666667	1252	0
helixforge_chip_rep2	3.13131	1.0	0.8353333333333334	1253	0
helixforge_chip_rep2	3.127	1.0	0.836	1254	0
helixforge_chip_rep2	3.12638	1.0	0.8366666666666667	1255	0
helixforge_chip_rep2	3.12179	1.0	0.8373333333333334	1256	0
helixforge_chip_rep2	3.12177	1.0	0.838	1257	0
helixforge_chip_rep2	3.11717	1.0	0.8386666666666667	1258	0
helixforge_chip_rep2	3.11132	1.0	0.8393333333333334	1259	0
helixforge_chip_rep2	3.11093	1.0	0.842	1263	0
helixforge_chip_rep2	3.10619	1.0	0.8426666666666667	1264	0
helixforge_chip_rep2	3.10397	1.0	0.8433333333333334	1265	0
helixforge_chip_rep2	3.09969	1.0	0.844	1266	0
helixforge_chip_rep2	3.0937	1.0	0.8446666666666667	1267	0
helixforge_chip_rep2	3.09002	1.0	0.8453333333333334	1268	0
helixforge_chip_rep2	3.07956	1.0	0.8466666666666667	1270	0
helixforge_chip_rep2	3.07636	1.0	0.8473333333333334	1271	0
helixforge_chip_rep2	3.07207	1.0	0.848	1272	0
helixforge_chip_rep2	3.07204	1.0	0.8533333333333334	1280	0
helixforge_chip_rep2	3.06756	1.0	0.854	1281	0
helixforge_chip_rep2	3.06565	1.0	0.8553333333333333	1283	0
helixforge_chip_rep2	3.0641	1.0	0.856	1284	0
helixforge_chip_rep2	3.06338	1.0	0.8566666666666667	1285	0
helixforge_chip_rep2	3.06326	1.0	0.8573333333333333	1286	0
helixforge_chip_rep2	3.05537	1.0	0.858	1287	0
helixforge_chip_rep2	3.04751	1.0	0.8586666666666667	1288	0
helixforge_chip_rep2	3.04655	1.0	0.8593333333333333	1289	0
helixforge_chip_rep2	3.04468	1.0	0.86	1290	0
helixforge_chip_rep2	3.0414	1.0	0.8606666666666667	1291	0
helixforge_chip_rep2	3.04017	1.0	0.8613333333333333	1292	0
helixforge_chip_rep2	3.03794	1.0	0.862	1293	0
helixforge_chip_rep2	3.0349	1.0	0.8626666666666667	1294	0
helixforge_chip_rep2	3.03367	1.0	0.8633333333333333	1295	0
helixforge_chip_rep2	3.03315	1.0	0.8686666666666667	1303	0
helixforge_chip_rep2	3.02733	1.0	0.8706666666666667	1306	0
helixforge_chip_rep2	3.02589	1.0	0.872	1308	0
helixforge_chip_rep2	3.01557	1.0	0.8726666666666667	1309	0
helixforge_chip_rep2	3.00894	1.0	0.8733333333333333	1310	0
helixforge_chip_rep2	3.00843	1.0	0.874	1311	0
helixforge_chip_rep2	3.00797	1.0	0.8746666666666667	1312	0
helixforge_chip_rep2	3.00645	1.0	0.8753333333333333	1313	0
helixforge_chip_rep2	3.00584	1.0	0.876	1314	0
helixforge_chip_rep2	3.00217	1.0	0.8766666666666667	1315	0
helixforge_chip_rep2	3.00191	1.0	0.8773333333333333	1316	0
helixforge_chip_rep2	2.99427	1.0	0.8826666666666667	1324	0
helixforge_chip_rep2	2.98899	1.0	0.884	1326	0
helixforge_chip_rep2	2.98897	1.0	0.8846666666666667	1327	0
helixforge_chip_rep2	2.98847	1.0	0.8853333333333333	1328	0
helixforge_chip_rep2	2.98154	1.0	0.886	1329	0
helixforge_chip_rep2	2.97894	1.0	0.8866666666666667	1330	0
helixforge_chip_rep2	2.97311	1.0	0.8873333333333333	1331	0
helixforge_chip_rep2	2.97261	1.0	0.888	1332	0
helixforge_chip_rep2	2.97087	1.0	0.8886666666666667	1333	0
helixforge_chip_rep2	2.9653	1.0	0.8893333333333333	1334	0
helixforge_chip_rep2	2.96417	1.0	0.89	1335	0
helixforge_chip_rep2	2.95538	1.0	0.896	1344	0
helixforge_chip_rep2	2.95395	1.0	0.8966666666666666	1345	0
helixforge_chip_rep2	2.95209	1.0	0.8973333333333333	1346	0
helixforge_chip_rep2	2.9494	1.0	0.898	1347	0
helixforge_chip_rep2	2.9443	1.0	0.8986666666666666	1348	0
helixforge_chip_rep2	2.93653	1.0	0.8993333333333333	1349	0
helixforge_chip_rep2	2.9326	1.0	0.9006666666666666	1351	0
helixforge_chip_rep2	2.9167	1.0	0.9013333333333333	1352	0
helixforge_chip_rep2	2.91649	1.0	0.9053333333333333	1358	0
helixforge_chip_rep2	2.90986	1.0	0.906	1359	0
helixforge_chip_rep2	2.90727	1.0	0.9066666666666666	1360	0
helixforge_chip_rep2	2.90157	1.0	0.9073333333333333	1361	0
helixforge_chip_rep2	2.89769	1.0	0.908	1362	0
helixforge_chip_rep2	2.89209	1.0	0.9086666666666666	1363	0
helixforge_chip_rep2	2.88577	1.0	0.9093333333333333	1364	0
helixforge_chip_rep2	2.88222	1.0	0.9106666666666666	1366	0
helixforge_chip_rep2	2.87761	1.0	0.9146666666666666	1372	0
helixforge_chip_rep2	2.87179	1.0	0.9153333333333333	1373	0
helixforge_chip_rep2	2.87075	1.0	0.916	1374	0
helixforge_chip_rep2	2.87003	1.0	0.9166666666666666	1375	0
helixforge_chip_rep2	2.86661	1.0	0.9173333333333333	1376	0
helixforge_chip_rep2	2.86038	1.0	0.918	1377	0
helixforge_chip_rep2	2.86006	1.0	0.9193333333333333	1379	0
helixforge_chip_rep2	2.8561	1.0	0.9206666666666666	1381	0
helixforge_chip_rep2	2.85154	1.0	0.9213333333333333	1382	0
helixforge_chip_rep2	2.85097	1.0	0.922	1383	0
helixforge_chip_rep2	2.8486	1.0	0.9226666666666666	1384	0
helixforge_chip_rep2	2.84488	1.0	0.9233333333333333	1385	0
helixforge_chip_rep2	2.84138	1.0	0.924	1386	0
helixforge_chip_rep2	2.83904	1.0	0.9246666666666666	1387	0
helixforge_chip_rep2	2.83872	1.0	0.9266666666666666	1390	0
helixforge_chip_rep2	2.83165	1.0	0.928	1392	0
helixforge_chip_rep2	2.82824	1.0	0.9286666666666666	1393	0
helixforge_chip_rep2	2.82595	1.0	0.9293333333333333	1394	0
helixforge_chip_rep2	2.82289	1.0	0.93	1395	0
helixforge_chip_rep2	2.81981	1.0	0.9306666666666666	1396	0
helixforge_chip_rep2	2.81718	1.0	0.9313333333333333	1397	0
helixforge_chip_rep2	2.81605	1.0	0.932	1398	0
helixforge_chip_rep2	2.81497	1.0	0.9326666666666666	1399	0
helixforge_chip_rep2	2.8118	1.0	0.9333333333333333	1400	0
helixforge_chip_rep2	2.80448	1.0	0.934	1401	0
helixforge_chip_rep2	2.8032	1.0	0.9353333333333333	1403	0
helixforge_chip_rep2	2.79983	1.0	0.9373333333333334	1406	0
helixforge_chip_rep2	2.79879	1.0	0.938	1407	0
helixforge_chip_rep2	2.7968	1.0	0.9386666666666666	1408	0
helixforge_chip_rep2	2.79559	1.0	0.9393333333333334	1409	0
helixforge_chip_rep2	2.78972	1.0	0.94	1410	0
helixforge_chip_rep2	2.78968	1.0	0.9406666666666667	1411	0
helixforge_chip_rep2	2.78378	1.0	0.942	1413	0
helixforge_chip_rep2	2.7804	1.0	0.9426666666666667	1414	0
helixforge_chip_rep2	2.77098	1.0	0.9433333333333334	1415	0
helixforge_chip_rep2	2.76942	1.0	0.9446666666666667	1417	0
helixforge_chip_rep2	2.76383	1.0	0.9453333333333334	1418	0
helixforge_chip_rep2	2.76095	1.0	0.946	1419	0
helixforge_chip_rep2	2.75171	1.0	0.9466666666666667	1420	0
helixforge_chip_rep2	2.74738	1.0	0.9473333333333334	1421	0
helixforge_chip_rep2	2.74394	1.0	0.948	1422	0
helixforge_chip_rep2	2.73565	1.0	0.9486666666666667	1423	0
helixforge_chip_rep2	2.72834	1.0	0.9493333333333334	1424	0
helixforge_chip_rep2	2.72326	1.0	0.95	1425	0
helixforge_chip_rep2	2.72206	1.0	0.952	1428	0
helixforge_chip_rep2	2.71882	1.0	0.9526666666666667	1429	0
helixforge_chip_rep2	2.71726	1.0	0.9533333333333334	1430	0
helixforge_chip_rep2	2.71128	1.0	0.954	1431	0
helixforge_chip_rep2	2.70431	1.0	0.9546666666666667	1432	0
helixforge_chip_rep2	2.68463	1.0	0.9553333333333334	1433	0
helixforge_chip_rep2	2.68244	1.0	0.956	1434	0
helixforge_chip_rep2	2.67976	1.0	0.9566666666666667	1435	0
helixforge_chip_rep2	2.6681	1.0	0.9573333333333334	1436	0
helixforge_chip_rep2	2.66703	1.0	0.958	1437	0
helixforge_chip_rep2	2.66568	1.0	0.9586666666666667	1438	0
helixforge_chip_rep2	2.6644	1.0	0.9593333333333334	1439	0
helixforge_chip_rep2	2.65686	1.0	0.9606666666666667	1441	0
helixforge_chip_rep2	2.65684	1.0	0.9613333333333334	1442	0
helixforge_chip_rep2	2.65683	1.0	0.962	1443	0
helixforge_chip_rep2	2.64853	1.0	0.9626666666666667	1444	0
helixforge_chip_rep2	2.64429	1.0	0.964	1446	0
helixforge_chip_rep2	2.64412	1.0	0.9646666666666667	1447	0
helixforge_chip_rep2	2.63715	1.0	0.9653333333333334	1448	0
helixforge_chip_rep2	2.62965	1.0	0.9666666666666667	1450	0
helixforge_chip_rep2	2.62363	1.0	0.968	1452	0
helixforge_chip_rep2	2.62121	1.0	0.9686666666666667	1453	0
helixforge_chip_rep2	2.60796	1.0	0.9693333333333334	1454	0
helixforge_chip_rep2	2.60327	1.0	0.9706666666666667	1456	0
helixforge_chip_rep2	2.58694	1.0	0.9713333333333334	1457	0
helixforge_chip_rep2	2.57669	1.0	0.972	1458	0
helixforge_chip_rep2	2.56651	1.0	0.974	1461	0
helixforge_chip_rep2	2.56624	1.0	0.9746666666666667	1462	0
helixforge_chip_rep2	2.55152	1.0	0.9753333333333334	1463	0
helixforge_chip_rep2	2.55013	1.0	0.976	1464	0
helixforge_chip_rep2	2.54795	1.0	0.9773333333333334	1466	0
helixforge_chip_rep2	2.54618	1.0	0.978	1467	0
helixforge_chip_rep2	2.54441	1.0	0.9786666666666667	1468	0
helixforge_chip_rep2	2.54233	1.0	0.9793333333333333	1469	0
helixforge_chip_rep2	2.52005	1.0	0.98	1470	0
helixforge_chip_rep2	2.50798	1.0	0.9806666666666667	1471	0
helixforge_chip_rep2	2.50685	1.0	0.982	1473	0
helixforge_chip_rep2	2.50586	1.0	0.9826666666666667	1474	0
helixforge_chip_rep2	2.49868	1.0	0.9833333333333333	1475	0
helixforge_chip_rep2	2.48939	1.0	0.984	1476	0
helixforge_chip_rep2	2.4831	1.0	0.9846666666666667	1477	0
helixforge_chip_rep2	2.47471	1.0	0.9853333333333333	1478	0
helixforge_chip_rep2	2.46705	1.0	0.986	1479	0
helixforge_chip_rep2	2.46145	1.0	0.9866666666666667	1480	0
helixforge_chip_rep2	2.44995	1.0	0.9873333333333333	1481	0
helixforge_chip_rep2	2.44772	1.0	0.988	1482	0
helixforge_chip_rep2	2.44257	1.0	0.9886666666666667	1483	0
helixforge_chip_rep2	2.43871	1.0	0.9893333333333333	1484	0
helixforge_chip_rep2	2.40284	1.0	0.99	1485	0
helixforge_chip_rep2	2.36812	1.0	0.9906666666666667	1486	0
helixforge_chip_rep2	2.36623	1.0	0.9913333333333333	1487	0
helixforge_chip_rep2	2.34949	1.0	0.992	1488	0
helixforge_chip_rep2	2.3351	1.0	0.9926666666666667	1489	0
helixforge_chip_rep2	2.32471	1.0	0.9933333333333333	1490	0
helixforge_chip_rep2	2.30572	1.0	0.994	1491	0
helixforge_chip_rep2	2.28563	1.0	0.9946666666666667	1492	0
helixforge_chip_rep2	2.27728	1.0	0.9953333333333333	1493	0
helixforge_chip_rep2	2.21095	1.0	0.996	1494	0
helixforge_chip_rep2	2.18904	1.0	0.9966666666666667	1495	0
helixforge_chip_rep2	2.15076	1.0	0.9973333333333333	1496	0
helixforge_chip_rep2	2.12329	1.0	0.998	1497	0
helixforge_chip_rep2	2.0188	1.0	0.9986666666666667	1498	0
helixforge_chip_rep2	1.87364	1.0	0.9993333333333333	1499	0
helixforge_chip_rep2	1.82037	1.0	1.0	1500	0
helixforge_chip_rep2	0.0	0.5	1.0	1500	1500
helixforge_idr	Inf	1.0	0.0	0	0
helixforge_idr	15.01069	1.0	0.0013333333333333333	2	0
helixforge_idr	14.9718	1.0	0.002	3	0
helixforge_idr	14.89699	1.0	0.0026666666666666666	4	0
helixforge_idr	14.89403	1.0	0.0033333333333333335	5	0
helixforge_idr	14.85514	1.0	0.004	6	0
helixforge_idr	14.81626	1.0	0.005333333333333333	8	0
helixforge_idr	14.7712	1.0	0.006	9	0
helixforge_idr	14.73848	1.0	0.006666666666666667	10	0
helixforge_idr	14.73224	1.0	0.007333333333333333	11	0
helixforge_idr	14.6996	1.0	0.008	12	0
helixforge_idr	14.69959	1.0	0.009333333333333334	14	0
helixforge_idr	14.6911	1.0	0.01	15	0
helixforge_idr	14.68465	1.0	0.010666666666666666	16	0
helixforge_idr	14.6821	1.0	0.011333333333333334	17	0
helixforge_idr	14.62182	1.0	0.012	18	0
helixforge_idr	14.58873	1.0	0.012666666666666666	19	0
helixforge_idr	14.54534	1.0	0.013333333333333334	20	0
helixforge_idr	14.54404	1.0	0.014	21	0
helixforge_idr	14.54403	1.0	0.014666666666666666	22	0
helixforge_idr	14.53116	1.0	0.015333333333333332	23	0
helixforge_idr	14.51922	1.0	0.016	24	0
helixforge_idr	14.50516	1.0	0.018	27	0
helixforge_idr	14.50515	1.0	0.018666666666666668	28	0
helixforge_idr	14.49368	1.0	0.019333333333333334	29	0
helixforge_idr	14.48657	1.0	0.02	30	0
helixforge_idr	14.47423	1.0	0.020666666666666667	31	0
helixforge_idr	14.47409	1.0	0.021333333333333333	32	0
helixforge_idr	14.46627	1.0	0.023333333333333334	35	0
helixforge_idr	14.46623	1.0	0.024	36	0
helixforge_idr	14.44415	1.0	0.024666666666666667	37	0
helixforge_idr	14.42738	1.0	0.025333333333333333	38	0
helixforge_idr	14.42331	1.0	0.026	39	0
helixforge_idr	14.40372	1.0	0.02666666666666667	40	0
helixforge_idr	14.40303	1.0	0.027333333333333334	41	0
helixforge_idr	14.39666	1.0	0.028	42	0
helixforge_idr	14.39627	1.0	0.028666666666666667	43	0
helixforge_idr	14.38849	1.0	0.029333333333333333	44	0
helixforge_idr	14.38848	1.0	0.03	45	0
helixforge_idr	14.35687	1.0	0.030666666666666665	46	0
helixforge_idr	14.354	1.0	0.03133333333333333	47	0
helixforge_idr	14.3496	1.0	0.032	48	0
helixforge_idr	14.34959	1.0	0.03333333333333333	50	0
helixforge_idr	14.32302	1.0	0.034	51	0
helixforge_idr	14.319	1.0	0.034666666666666665	52	0
helixforge_idr	14.3107	1.0	0.035333333333333335	53	0
helixforge_idr	14.30644	1.0	0.036	54	0
helixforge_idr	14.29704	1.0	0.03666666666666667	55	0
helixforge_idr	14.29252	1.0	0.037333333333333336	56	0
helixforge_idr	14.27184	1.0	0.038	57	0
helixforge_idr	14.27183	1.0	0.03866666666666667	58	0
helixforge_idr	14.26886	1.0	0.03933333333333333	59	0
helixforge_idr	14.23294	1.0	0.04066666666666666	61	0
helixforge_idr	14.23293	1.0	0.04133333333333333	62	0
helixforge_idr	14.21326	1.0	0.042	63	0
helixforge_idr	14.20578	1.0	0.042666666666666665	64	0
helixforge_idr	14.19943	1.0	0.043333333333333335	65	0
helixforge_idr	14.19565	1.0	0.044	66	0
helixforge_idr	14.19407	1.0	0.04466666666666667	67	0
helixforge_idr	14.19406	1.0	0.04533333333333334	68	0
helixforge_idr	14.19404	1.0	0.046	69	0
helixforge_idr	14.1778	1.0	0.04666666666666667	70	0
helixforge_idr	14.15518	1.0	0.04733333333333333	71	0
helixforge_idr	14.15515	1.0	0.048666666666666664	73	0
helixforge_idr	14.11661	1.0	0.04933333333333333	74	0
helixforge_idr	14.11627	1.0	0.05	75	0
helixforge_idr	14.11626	1.0	0.050666666666666665	76	0
helixforge_idr	14.09561	1.0	0.051333333333333335	77	0
helixforge_idr	14.0915	1.0	0.052	78	0
helixforge_idr	14.07808	1.0	0.05266666666666667	79	0
helixforge_idr	14.0774	1.0	0.05333333333333334	80	0
helixforge_idr	14.07152	1.0	0.054	81	0
helixforge_idr	14.0615	1.0	0.05466666666666667	82	0
helixforge_idr	14.05424	1.0	0.05533333333333333	83	0
helixforge_idr	14.04485	1.0	0.056	84	0
helixforge_idr	14.03848	1.0	0.056666666666666664	85	0
helixforge_idr	14.03663	1.0	0.05733333333333333	86	0
helixforge_idr	14.0357	1.0	0.058	87	0
helixforge_idr	13.97007	1.0	0.058666666666666666	88	0
helixforge_idr	13.96075	1.0	0.059333333333333335	89	0
helixforge_idr	13.96074	1.0	0.06	90	0
helixforge_idr	13.96072	1.0	0.06066666666666667	91	0
helixforge_idr	13.95389	1.0	0.06133333333333333	92	0
helixforge_idr	13.93499	1.0	0.062	93	0
helixforge_idr	13.92561	1.0	0.06266666666666666	94	0
helixforge_idr	13.92212	1.0	0.06333333333333334	95	0
helixforge_idr	13.89829	1.0	0.064	96	0
helixforge_idr	13.8884	1.0	0.06466666666666666	97	0
helixforge_idr	13.88767	1.0	0.06533333333333333	98	0
helixforge_idr	13.88293	1.0	0.066	99	0
helixforge_idr	13.86584	1.0	0.06666666666666667	100	0
helixforge_idr	13.8633	1.0	0.06733333333333333	101	0
helixforge_idr	13.84754	1.0	0.068	102	0
helixforge_idr	13.84751	1.0	0.06866666666666667	103	0
helixforge_idr	13.82657	1.0	0.06933333333333333	104	0
helixforge_idr	13.79669	1.0	0.07	105	0
helixforge_idr	13.79547	1.0	0.07066666666666667	106	0
helixforge_idr	13.78279	1.0	0.07133333333333333	107	0
helixforge_idr	13.78209	1.0	0.072	108	0
helixforge_idr	13.75874	1.0	0.07266666666666667	109	0
helixforge_idr	13.75185	1.0	0.07333333333333333	110	0
helixforge_idr	13.75115	1.0	0.074	111	0
helixforge_idr	13.7475	1.0	0.07466666666666667	112	0
helixforge_idr	13.74265	1.0	0.07533333333333334	113	0
helixforge_idr	13.74087	1.0	0.076	114	0
helixforge_idr	13.73526	1.0	0.07666666666666666	115	0
helixforge_idr	13.73523	1.0	0.07733333333333334	116	0
helixforge_idr	13.73306	1.0	0.078	117	0
helixforge_idr	13.72055	1.0	0.07866666666666666	118	0
helixforge_idr	13.71973	1.0	0.07933333333333334	119	0
helixforge_idr	13.70152	1.0	0.08	120	0
helixforge_idr	13.69521	1.0	0.08066666666666666	121	0
helixforge_idr	13.68852	1.0	0.08133333333333333	122	0
helixforge_idr	13.68851	1.0	0.082	123	0
helixforge_idr	13.67186	1.0	0.08266666666666667	124	0
helixforge_idr	13.6718	1.0	0.08333333333333333	125	0
helixforge_idr	13.65321	1.0	0.084	126	0
helixforge_idr	13.63431	1.0	0.08466666666666667	127	0
helixforge_idr	13.62938	1.0	0.08533333333333333	128	0
helixforge_idr	13.62482	1.0	0.086	129	0
helixforge_idr	13.62256	1.0	0.08666666666666667	130	0
helixforge_idr	13.61072	1.0	0.08733333333333333	131	0
helixforge_idr	13.60778	1.0	0.088	132	0
helixforge_idr	13.604	1.0	0.08866666666666667	133	0
helixforge_idr	13.59097	1.0	0.08933333333333333	134	0
helixforge_idr	13.54606	1.0	0.09	135	0
helixforge_idr	13.53164	1.0	0.09066666666666667	136	0
helixforge_idr	13.5225	1.0	0.09133333333333334	137	0
helixforge_idr	13.51595	1.0	0.092	138	0
helixforge_idr	13.51216	1.0	0.09266666666666666	139	0
helixforge_idr	13.51157	1.0	0.09333333333333334	140	0
helixforge_idr	13.50606	1.0	0.094	141	0
helixforge_idr	13.4951	1.0	0.09466666666666666	142	0
helixforge_idr	13.46904	1.0	0.09533333333333334	143	0
helixforge_idr	13.45229	1.0	0.096	144	0
helixforge_idr	13.43338	1.0	0.09666666666666666	145	0
helixforge_idr	13.40757	1.0	0.09733333333333333	146	0
helixforge_idr	13.39505	1.0	0.098	147	0
helixforge_idr	13.39007	1.0	0.09866666666666667	148	0
helixforge_idr	13.38746	1.0	0.09933333333333333	149	0
helixforge_idr	13.38694	1.0	0.1	150	0
helixforge_idr	13.37741	1.0	0.10066666666666667	151	0
helixforge_idr	13.36029	1.0	0.10133333333333333	152	0
helixforge_idr	13.35859	1.0	0.102	153	0
helixforge_idr	13.35262	1.0	0.10266666666666667	154	0
helixforge_idr	13.32367	1.0	0.10333333333333333	155	0
helixforge_idr	13.32194	1.0	0.104	156	0
helixforge_idr	13.31572	1.0	0.10466666666666667	157	0
helixforge_idr	13.31164	1.0	0.10533333333333333	158	0
helixforge_idr	13.27994	1.0	0.106	159	0
helixforge_idr	13.27845	1.0	0.10666666666666667	160	0
helixforge_idr	13.26967	1.0	0.10733333333333334	161	0
helixforge_idr	13.26637	1.0	0.108	162	0
helixforge_idr	13.26072	1.0	0.10866666666666666	163	0
helixforge_idr	13.24412	1.0	0.10933333333333334	164	0
helixforge_idr	13.24322	1.0	0.11	165	0
helixforge_idr	13.21853	1.0	0.11066666666666666	166	0
helixforge_idr	13.20551	1.0	0.11133333333333334	167	0
helixforge_idr	13.2007	1.0	0.112	168	0
helixforge_idr	13.19708	1.0	0.11266666666666666	169	0
helixforge_idr	13.19313	1.0	0.11333333333333333	170	0
helixforge_idr	13.1916	1.0	0.114	171	0
helixforge_idr	13.18296	1.0	0.11466666666666667	172	0
helixforge_idr	13.15995	1.0	0.11533333333333333	173	0
helixforge_idr	13.14453	1.0	0.116	174	0
helixforge_idr	13.14411	1.0	0.11666666666666667	175	0
helixforge_idr	13.14408	1.0	0.11733333333333333	176	0
helixforge_idr	13.12968	1.0	0.118	177	0
helixforge_idr	13.1052	1.0	0.11866666666666667	178	0
helixforge_idr	13.10127	1.0	0.11933333333333333	179	0
helixforge_idr	13.09291	1.0	0.12	180	0
helixforge_idr	13.08964	1.0	0.12066666666666667	181	0
helixforge_idr	13.08948	1.0	0.12133333333333333	182	0
helixforge_idr	13.08526	1.0	0.122	183	0
helixforge_idr	13.08257	1.0	0.12266666666666666	184	0
helixforge_idr	13.05146	1.0	0.12333333333333334	185	0
helixforge_idr	13.04905	1.0	0.124	186	0
helixforge_idr	13.02248	1.0	0.12466666666666666	187	0
helixforge_idr	13.01066	1.0	0.12533333333333332	188	0
helixforge_idr	12.99645	1.0	0.126	189	0
helixforge_idr	12.99413	1.0	0.12666666666666668	190	0
helixforge_idr	12.98975	1.0	0.12733333333333333	191	0
helixforge_idr	12.91283	1.0	0.128	192	0
helixforge_idr	12.89059	1.0	0.12866666666666668	193	0
helixforge_idr	12.88829	1.0	0.12933333333333333	194	0
helixforge_idr	12.88551	1.0	0.13	195	0
helixforge_idr	12.85072	1.0	0.13066666666666665	196	0
helixforge_idr	12.8319	1.0	0.13133333333333333	197	0
helixforge_idr	12.82295	1.0	0.132	198	0
helixforge_idr	12.82172	1.0	0.13266666666666665	199	0
helixforge_idr	12.8148	1.0	0.13333333333333333	200	0
helixforge_idr	12.79358	1.0	0.134	201	0
helixforge_idr	12.78508	1.0	0.13466666666666666	202	0
helixforge_idr	12.77739	1.0	0.13533333333333333	203	0
helixforge_idr	12.76541	1.0	0.136	204	0
helixforge_idr	12.74869	1.0	0.13666666666666666	205	0
helixforge_idr	12.74718	1.0	0.13733333333333334	206	0
helixforge_idr	12.73992	1.0	0.138	207	0
helixforge_idr	12.72939	1.0	0.13866666666666666	208	0
helixforge_idr	12.71385	1.0	0.13933333333333334	209	0
helixforge_idr	12.69943	1.0	0.14	210	0
helixforge_idr	12.69137	1.0	0.14066666666666666	211	0
helixforge_idr	12.62891	1.0	0.14133333333333334	212	0
helixforge_idr	12.62553	1.0	0.142	213	0
helixforge_idr	12.60649	1.0	0.14266666666666666	214	0
helixforge_idr	12.59756	1.0	0.14333333333333334	215	0
helixforge_idr	12.59624	1.0	0.144	216	0
helixforge_idr	12.57845	1.0	0.14466666666666667	217	0
helixforge_idr	12.53614	1.0	0.14533333333333334	218	0
helixforge_idr	12.49734	1.0	0.146	219	0
helixforge_idr	12.49346	1.0	0.14666666666666667	220	0
helixforge_idr	12.45401	1.0	0.14733333333333334	221	0
helixforge_idr	12.40915	1.0	0.148	222	0
helixforge_idr	12.40522	1.0	0.14866666666666667	223	0
helixforge_idr	12.39129	1.0	0.14933333333333335	224	0
helixforge_idr	12.38927	1.0	0.15	225	0
helixforge_idr	12.35438	1.0	0.15066666666666667	226	0
helixforge_idr	12.3336	1.0	0.15133333333333332	227	0
helixforge_idr	12.32704	1.0	0.152	228	0
helixforge_idr	12.29823	1.0	0.15266666666666667	229	0
helixforge_idr	12.2541	1.0	0.15333333333333332	230	0
helixforge_idr	12.24502	1.0	0.154	231	0
helixforge_idr	12.23871	1.0	0.15466666666666667	232	0
helixforge_idr	12.21939	1.0	0.15533333333333332	233	0
helixforge_idr	12.21237	1.0	0.156	234	0
helixforge_idr	12.18063	1.0	0.15666666666666668	235	0
helixforge_idr	12.17304	1.0	0.15733333333333333	236	0
helixforge_idr	12.17187	1.0	0.158	237	0
helixforge_idr	12.14978	1.0	0.15866666666666668	238	0
helixforge_idr	12.12473	1.0	0.15933333333333333	239	0
helixforge_idr	12.10253	1.0	0.16	240	0
helixforge_idr	12.05522	1.0	0.16066666666666668	241	0
helixforge_idr	12.03569	1.0	0.16133333333333333	242	0
helixforge_idr	12.0189	1.0	0.162	243	0
helixforge_idr	12.01635	1.0	0.16266666666666665	244	0
helixforge_idr	12.0008	1.0	0.16333333333333333	245	0
helixforge_idr	11.99211	1.0	0.164	246	0
helixforge_idr	11.97659	1.0	0.16466666666666666	247	0
helixforge_idr	11.97155	1.0	0.16533333333333333	248	0
helixforge_idr	11.93856	1.0	0.166	249	0
helixforge_idr	11.93854	1.0	0.16666666666666666	250	0
helixforge_idr	11.91074	1.0	0.16733333333333333	251	0
helixforge_idr	11.89252	1.0	0.168	252	0
helixforge_idr	11.88847	1.0	0.16866666666666666	253	0
helixforge_idr	11.87161	1.0	0.16933333333333334	254	0
helixforge_idr	11.85621	1.0	0.17	255	0
helixforge_idr	11.85576	1.0	0.17066666666666666	256	0
helixforge_idr	11.84936	1.0	0.17133333333333334	257	0
helixforge_idr	11.82188	1.0	0.172	258	0
helixforge_idr	11.81491	1.0	0.17266666666666666	259	0
helixforge_idr	11.81387	1.0	0.17333333333333334	260	0
helixforge_idr	11.79509	1.0	0.174	261	0
helixforge_idr	11.783	1.0	0.17466666666666666	262	0
helixforge_idr	11.7824	1.0	0.17533333333333334	263	0
helixforge_idr	11.76484	1.0	0.176	264	0
helixforge_idr	11.75576	1.0	0.17666666666666667	265	0
helixforge_idr	11.74033	1.0	0.17733333333333334	266	0
helixforge_idr	11.73824	1.0	0.178	267	0
helixforge_idr	11.71083	1.0	0.17866666666666667	268	0
helixforge_idr	11.70522	1.0	0.17933333333333334	269	0
helixforge_idr	11.66633	1.0	0.18	270	0
helixforge_idr	11.62746	1.0	0.18066666666666667	271	0
helixforge_idr	11.62743	1.0	0.18133333333333335	272	0
helixforge_idr	11.58859	1.0	0.182	273	0
helixforge_idr	11.58857	1.0	0.18266666666666667	274	0
helixforge_idr	11.58856	1.0	0.184	276	0
helixforge_idr	11.56479	1.0	0.18466666666666667	277	0
helixforge_idr	11.54968	1.0	0.18533333333333332	278	0
helixforge_idr	11.54964	1.0	0.186	279	0
helixforge_idr	11.51079	1.0	0.18666666666666668	280	0
helixforge_idr	11.51077	1.0	0.188	282	0
helixforge_idr	11.49257	1.0	0.18866666666666668	283	0
helixforge_idr	11.48089	1.0	0.18933333333333333	284	0
helixforge_idr	11.47195	1.0	0.19	285	0
helixforge_idr	11.47191	1.0	0.19066666666666668	286	0
helixforge_idr	11.4719	1.0	0.19133333333333333	287	0
helixforge_idr	11.47187	1.0	0.192	288	0
helixforge_idr	11.45974	1.0	0.19266666666666668	289	0
helixforge_idr	11.45013	1.0	0.19333333333333333	290	0
helixforge_idr	11.43301	1.0	0.194	291	0
helixforge_idr	11.43299	1.0	0.19466666666666665	292	0
helixforge_idr	11.35526	1.0	0.19533333333333333	293	0
helixforge_idr	11.35523	1.0	0.196	294	0
helixforge_idr	11.34847	1.0	0.19666666666666666	295	0
helixforge_idr	11.31752	1.0	0.19733333333333333	296	0
helixforge_idr	11.31635	1.0	0.198	297	0
helixforge_idr	11.31632	1.0	0.19933333333333333	299	0
helixforge_idr	11.30689	1.0	0.2	300	0
helixforge_idr	11.29139	1.0	0.20066666666666666	301	0
helixforge_idr	11.27747	1.0	0.20133333333333334	302	0
helixforge_idr	11.27746	1.0	0.202	303	0
helixforge_idr	11.27745	1.0	0.20333333333333334	305	0
helixforge_idr	11.27743	1.0	0.204	306	0
helixforge_idr	11.27742	1.0	0.20466666666666666	307	0
helixforge_idr	11.27512	1.0	0.20533333333333334	308	0
helixforge_idr	11.23861	1.0	0.206	309	0
helixforge_idr	11.2386	1.0	0.20733333333333334	311	0
helixforge_idr	11.23857	1.0	0.208	312	0
helixforge_idr	11.23856	1.0	0.20866666666666667	313	0
helixforge_idr	11.20104	1.0	0.20933333333333334	314	0
helixforge_idr	11.19973	1.0	0.21	315	0
helixforge_idr	11.1997	1.0	0.212	318	0
helixforge_idr	11.19968	1.0	0.21266666666666667	319	0
helixforge_idr	11.19967	1.0	0.214	321	0
helixforge_idr	11.18697	1.0	0.21466666666666667	322	0
helixforge_idr	11.17051	1.0	0.21533333333333332	323	0
helixforge_idr	11.16082	1.0	0.21666666666666667	325	0
helixforge_idr	11.15541	1.0	0.21733333333333332	326	0
helixforge_idr	11.1219	1.0	0.218	327	0
helixforge_idr	11.12003	1.0	0.21866666666666668	328	0
helixforge_idr	11.11817	1.0	0.21933333333333332	329	0
helixforge_idr	11.09568	1.0	0.22	330	0
helixforge_idr	11.08303	1.0	0.22066666666666668	331	0
helixforge_idr	11.08301	1.0	0.22133333333333333	332	0
helixforge_idr	11.083	1.0	0.222	333	0
helixforge_idr	11.07991	1.0	0.22266666666666668	334	0
helixforge_idr	11.05899	1.0	0.22333333333333333	335	0
helixforge_idr	11.04416	1.0	0.224	336	0
helixforge_idr	11.04414	1.0	0.22466666666666665	337	0
helixforge_idr	11.04413	1.0	0.22533333333333333	338	0
helixforge_idr	11.04411	1.0	0.226	339	0
helixforge_idr	11.0441	1.0	0.22666666666666666	340	0
helixforge_idr	11.03145	1.0	0.22733333333333333	341	0
helixforge_idr	11.03052	1.0	0.228	342	0
helixforge_idr	11.01664	1.0	0.22866666666666666	343	0
helixforge_idr	11.00622	1.0	0.22933333333333333	344	0
helixforge_idr	11.00526	1.0	0.23	345	0
helixforge_idr	11.00524	1.0	0.23066666666666666	346	0
helixforge_idr	11.00523	1.0	0.23133333333333334	347	0
helixforge_idr	11.00107	1.0	0.232	348	0
helixforge_idr	10.99805	1.0	0.23266666666666666	349	0
helixforge_idr	10.99658	1.0	0.23333333333333334	350	0
helixforge_idr	10.97258	1.0	0.234	351	0
helixforge_idr	10.96636	1.0	0.23533333333333334	353	0
helixforge_idr	10.96635	1.0	0.23666666666666666	355	0
helixforge_idr	10.96633	1.0	0.23733333333333334	356	0
helixforge_idr	10.95846	1.0	0.238	357	0
helixforge_idr	10.95401	1.0	0.23866666666666667	358	0
helixforge_idr	10.94527	1.0	0.23933333333333334	359	0
helixforge_idr	10.92749	1.0	0.24	360	0
helixforge_idr	10.92747	1.0	0.24333333333333335	365	0
helixforge_idr	10.92746	1.0	0.244	366	0
helixforge_idr	10.92745	1.0	0.24466666666666667	367	0
helixforge_idr	10.90132	1.0	0.24533333333333332	368	0
helixforge_idr	10.88861	1.0	0.246	369	0
helixforge_idr	10.88859	1.0	0.24666666666666667	370	0
helixforge_idr	10.86737	1.0	0.24733333333333332	371	0
helixforge_idr	10.86527	1.0	0.248	372	0
helixforge_idr	10.85051	1.0	0.24866666666666667	373	0
helixforge_idr	10.84975	1.0	0.24933333333333332	374	0
helixforge_idr	10.84974	1.0	0.25	375	0
helixforge_idr	10.84972	1.0	0.25066666666666665	376	0
helixforge_idr	10.84971	1.0	0.25133333333333335	377	0
helixforge_idr	10.8497	1.0	0.252	378	0
helixforge_idr	10.84969	1.0	0.25333333333333335	380	0
helixforge_idr	10.84968	1.0	0.254	381	0
helixforge_idr	10.84967	1.0	0.25533333333333336	383	0
helixforge_idr	10.84695	1.0	0.256	384	0
helixforge_idr	10.84493	1.0	0.25666666666666665	385	0
helixforge_idr	10.83553	1.0	0.25733333333333336	386	0
helixforge_idr	10.81449	1.0	0.258	387	0
helixforge_idr	10.81083	1.0	0.26	390	0
helixforge_idr	10.81082	1.0	0.26066666666666666	391	0
helixforge_idr	10.81081	1.0	0.26266666666666666	394	0
helixforge_idr	10.8108	1.0	0.26466666666666666	397	0
helixforge_idr	10.81078	1.0	0.2653333333333333	398	0
helixforge_idr	10.79739	1.0	0.266	399	0
helixforge_idr	10.79051	1.0	0.26666666666666666	400	0
helixforge_idr	10.78717	1.0	0.2673333333333333	401	0
helixforge_idr	10.77299	1.0	0.268	402	0
helixforge_idr	10.77196	1.0	0.26866666666666666	403	0
helixforge_idr	10.77194	1.0	0.27	405	0
helixforge_idr	10.77193	1.0	0.2713333333333333	407	0
helixforge_idr	10.77191	1.0	0.27266666666666667	409	0
helixforge_idr	10.7719	1.0	0.274	411	0
helixforge_idr	10.76841	1.0	0.27466666666666667	412	0
helixforge_idr	10.74608	1.0	0.2753333333333333	413	0
helixforge_idr	10.73306	1.0	0.276	414	0
helixforge_idr	10.73305	1.0	0.27666666666666667	415	0
helixforge_idr	10.733	1.0	0.2773333333333333	416	0
helixforge_idr	10.73028	1.0	0.278	417	0
helixforge_idr	10.72608	1.0	0.2786666666666667	418	0
helixforge_idr	10.72313	1.0	0.2793333333333333	419	0
helixforge_idr	10.72161	1.0	0.28	420	0
helixforge_idr	10.71885	1.0	0.2806666666666667	421	0
helixforge_idr	10.71554	1.0	0.2813333333333333	422	0
helixforge_idr	10.71302	1.0	0.282	423	0
helixforge_idr	10.70247	1.0	0.2826666666666667	424	0
helixforge_idr	10.70136	1.0	0.2833333333333333	425	0
helixforge_idr	10.69635	1.0	0.284	426	0
helixforge_idr	10.69631	1.0	0.2846666666666667	427	0
helixforge_idr	10.69424	1.0	0.2853333333333333	428	0
helixforge_idr	10.69415	1.0	0.2866666666666667	430	0
helixforge_idr	10.69413	1.0	0.28733333333333333	431	0
helixforge_idr	10.69288	1.0	0.288	432	0
helixforge_idr	10.69069	1.0	0.2886666666666667	433	0
helixforge_idr	10.67532	1.0	0.28933333333333333	434	0
helixforge_idr	10.66601	1.0	0.29	435	0
helixforge_idr	10.66446	1.0	0.2906666666666667	436	0
helixforge_idr	10.65528	1.0	0.29133333333333333	437	0
helixforge_idr	10.65527	1.0	0.292	438	0
helixforge_idr	10.65525	1.0	0.2926666666666667	439	0
helixforge_idr	10.65524	1.0	0.2946666666666667	442	0
helixforge_idr	10.65407	1.0	0.29533333333333334	443	0
helixforge_idr	10.64697	1.0	0.296	444	0
helixforge_idr	10.6336	1.0	0.2966666666666667	445	0
helixforge_idr	10.63141	1.0	0.29733333333333334	446	0
helixforge_idr	10.61639	1.0	0.298	447	0
helixforge_idr	10.61638	1.0	0.29933333333333334	449	0
helixforge_idr	10.61637	1.0	0.3	450	0
helixforge_idr	10.61035	1.0	0.3006666666666667	451	0
helixforge_idr	10.60273	1.0	0.30133333333333334	452	0
helixforge_idr	10.59725	1.0	0.302	453	0
helixforge_idr	10.59604	1.0	0.30266666666666664	454	0
helixforge_idr	10.59439	1.0	0.30333333333333334	455	0
helixforge_idr	10.58062	1.0	0.304	456	0
helixforge_idr	10.57751	1.0	0.30466666666666664	457	0
helixforge_idr	10.5775	1.0	0.306	459	0
helixforge_idr	10.57749	1.0	0.30666666666666664	460	0
helixforge_idr	10.57747	1.0	0.30733333333333335	461	0
helixforge_idr	10.57746	1.0	0.308	462	0
helixforge_idr	10.57681	1.0	0.30866666666666664	463	0
helixforge_idr	10.5757	1.0	0.30933333333333335	464	0
helixforge_idr	10.55227	1.0	0.31	465	0
helixforge_idr	10.54761	1.0	0.31066666666666665	466	0
helixforge_idr	10.54028	1.0	0.31133333333333335	467	0
helixforge_idr	10.53861	1.0	0.312	468	0
helixforge_idr	10.5386	1.0	0.31266666666666665	469	0
helixforge_idr	10.53858	1.0	0.314	471	0
helixforge_idr	10.53283	1.0	0.31466666666666665	472	0
helixforge_idr	10.52518	1.0	0.31533333333333335	473	0
helixforge_idr	10.50358	1.0	0.316	474	0
helixforge_idr	10.50271	1.0	0.31666666666666665	475	0
helixforge_idr	10.50251	1.0	0.31733333333333336	476	0
helixforge_idr	10.49972	1.0	0.318	477	0
helixforge_idr	10.49971	1.0	0.31866666666666665	478	0
helixforge_idr	10.49969	1.0	0.32	480	0
helixforge_idr	10.49968	1.0	0.32066666666666666	481	0
helixforge_idr	10.49966	1.0	0.32133333333333336	482	0
helixforge_idr	10.49816	1.0	0.322	483	0
helixforge_idr	10.49008	1.0	0.32266666666666666	484	0
helixforge_idr	10.4851	1.0	0.3233333333333333	485	0
helixforge_idr	10.48382	1.0	0.324	486	0
helixforge_idr	10.47155	1.0	0.32466666666666666	487	0
helixforge_idr	10.46086	1.0	0.3253333333333333	488	0
helixforge_idr	10.46083	1.0	0.32666666666666666	490	0
helixforge_idr	10.46081	1.0	0.328	492	0
helixforge_idr	10.4608	1.0	0.32866666666666666	493	0
helixforge_idr	10.46073	1.0	0.3293333333333333	494	0
helixforge_idr	10.45801	1.0	0.33	495	0
helixforge_idr	10.45213	1.0	0.33066666666666666	496	0
helixforge_idr	10.43482	1.0	0.3313333333333333	497	0
helixforge_idr	10.43034	1.0	0.332	498	0
helixforge_idr	10.42995	1.0	0.33266666666666667	499	0
helixforge_idr	10.42914	1.0	0.3333333333333333	500	0
helixforge_idr	10.42899	1.0	0.334	501	0
helixforge_idr	10.42194	1.0	0.33466666666666667	502	0
helixforge_idr	10.42193	1.0	0.336	504	0
helixforge_idr	10.42192	1.0	0.33666666666666667	505	0
helixforge_idr	10.40698	1.0	0.3373333333333333	506	0
helixforge_idr	10.39291	1.0	0.338	507	0
helixforge_idr	10.38803	1.0	0.33866666666666667	508	0
helixforge_idr	10.38692	1.0	0.3393333333333333	509	0
helixforge_idr	10.38555	1.0	0.34	510	0
helixforge_idr	10.38307	1.0	0.3413333333333333	512	0
helixforge_idr	10.38306	1.0	0.342	513	0
helixforge_idr	10.37333	1.0	0.3426666666666667	514	0
helixforge_idr	10.35465	1.0	0.3433333333333333	515	0
helixforge_idr	10.34413	1.0	0.344	516	0
helixforge_idr	10.34396	1.0	0.3446666666666667	517	0
helixforge_idr	10.34073	1.0	0.3453333333333333	518	0
helixforge_idr	10.34042	1.0	0.346	519	0
helixforge_idr	10.34013	1.0	0.3466666666666667	520	0
helixforge_idr	10.33672	1.0	0.3473333333333333	521	0
helixforge_idr	10.31951	1.0	0.348	522	0
helixforge_idr	10.30923	1.0	0.3486666666666667	523	0
helixforge_idr	10.30565	1.0	0.34933333333333333	524	0
helixforge_idr	10.30529	1.0	0.35	525	0
helixforge_idr	10.30528	1.0	0.35133333333333333	527	0
helixforge_idr	10.30524	1.0	0.352	528	0
helixforge_idr	10.30454	1.0	0.3526666666666667	529	0
helixforge_idr	10.30163	1.0	0.35333333333333333	530	0
helixforge_idr	10.299	1.0	0.354	531	0
helixforge_idr	10.29551	1.0	0.3546666666666667	532	0
helixforge_idr	10.28627	1.0	0.35533333333333333	533	0
helixforge_idr	10.28448	1.0	0.356	534	0
helixforge_idr	10.26899	1.0	0.3566666666666667	535	0
helixforge_idr	10.26639	1.0	0.35733333333333334	536	0
helixforge_idr	10.26636	1.0	0.358	537	0
helixforge_idr	10.26634	1.0	0.3586666666666667	538	0
helixforge_idr	10.26566	1.0	0.35933333333333334	539	0
helixforge_idr	10.23404	1.0	0.36	540	0
helixforge_idr	10.23379	1.0	0.3606666666666667	541	0
helixforge_idr	10.22829	1.0	0.36133333333333334	542	0
helixforge_idr	10.22751	1.0	0.3626666666666667	544	0
helixforge_idr	10.22749	1.0	0.36466666666666664	547	0
helixforge_idr	10.22747	1.0	0.366	549	0
helixforge_idr	10.2257	1.0	0.36666666666666664	550	0
helixforge_idr	10.19106	1.0	0.36733333333333335	551	0
helixforge_idr	10.18864	1.0	0.368	552	0
helixforge_idr	10.18863	1.0	0.36866666666666664	553	0
helixforge_idr	10.1807	1.0	0.36933333333333335	554	0
helixforge_idr	10.16059	1.0	0.37	555	0
helixforge_idr	10.15415	1.0	0.37066666666666664	556	0
helixforge_idr	10.15286	1.0	0.37133333333333335	557	0
helixforge_idr	10.14972	1.0	0.37266666666666665	559	0
helixforge_idr	10.14532	1.0	0.37333333333333335	560	0
helixforge_idr	10.13814	1.0	0.374	561	0
helixforge_idr	10.13386	1.0	0.37466666666666665	562	0
helixforge_idr	10.11084	1.0	0.37533333333333335	563	0
helixforge_idr	10.0904	1.0	0.376	564	0
helixforge_idr	10.07985	1.0	0.37666666666666665	565	0
helixforge_idr	10.07206	1.0	0.37733333333333335	566	0
helixforge_idr	10.07194	1.0	0.37866666666666665	568	0
helixforge_idr	10.05317	1.0	0.37933333333333336	569	0
helixforge_idr	10.04921	1.0	0.38	570	0
helixforge_idr	10.04786	1.0	0.38066666666666665	571	0
helixforge_idr	10.04467	1.0	0.38133333333333336	572	0
helixforge_idr	10.04382	1.0	0.382	573	0
helixforge_idr	10.03224	1.0	0.38266666666666665	574	0
helixforge_idr	10.02758	1.0	0.38333333333333336	575	0
helixforge_idr	10.02439	1.0	0.384	576	0
helixforge_idr	10.01577	1.0	0.38466666666666666	577	0
helixforge_idr	10.00162	1.0	0.38533333333333336	578	0
helixforge_idr	9.99775	1.0	0.386	579	0
helixforge_idr	9.9976	1.0	0.38666666666666666	580	0
helixforge_idr	9.99414	1.0	0.3873333333333333	581	0
helixforge_idr	9.99018	1.0	0.388	582	0
helixforge_idr	9.98613	1.0	0.38866666666666666	583	0
helixforge_idr	9.97755	1.0	0.3893333333333333	584	0
helixforge_idr	9.97544	1.0	0.39	585	0
helixforge_idr	9.97172	1.0	0.39066666666666666	586	0
helixforge_idr	9.96335	1.0	0.3913333333333333	587	0
helixforge_idr	9.96319	1.0	0.392	588	0
helixforge_idr	9.95009	1.0	0.39266666666666666	589	0
helixforge_idr	9.94918	1.0	0.3933333333333333	590	0
helixforge_idr	9.94775	1.0	0.394	591	0
helixforge_idr	9.94039	1.0	0.39466666666666667	592	0
helixforge_idr	9.92342	1.0	0.3953333333333333	593	0
helixforge_idr	9.91063	1.0	0.396	594	0
helixforge_idr	9.89678	1.0	0.39666666666666667	595	0
helixforge_idr	9.89495	1.0	0.3973333333333333	596	0
helixforge_idr	9.8895	1.0	0.398	597	0
helixforge_idr	9.87942	1.0	0.39866666666666667	598	0
helixforge_idr	9.87752	1.0	0.3993333333333333	599	0
helixforge_idr	9.87043	1.0	0.4	600	0
helixforge_idr	9.86357	1.0	0.40066666666666667	601	0
helixforge_idr	9.8558	1.0	0.4013333333333333	602	0
helixforge_idr	9.85264	1.0	0.402	603	0
helixforge_idr	9.85159	1.0	0.4026666666666667	604	0
helixforge_idr	9.84867	1.0	0.4033333333333333	605	0
helixforge_idr	9.8445	1.0	0.404	606	0
helixforge_idr	9.83862	1.0	0.4053333333333333	608	0
helixforge_idr	9.83861	1.0	0.406	609	0
helixforge_idr	9.83807	1.0	0.4066666666666667	610	0
helixforge_idr	9.83199	1.0	0.4073333333333333	611	0
helixforge_idr	9.82956	1.0	0.408	612	0
helixforge_idr	9.82582	1.0	0.4086666666666667	613	0
helixforge_idr	9.82479	1.0	0.4093333333333333	614	0
helixforge_idr	9.82454	1.0	0.41	615	0
helixforge_idr	9.81954	1.0	0.4106666666666667	616	0
helixforge_idr	9.79975	1.0	0.41133333333333333	617	0
helixforge_idr	9.79971	1.0	0.412	618	0
helixforge_idr	9.78976	1.0	0.4126666666666667	619	0
helixforge_idr	9.78539	1.0	0.41333333333333333	620	0
helixforge_idr	9.77375	1.0	0.414	621	0
helixforge_idr	9.77297	1.0	0.4146666666666667	622	0
helixforge_idr	9.76548	1.0	0.41533333333333333	623	0
helixforge_idr	9.76219	1.0	0.416	624	0
helixforge_idr	9.76171	1.0	0.4166666666666667	625	0
helixforge_idr	9.76084	1.0	0.418	627	0
helixforge_idr	9.74037	1.0	0.4186666666666667	628	0
helixforge_idr	9.73402	1.0	0.41933333333333334	629	0
helixforge_idr	9.72196	1.0	0.42	630	0
helixforge_idr	9.72194	1.0	0.4206666666666667	631	0
helixforge_idr	9.71617	1.0	0.42133333333333334	632	0
helixforge_idr	9.70222	1.0	0.422	633	0
helixforge_idr	9.69416	1.0	0.4226666666666667	634	0
helixforge_idr	9.69062	1.0	0.42333333333333334	635	0
helixforge_idr	9.68308	1.0	0.4246666666666667	637	0
helixforge_idr	9.68304	1.0	0.42533333333333334	638	0
helixforge_idr	9.67503	1.0	0.426	639	0
helixforge_idr	9.67211	1.0	0.4266666666666667	640	0
helixforge_idr	9.64812	1.0	0.42733333333333334	641	0
helixforge_idr	9.6442	1.0	0.428	642	0
helixforge_idr	9.64261	1.0	0.42866666666666664	643	0
helixforge_idr	9.63951	1.0	0.42933333333333334	644	0
helixforge_idr	9.63772	1.0	0.43	645	0
helixforge_idr	9.63081	1.0	0.43066666666666664	646	0
helixforge_idr	9.61643	1.0	0.43133333333333335	647	0
helixforge_idr	9.61587	1.0	0.432	648	0
helixforge_idr	9.60746	1.0	0.43266666666666664	649	0
helixforge_idr	9.60542	1.0	0.43333333333333335	650	0
helixforge_idr	9.60359	1.0	0.434	651	0
helixforge_idr	9.59454	1.0	0.43466666666666665	652	0
helixforge_idr	9.59178	1.0	0.43533333333333335	653	0
helixforge_idr	9.58903	1.0	0.436	654	0
helixforge_idr	9.57076	1.0	0.43666666666666665	655	0
helixforge_idr	9.5664	1.0	0.43733333333333335	656	0
helixforge_idr	9.56473	1.0	0.438	657	0
helixforge_idr	9.5534	1.0	0.43866666666666665	658	0
helixforge_idr	9.55066	1.0	0.43933333333333335	659	0
helixforge_idr	9.52546	1.0	0.44	660	0
helixforge_idr	9.5224	1.0	0.44066666666666665	661	0
helixforge_idr	9.5134	1.0	0.44133333333333336	662	0
helixforge_idr	9.51019	1.0	0.442	663	0
helixforge_idr	9.50029	1.0	0.44266666666666665	664	0
helixforge_idr	9.49669	1.0	0.44333333333333336	665	0
helixforge_idr	9.47948	1.0	0.444	666	0
helixforge_idr	9.47752	1.0	0.44466666666666665	667	0
helixforge_idr	9.45948	1.0	0.44533333333333336	668	0
helixforge_idr	9.44974	1.0	0.446	669	0
helixforge_idr	9.44745	1.0	0.44666666666666666	670	0
helixforge_idr	9.44479	1.0	0.44733333333333336	671	0
helixforge_idr	9.44073	1.0	0.448	672	0
helixforge_idr	9.43244	1.0	0.44866666666666666	673	0
helixforge_idr	9.42937	1.0	0.4493333333333333	674	0
helixforge_idr	9.42822	1.0	0.45	675	0
helixforge_idr	9.42681	1.0	0.45066666666666666	676	0
helixforge_idr	9.42023	1.0	0.4513333333333333	677	0
helixforge_idr	9.41089	1.0	0.452	678	0
helixforge_idr	9.39676	1.0	0.45266666666666666	679	0
helixforge_idr	9.37746	1.0	0.4533333333333333	680	0
helixforge_idr	9.37583	1.0	0.454	681	0
helixforge_idr	9.34999	1.0	0.45466666666666666	682	0
helixforge_idr	9.34362	1.0	0.4553333333333333	683	0
helixforge_idr	9.33777	1.0	0.456	684	0
helixforge_idr	9.33201	1.0	0.45666666666666667	685	0
helixforge_idr	9.32278	1.0	0.4573333333333333	686	0
helixforge_idr	9.30607	1.0	0.458	687	0
helixforge_idr	9.29168	1.0	0.45866666666666667	688	0
helixforge_idr	9.28051	1.0	0.4593333333333333	689	0
helixforge_idr	9.27067	1.0	0.46	690	0
helixforge_idr	9.26634	1.0	0.46066666666666667	691	0
helixforge_idr	9.26222	1.0	0.4613333333333333	692	0
helixforge_idr	9.25531	1.0	0.462	693	0
helixforge_idr	9.23472	1.0	0.46266666666666667	694	0
helixforge_idr	9.22251	1.0	0.4633333333333333	695	0
helixforge_idr	9.21862	1.0	0.464	696	0
helixforge_idr	9.20614	1.0	0.4646666666666667	697	0
helixforge_idr	9.16967	1.0	0.4653333333333333	698	0
helixforge_idr	9.16896	1.0	0.466	699	0
helixforge_idr	9.15631	1.0	0.4666666666666667	700	0
helixforge_idr	9.15234	1.0	0.4673333333333333	701	0
helixforge_idr	9.14076	1.0	0.468	702	0
helixforge_idr	9.10684	1.0	0.4686666666666667	703	0
helixforge_idr	9.09482	1.0	0.4693333333333333	704	0
helixforge_idr	9.08464	1.0	0.47	705	0
helixforge_idr	9.06408	1.0	0.4706666666666667	706	0
helixforge_idr	9.06309	1.0	0.4713333333333333	707	0
helixforge_idr	9.05684	1.0	0.472	708	0
helixforge_idr	9.05035	1.0	0.4726666666666667	709	0
helixforge_idr	9.04153	1.0	0.47333333333333333	710	0
helixforge_idr	9.03995	1.0	0.474	711	0
helixforge_idr	9.03894	1.0	0.4746666666666667	712	0
helixforge_idr	9.03097	1.0	0.47533333333333333	713	0
helixforge_idr	9.01814	1.0	0.476	714	0
helixforge_idr	8.99895	1.0	0.4766666666666667	715	0
helixforge_idr	8.99893	1.0	0.47733333333333333	716	0
helixforge_idr	8.98766	1.0	0.478	717	0
helixforge_idr	8.97355	1.0	0.4786666666666667	718	0
helixforge_idr	8.96568	1.0	0.47933333333333333	719	0
helixforge_idr	8.95715	1.0	0.48	720	0
helixforge_idr	8.94607	1.0	0.4806666666666667	721	0
helixforge_idr	8.93334	1.0	0.48133333333333334	722	0
helixforge_idr	8.93081	1.0	0.482	723	0
helixforge_idr	8.92992	1.0	0.4826666666666667	724	0
helixforge_idr	8.92518	1.0	0.48333333333333334	725	0
helixforge_idr	8.90648	1.0	0.484	726	0
helixforge_idr	8.87782	1.0	0.4846666666666667	727	0
helixforge_idr	8.82032	1.0	0.48533333333333334	728	0
helixforge_idr	8.81729	1.0	0.486	729	0
helixforge_idr	8.8161	1.0	0.4866666666666667	730	0
helixforge_idr	8.80341	1.0	0.48733333333333334	731	0
helixforge_idr	8.8014	1.0	0.488	732	0
helixforge_idr	8.77942	1.0	0.4886666666666667	733	0
helixforge_idr	8.77464	1.0	0.48933333333333334	734	0
helixforge_idr	8.74932	1.0	0.49	735	0
helixforge_idr	8.74842	1.0	0.49066666666666664	736	0
helixforge_idr	8.72831	1.0	0.49133333333333334	737	0
helixforge_idr	8.62479	1.0	0.492	738	0
helixforge_idr	8.6047	1.0	0.49266666666666664	739	0
helixforge_idr	8.55274	1.0	0.49333333333333335	740	0
helixforge_idr	8.55215	1.0	0.494	741	0
helixforge_idr	8.54136	1.0	0.49466666666666664	742	0
helixforge_idr	8.5282	1.0	0.49533333333333335	743	0
helixforge_idr	8.51737	1.0	0.496	744	0
helixforge_idr	8.4628	1.0	0.49666666666666665	745	0
helixforge_idr	8.44829	1.0	0.49733333333333335	746	0
helixforge_idr	8.41233	1.0	0.498	747	0
helixforge_idr	8.40569	1.0	0.49866666666666665	748	0
helixforge_idr	8.40012	1.0	0.49933333333333335	749	0
helixforge_idr	8.35006	1.0	0.5	750	0
helixforge_idr	8.32058	1.0	0.5006666666666667	751	0
helixforge_idr	8.30723	1.0	0.5013333333333333	752	0
helixforge_idr	8.2863	1.0	0.502	753	0
helixforge_idr	8.28184	1.0	0.5026666666666667	754	0
helixforge_idr	8.27804	1.0	0.5033333333333333	755	0
helixforge_idr	8.25841	1.0	0.504	756	0
helixforge_idr	8.25061	1.0	0.5046666666666667	757	0
helixforge_idr	8.24576	1.0	0.5053333333333333	758	0
helixforge_idr	8.21596	1.0	0.506	759	0
helixforge_idr	8.18774	1.0	0.5066666666666667	760	0
helixforge_idr	8.1472	1.0	0.5073333333333333	761	0
helixforge_idr	8.06391	1.0	0.508	762	0
helixforge_idr	7.96955	1.0	0.5086666666666667	763	0
helixforge_idr	7.96449	1.0	0.5093333333333333	764	0
helixforge_idr	7.93792	1.0	0.51	765	0
helixforge_idr	7.93309	1.0	0.5106666666666667	766	0
helixforge_idr	7.87241	1.0	0.5113333333333333	767	0
helixforge_idr	7.8293	1.0	0.512	768	0
helixforge_idr	7.69977	1.0	0.5126666666666667	769	0
helixforge_idr	7.68976	1.0	0.5133333333333333	770	0
helixforge_idr	7.66519	1.0	0.514	771	0
helixforge_idr	7.62389	1.0	0.5146666666666667	772	0
helixforge_idr	7.58309	1.0	0.5153333333333333	773	0
helixforge_idr	7.53494	1.0	0.516	774	0
helixforge_idr	7.50537	1.0	0.5166666666666667	775	0
helixforge_idr	7.50535	1.0	0.5173333333333333	776	0
helixforge_idr	7.50533	1.0	0.518	777	0
helixforge_idr	7.46647	1.0	0.5186666666666667	778	0
helixforge_idr	7.46646	1.0	0.5193333333333333	779	0
helixforge_idr	7.42759	1.0	0.52	780	0
helixforge_idr	7.42758	1.0	0.5206666666666667	781	0
helixforge_idr	7.38869	1.0	0.5213333333333333	782	0
helixforge_idr	7.38868	1.0	0.522	783	0
helixforge_idr	7.37214	1.0	0.5226666666666666	784	0
helixforge_idr	7.36678	1.0	0.5233333333333333	785	0
helixforge_idr	7.36652	1.0	0.524	786	0
helixforge_idr	7.34981	1.0	0.5246666666666666	787	0
helixforge_idr	7.34978	1.0	0.5253333333333333	788	0
helixforge_idr	7.34977	1.0	0.526	789	0
helixforge_idr	7.33606	1.0	0.5266666666666666	790	0
helixforge_idr	7.31092	1.0	0.5273333333333333	791	0
helixforge_idr	7.3109	1.0	0.528	792	0
helixforge_idr	7.23314	1.0	0.5293333333333333	794	0
helixforge_idr	7.21	1.0	0.53	795	0
helixforge_idr	7.19426	1.0	0.5306666666666666	796	0
helixforge_idr	7.19424	1.0	0.5313333333333333	797	0
helixforge_idr	7.11647	1.0	0.532	798	0
helixforge_idr	7.09032	1.0	0.5326666666666666	799	0
helixforge_idr	7.08395	1.0	0.5333333333333333	800	0
helixforge_idr	7.07759	1.0	0.534	801	0
helixforge_idr	7.07758	1.0	0.5346666666666666	802	0
helixforge_idr	7.07757	1.0	0.5353333333333333	803	0
helixforge_idr	7.03871	1.0	0.536	804	0
helixforge_idr	7.0387	1.0	0.5366666666666666	805	0
helixforge_idr	7.02589	1.0	0.5373333333333333	806	0
helixforge_idr	6.99981	1.0	0.538	807	0
helixforge_idr	6.96156	1.0	0.5386666666666666	808	0
helixforge_idr	6.96092	1.0	0.5393333333333333	809	0
helixforge_idr	6.92602	1.0	0.54	810	0
helixforge_idr	6.92203	1.0	0.5406666666666666	811	0
helixforge_idr	6.90032	1.0	0.5413333333333333	812	0
helixforge_idr	6.88314	1.0	0.542	813	0
helixforge_idr	0.0	0.5	1.0	1500	1500
independent_chip_rep1	Inf	1.0	0.0	0	0
independent_chip_rep1	8.90559	1.0	0.0006666666666666666	1	0
independent_chip_rep1	8.71114	1.0	0.0013333333333333333	2	0
independent_chip_rep1	8.63336	1.0	0.002	3	0
independent_chip_rep1	8.59448	1.0	0.0026666666666666666	4	0
independent_chip_rep1	8.55559	1.0	0.004	6	0
independent_chip_rep1	8.5167	1.0	0.005333333333333333	8	0
independent_chip_rep1	8.47781	1.0	0.006666666666666667	10	0
independent_chip_rep1	8.40003	1.0	0.008	12	0
independent_chip_rep1	8.36114	1.0	0.008666666666666666	13	0
independent_chip_rep1	8.32225	1.0	0.011333333333333334	17	0
independent_chip_rep1	8.28336	1.0	0.012666666666666666	19	0
independent_chip_rep1	8.27563	1.0	0.013333333333333334	20	0
independent_chip_rep1	8.27151	1.0	0.014	21	0
independent_chip_rep1	8.24447	1.0	0.015333333333333332	23	0
independent_chip_rep1	8.23392	1.0	0.016	24	0
independent_chip_rep1	8.2278	1.0	0.016666666666666666	25	0
independent_chip_rep1	8.21929	1.0	0.017333333333333333	26	0
independent_chip_rep1	8.20559	1.0	0.018	27	0
independent_chip_rep1	8.19216	1.0	0.018666666666666668	28	0
independent_chip_rep1	8.12781	1.0	0.02	30	0
independent_chip_rep1	8.08892	1.0	0.02266666666666667	34	0
independent_chip_rep1	8.05003	1.0	0.024	36	0
independent_chip_rep1	8.04593	1.0	0.024666666666666667	37	0
independent_chip_rep1	8.01114	1.0	0.02666666666666667	40	0
independent_chip_rep1	7.99831	1.0	0.027333333333333334	41	0
independent_chip_rep1	7.97225	1.0	0.028666666666666667	43	0
independent_chip_rep1	7.97073	1.0	0.029333333333333333	44	0
independent_chip_rep1	7.93883	1.0	0.03	45	0
independent_chip_rep1	7.93336	1.0	0.03266666666666666	49	0
independent_chip_rep1	7.93243	1.0	0.034	51	0
independent_chip_rep1	7.89447	1.0	0.037333333333333336	56	0
independent_chip_rep1	7.88734	1.0	0.038	57	0
independent_chip_rep1	7.87851	1.0	0.03866666666666667	58	0
independent_chip_rep1	7.86642	1.0	0.03933333333333333	59	0
independent_chip_rep1	7.85558	1.0	0.044	66	0
independent_chip_rep1	7.84523	1.0	0.04466666666666667	67	0
independent_chip_rep1	7.81747	1.0	0.04533333333333334	68	0
independent_chip_rep1	7.8167	1.0	0.048666666666666664	73	0
independent_chip_rep1	7.79094	1.0	0.04933333333333333	74	0
independent_chip_rep1	7.78274	1.0	0.05	75	0
independent_chip_rep1	7.77781	1.0	0.05333333333333334	80	0
independent_chip_rep1	7.77223	1.0	0.054	81	0
independent_chip_rep1	7.7493	1.0	0.05466666666666667	82	0
independent_chip_rep1	7.74083	1.0	0.05533333333333333	83	0
independent_chip_rep1	7.73892	1.0	0.058	87	0
independent_chip_rep1	7.71905	1.0	0.058666666666666666	88	0
independent_chip_rep1	7.7076	1.0	0.059333333333333335	89	0
independent_chip_rep1	7.70251	1.0	0.06	90	0
independent_chip_rep1	7.70003	1.0	0.06466666666666666	97	0
independent_chip_rep1	7.66114	1.0	0.068	102	0
independent_chip_rep1	7.65843	1.0	0.06866666666666667	103	0
independent_chip_rep1	7.65503	1.0	0.06933333333333333	104	0
independent_chip_rep1	7.64564	1.0	0.07	105	0
independent_chip_rep1	7.64379	1.0	0.07066666666666667	106	0
independent_chip_rep1	7.63739	1.0	0.07133333333333333	107	0
independent_chip_rep1	7.63052	1.0	0.072	108	0
independent_chip_rep1	7.62225	1.0	0.07333333333333333	110	0
independent_chip_rep1	7.59805	1.0	0.074	111	0
independent_chip_rep1	7.59475	1.0	0.07533333333333334	113	0
independent_chip_rep1	7.59248	1.0	0.076	114	0
independent_chip_rep1	7.58336	1.0	0.07933333333333334	119	0
independent_chip_rep1	7.57735	1.0	0.08	120	0
independent_chip_rep1	7.56802	1.0	0.08133333333333333	122	0
independent_chip_rep1	7.55114	1.0	0.082	123	0
independent_chip_rep1	7.54447	1.0	0.08733333333333333	131	0
independent_chip_rep1	7.52789	1.0	0.088	132	0
independent_chip_rep1	7.51956	1.0	0.08866666666666667	133	0
independent_chip_rep1	7.50558	1.0	0.09533333333333334	143	0
independent_chip_rep1	7.4869	1.0	0.096	144	0
independent_chip_rep1	7.46669	1.0	0.09733333333333333	146	0
independent_chip_rep1	7.46403	1.0	0.098	147	0
independent_chip_rep1	7.45555	1.0	0.09866666666666667	148	0
independent_chip_rep1	7.44436	1.0	0.09933333333333333	149	0
independent_chip_rep1	7.43663	1.0	0.1	150	0
independent_chip_rep1	7.43426	1.0	0.10066666666666667	151	0
independent_chip_rep1	7.4278	1.0	0.10666666666666667	160	0
independent_chip_rep1	7.41038	1.0	0.10733333333333334	161	0
independent_chip_rep1	7.4082	1.0	0.108	162	0
independent_chip_rep1	7.39542	1.0	0.10866666666666666	163	0
independent_chip_rep1	7.39469	1.0	0.10933333333333334	164	0
independent_chip_rep1	7.38892	1.0	0.11466666666666667	172	0
independent_chip_rep1	7.38029	1.0	0.11533333333333333	173	0
independent_chip_rep1	7.37397	1.0	0.11666666666666667	175	0
independent_chip_rep1	7.3728	1.0	0.11733333333333333	176	0
independent_chip_rep1	7.36917	1.0	0.118	177	0
independent_chip_rep1	7.35003	1.0	0.12	180	0
independent_chip_rep1	7.34669	1.0	0.12066666666666667	181	0
independent_chip_rep1	7.34139	1.0	0.122	183	0
independent_chip_rep1	7.33462	1.0	0.12266666666666666	184	0
independent_chip_rep1	7.32222	1.0	0.12333333333333334	185	0
independent_chip_rep1	7.3193	1.0	0.12466666666666666	187	0
independent_chip_rep1	7.31114	1.0	0.12933333333333333	194	0
independent_chip_rep1	7.29397	1.0	0.13066666666666665	196	0
independent_chip_rep1	7.28408	1.0	0.13133333333333333	197	0
independent_chip_rep1	7.28231	1.0	0.132	198	0
independent_chip_rep1	7.28098	1.0	0.13266666666666665	199	0
independent_chip_rep1	7.27225	1.0	0.13866666666666666	208	0
independent_chip_rep1	7.27066	1.0	0.14	210	0
independent_chip_rep1	7.25952	1.0	0.14066666666666666	211	0
independent_chip_rep1	7.24608	1.0	0.14133333333333334	212	0
independent_chip_rep1	7.24594	1.0	0.142	213	0
independent_chip_rep1	7.23734	1.0	0.14266666666666666	214	0
independent_chip_rep1	7.23649	1.0	0.14333333333333334	215	0
independent_chip_rep1	7.23336	1.0	0.14533333333333334	218	0
independent_chip_rep1	7.22342	1.0	0.146	219	0
independent_chip_rep1	7.22191	1.0	0.14666666666666667	220	0
independent_chip_rep1	7.21926	1.0	0.14733333333333334	221	0
independent_chip_rep1	7.19578	1.0	0.148	222	0
independent_chip_rep1	7.19447	1.0	0.152	228	0
independent_chip_rep1	7.18784	1.0	0.15333333333333332	230	0
independent_chip_rep1	7.18286	1.0	0.154	231	0
independent_chip_rep1	7.16659	1.0	0.15466666666666667	232	0
independent_chip_rep1	7.1646	1.0	0.15533333333333332	233	0
independent_chip_rep1	7.15888	1.0	0.156	234	0
independent_chip_rep1	7.15558	1.0	0.16133333333333333	242	0
independent_chip_rep1	7.15464	1.0	0.162	243	0
independent_chip_rep1	7.14846	1.0	0.16266666666666665	244	0
independent_chip_rep1	7.13739	1.0	0.16333333333333333	245	0
independent_chip_rep1	7.13153	1.0	0.164	246	0
independent_chip_rep1	7.12627	1.0	0.16466666666666666	247	0
independent_chip_rep1	7.12334	1.0	0.16533333333333333	248	0
independent_chip_rep1	7.11669	1.0	0.16933333333333334	254	0
independent_chip_rep1	7.11667	1.0	0.17133333333333334	257	0
independent_chip_rep1	7.10116	1.0	0.172	258	0
independent_chip_rep1	7.09668	1.0	0.17266666666666666	259	0
independent_chip_rep1	7.08937	1.0	0.17333333333333334	260	0
independent_chip_rep1	7.08508	1.0	0.174	261	0
independent_chip_rep1	7.0778	1.0	0.17733333333333334	266	0
independent_chip_rep1	7.07649	1.0	0.178	267	0
independent_chip_rep1	7.07066	1.0	0.17866666666666667	268	0
independent_chip_rep1	7.0662	1.0	0.17933333333333334	269	0
independent_chip_rep1	7.06172	1.0	0.18	270	0
independent_chip_rep1	7.05105	1.0	0.18066666666666667	271	0
independent_chip_rep1	7.04818	1.0	0.18133333333333335	272	0
independent_chip_rep1	7.03891	1.0	0.18666666666666668	280	0
independent_chip_rep1	7.03676	1.0	0.18733333333333332	281	0
independent_chip_rep1	7.01392	1.0	0.188	282	0
independent_chip_rep1	7.00638	1.0	0.18866666666666668	283	0
independent_chip_rep1	7.00003	1.0	0.18933333333333333	284	0
independent_chip_rep1	6.99247	1.0	0.19	285	0
independent_chip_rep1	6.98619	1.0	0.19066666666666668	286	0
independent_chip_rep1	6.98598	1.0	0.19133333333333333	287	0
independent_chip_rep1	6.97538	1.0	0.192	288	0
independent_chip_rep1	6.96114	1.0	0.19266666666666668	289	0
independent_chip_rep1	6.95684	1.0	0.19333333333333333	290	0
independent_chip_rep1	6.93995	1.0	0.194	291	0
independent_chip_rep1	6.93609	1.0	0.19466666666666665	292	0
independent_chip_rep1	6.93495	1.0	0.19533333333333333	293	0
independent_chip_rep1	6.93085	1.0	0.196	294	0
independent_chip_rep1	6.92677	1.0	0.19666666666666666	295	0
independent_chip_rep1	6.92259	1.0	0.19733333333333333	296	0
independent_chip_rep1	6.92225	1.0	0.19866666666666666	298	0
independent_chip_rep1	6.91799	1.0	0.2	300	0
independent_chip_rep1	6.90559	1.0	0.20066666666666666	301	0
independent_chip_rep1	6.90057	1.0	0.20133333333333334	302	0
independent_chip_rep1	6.88336	1.0	0.20466666666666666	307	0
independent_chip_rep1	6.86458	1.0	0.20533333333333334	308	0
independent_chip_rep1	6.85993	1.0	0.206	309	0
independent_chip_rep1	6.85945	1.0	0.20666666666666667	310	0
independent_chip_rep1	6.85535	1.0	0.20733333333333334	311	0
independent_chip_rep1	6.85023	1.0	0.208	312	0
independent_chip_rep1	6.84755	1.0	0.20933333333333334	314	0
independent_chip_rep1	6.84576	1.0	0.21	315	0
independent_chip_rep1	6.84447	1.0	0.21133333333333335	317	0
independent_chip_rep1	6.83688	1.0	0.212	318	0
independent_chip_rep1	6.81106	1.0	0.21266666666666667	319	0
independent_chip_rep1	6.80657	1.0	0.21333333333333335	320	0
independent_chip_rep1	6.80558	1.0	0.21533333333333332	323	0
independent_chip_rep1	6.80447	1.0	0.216	324	0
independent_chip_rep1	6.79919	1.0	0.21733333333333332	326	0
independent_chip_rep1	6.79642	1.0	0.218	327	0
independent_chip_rep1	6.78853	1.0	0.21866666666666668	328	0
independent_chip_rep1	6.7883	1.0	0.21933333333333332	329	0
independent_chip_rep1	6.78379	1.0	0.22	330	0
independent_chip_rep1	6.78205	1.0	0.22066666666666668	331	0
independent_chip_rep1	6.77614	1.0	0.22133333333333333	332	0
independent_chip_rep1	6.77501	1.0	0.222	333	0
independent_chip_rep1	6.77243	1.0	0.22266666666666668	334	0
independent_chip_rep1	6.7676	1.0	0.22333333333333333	335	0
independent_chip_rep1	6.76669	1.0	0.22533333333333333	338	0
independent_chip_rep1	6.74709	1.0	0.226	339	0
independent_chip_rep1	6.73402	1.0	0.22666666666666666	340	0
independent_chip_rep1	6.73381	1.0	0.22733333333333333	341	0
independent_chip_rep1	6.7278	1.0	0.23	345	0
independent_chip_rep1	6.72099	1.0	0.23066666666666666	346	0
independent_chip_rep1	6.71363	1.0	0.23133333333333334	347	0
independent_chip_rep1	6.70792	1.0	0.232	348	0
independent_chip_rep1	6.70629	1.0	0.23266666666666666	349	0
independent_chip_rep1	6.70538	1.0	0.23333333333333334	350	0
independent_chip_rep1	6.70263	1.0	0.23466666666666666	352	0
independent_chip_rep1	6.70168	1.0	0.23533333333333334	353	0
independent_chip_rep1	6.69241	1.0	0.236	354	0
independent_chip_rep1	6.68891	1.0	0.238	357	0
independent_chip_rep1	6.68712	1.0	0.23866666666666667	358	0
independent_chip_rep1	6.67538	1.0	0.23933333333333334	359	0
independent_chip_rep1	6.6651	1.0	0.24066666666666667	361	0
independent_chip_rep1	6.65888	1.0	0.24133333333333334	362	0
independent_chip_rep1	6.65002	1.0	0.242	363	0
independent_chip_rep1	6.64226	1.0	0.24266666666666667	364	0
independent_chip_rep1	6.64217	1.0	0.24333333333333335	365	0
independent_chip_rep1	6.63347	1.0	0.244	366	0
independent_chip_rep1	6.63126	1.0	0.24466666666666667	367	0
independent_chip_rep1	6.63074	1.0	0.24533333333333332	368	0
independent_chip_rep1	6.60364	1.0	0.246	369	0
independent_chip_rep1	6.59643	1.0	0.24666666666666667	370	0
independent_chip_rep1	6.5912	1.0	0.24733333333333332	371	0
independent_chip_rep1	6.57961	1.0	0.248	372	0
independent_chip_rep1	6.57225	1.0	0.25	375	0
independent_chip_rep1	6.56772	1.0	0.25066666666666665	376	0
independent_chip_rep1	6.56593	1.0	0.25133333333333335	377	0
independent_chip_rep1	6.55146	1.0	0.252	378	0
independent_chip_rep1	6.54734	1.0	0.25333333333333335	380	0
independent_chip_rep1	6.53254	1.0	0.254	381	0
independent_chip_rep1	6.53159	1.0	0.25466666666666665	382	0
independent_chip_rep1	6.53156	1.0	0.25533333333333336	383	0
independent_chip_rep1	6.52779	1.0	0.25666666666666665	385	0
independent_chip_rep1	6.50862	1.0	0.25733333333333336	386	0
independent_chip_rep1	6.5006	1.0	0.258	387	0
independent_chip_rep1	6.49465	1.0	0.25866666666666666	388	0
independent_chip_rep1	6.49351	1.0	0.25933333333333336	389	0
independent_chip_rep1	6.47617	1.0	0.26	390	0
independent_chip_rep1	6.46793	1.0	0.26066666666666666	391	0
independent_chip_rep1	6.45235	1.0	0.262	393	0
independent_chip_rep1	6.44901	1.0	0.2633333333333333	395	0
independent_chip_rep1	6.4429	1.0	0.264	396	0
independent_chip_rep1	6.44059	1.0	0.26466666666666666	397	0
independent_chip_rep1	6.43773	1.0	0.2653333333333333	398	0
independent_chip_rep1	6.43357	1.0	0.26666666666666666	400	0
independent_chip_rep1	6.41669	1.0	0.268	402	0
independent_chip_rep1	6.41278	1.0	0.26866666666666666	403	0
independent_chip_rep1	6.40969	1.0	0.2693333333333333	404	0
independent_chip_rep1	6.40403	1.0	0.27	405	0
independent_chip_rep1	6.3975	1.0	0.27066666666666667	406	0
independent_chip_rep1	6.39574	1.0	0.2713333333333333	407	0
independent_chip_rep1	6.38395	1.0	0.27266666666666667	409	0
independent_chip_rep1	6.38325	1.0	0.2733333333333333	410	0
independent_chip_rep1	6.3778	1.0	0.27466666666666667	412	0
independent_chip_rep1	6.37648	1.0	0.27666666666666667	415	0
independent_chip_rep1	6.36816	1.0	0.2773333333333333	416	0
independent_chip_rep1	6.35746	1.0	0.278	417	0
independent_chip_rep1	6.33891	1.0	0.28	420	0
independent_chip_rep1	6.32609	1.0	0.2806666666666667	421	0
independent_chip_rep1	6.32583	1.0	0.2813333333333333	422	0
independent_chip_rep1	6.32039	1.0	0.2826666666666667	424	0
independent_chip_rep1	6.31015	1.0	0.284	426	0
independent_chip_rep1	6.30998	1.0	0.2846666666666667	427	0
independent_chip_rep1	6.2976	1.0	0.2853333333333333	428	0
independent_chip_rep1	6.28193	1.0	0.286	429	0
independent_chip_rep1	6.25766	1.0	0.2866666666666667	430	0
independent_chip_rep1	6.25299	1.0	0.28733333333333333	431	0
independent_chip_rep1	6.24815	1.0	0.288	432	0
independent_chip_rep1	6.24631	1.0	0.2886666666666667	433	0
independent_chip_rep1	6.24364	1.0	0.28933333333333333	434	0
independent_chip_rep1	6.24181	1.0	0.29	435	0
independent_chip_rep1	6.23634	1.0	0.2906666666666667	436	0
independent_chip_rep1	6.22225	1.0	0.292	438	0
independent_chip_rep1	6.21847	1.0	0.2926666666666667	439	0
independent_chip_rep1	6.20642	1.0	0.29333333333333333	440	0
independent_chip_rep1	6.19932	1.0	0.2946666666666667	442	0
independent_chip_rep1	6.18336	1.0	0.296	444	0
independent_chip_rep1	6.18017	1.0	0.2966666666666667	445	0
independent_chip_rep1	6.16769	1.0	0.29733333333333334	446	0
independent_chip_rep1	6.15592	1.0	0.298	447	0
independent_chip_rep1	6.14683	1.0	0.2986666666666667	448	0
independent_chip_rep1	6.14447	1.0	0.29933333333333334	449	0
independent_chip_rep1	6.13094	1.0	0.3	450	0
independent_chip_rep1	6.10558	1.0	0.302	453	0
independent_chip_rep1	6.09336	1.0	0.30266666666666664	454	0
independent_chip_rep1	6.089	1.0	0.30333333333333334	455	0
independent_chip_rep1	6.07928	1.0	0.304	456	0
independent_chip_rep1	6.07758	1.0	0.30466666666666664	457	0
independent_chip_rep1	6.07511	1.0	0.30533333333333335	458	0
independent_chip_rep1	6.07308	1.0	0.306	459	0
independent_chip_rep1	6.0728	1.0	0.30666666666666664	460	0
independent_chip_rep1	6.06709	1.0	0.30733333333333335	461	0
independent_chip_rep1	6.06669	1.0	0.308	462	0
independent_chip_rep1	6.04981	1.0	0.30866666666666664	463	0
independent_chip_rep1	6.04551	1.0	0.31	465	0
independent_chip_rep1	6.04017	1.0	0.31066666666666665	466	0
independent_chip_rep1	6.0278	1.0	0.31333333333333335	470	0
independent_chip_rep1	6.01359	1.0	0.314	471	0
independent_chip_rep1	6.01193	1.0	0.31466666666666665	472	0
independent_chip_rep1	5.98891	1.0	0.31666666666666665	475	0
independent_chip_rep1	5.97865	1.0	0.31733333333333336	476	0
independent_chip_rep1	5.97796	1.0	0.318	477	0
independent_chip_rep1	5.97792	1.0	0.31866666666666665	478	0
independent_chip_rep1	5.9779	1.0	0.31933333333333336	479	0
independent_chip_rep1	5.97789	1.0	0.32	480	0
independent_chip_rep1	5.97788	1.0	0.32066666666666666	481	0
independent_chip_rep1	5.95002	1.0	0.322	483	0
independent_chip_rep1	5.94474	1.0	0.3233333333333333	485	0
independent_chip_rep1	5.94362	1.0	0.324	486	0
independent_chip_rep1	5.9126	1.0	0.32466666666666666	487	0
independent_chip_rep1	5.91113	1.0	0.328	492	0
independent_chip_rep1	5.90684	1.0	0.3293333333333333	494	0
independent_chip_rep1	5.90577	1.0	0.33	495	0
independent_chip_rep1	5.89122	1.0	0.33066666666666666	496	0
independent_chip_rep1	5.88758	1.0	0.3313333333333333	497	0
independent_chip_rep1	5.88267	1.0	0.332	498	0
independent_chip_rep1	5.87832	1.0	0.33266666666666667	499	0
independent_chip_rep1	5.87224	1.0	0.336	504	0
independent_chip_rep1	5.86526	1.0	0.3373333333333333	506	0
independent_chip_rep1	5.85527	1.0	0.338	507	0
independent_chip_rep1	5.84727	1.0	0.33866666666666667	508	0
independent_chip_rep1	5.83335	1.0	0.34	510	0
independent_chip_rep1	5.82115	1.0	0.3406666666666667	511	0
independent_chip_rep1	5.80319	1.0	0.3413333333333333	512	0
independent_chip_rep1	5.79447	1.0	0.3433333333333333	515	0
independent_chip_rep1	5.79109	1.0	0.344	516	0
independent_chip_rep1	5.7841	1.0	0.3446666666666667	517	0
independent_chip_rep1	5.77868	1.0	0.3453333333333333	518	0
independent_chip_rep1	5.76864	1.0	0.346	519	0
independent_chip_rep1	5.75662	1.0	0.3466666666666667	520	0
independent_chip_rep1	5.75558	1.0	0.348	522	0
independent_chip_rep1	5.75246	1.0	0.3486666666666667	523	0
independent_chip_rep1	5.74986	1.0	0.34933333333333333	524	0
independent_chip_rep1	5.74155	1.0	0.35	525	0
independent_chip_rep1	5.71669	1.0	0.3526666666666667	529	0
independent_chip_rep1	5.71486	1.0	0.35333333333333333	530	0
independent_chip_rep1	5.70199	1.0	0.354	531	0
independent_chip_rep1	5.69325	1.0	0.3546666666666667	532	0
independent_chip_rep1	5.6778	1.0	0.35933333333333334	539	0
independent_chip_rep1	5.65194	1.0	0.36	540	0
independent_chip_rep1	5.63967	1.0	0.3606666666666667	541	0
independent_chip_rep1	5.63891	1.0	0.36933333333333335	554	0
independent_chip_rep1	5.63318	1.0	0.37	555	0
independent_chip_rep1	5.62655	1.0	0.37066666666666664	556	0
independent_chip_rep1	5.60002	1.0	0.37266666666666665	559	0
independent_chip_rep1	5.59725	1.0	0.37333333333333335	560	0
independent_chip_rep1	5.59486	1.0	0.374	561	0
independent_chip_rep1	5.58594	1.0	0.37466666666666665	562	0
independent_chip_rep1	5.57948	1.0	0.37533333333333335	563	0
independent_chip_rep1	5.57942	1.0	0.376	564	0
independent_chip_rep1	5.56487	1.0	0.37666666666666665	565	0
independent_chip_rep1	5.56113	1.0	0.38333333333333336	575	0
independent_chip_rep1	5.56011	1.0	0.384	576	0
independent_chip_rep1	5.54602	1.0	0.38466666666666666	577	0
independent_chip_rep1	5.53522	1.0	0.38533333333333336	578	0
independent_chip_rep1	5.53007	1.0	0.38666666666666666	580	0
independent_chip_rep1	5.5298	1.0	0.3873333333333333	581	0
independent_chip_rep1	5.52224	1.0	0.394	591	0
independent_chip_rep1	5.51107	1.0	0.39466666666666667	592	0
independent_chip_rep1	5.50965	1.0	0.3953333333333333	593	0
independent_chip_rep1	5.50752	1.0	0.396	594	0
independent_chip_rep1	5.50513	1.0	0.39666666666666667	595	0
independent_chip_rep1	5.50348	1.0	0.3973333333333333	596	0
independent_chip_rep1	5.49831	1.0	0.398	597	0
independent_chip_rep1	5.49167	1.0	0.39866666666666667	598	0
independent_chip_rep1	5.49163	1.0	0.3993333333333333	599	0
independent_chip_rep1	5.48335	1.0	0.404	606	0
independent_chip_rep1	5.47441	1.0	0.4046666666666667	607	0
independent_chip_rep1	5.4734	1.0	0.4053333333333333	608	0
independent_chip_rep1	5.47135	1.0	0.406	609	0
independent_chip_rep1	5.46369	1.0	0.4066666666666667	610	0
independent_chip_rep1	5.45804	1.0	0.4073333333333333	611	0
independent_chip_rep1	5.45353	1.0	0.408	612	0
independent_chip_rep1	5.45168	1.0	0.4086666666666667	613	0
independent_chip_rep1	5.44446	1.0	0.4166666666666667	625	0
independent_chip_rep1	5.43655	1.0	0.41733333333333333	626	0
independent_chip_rep1	5.43465	1.0	0.418	627	0
independent_chip_rep1	5.43444	1.0	0.4186666666666667	628	0
independent_chip_rep1	5.42451	1.0	0.41933333333333334	629	0
independent_chip_rep1	5.42261	1.0	0.42	630	0
independent_chip_rep1	5.41864	1.0	0.4206666666666667	631	0
independent_chip_rep1	5.41694	1.0	0.42133333333333334	632	0
independent_chip_rep1	5.40558	1.0	0.4266666666666667	640	0
independent_chip_rep1	5.40325	1.0	0.42733333333333334	641	0
independent_chip_rep1	5.36669	1.0	0.43333333333333335	650	0
independent_chip_rep1	5.36493	1.0	0.434	651	0
independent_chip_rep1	5.35678	1.0	0.43533333333333335	653	0
independent_chip_rep1	5.35332	1.0	0.436	654	0
independent_chip_rep1	5.35071	1.0	0.43666666666666665	655	0
independent_chip_rep1	5.33514	1.0	0.43733333333333335	656	0
independent_chip_rep1	5.3278	1.0	0.442	663	0
independent_chip_rep1	5.32661	1.0	0.44333333333333336	665	0
independent_chip_rep1	5.31381	1.0	0.444	666	0
independent_chip_rep1	5.30737	1.0	0.44466666666666665	667	0
independent_chip_rep1	5.30427	1.0	0.44533333333333336	668	0
independent_chip_rep1	5.28891	1.0	0.45466666666666666	682	0
independent_chip_rep1	5.27691	1.0	0.456	684	0
independent_chip_rep1	5.26442	1.0	0.45666666666666667	685	0
independent_chip_rep1	5.26369	1.0	0.4573333333333333	686	0
independent_chip_rep1	5.26284	1.0	0.458	687	0
independent_chip_rep1	5.25002	1.0	0.4633333333333333	695	0
independent_chip_rep1	5.24385	1.0	0.464	696	0
independent_chip_rep1	5.24039	1.0	0.4646666666666667	697	0
independent_chip_rep1	5.24	1.0	0.4653333333333333	698	0
independent_chip_rep1	5.23816	1.0	0.466	699	0
independent_chip_rep1	5.23537	1.0	0.4666666666666667	700	0
independent_chip_rep1	5.2306	1.0	0.4673333333333333	701	0
independent_chip_rep1	5.22846	1.0	0.468	702	0
independent_chip_rep1	5.22214	1.0	0.4686666666666667	703	0
independent_chip_rep1	5.21718	1.0	0.4693333333333333	704	0
independent_chip_rep1	5.21165	1.0	0.47	705	0
independent_chip_rep1	5.21113	1.0	0.47533333333333333	713	0
independent_chip_rep1	5.2045	1.0	0.476	714	0
independent_chip_rep1	5.2031	1.0	0.478	717	0
independent_chip_rep1	5.2007	1.0	0.4786666666666667	718	0
independent_chip_rep1	5.19876	1.0	0.47933333333333333	719	0
independent_chip_rep1	5.18228	1.0	0.48	720	0
independent_chip_rep1	5.18095	1.0	0.4806666666666667	721	0
independent_chip_rep1	5.17277	1.0	0.48133333333333334	722	0
independent_chip_rep1	5.17224	1.0	0.484	726	0
independent_chip_rep1	5.1662	1.0	0.48533333333333334	728	0
independent_chip_rep1	5.15343	1.0	0.486	729	0
independent_chip_rep1	5.14768	1.0	0.4866666666666667	730	0
independent_chip_rep1	5.145	1.0	0.48733333333333334	731	0
independent_chip_rep1	5.13678	1.0	0.488	732	0
independent_chip_rep1	5.13335	1.0	0.492	738	0
independent_chip_rep1	5.13062	1.0	0.49266666666666664	739	0
independent_chip_rep1	5.12328	1.0	0.49333333333333335	740	0
independent_chip_rep1	5.11104	1.0	0.494	741	0
independent_chip_rep1	5.10401	1.0	0.49466666666666664	742	0
independent_chip_rep1	5.09446	1.0	0.502	753	0
independent_chip_rep1	5.09261	1.0	0.5026666666666667	754	0
independent_chip_rep1	5.0898	1.0	0.5033333333333333	755	0
independent_chip_rep1	5.08471	1.0	0.5046666666666667	757	0
independent_chip_rep1	5.08126	1.0	0.5053333333333333	758	0
independent_chip_rep1	5.07752	1.0	0.506	759	0
independent_chip_rep1	5.0757	1.0	0.5066666666666667	760	0
independent_chip_rep1	5.07226	1.0	0.5073333333333333	761	0
independent_chip_rep1	5.07206	1.0	0.508	762	0
independent_chip_rep1	5.06923	1.0	0.5086666666666667	763	0
independent_chip_rep1	5.06057	1.0	0.51	765	0
independent_chip_rep1	5.05557	1.0	0.5173333333333333	776	0
independent_chip_rep1	5.05036	1.0	0.518	777	0
independent_chip_rep1	5.04336	1.0	0.5186666666666667	778	0
independent_chip_rep1	5.0381	1.0	0.5193333333333333	779	0
independent_chip_rep1	5.02939	1.0	0.52	780	0
independent_chip_rep1	5.02503	1.0	0.5206666666666667	781	0
independent_chip_rep1	5.02309	1.0	0.5213333333333333	782	0
independent_chip_rep1	5.0186	1.0	0.522	783	0
independent_chip_rep1	5.01669	1.0	0.5246666666666666	787	0
independent_chip_rep1	5.01484	1.0	0.526	789	0
independent_chip_rep1	5.01374	1.0	0.5266666666666666	790	0
independent_chip_rep1	5.00051	1.0	0.5273333333333333	791	0
independent_chip_rep1	4.99914	1.0	0.528	792	0
independent_chip_rep1	4.9924	1.0	0.5286666666666666	793	0
independent_chip_rep1	4.98283	1.0	0.5293333333333333	794	0
independent_chip_rep1	4.98172	1.0	0.53	795	0
independent_chip_rep1	4.98169	1.0	0.5313333333333333	797	0
independent_chip_rep1	4.98165	1.0	0.532	798	0
independent_chip_rep1	4.9778	1.0	0.5386666666666666	808	0
independent_chip_rep1	4.97289	1.0	0.5393333333333333	809	0
independent_chip_rep1	4.96625	1.0	0.5406666666666666	811	0
independent_chip_rep1	4.96528	1.0	0.5413333333333333	812	0
independent_chip_rep1	4.96475	1.0	0.5426666666666666	814	0
independent_chip_rep1	4.96418	1.0	0.5433333333333333	815	0
independent_chip_rep1	4.96291	1.0	0.544	816	0
independent_chip_rep1	4.96255	1.0	0.5446666666666666	817	0
independent_chip_rep1	4.94729	1.0	0.5453333333333333	818	0
independent_chip_rep1	4.94479	1.0	0.546	819	0
independent_chip_rep1	4.9407	1.0	0.5466666666666666	820	0
independent_chip_rep1	4.93943	1.0	0.5473333333333333	821	0
independent_chip_rep1	4.93891	1.0	0.55	825	0
independent_chip_rep1	4.93676	1.0	0.5506666666666666	826	0
independent_chip_rep1	4.93097	1.0	0.5513333333333333	827	0
independent_chip_rep1	4.92922	1.0	0.552	828	0
independent_chip_rep1	4.92734	1.0	0.5526666666666666	829	0
independent_chip_rep1	4.91995	1.0	0.5533333333333333	830	0
independent_chip_rep1	4.91845	1.0	0.554	831	0
independent_chip_rep1	4.91562	1.0	0.5546666666666666	832	0
independent_chip_rep1	4.91293	1.0	0.5553333333333333	833	0
independent_chip_rep1	4.9105	1.0	0.5573333333333333	836	0
independent_chip_rep1	4.90002	1.0	0.5586666666666666	838	0
independent_chip_rep1	4.89426	1.0	0.5593333333333333	839	0
independent_chip_rep1	4.87858	1.0	0.56	840	0
independent_chip_rep1	4.87721	1.0	0.5606666666666666	841	0
independent_chip_rep1	4.86926	1.0	0.5613333333333334	842	0
independent_chip_rep1	4.86113	1.0	0.564	846	0
independent_chip_rep1	4.85488	1.0	0.5646666666666667	847	0
independent_chip_rep1	4.85305	1.0	0.5653333333333334	848	0
independent_chip_rep1	4.84878	1.0	0.566	849	0
independent_chip_rep1	4.84658	1.0	0.5666666666666667	850	0
independent_chip_rep1	4.84449	1.0	0.5673333333333334	851	0
independent_chip_rep1	4.84422	1.0	0.568	852	0
independent_chip_rep1	4.83934	1.0	0.5686666666666667	853	0
independent_chip_rep1	4.83829	1.0	0.5693333333333334	854	0
independent_chip_rep1	4.82844	1.0	0.57	855	0
independent_chip_rep1	4.82224	1.0	0.5726666666666667	859	0
independent_chip_rep1	4.79817	1.0	0.5733333333333334	860	0
independent_chip_rep1	4.79719	1.0	0.574	861	0
independent_chip_rep1	4.79604	1.0	0.5746666666666667	862	0
independent_chip_rep1	4.78938	1.0	0.5753333333333334	863	0
independent_chip_rep1	4.78335	1.0	0.5773333333333334	866	0
independent_chip_rep1	4.78241	1.0	0.578	867	0
independent_chip_rep1	4.78236	1.0	0.5793333333333334	869	0
independent_chip_rep1	4.78011	1.0	0.58	870	0
independent_chip_rep1	4.77551	1.0	0.5806666666666667	871	0
independent_chip_rep1	4.76928	1.0	0.5813333333333334	872	0
independent_chip_rep1	4.76428	1.0	0.582	873	0
independent_chip_rep1	4.76298	1.0	0.5826666666666667	874	0
independent_chip_rep1	4.76211	1.0	0.584	876	0
independent_chip_rep1	4.75057	1.0	0.5846666666666667	877	0
independent_chip_rep1	4.74618	1.0	0.586	879	0
independent_chip_rep1	4.74449	1.0	0.5866666666666667	880	0
independent_chip_rep1	4.74446	1.0	0.588	882	0
independent_chip_rep1	4.74115	1.0	0.5886666666666667	883	0
independent_chip_rep1	4.7347	1.0	0.5893333333333334	884	0
independent_chip_rep1	4.73293	1.0	0.59	885	0
independent_chip_rep1	4.71594	1.0	0.5906666666666667	886	0
independent_chip_rep1	4.71275	1.0	0.5913333333333334	887	0
independent_chip_rep1	4.70995	1.0	0.592	888	0
independent_chip_rep1	4.70713	1.0	0.5926666666666667	889	0
independent_chip_rep1	4.70557	1.0	0.5933333333333334	890	0
independent_chip_rep1	4.70395	1.0	0.594	891	0
independent_chip_rep1	4.69902	1.0	0.5946666666666667	892	0
independent_chip_rep1	4.69456	1.0	0.5953333333333334	893	0
independent_chip_rep1	4.68112	1.0	0.596	894	0
independent_chip_rep1	4.66668	1.0	0.5973333333333334	896	0
independent_chip_rep1	4.66213	1.0	0.598	897	0
independent_chip_rep1	4.64958	1.0	0.5986666666666667	898	0
independent_chip_rep1	4.64955	1.0	0.5993333333333334	899	0
independent_chip_rep1	4.64949	1.0	0.6	900	0
independent_chip_rep1	4.62779	1.0	0.6006666666666667	901	0
independent_chip_rep1	4.62701	1.0	0.6013333333333334	902	0
independent_chip_rep1	4.61671	1.0	0.602	903	0
independent_chip_rep1	4.61268	1.0	0.6026666666666667	904	0
independent_chip_rep1	4.61074	1.0	0.6033333333333334	905	0
independent_chip_rep1	4.60154	1.0	0.604	906	0
independent_chip_rep1	4.60016	1.0	0.6046666666666667	907	0
independent_chip_rep1	4.59593	1.0	0.6053333333333333	908	0
independent_chip_rep1	4.59432	1.0	0.606	909	0
independent_chip_rep1	4.59001	1.0	0.6066666666666667	910	0
independent_chip_rep1	4.58891	1.0	0.6073333333333333	911	0
independent_chip_rep1	4.58309	1.0	0.608	912	0
independent_chip_rep1	4.58006	1.0	0.6086666666666667	913	0
independent_chip_rep1	4.57683	1.0	0.61	915	0
independent_chip_rep1	4.57578	1.0	0.6106666666666667	916	0
independent_chip_rep1	4.57329	1.0	0.6113333333333333	917	0
independent_chip_rep1	4.55946	1.0	0.612	918	0
independent_chip_rep1	4.55467	1.0	0.6126666666666667	919	0
independent_chip_rep1	4.55002	1.0	0.6133333333333333	920	0
independent_chip_rep1	4.53656	1.0	0.614	921	0
independent_chip_rep1	4.53502	1.0	0.6146666666666667	922	0
independent_chip_rep1	4.53393	1.0	0.6153333333333333	923	0
independent_chip_rep1	4.53165	1.0	0.616	924	0
independent_chip_rep1	4.53106	1.0	0.6166666666666667	925	0
independent_chip_rep1	4.52882	1.0	0.6173333333333333	926	0
independent_chip_rep1	4.52058	1.0	0.618	927	0
independent_chip_rep1	4.50641	1.0	0.6186666666666667	928	0
independent_chip_rep1	4.502	1.0	0.6193333333333333	929	0
independent_chip_rep1	4.49134	1.0	0.62	930	0
independent_chip_rep1	4.4835	1.0	0.6206666666666667	931	0
independent_chip_rep1	4.48346	1.0	0.6213333333333333	932	0
independent_chip_rep1	4.47475	1.0	0.622	933	0
independent_chip_rep1	4.47224	1.0	0.6226666666666667	934	0
independent_chip_rep1	4.47076	1.0	0.6233333333333333	935	0
independent_chip_rep1	4.46304	1.0	0.624	936	0
independent_chip_rep1	4.45814	1.0	0.6246666666666667	937	0
independent_chip_rep1	4.45025	1.0	0.6253333333333333	938	0
independent_chip_rep1	4.4451	1.0	0.626	939	0
independent_chip_rep1	4.43195	1.0	0.6266666666666667	940	0
independent_chip_rep1	4.43136	1.0	0.6273333333333333	941	0
independent_chip_rep1	4.41704	1.0	0.628	942	0
independent_chip_rep1	4.39894	1.0	0.6286666666666667	943	0
independent_chip_rep1	4.39446	1.0	0.6293333333333333	944	0
independent_chip_rep1	4.39059	1.0	0.63	945	0
independent_chip_rep1	4.38388	1.0	0.6306666666666667	946	0
independent_chip_rep1	4.37872	1.0	0.6313333333333333	947	0
independent_chip_rep1	4.36483	1.0	0.632	948	0
independent_chip_rep1	4.36323	1.0	0.6326666666666667	949	0
independent_chip_rep1	4.35682	1.0	0.6333333333333333	950	0
independent_chip_rep1	4.35437	1.0	0.634	951	0
independent_chip_rep1	4.34462	1.0	0.6346666666666667	952	0
independent_chip_rep1	4.33882	1.0	0.6353333333333333	953	0
independent_chip_rep1	4.3332	1.0	0.636	954	0
independent_chip_rep1	4.32775	1.0	0.6366666666666667	955	0
independent_chip_rep1	4.30668	1.0	0.6373333333333333	956	0
independent_chip_rep1	4.2842	1.0	0.638	957	0
independent_chip_rep1	4.27312	1.0	0.6386666666666667	958	0
independent_chip_rep1	4.25698	1.0	0.6393333333333333	959	0
independent_chip_rep1	4.25099	1.0	0.64	960	0
independent_chip_rep1	4.2389	1.0	0.6406666666666667	961	0
independent_chip_rep1	4.22981	1.0	0.6413333333333333	962	0
independent_chip_rep1	4.22317	1.0	0.642	963	0
independent_chip_rep1	4.21396	1.0	0.6426666666666667	964	0
independent_chip_rep1	4.1984	1.0	0.6433333333333333	965	0
independent_chip_rep1	4.18456	1.0	0.644	966	0
independent_chip_rep1	4.12224	1.0	0.6446666666666667	967	0
independent_chip_rep1	4.1204	1.0	0.6453333333333333	968	0
independent_chip_rep1	4.11596	1.0	0.646	969	0
independent_chip_rep1	4.11179	1.0	0.6466666666666666	970	0
independent_chip_rep1	4.10043	1.0	0.6473333333333333	971	0
independent_chip_rep1	4.0949	1.0	0.648	972	0
independent_chip_rep1	4.07867	1.0	0.6493333333333333	974	0
independent_chip_rep1	4.07723	1.0	0.6506666666666666	976	0
independent_chip_rep1	4.04135	1.0	0.6513333333333333	977	0
independent_chip_rep1	4.03795	1.0	0.652	978	0
independent_chip_rep1	4.02834	1.0	0.6526666666666666	979	0
independent_chip_rep1	4.0164	1.0	0.6533333333333333	980	0
independent_chip_rep1	4.01329	1.0	0.654	981	0
independent_chip_rep1	3.98528	1.0	0.6546666666666666	982	0
independent_chip_rep1	3.98525	1.0	0.6553333333333333	983	0
independent_chip_rep1	3.98523	1.0	0.656	984	0
independent_chip_rep1	3.98339	1.0	0.6566666666666666	985	0
independent_chip_rep1	3.96668	1.0	0.6573333333333333	986	0
independent_chip_rep1	3.92779	1.0	0.658	987	0
independent_chip_rep1	3.92202	1.0	0.6593333333333333	989	0
independent_chip_rep1	3.921	1.0	0.66	990	0
independent_chip_rep1	3.89602	1.0	0.6606666666666666	991	0
independent_chip_rep1	3.8889	1.0	0.6626666666666666	994	0
independent_chip_rep1	3.88567	1.0	0.6633333333333333	995	0
independent_chip_rep1	3.86803	1.0	0.664	996	0
independent_chip_rep1	3.86449	1.0	0.6646666666666666	997	0
independent_chip_rep1	3.85876	1.0	0.6653333333333333	998	0
independent_chip_rep1	3.85463	1.0	0.666	999	0
independent_chip_rep1	3.85001	1.0	0.6666666666666666	1000	0
independent_chip_rep1	3.83664	1.0	0.6673333333333333	1001	0
independent_chip_rep1	3.81113	1.0	0.6693333333333333	1004	0
independent_chip_rep1	3.80419	1.0	0.67	1005	0
independent_chip_rep1	3.79738	1.0	0.6706666666666666	1006	0
independent_chip_rep1	3.77224	1.0	0.6726666666666666	1009	0
independent_chip_rep1	3.73614	1.0	0.6733333333333333	1010	0
independent_chip_rep1	3.73335	1.0	0.6753333333333333	1013	0
independent_chip_rep1	3.71758	1.0	0.676	1014	0
independent_chip_rep1	3.7116	1.0	0.6766666666666666	1015	0
independent_chip_rep1	3.69446	1.0	0.682	1023	0
independent_chip_rep1	3.68618	1.0	0.6826666666666666	1024	0
independent_chip_rep1	3.66509	1.0	0.6833333333333333	1025	0
independent_chip_rep1	3.66108	1.0	0.684	1026	0
independent_chip_rep1	3.65557	1.0	0.686	1029	0
independent_chip_rep1	3.64878	1.0	0.6866666666666666	1030	0
independent_chip_rep1	3.64805	1.0	0.6873333333333334	1031	0
independent_chip_rep1	3.64049	1.0	0.688	1032	0
independent_chip_rep1	3.63515	1.0	0.6886666666666666	1033	0
independent_chip_rep1	3.62304	1.0	0.6893333333333334	1034	0
independent_chip_rep1	3.62038	1.0	0.69	1035	0
independent_chip_rep1	3.61668	1.0	0.694	1041	0
independent_chip_rep1	3.60991	1.0	0.6946666666666667	1042	0
independent_chip_rep1	3.60939	1.0	0.6953333333333334	1043	0
independent_chip_rep1	3.60936	1.0	0.696	1044	0
independent_chip_rep1	3.60078	1.0	0.6966666666666667	1045	0
independent_chip_rep1	3.59733	1.0	0.6973333333333334	1046	0
independent_chip_rep1	3.58403	1.0	0.698	1047	0
independent_chip_rep1	3.57779	1.0	0.7073333333333334	1061	0
independent_chip_rep1	3.57243	1.0	0.708	1062	0
independent_chip_rep1	3.55016	1.0	0.7086666666666667	1063	0
independent_chip_rep1	3.5389	1.0	0.714	1071	0
independent_chip_rep1	3.53419	1.0	0.7146666666666667	1072	0
independent_chip_rep1	3.5331	1.0	0.7153333333333334	1073	0
independent_chip_rep1	3.52535	1.0	0.716	1074	0
independent_chip_rep1	3.5161	1.0	0.7166666666666667	1075	0
independent_chip_rep1	3.51167	1.0	0.7173333333333334	1076	0
independent_chip_rep1	3.50001	1.0	0.7193333333333334	1079	0
independent_chip_rep1	3.49659	1.0	0.72	1080	0
independent_chip_rep1	3.49138	1.0	0.7206666666666667	1081	0
independent_chip_rep1	3.48721	1.0	0.7213333333333334	1082	0
independent_chip_rep1	3.47812	1.0	0.722	1083	0
independent_chip_rep1	3.46112	1.0	0.7266666666666667	1090	0
independent_chip_rep1	3.4605	1.0	0.728	1092	0
independent_chip_rep1	3.45703	1.0	0.7286666666666667	1093	0
independent_chip_rep1	3.45629	1.0	0.7293333333333333	1094	0
independent_chip_rep1	3.45412	1.0	0.73	1095	0
independent_chip_rep1	3.45199	1.0	0.7306666666666667	1096	0
independent_chip_rep1	3.45159	1.0	0.7313333333333333	1097	0
independent_chip_rep1	3.44888	1.0	0.732	1098	0
independent_chip_rep1	3.44869	1.0	0.7326666666666667	1099	0
independent_chip_rep1	3.44196	1.0	0.7333333333333333	1100	0
independent_chip_rep1	3.44189	1.0	0.734	1101	0
independent_chip_rep1	3.43885	1.0	0.7346666666666667	1102	0
independent_chip_rep1	3.42223	1.0	0.744	1116	0
independent_chip_rep1	3.4214	1.0	0.7446666666666667	1117	0
independent_chip_rep1	3.42041	1.0	0.7453333333333333	1118	0
independent_chip_rep1	3.41789	1.0	0.746	1119	0
independent_chip_rep1	3.41056	1.0	0.7466666666666667	1120	0
independent_chip_rep1	3.40566	1.0	0.7473333333333333	1121	0
independent_chip_rep1	3.39415	1.0	0.7486666666666667	1123	0
independent_chip_rep1	3.38807	1.0	0.7493333333333333	1124	0
independent_chip_rep1	3.3838	1.0	0.75	1125	0
independent_chip_rep1	3.38335	1.0	0.754	1131	0
independent_chip_rep1	3.3765	1.0	0.7546666666666667	1132	0
independent_chip_rep1	3.37224	1.0	0.756	1134	0
independent_chip_rep1	3.37074	1.0	0.7566666666666667	1135	0
independent_chip_rep1	3.36771	1.0	0.7573333333333333	1136	0
independent_chip_rep1	3.36463	1.0	0.758	1137	0
independent_chip_rep1	3.36002	1.0	0.7586666666666667	1138	0
independent_chip_rep1	3.35803	1.0	0.7593333333333333	1139	0
independent_chip_rep1	3.35794	1.0	0.76	1140	0
independent_chip_rep1	3.34765	1.0	0.7606666666666667	1141	0
independent_chip_rep1	3.34446	1.0	0.7673333333333333	1151	0
independent_chip_rep1	3.3425	1.0	0.768	1152	0
independent_chip_rep1	3.33952	1.0	0.7686666666666667	1153	0
independent_chip_rep1	3.33769	1.0	0.7693333333333333	1154	0
independent_chip_rep1	3.33392	1.0	0.7706666666666667	1156	0
independent_chip_rep1	3.3332	1.0	0.7713333333333333	1157	0
independent_chip_rep1	3.32488	1.0	0.772	1158	0
independent_chip_rep1	3.32113	1.0	0.7726666666666666	1159	0
independent_chip_rep1	3.30983	1.0	0.7733333333333333	1160	0
independent_chip_rep1	3.30557	1.0	0.782	1173	0
independent_chip_rep1	3.3003	1.0	0.7826666666666666	1174	0
independent_chip_rep1	3.2851	1.0	0.7833333333333333	1175	0
independent_chip_rep1	3.28423	1.0	0.7846666666666666	1177	0
independent_chip_rep1	3.28367	1.0	0.7853333333333333	1178	0
independent_chip_rep1	3.27974	1.0	0.786	1179	0
independent_chip_rep1	3.27367	1.0	0.7866666666666666	1180	0
independent_chip_rep1	3.27101	1.0	0.7873333333333333	1181	0
independent_chip_rep1	3.26928	1.0	0.788	1182	0
independent_chip_rep1	3.26668	1.0	0.796	1194	0
independent_chip_rep1	3.26531	1.0	0.7966666666666666	1195	0
independent_chip_rep1	3.25466	1.0	0.7973333333333333	1196	0
independent_chip_rep1	3.24907	1.0	0.798	1197	0
independent_chip_rep1	3.24733	1.0	0.7986666666666666	1198	0
independent_chip_rep1	3.24228	1.0	0.7993333333333333	1199	0
independent_chip_rep1	3.23809	1.0	0.8	1200	0
independent_chip_rep1	3.23038	1.0	0.8006666666666666	1201	0
independent_chip_rep1	3.22779	1.0	0.8066666666666666	1210	0
independent_chip_rep1	3.22587	1.0	0.8073333333333333	1211	0
independent_chip_rep1	3.22412	1.0	0.808	1212	0
independent_chip_rep1	3.21896	1.0	0.8093333333333333	1214	0
independent_chip_rep1	3.21463	1.0	0.8106666666666666	1216	0
independent_chip_rep1	3.18987	1.0	0.8113333333333334	1217	0
independent_chip_rep1	3.1889	1.0	0.8173333333333334	1226	0
independent_chip_rep1	3.18828	1.0	0.818	1227	0
independent_chip_rep1	3.18064	1.0	0.8186666666666667	1228	0
independent_chip_rep1	3.17844	1.0	0.8193333333333334	1229	0
independent_chip_rep1	3.17545	1.0	0.82	1230	0
independent_chip_rep1	3.17352	1.0	0.8213333333333334	1232	0
independent_chip_rep1	3.17124	1.0	0.822	1233	0
independent_chip_rep1	3.17044	1.0	0.8226666666666667	1234	0
independent_chip_rep1	3.16533	1.0	0.8233333333333334	1235	0
independent_chip_rep1	3.15821	1.0	0.824	1236	0
independent_chip_rep1	3.15205	1.0	0.8253333333333334	1238	0
independent_chip_rep1	3.15001	1.0	0.832	1248	0
independent_chip_rep1	3.14337	1.0	0.8326666666666667	1249	0
independent_chip_rep1	3.13809	1.0	0.8333333333333334	1250	0
independent_chip_rep1	3.13662	1.0	0.8346666666666667	1252	0
independent_chip_rep1	3.13597	1.0	0.8353333333333334	1253	0
independent_chip_rep1	3.13282	1.0	0.836	1254	0
independent_chip_rep1	3.1327	1.0	0.8366666666666667	1255	0
independent_chip_rep1	3.13134	1.0	0.838	1257	0
independent_chip_rep1	3.12234	1.0	0.8386666666666667	1258	0
independent_chip_rep1	3.12182	1.0	0.8393333333333334	1259	0
independent_chip_rep1	3.12158	1.0	0.84	1260	0
independent_chip_rep1	3.12062	1.0	0.8406666666666667	1261	0
independent_chip_rep1	3.11737	1.0	0.8413333333333334	1262	0
independent_chip_rep1	3.11582	1.0	0.8433333333333334	1265	0
independent_chip_rep1	3.11112	1.0	0.8486666666666667	1273	0
independent_chip_rep1	3.104	1.0	0.8493333333333334	1274	0
independent_chip_rep1	3.10073	1.0	0.85	1275	0
independent_chip_rep1	3.09972	1.0	0.8506666666666667	1276	0
independent_chip_rep1	3.08681	1.0	0.8513333333333334	1277	0
independent_chip_rep1	3.07951	1.0	0.852	1278	0
independent_chip_rep1	3.07837	1.0	0.8526666666666667	1279	0
independent_chip_rep1	3.07342	1.0	0.8533333333333334	1280	0
independent_chip_rep1	3.07223	1.0	0.858	1287	0
independent_chip_rep1	3.0713	1.0	0.8586666666666667	1288	0
independent_chip_rep1	3.06985	1.0	0.8593333333333333	1289	0
independent_chip_rep1	3.06567	1.0	0.86	1290	0
independent_chip_rep1	3.06017	1.0	0.8606666666666667	1291	0
independent_chip_rep1	3.05496	1.0	0.8613333333333333	1292	0
independent_chip_rep1	3.03797	1.0	0.862	1293	0
independent_chip_rep1	3.03634	1.0	0.8626666666666667	1294	0
independent_chip_rep1	3.03334	1.0	0.8693333333333333	1304	0
independent_chip_rep1	3.02601	1.0	0.87	1305	0
independent_chip_rep1	3.02459	1.0	0.8706666666666667	1306	0
independent_chip_rep1	3.02334	1.0	0.8713333333333333	1307	0
independent_chip_rep1	3.02225	1.0	0.872	1308	0
independent_chip_rep1	3.0021	1.0	0.8726666666666667	1309	0
independent_chip_rep1	2.99446	1.0	0.8746666666666667	1312	0
independent_chip_rep1	2.98902	1.0	0.8753333333333333	1313	0
independent_chip_rep1	2.98897	1.0	0.8773333333333333	1316	0
independent_chip_rep1	2.97314	1.0	0.878	1317	0
independent_chip_rep1	2.97089	1.0	0.88	1320	0
independent_chip_rep1	2.97023	1.0	0.8806666666666667	1321	0
independent_chip_rep1	2.96436	1.0	0.8813333333333333	1322	0
independent_chip_rep1	2.95557	1.0	0.886	1329	0
independent_chip_rep1	2.95342	1.0	0.8866666666666667	1330	0
independent_chip_rep1	2.95212	1.0	0.8873333333333333	1331	0
independent_chip_rep1	2.95071	1.0	0.8886666666666667	1333	0
independent_chip_rep1	2.93997	1.0	0.8893333333333333	1334	0
independent_chip_rep1	2.93656	1.0	0.89	1335	0
independent_chip_rep1	2.93613	1.0	0.8906666666666667	1336	0
independent_chip_rep1	2.93466	1.0	0.8913333333333333	1337	0
independent_chip_rep1	2.92888	1.0	0.892	1338	0
independent_chip_rep1	2.92255	1.0	0.8926666666666667	1339	0
independent_chip_rep1	2.92002	1.0	0.8933333333333333	1340	0
independent_chip_rep1	2.91783	1.0	0.894	1341	0
independent_chip_rep1	2.91668	1.0	0.898	1347	0
independent_chip_rep1	2.90455	1.0	0.8986666666666666	1348	0
independent_chip_rep1	2.9016	1.0	0.9	1350	0
independent_chip_rep1	2.89425	1.0	0.9006666666666666	1351	0
independent_chip_rep1	2.88934	1.0	0.902	1353	0
independent_chip_rep1	2.88856	1.0	0.9026666666666666	1354	0
independent_chip_rep1	2.8864	1.0	0.9033333333333333	1355	0
independent_chip_rep1	2.88592	1.0	0.904	1356	0
independent_chip_rep1	2.88225	1.0	0.9046666666666666	1357	0
independent_chip_rep1	2.88165	1.0	0.9053333333333333	1358	0
independent_chip_rep1	2.87831	1.0	0.906	1359	0
independent_chip_rep1	2.87779	1.0	0.91	1365	0
independent_chip_rep1	2.87502	1.0	0.9106666666666666	1366	0
independent_chip_rep1	2.87464	1.0	0.9113333333333333	1367	0
independent_chip_rep1	2.87407	1.0	0.912	1368	0
independent_chip_rep1	2.86683	1.0	0.9126666666666666	1369	0
independent_chip_rep1	2.8606	1.0	0.9133333333333333	1370	0
independent_chip_rep1	2.85743	1.0	0.914	1371	0
independent_chip_rep1	2.85421	1.0	0.9146666666666666	1372	0
independent_chip_rep1	2.85181	1.0	0.9153333333333333	1373	0
independent_chip_rep1	2.85156	1.0	0.916	1374	0
independent_chip_rep1	2.84663	1.0	0.9166666666666666	1375	0
independent_chip_rep1	2.84141	1.0	0.9173333333333333	1376	0
independent_chip_rep1	2.8389	1.0	0.918	1377	0
independent_chip_rep1	2.837	1.0	0.9186666666666666	1378	0
independent_chip_rep1	2.83439	1.0	0.9193333333333333	1379	0
independent_chip_rep1	2.83216	1.0	0.92	1380	0
independent_chip_rep1	2.83168	1.0	0.9213333333333333	1382	0
independent_chip_rep1	2.8296	1.0	0.922	1383	0
independent_chip_rep1	2.82827	1.0	0.9226666666666666	1384	0
independent_chip_rep1	2.81721	1.0	0.924	1386	0
independent_chip_rep1	2.81446	1.0	0.9246666666666666	1387	0
independent_chip_rep1	2.8093	1.0	0.9253333333333333	1388	0
independent_chip_rep1	2.80884	1.0	0.926	1389	0
independent_chip_rep1	2.80723	1.0	0.9266666666666666	1390	0
independent_chip_rep1	2.80323	1.0	0.9273333333333333	1391	0
independent_chip_rep1	2.80214	1.0	0.928	1392	0
independent_chip_rep1	2.80001	1.0	0.9293333333333333	1394	0
independent_chip_rep1	2.79672	1.0	0.9306666666666666	1396	0
independent_chip_rep1	2.79613	1.0	0.9313333333333333	1397	0
independent_chip_rep1	2.79301	1.0	0.932	1398	0
independent_chip_rep1	2.78974	1.0	0.9326666666666666	1399	0
independent_chip_rep1	2.78966	1.0	0.9333333333333333	1400	0
independent_chip_rep1	2.78014	1.0	0.934	1401	0
independent_chip_rep1	2.76451	1.0	0.9346666666666666	1402	0
independent_chip_rep1	2.76112	1.0	0.9366666666666666	1405	0
independent_chip_rep1	2.75911	1.0	0.9373333333333334	1406	0
independent_chip_rep1	2.75453	1.0	0.938	1407	0
independent_chip_rep1	2.75351	1.0	0.9386666666666666	1408	0
independent_chip_rep1	2.74849	1.0	0.94	1410	0
independent_chip_rep1	2.74741	1.0	0.9406666666666667	1411	0
independent_chip_rep1	2.74581	1.0	0.9413333333333334	1412	0
independent_chip_rep1	2.73987	1.0	0.942	1413	0
independent_chip_rep1	2.73705	1.0	0.9426666666666667	1414	0
independent_chip_rep1	2.73568	1.0	0.944	1416	0
independent_chip_rep1	2.73071	1.0	0.9453333333333334	1418	0
independent_chip_rep1	2.7252	1.0	0.946	1419	0
independent_chip_rep1	2.72223	1.0	0.9486666666666667	1423	0
independent_chip_rep1	2.71827	1.0	0.9493333333333334	1424	0
independent_chip_rep1	2.7179	1.0	0.95	1425	0
independent_chip_rep1	2.71728	1.0	0.9506666666666667	1426	0
independent_chip_rep1	2.71414	1.0	0.9513333333333334	1427	0
independent_chip_rep1	2.71106	1.0	0.952	1428	0
independent_chip_rep1	2.70874	1.0	0.9526666666666667	1429	0
independent_chip_rep1	2.70426	1.0	0.9533333333333334	1430	0
independent_chip_rep1	2.69184	1.0	0.9546666666666667	1432	0
independent_chip_rep1	2.68334	1.0	0.958	1437	0
independent_chip_rep1	2.68105	1.0	0.9586666666666667	1438	0
independent_chip_rep1	2.67864	1.0	0.9593333333333334	1439	0
independent_chip_rep1	2.6776	1.0	0.96	1440	0
independent_chip_rep1	2.67541	1.0	0.9606666666666667	1441	0
independent_chip_rep1	2.6745	1.0	0.9613333333333334	1442	0
independent_chip_rep1	2.66032	1.0	0.962	1443	0
independent_chip_rep1	2.65685	1.0	0.9626666666666667	1444	0
independent_chip_rep1	2.65684	1.0	0.9633333333333334	1445	0
independent_chip_rep1	2.65682	1.0	0.964	1446	0
independent_chip_rep1	2.63743	1.0	0.9646666666666667	1447	0
independent_chip_rep1	2.63729	1.0	0.9653333333333334	1448	0
independent_chip_rep1	2.63436	1.0	0.966	1449	0
independent_chip_rep1	2.63177	1.0	0.9666666666666667	1450	0
independent_chip_rep1	2.62664	1.0	0.9673333333333334	1451	0
independent_chip_rep1	2.62522	1.0	0.968	1452	0
independent_chip_rep1	2.62493	1.0	0.9686666666666667	1453	0
independent_chip_rep1	2.62058	1.0	0.9693333333333334	1454	0
independent_chip_rep1	2.61886	1.0	0.97	1455	0
independent_chip_rep1	2.61166	1.0	0.9706666666666667	1456	0
independent_chip_rep1	2.60557	1.0	0.9713333333333334	1457	0
independent_chip_rep1	2.60219	1.0	0.972	1458	0
independent_chip_rep1	2.60058	1.0	0.9733333333333334	1460	0
independent_chip_rep1	2.59359	1.0	0.974	1461	0
independent_chip_rep1	2.59044	1.0	0.9753333333333334	1463	0
independent_chip_rep1	2.57509	1.0	0.976	1464	0
independent_chip_rep1	2.56681	1.0	0.9766666666666667	1465	0
independent_chip_rep1	2.56196	1.0	0.9773333333333334	1466	0
independent_chip_rep1	2.55723	1.0	0.9786666666666667	1468	0
independent_chip_rep1	2.54903	1.0	0.9793333333333333	1469	0
independent_chip_rep1	2.53901	1.0	0.98	1470	0
independent_chip_rep1	2.52779	1.0	0.9806666666666667	1471	0
independent_chip_rep1	2.508	1.0	0.9813333333333333	1472	0
independent_chip_rep1	2.50687	1.0	0.982	1473	0
independent_chip_rep1	2.50588	1.0	0.9826666666666667	1474	0
independent_chip_rep1	2.49081	1.0	0.984	1476	0
independent_chip_rep1	2.49078	1.0	0.9846666666666667	1477	0
independent_chip_rep1	2.46643	1.0	0.9853333333333333	1478	0
independent_chip_rep1	2.46549	1.0	0.986	1479	0
independent_chip_rep1	2.44074	1.0	0.9866666666666667	1480	0
independent_chip_rep1	2.43873	1.0	0.9873333333333333	1481	0
independent_chip_rep1	2.42181	1.0	0.988	1482	0
independent_chip_rep1	2.40899	1.0	0.9893333333333333	1484	0
independent_chip_rep1	2.39739	1.0	0.99	1485	0
independent_chip_rep1	2.38474	1.0	0.9906666666666667	1486	0
independent_chip_rep1	2.35797	1.0	0.9913333333333333	1487	0
independent_chip_rep1	2.33758	1.0	0.992	1488	0
independent_chip_rep1	2.32473	1.0	0.9926666666666667	1489	0
independent_chip_rep1	2.29919	1.0	0.9933333333333333	1490	0
independent_chip_rep1	2.29281	1.0	0.994	1491	0
independent_chip_rep1	2.24741	1.0	0.9946666666666667	1492	0
independent_chip_rep1	2.21006	1.0	0.9953333333333333	1493	0
independent_chip_rep1	2.20397	1.0	0.996	1494	0
independent_chip_rep1	2.18241	1.0	0.9966666666666667	1495	0
independent_chip_rep1	2.09754	1.0	0.9973333333333333	1496	0
independent_chip_rep1	2.02108	1.0	0.998	1497	0
independent_chip_rep1	1.96567	1.0	0.9986666666666667	1498	0
independent_chip_rep1	1.91692	1.0	0.9993333333333333	1499	0
independent_chip_rep1	1.80411	1.0	1.0	1500	0
independent_chip_rep1	0.0	0.5	1.0	1500	1500
independent_chip_rep2	Inf	1.0	0.0	0	0
independent_chip_rep2	8.74948	1.0	0.0006666666666666666	1	0
independent_chip_rep2	8.71059	1.0	0.0013333333333333333	2	0
independent_chip_rep2	8.63282	1.0	0.002	3	0
independent_chip_rep2	8.55505	1.0	0.0026666666666666666	4	0
independent_chip_rep2	8.51616	1.0	0.0033333333333333335	5	0
independent_chip_rep2	8.46013	1.0	0.004	6	0
independent_chip_rep2	8.43839	1.0	0.004666666666666667	7	0
independent_chip_rep2	8.3995	1.0	0.005333333333333333	8	0
independent_chip_rep2	8.36062	1.0	0.006666666666666667	10	0
independent_chip_rep2	8.35388	1.0	0.007333333333333333	11	0
independent_chip_rep2	8.32173	1.0	0.008	12	0
independent_chip_rep2	8.31117	1.0	0.008666666666666666	13	0
independent_chip_rep2	8.28284	1.0	0.010666666666666666	16	0
independent_chip_rep2	8.24396	1.0	0.011333333333333334	17	0
independent_chip_rep2	8.19624	1.0	0.012	18	0
independent_chip_rep2	8.16618	1.0	0.013333333333333334	20	0
independent_chip_rep2	8.16228	1.0	0.014	21	0
independent_chip_rep2	8.1273	1.0	0.014666666666666666	22	0
independent_chip_rep2	8.08841	1.0	0.015333333333333332	23	0
independent_chip_rep2	8.04952	1.0	0.018	27	0
independent_chip_rep2	8.01064	1.0	0.019333333333333334	29	0
independent_chip_rep2	7.99443	1.0	0.02	30	0
independent_chip_rep2	7.97175	1.0	0.021333333333333333	32	0
independent_chip_rep2	7.95563	1.0	0.022	33	0
independent_chip_rep2	7.93286	1.0	0.026	39	0
independent_chip_rep2	7.91944	1.0	0.02666666666666667	40	0
independent_chip_rep2	7.89683	1.0	0.027333333333333334	41	0
independent_chip_rep2	7.89398	1.0	0.032	48	0
independent_chip_rep2	7.85572	1.0	0.03333333333333333	50	0
independent_chip_rep2	7.85509	1.0	0.035333333333333335	53	0
independent_chip_rep2	7.82272	1.0	0.036	54	0
independent_chip_rep2	7.8174	1.0	0.03666666666666667	55	0
independent_chip_rep2	7.8162	1.0	0.04066666666666666	61	0
independent_chip_rep2	7.80039	1.0	0.04133333333333333	62	0
independent_chip_rep2	7.79878	1.0	0.042	63	0
independent_chip_rep2	7.77732	1.0	0.04533333333333334	68	0
independent_chip_rep2	7.73843	1.0	0.048	72	0
independent_chip_rep2	7.71233	1.0	0.048666666666666664	73	0
independent_chip_rep2	7.69954	1.0	0.052	78	0
independent_chip_rep2	7.68041	1.0	0.05266666666666667	79	0
independent_chip_rep2	7.67279	1.0	0.05333333333333334	80	0
independent_chip_rep2	7.66411	1.0	0.054	81	0
independent_chip_rep2	7.66066	1.0	0.06066666666666667	91	0
independent_chip_rep2	7.65795	1.0	0.06133333333333333	92	0
independent_chip_rep2	7.62579	1.0	0.062	93	0
independent_chip_rep2	7.62177	1.0	0.06333333333333334	95	0
independent_chip_rep2	7.60912	1.0	0.064	96	0
independent_chip_rep2	7.60162	1.0	0.06466666666666666	97	0
independent_chip_rep2	7.60044	1.0	0.06533333333333333	98	0
independent_chip_rep2	7.59151	1.0	0.066	99	0
independent_chip_rep2	7.58869	1.0	0.06666666666666667	100	0
independent_chip_rep2	7.58594	1.0	0.06733333333333333	101	0
independent_chip_rep2	7.58288	1.0	0.07333333333333333	110	0
independent_chip_rep2	7.57687	1.0	0.074	111	0
independent_chip_rep2	7.56661	1.0	0.07466666666666667	112	0
independent_chip_rep2	7.544	1.0	0.07666666666666666	115	0
independent_chip_rep2	7.5436	1.0	0.07733333333333334	116	0
independent_chip_rep2	7.50511	1.0	0.08266666666666667	124	0
independent_chip_rep2	7.4759	1.0	0.08333333333333333	125	0
independent_chip_rep2	7.47251	1.0	0.084	126	0
independent_chip_rep2	7.46622	1.0	0.09	135	0
independent_chip_rep2	7.45376	1.0	0.09066666666666667	136	0
independent_chip_rep2	7.43616	1.0	0.09133333333333334	137	0
independent_chip_rep2	7.42734	1.0	0.098	147	0
independent_chip_rep2	7.4217	1.0	0.09866666666666667	148	0
independent_chip_rep2	7.41499	1.0	0.09933333333333333	149	0
independent_chip_rep2	7.4067	1.0	0.1	150	0
independent_chip_rep2	7.39723	1.0	0.10066666666666667	151	0
independent_chip_rep2	7.39646	1.0	0.10133333333333333	152	0
independent_chip_rep2	7.39093	1.0	0.102	153	0
independent_chip_rep2	7.38845	1.0	0.10733333333333334	161	0
independent_chip_rep2	7.38358	1.0	0.108	162	0
independent_chip_rep2	7.38296	1.0	0.10866666666666666	163	0
independent_chip_rep2	7.37273	1.0	0.10933333333333334	164	0
independent_chip_rep2	7.37088	1.0	0.11	165	0
independent_chip_rep2	7.3691	1.0	0.11066666666666666	166	0
independent_chip_rep2	7.3603	1.0	0.11133333333333334	167	0
independent_chip_rep2	7.34956	1.0	0.11333333333333333	170	0
independent_chip_rep2	7.3455	1.0	0.114	171	0
independent_chip_rep2	7.34332	1.0	0.116	174	0
independent_chip_rep2	7.34132	1.0	0.11666666666666667	175	0
independent_chip_rep2	7.31923	1.0	0.11733333333333333	176	0
independent_chip_rep2	7.31847	1.0	0.118	177	0
independent_chip_rep2	7.31663	1.0	0.11866666666666667	178	0
independent_chip_rep2	7.31068	1.0	0.12466666666666666	187	0
independent_chip_rep2	7.30949	1.0	0.12533333333333332	188	0
independent_chip_rep2	7.30642	1.0	0.126	189	0
independent_chip_rep2	7.2939	1.0	0.12666666666666668	190	0
independent_chip_rep2	7.28476	1.0	0.12733333333333333	191	0
independent_chip_rep2	7.28344	1.0	0.128	192	0
independent_chip_rep2	7.28322	1.0	0.12866666666666668	193	0
independent_chip_rep2	7.28224	1.0	0.12933333333333333	194	0
independent_chip_rep2	7.28091	1.0	0.13	195	0
independent_chip_rep2	7.27179	1.0	0.136	204	0
independent_chip_rep2	7.27177	1.0	0.13666666666666666	205	0
independent_chip_rep2	7.2613	1.0	0.13733333333333334	206	0
independent_chip_rep2	7.2597	1.0	0.138	207	0
independent_chip_rep2	7.25906	1.0	0.13866666666666666	208	0
independent_chip_rep2	7.25842	1.0	0.13933333333333334	209	0
independent_chip_rep2	7.25631	1.0	0.14	210	0
independent_chip_rep2	7.25391	1.0	0.14066666666666666	211	0
independent_chip_rep2	7.24924	1.0	0.14133333333333334	212	0
independent_chip_rep2	7.24601	1.0	0.142	213	0
independent_chip_rep2	7.24259	1.0	0.14266666666666666	214	0
independent_chip_rep2	7.2329	1.0	0.14666666666666667	220	0
independent_chip_rep2	7.22752	1.0	0.14733333333333334	221	0
independent_chip_rep2	7.22444	1.0	0.148	222	0
independent_chip_rep2	7.22247	1.0	0.14933333333333335	224	0
independent_chip_rep2	7.19402	1.0	0.15333333333333332	230	0
independent_chip_rep2	7.18777	1.0	0.154	231	0
independent_chip_rep2	7.17947	1.0	0.15466666666666667	232	0
independent_chip_rep2	7.1753	1.0	0.15533333333333332	233	0
independent_chip_rep2	7.17355	1.0	0.156	234	0
independent_chip_rep2	7.15998	1.0	0.15666666666666668	235	0
independent_chip_rep2	7.15764	1.0	0.15733333333333333	236	0
independent_chip_rep2	7.15513	1.0	0.16266666666666665	244	0
independent_chip_rep2	7.14801	1.0	0.16333333333333333	245	0
independent_chip_rep2	7.14602	1.0	0.164	246	0
independent_chip_rep2	7.14401	1.0	0.16466666666666666	247	0
independent_chip_rep2	7.14351	1.0	0.16533333333333333	248	0
independent_chip_rep2	7.1262	1.0	0.166	249	0
independent_chip_rep2	7.12191	1.0	0.16666666666666666	250	0
independent_chip_rep2	7.11624	1.0	0.172	258	0
independent_chip_rep2	7.10109	1.0	0.17266666666666666	259	0
independent_chip_rep2	7.09661	1.0	0.17333333333333334	260	0
independent_chip_rep2	7.08911	1.0	0.174	261	0
independent_chip_rep2	7.08675	1.0	0.17533333333333334	263	0
independent_chip_rep2	7.07736	1.0	0.18	270	0
independent_chip_rep2	7.07731	1.0	0.18066666666666667	271	0
independent_chip_rep2	7.06841	1.0	0.18133333333333335	272	0
independent_chip_rep2	7.06832	1.0	0.182	273	0
independent_chip_rep2	7.06522	1.0	0.18266666666666667	274	0
independent_chip_rep2	7.05866	1.0	0.18333333333333332	275	0
independent_chip_rep2	7.04811	1.0	0.184	276	0
independent_chip_rep2	7.04544	1.0	0.18466666666666667	277	0
independent_chip_rep2	7.03919	1.0	0.18533333333333332	278	0
independent_chip_rep2	7.03847	1.0	0.18933333333333333	284	0
independent_chip_rep2	7.03836	1.0	0.19	285	0
independent_chip_rep2	7.03817	1.0	0.19066666666666668	286	0
independent_chip_rep2	7.0304	1.0	0.19133333333333333	287	0
independent_chip_rep2	7.02424	1.0	0.192	288	0
independent_chip_rep2	7.01868	1.0	0.19266666666666668	289	0
independent_chip_rep2	7.01255	1.0	0.19333333333333333	290	0
independent_chip_rep2	7.01121	1.0	0.194	291	0
independent_chip_rep2	7.00863	1.0	0.19466666666666665	292	0
independent_chip_rep2	7.00742	1.0	0.19533333333333333	293	0
independent_chip_rep2	6.99958	1.0	0.19733333333333333	296	0
independent_chip_rep2	6.99312	1.0	0.198	297	0
independent_chip_rep2	6.97635	1.0	0.19866666666666666	298	0
independent_chip_rep2	6.97431	1.0	0.19933333333333333	299	0
independent_chip_rep2	6.9607	1.0	0.20333333333333334	305	0
independent_chip_rep2	6.95565	1.0	0.204	306	0
independent_chip_rep2	6.95196	1.0	0.20466666666666666	307	0
independent_chip_rep2	6.95055	1.0	0.20533333333333334	308	0
independent_chip_rep2	6.93869	1.0	0.206	309	0
independent_chip_rep2	6.93741	1.0	0.20666666666666667	310	0
independent_chip_rep2	6.92181	1.0	0.20866666666666667	313	0
independent_chip_rep2	6.91994	1.0	0.21	315	0
independent_chip_rep2	6.91793	1.0	0.21066666666666667	316	0
independent_chip_rep2	6.90958	1.0	0.21133333333333335	317	0
independent_chip_rep2	6.9031	1.0	0.212	318	0
independent_chip_rep2	6.9005	1.0	0.21266666666666667	319	0
independent_chip_rep2	6.88293	1.0	0.214	321	0
independent_chip_rep2	6.87375	1.0	0.21466666666666667	322	0
independent_chip_rep2	6.87117	1.0	0.21533333333333332	323	0
independent_chip_rep2	6.85967	1.0	0.216	324	0
independent_chip_rep2	6.85938	1.0	0.21666666666666667	325	0
independent_chip_rep2	6.85602	1.0	0.21733333333333332	326	0
independent_chip_rep2	6.8498	1.0	0.218	327	0
independent_chip_rep2	6.84748	1.0	0.21866666666666668	328	0
independent_chip_rep2	6.84673	1.0	0.21933333333333332	329	0
independent_chip_rep2	6.84404	1.0	0.22066666666666668	331	0
independent_chip_rep2	6.84273	1.0	0.222	333	0
independent_chip_rep2	6.84039	1.0	0.22266666666666668	334	0
independent_chip_rep2	6.83194	1.0	0.22333333333333333	335	0
independent_chip_rep2	6.82413	1.0	0.224	336	0
independent_chip_rep2	6.82106	1.0	0.22466666666666665	337	0
independent_chip_rep2	6.81295	1.0	0.22533333333333333	338	0
independent_chip_rep2	6.81153	1.0	0.226	339	0
independent_chip_rep2	6.80515	1.0	0.22866666666666666	343	0
independent_chip_rep2	6.7696	1.0	0.22933333333333333	344	0
independent_chip_rep2	6.76627	1.0	0.23266666666666666	349	0
independent_chip_rep2	6.75469	1.0	0.23333333333333334	350	0
independent_chip_rep2	6.75074	1.0	0.234	351	0
independent_chip_rep2	6.74748	1.0	0.23466666666666666	352	0
independent_chip_rep2	6.74442	1.0	0.23533333333333334	353	0
independent_chip_rep2	6.74435	1.0	0.236	354	0
independent_chip_rep2	6.74173	1.0	0.23666666666666666	355	0
independent_chip_rep2	6.73879	1.0	0.23733333333333334	356	0
independent_chip_rep2	6.73359	1.0	0.238	357	0
independent_chip_rep2	6.72738	1.0	0.24	360	0
independent_chip_rep2	6.72639	1.0	0.24066666666666667	361	0
independent_chip_rep2	6.71158	1.0	0.24133333333333334	362	0
independent_chip_rep2	6.7075	1.0	0.242	363	0
independent_chip_rep2	6.69394	1.0	0.24266666666666667	364	0
independent_chip_rep2	6.68849	1.0	0.244	366	0
independent_chip_rep2	6.68507	1.0	0.24466666666666667	367	0
independent_chip_rep2	6.66504	1.0	0.24533333333333332	368	0
independent_chip_rep2	6.65402	1.0	0.246	369	0
independent_chip_rep2	6.65146	1.0	0.24666666666666667	370	0
independent_chip_rep2	6.64961	1.0	0.24866666666666667	373	0
independent_chip_rep2	6.64934	1.0	0.24933333333333332	374	0
independent_chip_rep2	6.63379	1.0	0.25	375	0
independent_chip_rep2	6.6301	1.0	0.25066666666666665	376	0
independent_chip_rep2	6.62745	1.0	0.25133333333333335	377	0
independent_chip_rep2	6.62498	1.0	0.252	378	0
independent_chip_rep2	6.6196	1.0	0.25266666666666665	379	0
independent_chip_rep2	6.61844	1.0	0.25333333333333335	380	0
independent_chip_rep2	6.61072	1.0	0.254	381	0
independent_chip_rep2	6.59853	1.0	0.25466666666666665	382	0
independent_chip_rep2	6.58291	1.0	0.25533333333333336	383	0
independent_chip_rep2	6.57223	1.0	0.256	384	0
independent_chip_rep2	6.57183	1.0	0.25733333333333336	386	0
independent_chip_rep2	6.56197	1.0	0.258	387	0
independent_chip_rep2	6.56056	1.0	0.25866666666666666	388	0
independent_chip_rep2	6.56008	1.0	0.25933333333333336	389	0
independent_chip_rep2	6.55205	1.0	0.26	390	0
independent_chip_rep2	6.53979	1.0	0.26066666666666666	391	0
independent_chip_rep2	6.53295	1.0	0.262	393	0
independent_chip_rep2	6.52432	1.0	0.26266666666666666	394	0
independent_chip_rep2	6.51169	1.0	0.2633333333333333	395	0
independent_chip_rep2	6.50231	1.0	0.26466666666666666	397	0
independent_chip_rep2	6.50058	1.0	0.2653333333333333	398	0
independent_chip_rep2	6.49406	1.0	0.26666666666666666	400	0
independent_chip_rep2	6.49326	1.0	0.2673333333333333	401	0
independent_chip_rep2	6.48518	1.0	0.268	402	0
independent_chip_rep2	6.48495	1.0	0.26866666666666666	403	0
independent_chip_rep2	6.47605	1.0	0.2693333333333333	404	0
independent_chip_rep2	6.46673	1.0	0.27	405	0
independent_chip_rep2	6.46037	1.0	0.27066666666666667	406	0
independent_chip_rep2	6.45995	1.0	0.2713333333333333	407	0
independent_chip_rep2	6.45517	1.0	0.272	408	0
independent_chip_rep2	6.45073	1.0	0.27266666666666667	409	0
independent_chip_rep2	6.4352	1.0	0.2733333333333333	410	0
independent_chip_rep2	6.43239	1.0	0.274	411	0
independent_chip_rep2	6.4306	1.0	0.27466666666666667	412	0
independent_chip_rep2	6.42781	1.0	0.2753333333333333	413	0
independent_chip_rep2	6.42172	1.0	0.276	414	0
independent_chip_rep2	6.42066	1.0	0.27666666666666667	415	0
independent_chip_rep2	6.41629	1.0	0.2773333333333333	416	0
independent_chip_rep2	6.41558	1.0	0.278	417	0
independent_chip_rep2	6.41272	1.0	0.2786666666666667	418	0
independent_chip_rep2	6.39744	1.0	0.2793333333333333	419	0
independent_chip_rep2	6.38857	1.0	0.28	420	0
independent_chip_rep2	6.38389	1.0	0.2806666666666667	421	0
independent_chip_rep2	6.38076	1.0	0.2813333333333333	422	0
independent_chip_rep2	6.3774	1.0	0.2826666666666667	424	0
independent_chip_rep2	6.37649	1.0	0.2833333333333333	425	0
independent_chip_rep2	6.3684	1.0	0.284	426	0
independent_chip_rep2	6.35583	1.0	0.2846666666666667	427	0
independent_chip_rep2	6.34026	1.0	0.2853333333333333	428	0
independent_chip_rep2	6.33851	1.0	0.286	429	0
independent_chip_rep2	6.32577	1.0	0.28733333333333333	431	0
independent_chip_rep2	6.32569	1.0	0.288	432	0
independent_chip_rep2	6.29963	1.0	0.2886666666666667	433	0
independent_chip_rep2	6.29414	1.0	0.28933333333333333	434	0
independent_chip_rep2	6.29256	1.0	0.29	435	0
independent_chip_rep2	6.29136	1.0	0.2906666666666667	436	0
independent_chip_rep2	6.28712	1.0	0.29133333333333333	437	0
independent_chip_rep2	6.28187	1.0	0.292	438	0
independent_chip_rep2	6.26074	1.0	0.2926666666666667	439	0
independent_chip_rep2	6.25806	1.0	0.294	441	0
independent_chip_rep2	6.24809	1.0	0.2946666666666667	442	0
independent_chip_rep2	6.23701	1.0	0.29533333333333334	443	0
independent_chip_rep2	6.23498	1.0	0.296	444	0
independent_chip_rep2	6.23338	1.0	0.2966666666666667	445	0
independent_chip_rep2	6.22264	1.0	0.29733333333333334	446	0
independent_chip_rep2	6.22185	1.0	0.298	447	0
independent_chip_rep2	6.19938	1.0	0.2986666666666667	448	0
independent_chip_rep2	6.18916	1.0	0.29933333333333334	449	0
independent_chip_rep2	6.18297	1.0	0.30133333333333334	452	0
independent_chip_rep2	6.17388	1.0	0.302	453	0
independent_chip_rep2	6.16563	1.0	0.30266666666666664	454	0
independent_chip_rep2	6.1497	1.0	0.30333333333333334	455	0
independent_chip_rep2	6.14408	1.0	0.30466666666666664	457	0
independent_chip_rep2	6.13856	1.0	0.306	459	0
independent_chip_rep2	6.136	1.0	0.30666666666666664	460	0
independent_chip_rep2	6.13129	1.0	0.30733333333333335	461	0
independent_chip_rep2	6.10854	1.0	0.308	462	0
independent_chip_rep2	6.10642	1.0	0.30866666666666664	463	0
independent_chip_rep2	6.10519	1.0	0.30933333333333335	464	0
independent_chip_rep2	6.09297	1.0	0.31	465	0
independent_chip_rep2	6.0711	1.0	0.31066666666666665	466	0
independent_chip_rep2	6.06631	1.0	0.312	468	0
independent_chip_rep2	6.05319	1.0	0.31266666666666665	469	0
independent_chip_rep2	6.02742	1.0	0.316	474	0
independent_chip_rep2	6.01419	1.0	0.31666666666666665	475	0
independent_chip_rep2	5.9962	1.0	0.31733333333333336	476	0
independent_chip_rep2	5.98853	1.0	0.31933333333333336	479	0
independent_chip_rep2	5.97788	1.0	0.32	480	0
independent_chip_rep2	5.97782	1.0	0.32066666666666666	481	0
independent_chip_rep2	5.95046	1.0	0.32133333333333336	482	0
independent_chip_rep2	5.94965	1.0	0.326	489	0
independent_chip_rep2	5.91919	1.0	0.32666666666666666	490	0
independent_chip_rep2	5.91371	1.0	0.3273333333333333	491	0
independent_chip_rep2	5.91147	1.0	0.328	492	0
independent_chip_rep2	5.91076	1.0	0.33	495	0
independent_chip_rep2	5.90003	1.0	0.33066666666666666	496	0
independent_chip_rep2	5.89881	1.0	0.3313333333333333	497	0
independent_chip_rep2	5.88759	1.0	0.332	498	0
independent_chip_rep2	5.88297	1.0	0.33266666666666667	499	0
independent_chip_rep2	5.87988	1.0	0.3333333333333333	500	0
independent_chip_rep2	5.87485	1.0	0.334	501	0
independent_chip_rep2	5.87187	1.0	0.3373333333333333	506	0
independent_chip_rep2	5.86604	1.0	0.338	507	0
independent_chip_rep2	5.86305	1.0	0.33866666666666667	508	0
independent_chip_rep2	5.84505	1.0	0.3393333333333333	509	0
independent_chip_rep2	5.83299	1.0	0.342	513	0
independent_chip_rep2	5.82911	1.0	0.3426666666666667	514	0
independent_chip_rep2	5.82816	1.0	0.3433333333333333	515	0
independent_chip_rep2	5.82473	1.0	0.344	516	0
independent_chip_rep2	5.81887	1.0	0.3446666666666667	517	0
independent_chip_rep2	5.8186	1.0	0.3453333333333333	518	0
independent_chip_rep2	5.80452	1.0	0.3466666666666667	520	0
independent_chip_rep2	5.79937	1.0	0.3473333333333333	521	0
independent_chip_rep2	5.7941	1.0	0.34933333333333333	524	0
independent_chip_rep2	5.77709	1.0	0.35	525	0
independent_chip_rep2	5.77178	1.0	0.3506666666666667	526	0
independent_chip_rep2	5.75521	1.0	0.354	531	0
independent_chip_rep2	5.74677	1.0	0.3546666666666667	532	0
independent_chip_rep2	5.7418	1.0	0.35533333333333333	533	0
independent_chip_rep2	5.73167	1.0	0.356	534	0
independent_chip_rep2	5.72847	1.0	0.3566666666666667	535	0
independent_chip_rep2	5.71967	1.0	0.35733333333333334	536	0
independent_chip_rep2	5.71698	1.0	0.358	537	0
independent_chip_rep2	5.71633	1.0	0.3626666666666667	544	0
independent_chip_rep2	5.71544	1.0	0.36333333333333334	545	0
independent_chip_rep2	5.6985	1.0	0.364	546	0
independent_chip_rep2	5.68389	1.0	0.36466666666666664	547	0
independent_chip_rep2	5.68041	1.0	0.36533333333333334	548	0
independent_chip_rep2	5.67744	1.0	0.36933333333333335	554	0
independent_chip_rep2	5.67144	1.0	0.37066666666666664	556	0
independent_chip_rep2	5.66473	1.0	0.37133333333333335	557	0
independent_chip_rep2	5.66157	1.0	0.372	558	0
independent_chip_rep2	5.65767	1.0	0.37266666666666665	559	0
independent_chip_rep2	5.641	1.0	0.37333333333333335	560	0
independent_chip_rep2	5.63855	1.0	0.37866666666666665	568	0
independent_chip_rep2	5.63312	1.0	0.37933333333333336	569	0
independent_chip_rep2	5.62715	1.0	0.38	570	0
independent_chip_rep2	5.6165	1.0	0.38066666666666665	571	0
independent_chip_rep2	5.61553	1.0	0.38133333333333336	572	0
independent_chip_rep2	5.60493	1.0	0.382	573	0
independent_chip_rep2	5.59967	1.0	0.38666666666666666	580	0
independent_chip_rep2	5.59897	1.0	0.3873333333333333	581	0
independent_chip_rep2	5.5922	1.0	0.388	582	0
independent_chip_rep2	5.58699	1.0	0.3893333333333333	584	0
independent_chip_rep2	5.56812	1.0	0.39	585	0
independent_chip_rep2	5.56565	1.0	0.39066666666666666	586	0
independent_chip_rep2	5.56452	1.0	0.3913333333333333	587	0
independent_chip_rep2	5.56078	1.0	0.39466666666666667	592	0
independent_chip_rep2	5.55648	1.0	0.3953333333333333	593	0
independent_chip_rep2	5.54616	1.0	0.396	594	0
independent_chip_rep2	5.52816	1.0	0.39666666666666667	595	0
independent_chip_rep2	5.52682	1.0	0.3973333333333333	596	0
independent_chip_rep2	5.52347	1.0	0.398	597	0
independent_chip_rep2	5.52233	1.0	0.39866666666666667	598	0
independent_chip_rep2	5.52189	1.0	0.4086666666666667	613	0
independent_chip_rep2	5.51059	1.0	0.4093333333333333	614	0
independent_chip_rep2	5.50729	1.0	0.41	615	0
independent_chip_rep2	5.49826	1.0	0.4106666666666667	616	0
independent_chip_rep2	5.49477	1.0	0.41133333333333333	617	0
independent_chip_rep2	5.48923	1.0	0.412	618	0
independent_chip_rep2	5.48734	1.0	0.4126666666666667	619	0
independent_chip_rep2	5.48301	1.0	0.418	627	0
independent_chip_rep2	5.47984	1.0	0.4186666666666667	628	0
independent_chip_rep2	5.47223	1.0	0.41933333333333334	629	0
independent_chip_rep2	5.47192	1.0	0.42	630	0
independent_chip_rep2	5.47074	1.0	0.4206666666666667	631	0
independent_chip_rep2	5.46364	1.0	0.42133333333333334	632	0
independent_chip_rep2	5.46136	1.0	0.422	633	0
independent_chip_rep2	5.44412	1.0	0.424	636	0
independent_chip_rep2	5.44017	1.0	0.4246666666666667	637	0
independent_chip_rep2	5.43657	1.0	0.42533333333333334	638	0
independent_chip_rep2	5.43451	1.0	0.426	639	0
independent_chip_rep2	5.40523	1.0	0.43266666666666664	649	0
independent_chip_rep2	5.39828	1.0	0.43333333333333335	650	0
independent_chip_rep2	5.39631	1.0	0.434	651	0
independent_chip_rep2	5.38756	1.0	0.43466666666666665	652	0
independent_chip_rep2	5.37643	1.0	0.43533333333333335	653	0
independent_chip_rep2	5.37531	1.0	0.436	654	0
independent_chip_rep2	5.36635	1.0	0.44066666666666665	661	0
independent_chip_rep2	5.36274	1.0	0.44133333333333336	662	0
independent_chip_rep2	5.36188	1.0	0.442	663	0
independent_chip_rep2	5.35951	1.0	0.44266666666666665	664	0
independent_chip_rep2	5.34773	1.0	0.44333333333333336	665	0
independent_chip_rep2	5.33983	1.0	0.444	666	0
independent_chip_rep2	5.33884	1.0	0.44466666666666665	667	0
independent_chip_rep2	5.33745	1.0	0.446	669	0
independent_chip_rep2	5.33621	1.0	0.44733333333333336	671	0
independent_chip_rep2	5.32746	1.0	0.45266666666666666	679	0
independent_chip_rep2	5.32582	1.0	0.4533333333333333	680	0
independent_chip_rep2	5.30341	1.0	0.454	681	0
independent_chip_rep2	5.30311	1.0	0.45466666666666666	682	0
independent_chip_rep2	5.30244	1.0	0.4553333333333333	683	0
independent_chip_rep2	5.29931	1.0	0.456	684	0
independent_chip_rep2	5.29461	1.0	0.45666666666666667	685	0
independent_chip_rep2	5.29454	1.0	0.4573333333333333	686	0
independent_chip_rep2	5.29189	1.0	0.458	687	0
independent_chip_rep2	5.29062	1.0	0.45866666666666667	688	0
independent_chip_rep2	5.28858	1.0	0.4633333333333333	695	0
independent_chip_rep2	5.28824	1.0	0.464	696	0
independent_chip_rep2	5.28343	1.0	0.4646666666666667	697	0
independent_chip_rep2	5.27686	1.0	0.4653333333333333	698	0
independent_chip_rep2	5.26717	1.0	0.466	699	0
independent_chip_rep2	5.25336	1.0	0.4666666666666667	700	0
independent_chip_rep2	5.24969	1.0	0.4706666666666667	706	0
independent_chip_rep2	5.23995	1.0	0.4726666666666667	709	0
independent_chip_rep2	5.23158	1.0	0.47333333333333333	710	0
independent_chip_rep2	5.2307	1.0	0.474	711	0
independent_chip_rep2	5.22813	1.0	0.4746666666666667	712	0
independent_chip_rep2	5.22622	1.0	0.47533333333333333	713	0
independent_chip_rep2	5.2116	1.0	0.476	714	0
independent_chip_rep2	5.2108	1.0	0.4826666666666667	724	0
independent_chip_rep2	5.18845	1.0	0.48333333333333334	725	0
independent_chip_rep2	5.18084	1.0	0.4846666666666667	727	0
independent_chip_rep2	5.17328	1.0	0.48533333333333334	728	0
independent_chip_rep2	5.17221	1.0	0.486	729	0
independent_chip_rep2	5.17192	1.0	0.4886666666666667	733	0
independent_chip_rep2	5.16615	1.0	0.48933333333333334	734	0
independent_chip_rep2	5.15954	1.0	0.49	735	0
independent_chip_rep2	5.14467	1.0	0.49066666666666664	736	0
independent_chip_rep2	5.13763	1.0	0.49133333333333334	737	0
independent_chip_rep2	5.13303	1.0	0.49733333333333335	746	0
independent_chip_rep2	5.12395	1.0	0.498	747	0
independent_chip_rep2	5.11902	1.0	0.49866666666666665	748	0
independent_chip_rep2	5.11609	1.0	0.49933333333333335	749	0
independent_chip_rep2	5.10844	1.0	0.5	750	0
independent_chip_rep2	5.10655	1.0	0.5006666666666667	751	0
independent_chip_rep2	5.10397	1.0	0.5013333333333333	752	0
independent_chip_rep2	5.09906	1.0	0.5026666666666667	754	0
independent_chip_rep2	5.09664	1.0	0.5033333333333333	755	0
independent_chip_rep2	5.09414	1.0	0.506	759	0
independent_chip_rep2	5.09235	1.0	0.5073333333333333	761	0
independent_chip_rep2	5.09229	1.0	0.508	762	0
independent_chip_rep2	5.08837	1.0	0.5086666666666667	763	0
independent_chip_rep2	5.08518	1.0	0.5093333333333333	764	0
independent_chip_rep2	5.08317	1.0	0.51	765	0
independent_chip_rep2	5.07565	1.0	0.5106666666666667	766	0
independent_chip_rep2	5.06891	1.0	0.5113333333333333	767	0
independent_chip_rep2	5.05526	1.0	0.5153333333333333	773	0
independent_chip_rep2	5.03405	1.0	0.516	774	0
independent_chip_rep2	5.02481	1.0	0.5166666666666667	775	0
independent_chip_rep2	5.01855	1.0	0.5173333333333333	776	0
independent_chip_rep2	5.01637	1.0	0.522	783	0
independent_chip_rep2	5.01595	1.0	0.5226666666666666	784	0
independent_chip_rep2	5.0137	1.0	0.5233333333333333	785	0
independent_chip_rep2	5.0122	1.0	0.524	786	0
independent_chip_rep2	5.00963	1.0	0.5246666666666666	787	0
independent_chip_rep2	5.00046	1.0	0.526	789	0
independent_chip_rep2	4.99975	1.0	0.5266666666666666	790	0
independent_chip_rep2	4.99551	1.0	0.5273333333333333	791	0
independent_chip_rep2	4.99438	1.0	0.528	792	0
independent_chip_rep2	4.98871	1.0	0.5286666666666666	793	0
independent_chip_rep2	4.9816	1.0	0.5293333333333333	794	0
independent_chip_rep2	4.97829	1.0	0.53	795	0
independent_chip_rep2	4.97748	1.0	0.538	807	0
independent_chip_rep2	4.9647	1.0	0.5386666666666666	808	0
independent_chip_rep2	4.96413	1.0	0.5393333333333333	809	0
independent_chip_rep2	4.96352	1.0	0.54	810	0
independent_chip_rep2	4.96286	1.0	0.5413333333333333	812	0
independent_chip_rep2	4.94724	1.0	0.542	813	0
independent_chip_rep2	4.9356	1.0	0.5426666666666666	814	0
independent_chip_rep2	4.93093	1.0	0.5433333333333333	815	0
independent_chip_rep2	4.92917	1.0	0.544	816	0
independent_chip_rep2	4.92808	1.0	0.5446666666666666	817	0
independent_chip_rep2	4.91426	1.0	0.5453333333333333	818	0
independent_chip_rep2	4.90785	1.0	0.546	819	0
independent_chip_rep2	4.90489	1.0	0.5466666666666666	820	0
independent_chip_rep2	4.90417	1.0	0.5473333333333333	821	0
independent_chip_rep2	4.89971	1.0	0.5486666666666666	823	0
independent_chip_rep2	4.89716	1.0	0.5493333333333333	824	0
independent_chip_rep2	4.88952	1.0	0.55	825	0
independent_chip_rep2	4.87853	1.0	0.552	828	0
independent_chip_rep2	4.87703	1.0	0.5526666666666666	829	0
independent_chip_rep2	4.87691	1.0	0.5533333333333333	830	0
independent_chip_rep2	4.86724	1.0	0.554	831	0
independent_chip_rep2	4.86525	1.0	0.5546666666666666	832	0
independent_chip_rep2	4.86082	1.0	0.5586666666666666	838	0
independent_chip_rep2	4.85925	1.0	0.5593333333333333	839	0
independent_chip_rep2	4.85699	1.0	0.56	840	0
independent_chip_rep2	4.853	1.0	0.5606666666666666	841	0
independent_chip_rep2	4.85035	1.0	0.5613333333333334	842	0
independent_chip_rep2	4.85007	1.0	0.562	843	0
independent_chip_rep2	4.84851	1.0	0.5633333333333334	845	0
independent_chip_rep2	4.84418	1.0	0.564	846	0
independent_chip_rep2	4.83457	1.0	0.5646666666666667	847	0
independent_chip_rep2	4.82961	1.0	0.5653333333333334	848	0
independent_chip_rep2	4.82194	1.0	0.5666666666666667	850	0
independent_chip_rep2	4.81993	1.0	0.5673333333333334	851	0
independent_chip_rep2	4.81695	1.0	0.568	852	0
independent_chip_rep2	4.81552	1.0	0.5686666666666667	853	0
independent_chip_rep2	4.80267	1.0	0.5693333333333334	854	0
independent_chip_rep2	4.79574	1.0	0.57	855	0
independent_chip_rep2	4.79007	1.0	0.5706666666666667	856	0
independent_chip_rep2	4.78305	1.0	0.5733333333333334	860	0
independent_chip_rep2	4.78231	1.0	0.574	861	0
independent_chip_rep2	4.77814	1.0	0.5746666666666667	862	0
independent_chip_rep2	4.76736	1.0	0.5753333333333334	863	0
independent_chip_rep2	4.76206	1.0	0.576	864	0
independent_chip_rep2	4.76039	1.0	0.5766666666666667	865	0
independent_chip_rep2	4.76024	1.0	0.5773333333333334	866	0
independent_chip_rep2	4.75108	1.0	0.578	867	0
independent_chip_rep2	4.74416	1.0	0.5806666666666667	871	0
independent_chip_rep2	4.72252	1.0	0.5813333333333334	872	0
independent_chip_rep2	4.71942	1.0	0.5826666666666667	874	0
independent_chip_rep2	4.71665	1.0	0.5833333333333334	875	0
independent_chip_rep2	4.70675	1.0	0.584	876	0
independent_chip_rep2	4.70528	1.0	0.5853333333333334	878	0
independent_chip_rep2	4.70391	1.0	0.586	879	0
independent_chip_rep2	4.70147	1.0	0.5866666666666667	880	0
independent_chip_rep2	4.69696	1.0	0.5873333333333334	881	0
independent_chip_rep2	4.6849	1.0	0.588	882	0
independent_chip_rep2	4.68446	1.0	0.5886666666666667	883	0
independent_chip_rep2	4.68268	1.0	0.59	885	0
independent_chip_rep2	4.67712	1.0	0.5906666666666667	886	0
independent_chip_rep2	4.67427	1.0	0.5913333333333334	887	0
independent_chip_rep2	4.66639	1.0	0.5933333333333334	890	0
independent_chip_rep2	4.66017	1.0	0.594	891	0
independent_chip_rep2	4.64954	1.0	0.5946666666666667	892	0
independent_chip_rep2	4.6495	1.0	0.5953333333333334	893	0
independent_chip_rep2	4.64942	1.0	0.596	894	0
independent_chip_rep2	4.64276	1.0	0.5966666666666667	895	0
independent_chip_rep2	4.62579	1.0	0.5973333333333334	896	0
independent_chip_rep2	4.62449	1.0	0.598	897	0
independent_chip_rep2	4.61883	1.0	0.5986666666666667	898	0
independent_chip_rep2	4.61642	1.0	0.5993333333333334	899	0
independent_chip_rep2	4.61269	1.0	0.6	900	0
independent_chip_rep2	4.60591	1.0	0.6006666666666667	901	0
independent_chip_rep2	4.59847	1.0	0.6013333333333334	902	0
independent_chip_rep2	4.58862	1.0	0.6033333333333334	905	0
independent_chip_rep2	4.58619	1.0	0.604	906	0
independent_chip_rep2	4.5819	1.0	0.6046666666666667	907	0
independent_chip_rep2	4.57959	1.0	0.6053333333333333	908	0
independent_chip_rep2	4.57894	1.0	0.606	909	0
independent_chip_rep2	4.57574	1.0	0.6073333333333333	911	0
independent_chip_rep2	4.56933	1.0	0.608	912	0
independent_chip_rep2	4.56736	1.0	0.6086666666666667	913	0
independent_chip_rep2	4.56702	1.0	0.6093333333333333	914	0
independent_chip_rep2	4.56419	1.0	0.61	915	0
independent_chip_rep2	4.55942	1.0	0.6106666666666667	916	0
independent_chip_rep2	4.54973	1.0	0.612	918	0
independent_chip_rep2	4.54451	1.0	0.6126666666666667	919	0
independent_chip_rep2	4.54058	1.0	0.614	921	0
independent_chip_rep2	4.52989	1.0	0.6146666666666667	922	0
independent_chip_rep2	4.51084	1.0	0.6153333333333333	923	0
independent_chip_rep2	4.50967	1.0	0.616	924	0
independent_chip_rep2	4.50941	1.0	0.6166666666666667	925	0
independent_chip_rep2	4.50481	1.0	0.6173333333333333	926	0
independent_chip_rep2	4.49187	1.0	0.618	927	0
independent_chip_rep2	4.4827	1.0	0.6186666666666667	928	0
independent_chip_rep2	4.47471	1.0	0.6193333333333333	929	0
independent_chip_rep2	4.47196	1.0	0.6206666666666667	931	0
independent_chip_rep2	4.47174	1.0	0.6213333333333333	932	0
independent_chip_rep2	4.4581	1.0	0.622	933	0
independent_chip_rep2	4.45519	1.0	0.6226666666666667	934	0
independent_chip_rep2	4.4492	1.0	0.6233333333333333	935	0
independent_chip_rep2	4.44362	1.0	0.624	936	0
independent_chip_rep2	4.43808	1.0	0.6246666666666667	937	0
independent_chip_rep2	4.43395	1.0	0.6253333333333333	938	0
independent_chip_rep2	4.42804	1.0	0.626	939	0
independent_chip_rep2	4.42156	1.0	0.6266666666666667	940	0
independent_chip_rep2	4.4144	1.0	0.6273333333333333	941	0
independent_chip_rep2	4.41388	1.0	0.628	942	0
independent_chip_rep2	4.40305	1.0	0.6286666666666667	943	0
independent_chip_rep2	4.39418	1.0	0.63	945	0
independent_chip_rep2	4.38612	1.0	0.6313333333333333	947	0
independent_chip_rep2	4.37204	1.0	0.632	948	0
independent_chip_rep2	4.3553	1.0	0.6326666666666667	949	0
independent_chip_rep2	4.35309	1.0	0.634	951	0
independent_chip_rep2	4.34209	1.0	0.6346666666666667	952	0
independent_chip_rep2	4.33878	1.0	0.6353333333333333	953	0
independent_chip_rep2	4.31737	1.0	0.636	954	0
independent_chip_rep2	4.31235	1.0	0.6366666666666667	955	0
independent_chip_rep2	4.30753	1.0	0.6373333333333333	956	0
independent_chip_rep2	4.30664	1.0	0.638	957	0
independent_chip_rep2	4.29658	1.0	0.6386666666666667	958	0
independent_chip_rep2	4.27752	1.0	0.6393333333333333	959	0
independent_chip_rep2	4.2699	1.0	0.64	960	0
independent_chip_rep2	4.26496	1.0	0.6406666666666667	961	0
independent_chip_rep2	4.25813	1.0	0.6413333333333333	962	0
independent_chip_rep2	4.25693	1.0	0.642	963	0
independent_chip_rep2	4.25546	1.0	0.6426666666666667	964	0
independent_chip_rep2	4.23777	1.0	0.6433333333333333	965	0
independent_chip_rep2	4.20317	1.0	0.644	966	0
independent_chip_rep2	4.19975	1.0	0.6446666666666667	967	0
independent_chip_rep2	4.1988	1.0	0.6453333333333333	968	0
independent_chip_rep2	4.18125	1.0	0.646	969	0
independent_chip_rep2	4.16982	1.0	0.6466666666666666	970	0
independent_chip_rep2	4.15414	1.0	0.6473333333333333	971	0
independent_chip_rep2	4.14159	1.0	0.648	972	0
independent_chip_rep2	4.13617	1.0	0.6486666666666666	973	0
independent_chip_rep2	4.13391	1.0	0.6493333333333333	974	0
independent_chip_rep2	4.12198	1.0	0.6506666666666666	976	0
independent_chip_rep2	4.11592	1.0	0.6513333333333333	977	0
independent_chip_rep2	4.10598	1.0	0.652	978	0
independent_chip_rep2	4.10417	1.0	0.6526666666666666	979	0
independent_chip_rep2	4.094	1.0	0.6533333333333333	980	0
independent_chip_rep2	4.08659	1.0	0.654	981	0
independent_chip_rep2	4.08414	1.0	0.6546666666666666	982	0
independent_chip_rep2	4.08309	1.0	0.6553333333333333	983	0
independent_chip_rep2	4.05521	1.0	0.656	984	0
independent_chip_rep2	4.05399	1.0	0.6566666666666666	985	0
independent_chip_rep2	4.0475	1.0	0.6573333333333333	986	0
independent_chip_rep2	4.0442	1.0	0.658	987	0
independent_chip_rep2	4.01904	1.0	0.6586666666666666	988	0
independent_chip_rep2	4.01365	1.0	0.6593333333333333	989	0
independent_chip_rep2	4.00532	1.0	0.66	990	0
independent_chip_rep2	3.98684	1.0	0.6606666666666666	991	0
independent_chip_rep2	3.98526	1.0	0.6613333333333333	992	0
independent_chip_rep2	3.98525	1.0	0.662	993	0
independent_chip_rep2	3.98524	1.0	0.6626666666666666	994	0
independent_chip_rep2	3.96643	1.0	0.664	996	0
independent_chip_rep2	3.92905	1.0	0.6646666666666666	997	0
independent_chip_rep2	3.92754	1.0	0.666	999	0
independent_chip_rep2	3.91254	1.0	0.6666666666666666	1000	0
independent_chip_rep2	3.89979	1.0	0.6673333333333333	1001	0
independent_chip_rep2	3.89729	1.0	0.668	1002	0
independent_chip_rep2	3.88883	1.0	0.6686666666666666	1003	0
independent_chip_rep2	3.88866	1.0	0.6713333333333333	1007	0
independent_chip_rep2	3.88726	1.0	0.672	1008	0
independent_chip_rep2	3.87662	1.0	0.6726666666666666	1009	0
independent_chip_rep2	3.87622	1.0	0.6733333333333333	1010	0
independent_chip_rep2	3.86069	1.0	0.674	1011	0
independent_chip_rep2	3.84977	1.0	0.6753333333333333	1013	0
independent_chip_rep2	3.8468	1.0	0.676	1014	0
independent_chip_rep2	3.83494	1.0	0.6773333333333333	1016	0
independent_chip_rep2	3.8144	1.0	0.678	1017	0
independent_chip_rep2	3.81089	1.0	0.6786666666666666	1018	0
independent_chip_rep2	3.772	1.0	0.68	1020	0
independent_chip_rep2	3.76222	1.0	0.6806666666666666	1021	0
independent_chip_rep2	3.75746	1.0	0.6813333333333333	1022	0
independent_chip_rep2	3.74729	1.0	0.682	1023	0
independent_chip_rep2	3.73795	1.0	0.6826666666666666	1024	0
independent_chip_rep2	3.73311	1.0	0.686	1029	0
independent_chip_rep2	3.71244	1.0	0.6866666666666666	1030	0
independent_chip_rep2	3.70984	1.0	0.6873333333333334	1031	0
independent_chip_rep2	3.69423	1.0	0.6893333333333334	1034	0
independent_chip_rep2	3.69011	1.0	0.69	1035	0
independent_chip_rep2	3.68455	1.0	0.6906666666666667	1036	0
independent_chip_rep2	3.66505	1.0	0.6913333333333334	1037	0
independent_chip_rep2	3.66287	1.0	0.692	1038	0
independent_chip_rep2	3.65534	1.0	0.6933333333333334	1040	0
independent_chip_rep2	3.65321	1.0	0.694	1041	0
independent_chip_rep2	3.64695	1.0	0.6946666666666667	1042	0
independent_chip_rep2	3.63866	1.0	0.6953333333333334	1043	0
independent_chip_rep2	3.63537	1.0	0.696	1044	0
independent_chip_rep2	3.61645	1.0	0.7	1050	0
independent_chip_rep2	3.61631	1.0	0.7006666666666667	1051	0
independent_chip_rep2	3.60085	1.0	0.7013333333333334	1052	0
independent_chip_rep2	3.57757	1.0	0.7046666666666667	1057	0
independent_chip_rep2	3.57221	1.0	0.706	1059	0
independent_chip_rep2	3.54621	1.0	0.7066666666666667	1060	0
independent_chip_rep2	3.54566	1.0	0.7073333333333334	1061	0
independent_chip_rep2	3.5425	1.0	0.708	1062	0
independent_chip_rep2	3.53868	1.0	0.718	1077	0
independent_chip_rep2	3.5355	1.0	0.7186666666666667	1078	0
independent_chip_rep2	3.53083	1.0	0.7193333333333334	1079	0
independent_chip_rep2	3.49979	1.0	0.724	1086	0
independent_chip_rep2	3.48946	1.0	0.7246666666666667	1087	0
independent_chip_rep2	3.48041	1.0	0.7253333333333334	1088	0
independent_chip_rep2	3.4687	1.0	0.726	1089	0
independent_chip_rep2	3.46627	1.0	0.7266666666666667	1090	0
independent_chip_rep2	3.46091	1.0	0.7326666666666667	1099	0
independent_chip_rep2	3.46028	1.0	0.7333333333333333	1100	0
independent_chip_rep2	3.45896	1.0	0.734	1101	0
independent_chip_rep2	3.44847	1.0	0.7346666666666667	1102	0
independent_chip_rep2	3.44403	1.0	0.7353333333333333	1103	0
independent_chip_rep2	3.439	1.0	0.736	1104	0
independent_chip_rep2	3.43207	1.0	0.7366666666666667	1105	0
independent_chip_rep2	3.4318	1.0	0.7373333333333333	1106	0
independent_chip_rep2	3.42202	1.0	0.7453333333333333	1118	0
independent_chip_rep2	3.41767	1.0	0.746	1119	0
independent_chip_rep2	3.40202	1.0	0.7466666666666667	1120	0
independent_chip_rep2	3.40123	1.0	0.7473333333333333	1121	0
independent_chip_rep2	3.40067	1.0	0.748	1122	0
independent_chip_rep2	3.39773	1.0	0.7486666666666667	1123	0
independent_chip_rep2	3.38506	1.0	0.7493333333333333	1124	0
independent_chip_rep2	3.38377	1.0	0.75	1125	0
independent_chip_rep2	3.38313	1.0	0.7553333333333333	1133	0
independent_chip_rep2	3.37927	1.0	0.756	1134	0
independent_chip_rep2	3.3735	1.0	0.7566666666666667	1135	0
independent_chip_rep2	3.37221	1.0	0.7573333333333333	1136	0
independent_chip_rep2	3.34425	1.0	0.762	1143	0
independent_chip_rep2	3.33389	1.0	0.7626666666666667	1144	0
independent_chip_rep2	3.33252	1.0	0.7633333333333333	1145	0
independent_chip_rep2	3.3211	1.0	0.764	1146	0
independent_chip_rep2	3.3169	1.0	0.7646666666666667	1147	0
independent_chip_rep2	3.31617	1.0	0.7653333333333333	1148	0
independent_chip_rep2	3.31278	1.0	0.766	1149	0
independent_chip_rep2	3.3098	1.0	0.7666666666666667	1150	0
independent_chip_rep2	3.30922	1.0	0.7673333333333333	1151	0
independent_chip_rep2	3.30544	1.0	0.768	1152	0
independent_chip_rep2	3.30536	1.0	0.776	1164	0
independent_chip_rep2	3.29557	1.0	0.7766666666666666	1165	0
independent_chip_rep2	3.29131	1.0	0.7773333333333333	1166	0
independent_chip_rep2	3.28611	1.0	0.778	1167	0
independent_chip_rep2	3.28481	1.0	0.7786666666666666	1168	0
independent_chip_rep2	3.27954	1.0	0.7793333333333333	1169	0
independent_chip_rep2	3.26819	1.0	0.78	1170	0
independent_chip_rep2	3.26647	1.0	0.7873333333333333	1181	0
independent_chip_rep2	3.26607	1.0	0.788	1182	0
independent_chip_rep2	3.26381	1.0	0.7886666666666666	1183	0
independent_chip_rep2	3.26071	1.0	0.7893333333333333	1184	0
independent_chip_rep2	3.25463	1.0	0.79	1185	0
independent_chip_rep2	3.23805	1.0	0.7906666666666666	1186	0
independent_chip_rep2	3.238	1.0	0.7913333333333333	1187	0
independent_chip_rep2	3.23338	1.0	0.792	1188	0
independent_chip_rep2	3.22759	1.0	0.8013333333333333	1202	0
independent_chip_rep2	3.22567	1.0	0.802	1203	0
independent_chip_rep2	3.22106	1.0	0.8026666666666666	1204	0
independent_chip_rep2	3.21893	1.0	0.8033333333333333	1205	0
independent_chip_rep2	3.21039	1.0	0.804	1206	0
independent_chip_rep2	3.20476	1.0	0.8046666666666666	1207	0
independent_chip_rep2	3.20247	1.0	0.8053333333333333	1208	0
independent_chip_rep2	3.20127	1.0	0.806	1209	0
independent_chip_rep2	3.19578	1.0	0.8066666666666666	1210	0
independent_chip_rep2	3.19428	1.0	0.8073333333333333	1211	0
independent_chip_rep2	3.1887	1.0	0.814	1221	0
independent_chip_rep2	3.18825	1.0	0.8146666666666667	1222	0
independent_chip_rep2	3.18225	1.0	0.8153333333333334	1223	0
independent_chip_rep2	3.18061	1.0	0.8166666666666667	1225	0
independent_chip_rep2	3.18015	1.0	0.8173333333333334	1226	0
independent_chip_rep2	3.17349	1.0	0.8186666666666667	1228	0
independent_chip_rep2	3.17104	1.0	0.8193333333333334	1229	0
independent_chip_rep2	3.16386	1.0	0.82	1230	0
independent_chip_rep2	3.155	1.0	0.8206666666666667	1231	0
independent_chip_rep2	3.15202	1.0	0.822	1233	0
independent_chip_rep2	3.14981	1.0	0.8306666666666667	1246	0
independent_chip_rep2	3.14963	1.0	0.8313333333333334	1247	0
independent_chip_rep2	3.14887	1.0	0.832	1248	0
independent_chip_rep2	3.1481	1.0	0.8326666666666667	1249	0
independent_chip_rep2	3.14628	1.0	0.8333333333333334	1250	0
independent_chip_rep2	3.14093	1.0	0.834	1251	0
independent_chip_rep2	3.13594	1.0	0.8346666666666667	1252	0
independent_chip_rep2	3.13131	1.0	0.8353333333333334	1253	0
independent_chip_rep2	3.127	1.0	0.836	1254	0
independent_chip_rep2	3.12638	1.0	0.8366666666666667	1255	0
independent_chip_rep2	3.12179	1.0	0.8373333333333334	1256	0
independent_chip_rep2	3.12177	1.0	0.838	1257	0
independent_chip_rep2	3.11717	1.0	0.8386666666666667	1258	0
independent_chip_rep2	3.11132	1.0	0.8393333333333334	1259	0
independent_chip_rep2	3.11093	1.0	0.842	1263	0
independent_chip_rep2	3.10619	1.0	0.8426666666666667	1264	0
independent_chip_rep2	3.10397	1.0	0.8433333333333334	1265	0
independent_chip_rep2	3.09969	1.0	0.844	1266	0
independent_chip_rep2	3.0937	1.0	0.8446666666666667	1267	0
independent_chip_rep2	3.09002	1.0	0.8453333333333334	1268	0
independent_chip_rep2	3.07956	1.0	0.8466666666666667	1270	0
independent_chip_rep2	3.07636	1.0	0.8473333333333334	1271	0
independent_chip_rep2	3.07207	1.0	0.848	1272	0
independent_chip_rep2	3.07204	1.0	0.8533333333333334	1280	0
independent_chip_rep2	3.06756	1.0	0.854	1281	0
independent_chip_rep2	3.06565	1.0	0.8553333333333333	1283	0
independent_chip_rep2	3.0641	1.0	0.856	1284	0
independent_chip_rep2	3.06338	1.0	0.8566666666666667	1285	0
independent_chip_rep2	3.06326	1.0	0.8573333333333333	1286	0
independent_chip_rep2	3.05537	1.0	0.858	1287	0
independent_chip_rep2	3.04751	1.0	0.8586666666666667	1288	0
independent_chip_rep2	3.04655	1.0	0.8593333333333333	1289	0
independent_chip_rep2	3.04468	1.0	0.86	1290	0
independent_chip_rep2	3.0414	1.0	0.8606666666666667	1291	0
independent_chip_rep2	3.04017	1.0	0.8613333333333333	1292	0
independent_chip_rep2	3.03794	1.0	0.862	1293	0
independent_chip_rep2	3.0349	1.0	0.8626666666666667	1294	0
independent_chip_rep2	3.03367	1.0	0.8633333333333333	1295	0
independent_chip_rep2	3.03315	1.0	0.8686666666666667	1303	0
independent_chip_rep2	3.02733	1.0	0.8706666666666667	1306	0
independent_chip_rep2	3.02589	1.0	0.872	1308	0
independent_chip_rep2	3.01557	1.0	0.8726666666666667	1309	0
independent_chip_rep2	3.00894	1.0	0.8733333333333333	1310	0
independent_chip_rep2	3.00843	1.0	0.874	1311	0
independent_chip_rep2	3.00797	1.0	0.8746666666666667	1312	0
independent_chip_rep2	3.00645	1.0	0.8753333333333333	1313	0
independent_chip_rep2	3.00584	1.0	0.876	1314	0
independent_chip_rep2	3.00217	1.0	0.8766666666666667	1315	0
independent_chip_rep2	3.00191	1.0	0.8773333333333333	1316	0
independent_chip_rep2	2.99427	1.0	0.8826666666666667	1324	0
independent_chip_rep2	2.98899	1.0	0.884	1326	0
independent_chip_rep2	2.98897	1.0	0.8846666666666667	1327	0
independent_chip_rep2	2.98847	1.0	0.8853333333333333	1328	0
independent_chip_rep2	2.98154	1.0	0.886	1329	0
independent_chip_rep2	2.97894	1.0	0.8866666666666667	1330	0
independent_chip_rep2	2.97311	1.0	0.8873333333333333	1331	0
independent_chip_rep2	2.97261	1.0	0.888	1332	0
independent_chip_rep2	2.97087	1.0	0.8886666666666667	1333	0
independent_chip_rep2	2.9653	1.0	0.8893333333333333	1334	0
independent_chip_rep2	2.96417	1.0	0.89	1335	0
independent_chip_rep2	2.95538	1.0	0.896	1344	0
independent_chip_rep2	2.95395	1.0	0.8966666666666666	1345	0
independent_chip_rep2	2.95209	1.0	0.8973333333333333	1346	0
independent_chip_rep2	2.9494	1.0	0.898	1347	0
independent_chip_rep2	2.9443	1.0	0.8986666666666666	1348	0
independent_chip_rep2	2.93653	1.0	0.8993333333333333	1349	0
independent_chip_rep2	2.9326	1.0	0.9006666666666666	1351	0
independent_chip_rep2	2.9167	1.0	0.9013333333333333	1352	0
independent_chip_rep2	2.91649	1.0	0.9053333333333333	1358	0
independent_chip_rep2	2.90986	1.0	0.906	1359	0
independent_chip_rep2	2.90727	1.0	0.9066666666666666	1360	0
independent_chip_rep2	2.90157	1.0	0.9073333333333333	1361	0
independent_chip_rep2	2.89769	1.0	0.908	1362	0
independent_chip_rep2	2.89209	1.0	0.9086666666666666	1363	0
independent_chip_rep2	2.88577	1.0	0.9093333333333333	1364	0
independent_chip_rep2	2.88222	1.0	0.9106666666666666	1366	0
independent_chip_rep2	2.87761	1.0	0.9146666666666666	1372	0
independent_chip_rep2	2.87179	1.0	0.9153333333333333	1373	0
independent_chip_rep2	2.87075	1.0	0.916	1374	0
independent_chip_rep2	2.87003	1.0	0.9166666666666666	1375	0
independent_chip_rep2	2.86661	1.0	0.9173333333333333	1376	0
independent_chip_rep2	2.86038	1.0	0.918	1377	0
independent_chip_rep2	2.86006	1.0	0.9193333333333333	1379	0
independent_chip_rep2	2.8561	1.0	0.9206666666666666	1381	0
independent_chip_rep2	2.85154	1.0	0.9213333333333333	1382	0
independent_chip_rep2	2.85097	1.0	0.922	1383	0
independent_chip_rep2	2.8486	1.0	0.9226666666666666	1384	0
independent_chip_rep2	2.84488	1.0	0.9233333333333333	1385	0
independent_chip_rep2	2.84138	1.0	0.924	1386	0
independent_chip_rep2	2.83904	1.0	0.9246666666666666	1387	0
independent_chip_rep2	2.83872	1.0	0.9266666666666666	1390	0
independent_chip_rep2	2.83165	1.0	0.928	1392	0
independent_chip_rep2	2.82824	1.0	0.9286666666666666	1393	0
independent_chip_rep2	2.82595	1.0	0.9293333333333333	1394	0
independent_chip_rep2	2.82289	1.0	0.93	1395	0
independent_chip_rep2	2.81981	1.0	0.9306666666666666	1396	0
independent_chip_rep2	2.81718	1.0	0.9313333333333333	1397	0
independent_chip_rep2	2.81605	1.0	0.932	1398	0
independent_chip_rep2	2.81497	1.0	0.9326666666666666	1399	0
independent_chip_rep2	2.8118	1.0	0.9333333333333333	1400	0
independent_chip_rep2	2.80448	1.0	0.934	1401	0
independent_chip_rep2	2.8032	1.0	0.9353333333333333	1403	0
independent_chip_rep2	2.79983	1.0	0.9373333333333334	1406	0
independent_chip_rep2	2.79879	1.0	0.938	1407	0
independent_chip_rep2	2.7968	1.0	0.9386666666666666	1408	0
independent_chip_rep2	2.79559	1.0	0.9393333333333334	1409	0
independent_chip_rep2	2.78972	1.0	0.94	1410	0
independent_chip_rep2	2.78968	1.0	0.9406666666666667	1411	0
independent_chip_rep2	2.78378	1.0	0.942	1413	0
independent_chip_rep2	2.7804	1.0	0.9426666666666667	1414	0
independent_chip_rep2	2.77098	1.0	0.9433333333333334	1415	0
independent_chip_rep2	2.76942	1.0	0.9446666666666667	1417	0
independent_chip_rep2	2.76383	1.0	0.9453333333333334	1418	0
independent_chip_rep2	2.76095	1.0	0.946	1419	0
independent_chip_rep2	2.75171	1.0	0.9466666666666667	1420	0
independent_chip_rep2	2.74738	1.0	0.9473333333333334	1421	0
independent_chip_rep2	2.74394	1.0	0.948	1422	0
independent_chip_rep2	2.73565	1.0	0.9486666666666667	1423	0
independent_chip_rep2	2.72834	1.0	0.9493333333333334	1424	0
independent_chip_rep2	2.72326	1.0	0.95	1425	0
independent_chip_rep2	2.72206	1.0	0.952	1428	0
independent_chip_rep2	2.71882	1.0	0.9526666666666667	1429	0
independent_chip_rep2	2.71726	1.0	0.9533333333333334	1430	0
independent_chip_rep2	2.71128	1.0	0.954	1431	0
independent_chip_rep2	2.70431	1.0	0.9546666666666667	1432	0
independent_chip_rep2	2.68463	1.0	0.9553333333333334	1433	0
independent_chip_rep2	2.68244	1.0	0.956	1434	0
independent_chip_rep2	2.67976	1.0	0.9566666666666667	1435	0
independent_chip_rep2	2.6681	1.0	0.9573333333333334	1436	0
independent_chip_rep2	2.66703	1.0	0.958	1437	0
independent_chip_rep2	2.66568	1.0	0.9586666666666667	1438	0
independent_chip_rep2	2.6644	1.0	0.9593333333333334	1439	0
independent_chip_rep2	2.65686	1.0	0.9606666666666667	1441	0
independent_chip_rep2	2.65684	1.0	0.9613333333333334	1442	0
independent_chip_rep2	2.65683	1.0	0.962	1443	0
independent_chip_rep2	2.64853	1.0	0.9626666666666667	1444	0
independent_chip_rep2	2.64429	1.0	0.964	1446	0
independent_chip_rep2	2.64412	1.0	0.9646666666666667	1447	0
independent_chip_rep2	2.63715	1.0	0.9653333333333334	1448	0
independent_chip_rep2	2.62965	1.0	0.9666666666666667	1450	0
independent_chip_rep2	2.62363	1.0	0.968	1452	0
independent_chip_rep2	2.62121	1.0	0.9686666666666667	1453	0
independent_chip_rep2	2.60796	1.0	0.9693333333333334	1454	0
independent_chip_rep2	2.60327	1.0	0.9706666666666667	1456	0
independent_chip_rep2	2.58694	1.0	0.9713333333333334	1457	0
independent_chip_rep2	2.57669	1.0	0.972	1458	0
independent_chip_rep2	2.56651	1.0	0.974	1461	0
independent_chip_rep2	2.56624	1.0	0.9746666666666667	1462	0
independent_chip_rep2	2.55152	1.0	0.9753333333333334	1463	0
independent_chip_rep2	2.55013	1.0	0.976	1464	0
independent_chip_rep2	2.54795	1.0	0.9773333333333334	1466	0
independent_chip_rep2	2.54618	1.0	0.978	1467	0
independent_chip_rep2	2.54441	1.0	0.9786666666666667	1468	0
independent_chip_rep2	2.54233	1.0	0.9793333333333333	1469	0
independent_chip_rep2	2.52005	1.0	0.98	1470	0
independent_chip_rep2	2.50798	1.0	0.9806666666666667	1471	0
independent_chip_rep2	2.50685	1.0	0.982	1473	0
independent_chip_rep2	2.50586	1.0	0.9826666666666667	1474	0
independent_chip_rep2	2.49868	1.0	0.9833333333333333	1475	0
independent_chip_rep2	2.48939	1.0	0.984	1476	0
independent_chip_rep2	2.4831	1.0	0.9846666666666667	1477	0
independent_chip_rep2	2.47471	1.0	0.9853333333333333	1478	0
independent_chip_rep2	2.46705	1.0	0.986	1479	0
independent_chip_rep2	2.46145	1.0	0.9866666666666667	1480	0
independent_chip_rep2	2.44995	1.0	0.9873333333333333	1481	0
independent_chip_rep2	2.44772	1.0	0.988	1482	0
independent_chip_rep2	2.44257	1.0	0.9886666666666667	1483	0
independent_chip_rep2	2.43871	1.0	0.9893333333333333	1484	0
independent_chip_rep2	2.40284	1.0	0.99	1485	0
independent_chip_rep2	2.36812	1.0	0.9906666666666667	1486	0
independent_chip_rep2	2.36623	1.0	0.9913333333333333	1487	0
independent_chip_rep2	2.34949	1.0	0.992	1488	0
independent_chip_rep2	2.3351	1.0	0.9926666666666667	1489	0
independent_chip_rep2	2.32471	1.0	0.9933333333333333	1490	0
independent_chip_rep2	2.30572	1.0	0.994	1491	0
independent_chip_rep2	2.28563	1.0	0.9946666666666667	1492	0
independent_chip_rep2	2.27728	1.0	0.9953333333333333	1493	0
independent_chip_rep2	2.21095	1.0	0.996	1494	0
independent_chip_rep2	2.18904	1.0	0.9966666666666667	1495	0
independent_chip_rep2	2.15076	1.0	0.9973333333333333	1496	0
independent_chip_rep2	2.12329	1.0	0.998	1497	0
independent_chip_rep2	2.0188	1.0	0.9986666666666667	1498	0
independent_chip_rep2	1.87364	1.0	0.9993333333333333	1499	0
independent_chip_rep2	1.82037	1.0	1.0	1500	0
independent_chip_rep2	0.0	0.5	1.0	1500	1500
independent_idr	Inf	1.0	0.0	0	0
independent_idr	15.01069	1.0	0.0013333333333333333	2	0
independent_idr	14.9718	1.0	0.002	3	0
independent_idr	14.89699	1.0	0.0026666666666666666	4	0
independent_idr	14.89403	1.0	0.0033333333333333335	5	0
independent_idr	14.85514	1.0	0.004	6	0
independent_idr	14.81626	1.0	0.005333333333333333	8	0
independent_idr	14.7712	1.0	0.006	9	0
independent_idr	14.73848	1.0	0.006666666666666667	10	0
independent_idr	14.73224	1.0	0.007333333333333333	11	0
independent_idr	14.6996	1.0	0.008	12	0
independent_idr	14.69959	1.0	0.009333333333333334	14	0
independent_idr	14.6911	1.0	0.01	15	0
independent_idr	14.68465	1.0	0.010666666666666666	16	0
independent_idr	14.6821	1.0	0.011333333333333334	17	0
independent_idr	14.62182	1.0	0.012	18	0
independent_idr	14.58873	1.0	0.012666666666666666	19	0
independent_idr	14.54534	1.0	0.013333333333333334	20	0
independent_idr	14.54404	1.0	0.014	21	0
independent_idr	14.54403	1.0	0.014666666666666666	22	0
independent_idr	14.53116	1.0	0.015333333333333332	23	0
independent_idr	14.51922	1.0	0.016	24	0
independent_idr	14.50516	1.0	0.018	27	0
independent_idr	14.50515	1.0	0.018666666666666668	28	0
independent_idr	14.49368	1.0	0.019333333333333334	29	0
independent_idr	14.48657	1.0	0.02	30	0
independent_idr	14.47423	1.0	0.020666666666666667	31	0
independent_idr	14.47409	1.0	0.021333333333333333	32	0
independent_idr	14.46627	1.0	0.023333333333333334	35	0
independent_idr	14.46623	1.0	0.024	36	0
independent_idr	14.44415	1.0	0.024666666666666667	37	0
independent_idr	14.42738	1.0	0.025333333333333333	38	0
independent_idr	14.42331	1.0	0.026	39	0
independent_idr	14.40372	1.0	0.02666666666666667	40	0
independent_idr	14.40303	1.0	0.027333333333333334	41	0
independent_idr	14.39666	1.0	0.028	42	0
independent_idr	14.39627	1.0	0.028666666666666667	43	0
independent_idr	14.38849	1.0	0.029333333333333333	44	0
independent_idr	14.38848	1.0	0.03	45	0
independent_idr	14.35687	1.0	0.030666666666666665	46	0
independent_idr	14.354	1.0	0.03133333333333333	47	0
independent_idr	14.3496	1.0	0.032	48	0
independent_idr	14.34959	1.0	0.03333333333333333	50	0
independent_idr	14.32302	1.0	0.034	51	0
independent_idr	14.319	1.0	0.034666666666666665	52	0
independent_idr	14.3107	1.0	0.035333333333333335	53	0
independent_idr	14.30644	1.0	0.036	54	0
independent_idr	14.29704	1.0	0.03666666666666667	55	0
independent_idr	14.29252	1.0	0.037333333333333336	56	0
independent_idr	14.27184	1.0	0.038	57	0
independent_idr	14.27183	1.0	0.03866666666666667	58	0
independent_idr	14.26886	1.0	0.03933333333333333	59	0
independent_idr	14.23294	1.0	0.04066666666666666	61	0
independent_idr	14.23293	1.0	0.04133333333333333	62	0
independent_idr	14.21326	1.0	0.042	63	0
independent_idr	14.20578	1.0	0.042666666666666665	64	0
independent_idr	14.19943	1.0	0.043333333333333335	65	0
independent_idr	14.19565	1.0	0.044	66	0
independent_idr	14.19407	1.0	0.04466666666666667	67	0
independent_idr	14.19406	1.0	0.04533333333333334	68	0
independent_idr	14.19404	1.0	0.046	69	0
independent_idr	14.1778	1.0	0.04666666666666667	70	0
independent_idr	14.15518	1.0	0.04733333333333333	71	0
independent_idr	14.15515	1.0	0.048666666666666664	73	0
independent_idr	14.11661	1.0	0.04933333333333333	74	0
independent_idr	14.11627	1.0	0.05	75	0
independent_idr	14.11626	1.0	0.050666666666666665	76	0
independent_idr	14.09561	1.0	0.051333333333333335	77	0
independent_idr	14.0915	1.0	0.052	78	0
independent_idr	14.07808	1.0	0.05266666666666667	79	0
independent_idr	14.0774	1.0	0.05333333333333334	80	0
independent_idr	14.07152	1.0	0.054	81	0
independent_idr	14.0615	1.0	0.05466666666666667	82	0
independent_idr	14.05424	1.0	0.05533333333333333	83	0
independent_idr	14.04485	1.0	0.056	84	0
independent_idr	14.03848	1.0	0.056666666666666664	85	0
independent_idr	14.03663	1.0	0.05733333333333333	86	0
independent_idr	14.0357	1.0	0.058	87	0
independent_idr	13.97007	1.0	0.058666666666666666	88	0
independent_idr	13.96075	1.0	0.059333333333333335	89	0
independent_idr	13.96074	1.0	0.06	90	0
independent_idr	13.96072	1.0	0.06066666666666667	91	0
independent_idr	13.95389	1.0	0.06133333333333333	92	0
independent_idr	13.93499	1.0	0.062	93	0
independent_idr	13.92561	1.0	0.06266666666666666	94	0
independent_idr	13.92212	1.0	0.06333333333333334	95	0
independent_idr	13.89829	1.0	0.064	96	0
independent_idr	13.8884	1.0	0.06466666666666666	97	0
independent_idr	13.88767	1.0	0.06533333333333333	98	0
independent_idr	13.88293	1.0	0.066	99	0
independent_idr	13.86584	1.0	0.06666666666666667	100	0
independent_idr	13.8633	1.0	0.06733333333333333	101	0
independent_idr	13.84754	1.0	0.068	102	0
independent_idr	13.84751	1.0	0.06866666666666667	103	0
independent_idr	13.82657	1.0	0.06933333333333333	104	0
independent_idr	13.79669	1.0	0.07	105	0
independent_idr	13.79547	1.0	0.07066666666666667	106	0
independent_idr	13.78279	1.0	0.07133333333333333	107	0
independent_idr	13.78209	1.0	0.072	108	0
independent_idr	13.75874	1.0	0.07266666666666667	109	0
independent_idr	13.75185	1.0	0.07333333333333333	110	0
independent_idr	13.75115	1.0	0.074	111	0
independent_idr	13.7475	1.0	0.07466666666666667	112	0
independent_idr	13.74265	1.0	0.07533333333333334	113	0
independent_idr	13.74087	1.0	0.076	114	0
independent_idr	13.73526	1.0	0.07666666666666666	115	0
independent_idr	13.73523	1.0	0.07733333333333334	116	0
independent_idr	13.73306	1.0	0.078	117	0
independent_idr	13.72055	1.0	0.07866666666666666	118	0
independent_idr	13.71973	1.0	0.07933333333333334	119	0
independent_idr	13.70152	1.0	0.08	120	0
independent_idr	13.69521	1.0	0.08066666666666666	121	0
independent_idr	13.68852	1.0	0.08133333333333333	122	0
independent_idr	13.68851	1.0	0.082	123	0
independent_idr	13.67186	1.0	0.08266666666666667	124	0
independent_idr	13.6718	1.0	0.08333333333333333	125	0
independent_idr	13.65321	1.0	0.084	126	0
independent_idr	13.63431	1.0	0.08466666666666667	127	0
independent_idr	13.62938	1.0	0.08533333333333333	128	0
independent_idr	13.62482	1.0	0.086	129	0
independent_idr	13.62256	1.0	0.08666666666666667	130	0
independent_idr	13.61072	1.0	0.08733333333333333	131	0
independent_idr	13.60778	1.0	0.088	132	0
independent_idr	13.604	1.0	0.08866666666666667	133	0
independent_idr	13.59097	1.0	0.08933333333333333	134	0
independent_idr	13.54606	1.0	0.09	135	0
independent_idr	13.53164	1.0	0.09066666666666667	136	0
independent_idr	13.5225	1.0	0.09133333333333334	137	0
independent_idr	13.51595	1.0	0.092	138	0
independent_idr	13.51216	1.0	0.09266666666666666	139	0
independent_idr	13.51157	1.0	0.09333333333333334	140	0
independent_idr	13.50606	1.0	0.094	141	0
independent_idr	13.4951	1.0	0.09466666666666666	142	0
independent_idr	13.46904	1.0	0.09533333333333334	143	0
independent_idr	13.45229	1.0	0.096	144	0
independent_idr	13.43338	1.0	0.09666666666666666	145	0
independent_idr	13.40757	1.0	0.09733333333333333	146	0
independent_idr	13.39505	1.0	0.098	147	0
independent_idr	13.39007	1.0	0.09866666666666667	148	0
independent_idr	13.38746	1.0	0.09933333333333333	149	0
independent_idr	13.38694	1.0	0.1	150	0
independent_idr	13.37741	1.0	0.10066666666666667	151	0
independent_idr	13.36029	1.0	0.10133333333333333	152	0
independent_idr	13.35859	1.0	0.102	153	0
independent_idr	13.35262	1.0	0.10266666666666667	154	0
independent_idr	13.32367	1.0	0.10333333333333333	155	0
independent_idr	13.32194	1.0	0.104	156	0
independent_idr	13.31572	1.0	0.10466666666666667	157	0
independent_idr	13.31164	1.0	0.10533333333333333	158	0
independent_idr	13.27994	1.0	0.106	159	0
independent_idr	13.27845	1.0	0.10666666666666667	160	0
independent_idr	13.26967	1.0	0.10733333333333334	161	0
independent_idr	13.26637	1.0	0.108	162	0
independent_idr	13.26072	1.0	0.10866666666666666	163	0
independent_idr	13.24412	1.0	0.10933333333333334	164	0
independent_idr	13.24322	1.0	0.11	165	0
independent_idr	13.21853	1.0	0.11066666666666666	166	0
independent_idr	13.20551	1.0	0.11133333333333334	167	0
independent_idr	13.2007	1.0	0.112	168	0
independent_idr	13.19708	1.0	0.11266666666666666	169	0
independent_idr	13.19313	1.0	0.11333333333333333	170	0
independent_idr	13.1916	1.0	0.114	171	0
independent_idr	13.18296	1.0	0.11466666666666667	172	0
independent_idr	13.15995	1.0	0.11533333333333333	173	0
independent_idr	13.14453	1.0	0.116	174	0
independent_idr	13.14411	1.0	0.11666666666666667	175	0
independent_idr	13.14408	1.0	0.11733333333333333	176	0
independent_idr	13.12968	1.0	0.118	177	0
independent_idr	13.1052	1.0	0.11866666666666667	178	0
independent_idr	13.10127	1.0	0.11933333333333333	179	0
independent_idr	13.09291	1.0	0.12	180	0
independent_idr	13.08964	1.0	0.12066666666666667	181	0
independent_idr	13.08948	1.0	0.12133333333333333	182	0
independent_idr	13.08526	1.0	0.122	183	0
independent_idr	13.08257	1.0	0.12266666666666666	184	0
independent_idr	13.05146	1.0	0.12333333333333334	185	0
independent_idr	13.04905	1.0	0.124	186	0
independent_idr	13.02248	1.0	0.12466666666666666	187	0
independent_idr	13.01066	1.0	0.12533333333333332	188	0
independent_idr	12.99645	1.0	0.126	189	0
independent_idr	12.99413	1.0	0.12666666666666668	190	0
independent_idr	12.98975	1.0	0.12733333333333333	191	0
independent_idr	12.91283	1.0	0.128	192	0
independent_idr	12.89059	1.0	0.12866666666666668	193	0
independent_idr	12.88829	1.0	0.12933333333333333	194	0
independent_idr	12.88551	1.0	0.13	195	0
independent_idr	12.85072	1.0	0.13066666666666665	196	0
independent_idr	12.8319	1.0	0.13133333333333333	197	0
independent_idr	12.82295	1.0	0.132	198	0
independent_idr	12.82172	1.0	0.13266666666666665	199	0
independent_idr	12.8148	1.0	0.13333333333333333	200	0
independent_idr	12.79358	1.0	0.134	201	0
independent_idr	12.78508	1.0	0.13466666666666666	202	0
independent_idr	12.77739	1.0	0.13533333333333333	203	0
independent_idr	12.76541	1.0	0.136	204	0
independent_idr	12.74869	1.0	0.13666666666666666	205	0
independent_idr	12.74718	1.0	0.13733333333333334	206	0
independent_idr	12.73992	1.0	0.138	207	0
independent_idr	12.72939	1.0	0.13866666666666666	208	0
independent_idr	12.71385	1.0	0.13933333333333334	209	0
independent_idr	12.69943	1.0	0.14	210	0
independent_idr	12.69137	1.0	0.14066666666666666	211	0
independent_idr	12.62891	1.0	0.14133333333333334	212	0
independent_idr	12.62553	1.0	0.142	213	0
independent_idr	12.60649	1.0	0.14266666666666666	214	0
independent_idr	12.59756	1.0	0.14333333333333334	215	0
independent_idr	12.59624	1.0	0.144	216	0
independent_idr	12.57845	1.0	0.14466666666666667	217	0
independent_idr	12.53614	1.0	0.14533333333333334	218	0
independent_idr	12.49734	1.0	0.146	219	0
independent_idr	12.49346	1.0	0.14666666666666667	220	0
independent_idr	12.45401	1.0	0.14733333333333334	221	0
independent_idr	12.40915	1.0	0.148	222	0
independent_idr	12.40522	1.0	0.14866666666666667	223	0
independent_idr	12.39129	1.0	0.14933333333333335	224	0
independent_idr	12.38927	1.0	0.15	225	0
independent_idr	12.35438	1.0	0.15066666666666667	226	0
independent_idr	12.3336	1.0	0.15133333333333332	227	0
independent_idr	12.32704	1.0	0.152	228	0
independent_idr	12.29823	1.0	0.15266666666666667	229	0
independent_idr	12.2541	1.0	0.15333333333333332	230	0
independent_idr	12.24502	1.0	0.154	231	0
independent_idr	12.23871	1.0	0.15466666666666667	232	0
independent_idr	12.21939	1.0	0.15533333333333332	233	0
independent_idr	12.21237	1.0	0.156	234	0
independent_idr	12.18063	1.0	0.15666666666666668	235	0
independent_idr	12.17304	1.0	0.15733333333333333	236	0
independent_idr	12.17187	1.0	0.158	237	0
independent_idr	12.14978	1.0	0.15866666666666668	238	0
independent_idr	12.12473	1.0	0.15933333333333333	239	0
independent_idr	12.10253	1.0	0.16	240	0
independent_idr	12.05522	1.0	0.16066666666666668	241	0
independent_idr	12.03569	1.0	0.16133333333333333	242	0
independent_idr	12.0189	1.0	0.162	243	0
independent_idr	12.01635	1.0	0.16266666666666665	244	0
independent_idr	12.0008	1.0	0.16333333333333333	245	0
independent_idr	11.99211	1.0	0.164	246	0
independent_idr	11.97659	1.0	0.16466666666666666	247	0
independent_idr	11.97155	1.0	0.16533333333333333	248	0
independent_idr	11.93856	1.0	0.166	249	0
independent_idr	11.93854	1.0	0.16666666666666666	250	0
independent_idr	11.91074	1.0	0.16733333333333333	251	0
independent_idr	11.89252	1.0	0.168	252	0
independent_idr	11.88847	1.0	0.16866666666666666	253	0
independent_idr	11.87161	1.0	0.16933333333333334	254	0
independent_idr	11.85621	1.0	0.17	255	0
independent_idr	11.85576	1.0	0.17066666666666666	256	0
independent_idr	11.84936	1.0	0.17133333333333334	257	0
independent_idr	11.82188	1.0	0.172	258	0
independent_idr	11.81491	1.0	0.17266666666666666	259	0
independent_idr	11.81387	1.0	0.17333333333333334	260	0
independent_idr	11.79509	1.0	0.174	261	0
independent_idr	11.783	1.0	0.17466666666666666	262	0
independent_idr	11.7824	1.0	0.17533333333333334	263	0
independent_idr	11.76484	1.0	0.176	264	0
independent_idr	11.75576	1.0	0.17666666666666667	265	0
independent_idr	11.74033	1.0	0.17733333333333334	266	0
independent_idr	11.73824	1.0	0.178	267	0
independent_idr	11.71083	1.0	0.17866666666666667	268	0
independent_idr	11.70522	1.0	0.17933333333333334	269	0
independent_idr	11.66633	1.0	0.18	270	0
independent_idr	11.62746	1.0	0.18066666666666667	271	0
independent_idr	11.62743	1.0	0.18133333333333335	272	0
independent_idr	11.58859	1.0	0.182	273	0
independent_idr	11.58857	1.0	0.18266666666666667	274	0
independent_idr	11.58856	1.0	0.184	276	0
independent_idr	11.56479	1.0	0.18466666666666667	277	0
independent_idr	11.54968	1.0	0.18533333333333332	278	0
independent_idr	11.54964	1.0	0.186	279	0
independent_idr	11.51079	1.0	0.18666666666666668	280	0
independent_idr	11.51077	1.0	0.188	282	0
independent_idr	11.49257	1.0	0.18866666666666668	283	0
independent_idr	11.48089	1.0	0.18933333333333333	284	0
independent_idr	11.47195	1.0	0.19	285	0
independent_idr	11.47191	1.0	0.19066666666666668	286	0
independent_idr	11.4719	1.0	0.19133333333333333	287	0
independent_idr	11.47187	1.0	0.192	288	0
independent_idr	11.45974	1.0	0.19266666666666668	289	0
independent_idr	11.45013	1.0	0.19333333333333333	290	0
independent_idr	11.43301	1.0	0.194	291	0
independent_idr	11.43299	1.0	0.19466666666666665	292	0
independent_idr	11.35526	1.0	0.19533333333333333	293	0
independent_idr	11.35523	1.0	0.196	294	0
independent_idr	11.34847	1.0	0.19666666666666666	295	0
independent_idr	11.31752	1.0	0.19733333333333333	296	0
independent_idr	11.31635	1.0	0.198	297	0
independent_idr	11.31632	1.0	0.19933333333333333	299	0
independent_idr	11.30689	1.0	0.2	300	0
independent_idr	11.29139	1.0	0.20066666666666666	301	0
independent_idr	11.27747	1.0	0.20133333333333334	302	0
independent_idr	11.27746	1.0	0.202	303	0
independent_idr	11.27745	1.0	0.20333333333333334	305	0
independent_idr	11.27743	1.0	0.204	306	0
independent_idr	11.27742	1.0	0.20466666666666666	307	0
independent_idr	11.27512	1.0	0.20533333333333334	308	0
independent_idr	11.23861	1.0	0.206	309	0
independent_idr	11.2386	1.0	0.20733333333333334	311	0
independent_idr	11.23857	1.0	0.208	312	0
independent_idr	11.23856	1.0	0.20866666666666667	313	0
independent_idr	11.20104	1.0	0.20933333333333334	314	0
independent_idr	11.19973	1.0	0.21	315	0
independent_idr	11.1997	1.0	0.212	318	0
independent_idr	11.19968	1.0	0.21266666666666667	319	0
independent_idr	11.19967	1.0	0.214	321	0
independent_idr	11.18697	1.0	0.21466666666666667	322	0
independent_idr	11.17051	1.0	0.21533333333333332	323	0
independent_idr	11.16082	1.0	0.21666666666666667	325	0
independent_idr	11.15541	1.0	0.21733333333333332	326	0
independent_idr	11.1219	1.0	0.218	327	0
independent_idr	11.12003	1.0	0.21866666666666668	328	0
independent_idr	11.11817	1.0	0.21933333333333332	329	0
independent_idr	11.09568	1.0	0.22	330	0
independent_idr	11.08303	1.0	0.22066666666666668	331	0
independent_idr	11.08301	1.0	0.22133333333333333	332	0
independent_idr	11.083	1.0	0.222	333	0
independent_idr	11.07991	1.0	0.22266666666666668	334	0
independent_idr	11.05899	1.0	0.22333333333333333	335	0
independent_idr	11.04416	1.0	0.224	336	0
independent_idr	11.04414	1.0	0.22466666666666665	337	0
independent_idr	11.04413	1.0	0.22533333333333333	338	0
independent_idr	11.04411	1.0	0.226	339	0
independent_idr	11.0441	1.0	0.22666666666666666	340	0
independent_idr	11.03145	1.0	0.22733333333333333	341	0
independent_idr	11.03052	1.0	0.228	342	0
independent_idr	11.01664	1.0	0.22866666666666666	343	0
independent_idr	11.00622	1.0	0.22933333333333333	344	0
independent_idr	11.00526	1.0	0.23	345	0
independent_idr	11.00524	1.0	0.23066666666666666	346	0
independent_idr	11.00523	1.0	0.23133333333333334	347	0
independent_idr	11.00107	1.0	0.232	348	0
independent_idr	10.99805	1.0	0.23266666666666666	349	0
independent_idr	10.99658	1.0	0.23333333333333334	350	0
independent_idr	10.97258	1.0	0.234	351	0
independent_idr	10.96636	1.0	0.23533333333333334	353	0
independent_idr	10.96635	1.0	0.23666666666666666	355	0
independent_idr	10.96633	1.0	0.23733333333333334	356	0
independent_idr	10.95846	1.0	0.238	357	0
independent_idr	10.95401	1.0	0.23866666666666667	358	0
independent_idr	10.94527	1.0	0.23933333333333334	359	0
independent_idr	10.92749	1.0	0.24	360	0
independent_idr	10.92747	1.0	0.24333333333333335	365	0
independent_idr	10.92746	1.0	0.244	366	0
independent_idr	10.92745	1.0	0.24466666666666667	367	0
independent_idr	10.90132	1.0	0.24533333333333332	368	0
independent_idr	10.88861	1.0	0.246	369	0
independent_idr	10.88859	1.0	0.24666666666666667	370	0
independent_idr	10.86737	1.0	0.24733333333333332	371	0
independent_idr	10.86527	1.0	0.248	372	0
independent_idr	10.85051	1.0	0.24866666666666667	373	0
independent_idr	10.84975	1.0	0.24933333333333332	374	0
independent_idr	10.84974	1.0	0.25	375	0
independent_idr	10.84972	1.0	0.25066666666666665	376	0
independent_idr	10.84971	1.0	0.25133333333333335	377	0
independent_idr	10.8497	1.0	0.252	378	0
independent_idr	10.84969	1.0	0.25333333333333335	380	0
independent_idr	10.84968	1.0	0.254	381	0
independent_idr	10.84967	1.0	0.25533333333333336	383	0
independent_idr	10.84695	1.0	0.256	384	0
independent_idr	10.84493	1.0	0.25666666666666665	385	0
independent_idr	10.83553	1.0	0.25733333333333336	386	0
independent_idr	10.81449	1.0	0.258	387	0
independent_idr	10.81083	1.0	0.26	390	0
independent_idr	10.81082	1.0	0.26066666666666666	391	0
independent_idr	10.81081	1.0	0.26266666666666666	394	0
independent_idr	10.8108	1.0	0.26466666666666666	397	0
independent_idr	10.81078	1.0	0.2653333333333333	398	0
independent_idr	10.79739	1.0	0.266	399	0
independent_idr	10.79051	1.0	0.26666666666666666	400	0
independent_idr	10.78717	1.0	0.2673333333333333	401	0
independent_idr	10.77299	1.0	0.268	402	0
independent_idr	10.77196	1.0	0.26866666666666666	403	0
independent_idr	10.77194	1.0	0.27	405	0
independent_idr	10.77193	1.0	0.2713333333333333	407	0
independent_idr	10.77191	1.0	0.27266666666666667	409	0
independent_idr	10.7719	1.0	0.274	411	0
independent_idr	10.76841	1.0	0.27466666666666667	412	0
independent_idr	10.74608	1.0	0.2753333333333333	413	0
independent_idr	10.73306	1.0	0.276	414	0
independent_idr	10.73305	1.0	0.27666666666666667	415	0
independent_idr	10.733	1.0	0.2773333333333333	416	0
independent_idr	10.73028	1.0	0.278	417	0
independent_idr	10.72608	1.0	0.2786666666666667	418	0
independent_idr	10.72313	1.0	0.2793333333333333	419	0
independent_idr	10.72161	1.0	0.28	420	0
independent_idr	10.71885	1.0	0.2806666666666667	421	0
independent_idr	10.71554	1.0	0.2813333333333333	422	0
independent_idr	10.71302	1.0	0.282	423	0
independent_idr	10.70247	1.0	0.2826666666666667	424	0
independent_idr	10.70136	1.0	0.2833333333333333	425	0
independent_idr	10.69635	1.0	0.284	426	0
independent_idr	10.69631	1.0	0.2846666666666667	427	0
independent_idr	10.69424	1.0	0.2853333333333333	428	0
independent_idr	10.69415	1.0	0.2866666666666667	430	0
independent_idr	10.69413	1.0	0.28733333333333333	431	0
independent_idr	10.69288	1.0	0.288	432	0
independent_idr	10.69069	1.0	0.2886666666666667	433	0
independent_idr	10.67532	1.0	0.28933333333333333	434	0
independent_idr	10.66601	1.0	0.29	435	0
independent_idr	10.66446	1.0	0.2906666666666667	436	0
independent_idr	10.65528	1.0	0.29133333333333333	437	0
independent_idr	10.65527	1.0	0.292	438	0
independent_idr	10.65525	1.0	0.2926666666666667	439	0
independent_idr	10.65524	1.0	0.2946666666666667	442	0
independent_idr	10.65407	1.0	0.29533333333333334	443	0
independent_idr	10.64697	1.0	0.296	444	0
independent_idr	10.6336	1.0	0.2966666666666667	445	0
independent_idr	10.63141	1.0	0.29733333333333334	446	0
independent_idr	10.61639	1.0	0.298	447	0
independent_idr	10.61638	1.0	0.29933333333333334	449	0
independent_idr	10.61637	1.0	0.3	450	0
independent_idr	10.61035	1.0	0.3006666666666667	451	0
independent_idr	10.60273	1.0	0.30133333333333334	452	0
independent_idr	10.59725	1.0	0.302	453	0
independent_idr	10.59604	1.0	0.30266666666666664	454	0
independent_idr	10.59439	1.0	0.30333333333333334	455	0
independent_idr	10.58062	1.0	0.304	456	0
independent_idr	10.57751	1.0	0.30466666666666664	457	0
independent_idr	10.5775	1.0	0.306	459	0
independent_idr	10.57749	1.0	0.30666666666666664	460	0
independent_idr	10.57747	1.0	0.30733333333333335	461	0
independent_idr	10.57746	1.0	0.308	462	0
independent_idr	10.57681	1.0	0.30866666666666664	463	0
independent_idr	10.5757	1.0	0.30933333333333335	464	0
independent_idr	10.55227	1.0	0.31	465	0
independent_idr	10.54761	1.0	0.31066666666666665	466	0
independent_idr	10.54028	1.0	0.31133333333333335	467	0
independent_idr	10.53861	1.0	0.312	468	0
independent_idr	10.5386	1.0	0.31266666666666665	469	0
independent_idr	10.53858	1.0	0.314	471	0
independent_idr	10.53283	1.0	0.31466666666666665	472	0
independent_idr	10.52518	1.0	0.31533333333333335	473	0
independent_idr	10.50358	1.0	0.316	474	0
independent_idr	10.50271	1.0	0.31666666666666665	475	0
independent_idr	10.50251	1.0	0.31733333333333336	476	0
independent_idr	10.49972	1.0	0.318	477	0
independent_idr	10.49971	1.0	0.31866666666666665	478	0
independent_idr	10.49969	1.0	0.32	480	0
independent_idr	10.49968	1.0	0.32066666666666666	481	0
independent_idr	10.49966	1.0	0.32133333333333336	482	0
independent_idr	10.49816	1.0	0.322	483	0
independent_idr	10.49008	1.0	0.32266666666666666	484	0
independent_idr	10.4851	1.0	0.3233333333333333	485	0
independent_idr	10.48382	1.0	0.324	486	0
independent_idr	10.47155	1.0	0.32466666666666666	487	0
independent_idr	10.46086	1.0	0.3253333333333333	488	0
independent_idr	10.46083	1.0	0.32666666666666666	490	0
independent_idr	10.46081	1.0	0.328	492	0
independent_idr	10.4608	1.0	0.32866666666666666	493	0
independent_idr	10.46073	1.0	0.3293333333333333	494	0
independent_idr	10.45801	1.0	0.33	495	0
independent_idr	10.45213	1.0	0.33066666666666666	496	0
independent_idr	10.43482	1.0	0.3313333333333333	497	0
independent_idr	10.43034	1.0	0.332	498	0
independent_idr	10.42995	1.0	0.33266666666666667	499	0
independent_idr	10.42914	1.0	0.3333333333333333	500	0
independent_idr	10.42899	1.0	0.334	501	0
independent_idr	10.42194	1.0	0.33466666666666667	502	0
independent_idr	10.42193	1.0	0.336	504	0
independent_idr	10.42192	1.0	0.33666666666666667	505	0
independent_idr	10.40698	1.0	0.3373333333333333	506	0
independent_idr	10.39291	1.0	0.338	507	0
independent_idr	10.38803	1.0	0.33866666666666667	508	0
independent_idr	10.38692	1.0	0.3393333333333333	509	0
independent_idr	10.38555	1.0	0.34	510	0
independent_idr	10.38307	1.0	0.3413333333333333	512	0
independent_idr	10.38306	1.0	0.342	513	0
independent_idr	10.37333	1.0	0.3426666666666667	514	0
independent_idr	10.35465	1.0	0.3433333333333333	515	0
independent_idr	10.34413	1.0	0.344	516	0
independent_idr	10.34396	1.0	0.3446666666666667	517	0
independent_idr	10.34073	1.0	0.3453333333333333	518	0
independent_idr	10.34042	1.0	0.346	519	0
independent_idr	10.34013	1.0	0.3466666666666667	520	0
independent_idr	10.33672	1.0	0.3473333333333333	521	0
independent_idr	10.31951	1.0	0.348	522	0
independent_idr	10.30923	1.0	0.3486666666666667	523	0
independent_idr	10.30565	1.0	0.34933333333333333	524	0
independent_idr	10.30529	1.0	0.35	525	0
independent_idr	10.30528	1.0	0.35133333333333333	527	0
independent_idr	10.30524	1.0	0.352	528	0
independent_idr	10.30454	1.0	0.3526666666666667	529	0
independent_idr	10.30163	1.0	0.35333333333333333	530	0
independent_idr	10.299	1.0	0.354	531	0
independent_idr	10.29551	1.0	0.3546666666666667	532	0
independent_idr	10.28627	1.0	0.35533333333333333	533	0
independent_idr	10.28448	1.0	0.356	534	0
independent_idr	10.26899	1.0	0.3566666666666667	535	0
independent_idr	10.26639	1.0	0.35733333333333334	536	0
independent_idr	10.26636	1.0	0.358	537	0
independent_idr	10.26634	1.0	0.3586666666666667	538	0
independent_idr	10.26566	1.0	0.35933333333333334	539	0
independent_idr	10.23404	1.0	0.36	540	0
independent_idr	10.23379	1.0	0.3606666666666667	541	0
independent_idr	10.22829	1.0	0.36133333333333334	542	0
independent_idr	10.22751	1.0	0.3626666666666667	544	0
independent_idr	10.22749	1.0	0.36466666666666664	547	0
independent_idr	10.22747	1.0	0.366	549	0
independent_idr	10.2257	1.0	0.36666666666666664	550	0
independent_idr	10.19106	1.0	0.36733333333333335	551	0
independent_idr	10.18864	1.0	0.368	552	0
independent_idr	10.18863	1.0	0.36866666666666664	553	0
independent_idr	10.1807	1.0	0.36933333333333335	554	0
independent_idr	10.16059	1.0	0.37	555	0
independent_idr	10.15415	1.0	0.37066666666666664	556	0
independent_idr	10.15286	1.0	0.37133333333333335	557	0
independent_idr	10.14972	1.0	0.37266666666666665	559	0
independent_idr	10.14532	1.0	0.37333333333333335	560	0
independent_idr	10.13814	1.0	0.374	561	0
independent_idr	10.13386	1.0	0.37466666666666665	562	0
independent_idr	10.11084	1.0	0.37533333333333335	563	0
independent_idr	10.0904	1.0	0.376	564	0
independent_idr	10.07985	1.0	0.37666666666666665	565	0
independent_idr	10.07206	1.0	0.37733333333333335	566	0
independent_idr	10.07194	1.0	0.37866666666666665	568	0
independent_idr	10.05317	1.0	0.37933333333333336	569	0
independent_idr	10.04921	1.0	0.38	570	0
independent_idr	10.04786	1.0	0.38066666666666665	571	0
independent_idr	10.04467	1.0	0.38133333333333336	572	0
independent_idr	10.04382	1.0	0.382	573	0
independent_idr	10.03224	1.0	0.38266666666666665	574	0
independent_idr	10.02758	1.0	0.38333333333333336	575	0
independent_idr	10.02439	1.0	0.384	576	0
independent_idr	10.01577	1.0	0.38466666666666666	577	0
independent_idr	10.00162	1.0	0.38533333333333336	578	0
independent_idr	9.99775	1.0	0.386	579	0
independent_idr	9.9976	1.0	0.38666666666666666	580	0
independent_idr	9.99414	1.0	0.3873333333333333	581	0
independent_idr	9.99018	1.0	0.388	582	0
independent_idr	9.98613	1.0	0.38866666666666666	583	0
independent_idr	9.97755	1.0	0.3893333333333333	584	0
independent_idr	9.97544	1.0	0.39	585	0
independent_idr	9.97172	1.0	0.39066666666666666	586	0
independent_idr	9.96335	1.0	0.3913333333333333	587	0
independent_idr	9.96319	1.0	0.392	588	0
independent_idr	9.95009	1.0	0.39266666666666666	589	0
independent_idr	9.94918	1.0	0.3933333333333333	590	0
independent_idr	9.94775	1.0	0.394	591	0
independent_idr	9.94039	1.0	0.39466666666666667	592	0
independent_idr	9.92342	1.0	0.3953333333333333	593	0
independent_idr	9.91063	1.0	0.396	594	0
independent_idr	9.89678	1.0	0.39666666666666667	595	0
independent_idr	9.89495	1.0	0.3973333333333333	596	0
independent_idr	9.8895	1.0	0.398	597	0
independent_idr	9.87942	1.0	0.39866666666666667	598	0
independent_idr	9.87752	1.0	0.3993333333333333	599	0
independent_idr	9.87043	1.0	0.4	600	0
independent_idr	9.86357	1.0	0.40066666666666667	601	0
independent_idr	9.8558	1.0	0.4013333333333333	602	0
independent_idr	9.85264	1.0	0.402	603	0
independent_idr	9.85159	1.0	0.4026666666666667	604	0
independent_idr	9.84867	1.0	0.4033333333333333	605	0
independent_idr	9.8445	1.0	0.404	606	0
independent_idr	9.83862	1.0	0.4053333333333333	608	0
independent_idr	9.83861	1.0	0.406	609	0
independent_idr	9.83807	1.0	0.4066666666666667	610	0
independent_idr	9.83199	1.0	0.4073333333333333	611	0
independent_idr	9.82956	1.0	0.408	612	0
independent_idr	9.82582	1.0	0.4086666666666667	613	0
independent_idr	9.82479	1.0	0.4093333333333333	614	0
independent_idr	9.82454	1.0	0.41	615	0
independent_idr	9.81954	1.0	0.4106666666666667	616	0
independent_idr	9.79975	1.0	0.41133333333333333	617	0
independent_idr	9.79971	1.0	0.412	618	0
independent_idr	9.78976	1.0	0.4126666666666667	619	0
independent_idr	9.78539	1.0	0.41333333333333333	620	0
independent_idr	9.77375	1.0	0.414	621	0
independent_idr	9.77297	1.0	0.4146666666666667	622	0
independent_idr	9.76548	1.0	0.41533333333333333	623	0
independent_idr	9.76219	1.0	0.416	624	0
independent_idr	9.76171	1.0	0.4166666666666667	625	0
independent_idr	9.76084	1.0	0.418	627	0
independent_idr	9.74037	1.0	0.4186666666666667	628	0
independent_idr	9.73402	1.0	0.41933333333333334	629	0
independent_idr	9.72196	1.0	0.42	630	0
independent_idr	9.72194	1.0	0.4206666666666667	631	0
independent_idr	9.71617	1.0	0.42133333333333334	632	0
independent_idr	9.70222	1.0	0.422	633	0
independent_idr	9.69416	1.0	0.4226666666666667	634	0
independent_idr	9.69062	1.0	0.42333333333333334	635	0
independent_idr	9.68308	1.0	0.4246666666666667	637	0
independent_idr	9.68304	1.0	0.42533333333333334	638	0
independent_idr	9.67503	1.0	0.426	639	0
independent_idr	9.67211	1.0	0.4266666666666667	640	0
independent_idr	9.64812	1.0	0.42733333333333334	641	0
independent_idr	9.6442	1.0	0.428	642	0
independent_idr	9.64261	1.0	0.42866666666666664	643	0
independent_idr	9.63951	1.0	0.42933333333333334	644	0
independent_idr	9.63772	1.0	0.43	645	0
independent_idr	9.63081	1.0	0.43066666666666664	646	0
independent_idr	9.61643	1.0	0.43133333333333335	647	0
independent_idr	9.61587	1.0	0.432	648	0
independent_idr	9.60746	1.0	0.43266666666666664	649	0
independent_idr	9.60542	1.0	0.43333333333333335	650	0
independent_idr	9.60359	1.0	0.434	651	0
independent_idr	9.59454	1.0	0.43466666666666665	652	0
independent_idr	9.59178	1.0	0.43533333333333335	653	0
independent_idr	9.58903	1.0	0.436	654	0
independent_idr	9.57076	1.0	0.43666666666666665	655	0
independent_idr	9.5664	1.0	0.43733333333333335	656	0
independent_idr	9.56473	1.0	0.438	657	0
independent_idr	9.5534	1.0	0.43866666666666665	658	0
independent_idr	9.55066	1.0	0.43933333333333335	659	0
independent_idr	9.52546	1.0	0.44	660	0
independent_idr	9.5224	1.0	0.44066666666666665	661	0
independent_idr	9.5134	1.0	0.44133333333333336	662	0
independent_idr	9.51019	1.0	0.442	663	0
independent_idr	9.50029	1.0	0.44266666666666665	664	0
independent_idr	9.49669	1.0	0.44333333333333336	665	0
independent_idr	9.47948	1.0	0.444	666	0
independent_idr	9.47752	1.0	0.44466666666666665	667	0
independent_idr	9.45948	1.0	0.44533333333333336	668	0
independent_idr	9.44974	1.0	0.446	669	0
independent_idr	9.44745	1.0	0.44666666666666666	670	0
independent_idr	9.44479	1.0	0.44733333333333336	671	0
independent_idr	9.44073	1.0	0.448	672	0
independent_idr	9.43244	1.0	0.44866666666666666	673	0
independent_idr	9.42937	1.0	0.4493333333333333	674	0
independent_idr	9.42822	1.0	0.45	675	0
independent_idr	9.42681	1.0	0.45066666666666666	676	0
independent_idr	9.42023	1.0	0.4513333333333333	677	0
independent_idr	9.41089	1.0	0.452	678	0
independent_idr	9.39676	1.0	0.45266666666666666	679	0
independent_idr	9.37746	1.0	0.4533333333333333	680	0
independent_idr	9.37583	1.0	0.454	681	0
independent_idr	9.34999	1.0	0.45466666666666666	682	0
independent_idr	9.34362	1.0	0.4553333333333333	683	0
independent_idr	9.33777	1.0	0.456	684	0
independent_idr	9.33201	1.0	0.45666666666666667	685	0
independent_idr	9.32278	1.0	0.4573333333333333	686	0
independent_idr	9.30607	1.0	0.458	687	0
independent_idr	9.29168	1.0	0.45866666666666667	688	0
independent_idr	9.28051	1.0	0.4593333333333333	689	0
independent_idr	9.27067	1.0	0.46	690	0
independent_idr	9.26634	1.0	0.46066666666666667	691	0
independent_idr	9.26222	1.0	0.4613333333333333	692	0
independent_idr	9.25531	1.0	0.462	693	0
independent_idr	9.23472	1.0	0.46266666666666667	694	0
independent_idr	9.22251	1.0	0.4633333333333333	695	0
independent_idr	9.21862	1.0	0.464	696	0
independent_idr	9.20614	1.0	0.4646666666666667	697	0
independent_idr	9.16967	1.0	0.4653333333333333	698	0
independent_idr	9.16896	1.0	0.466	699	0
independent_idr	9.15631	1.0	0.4666666666666667	700	0
independent_idr	9.15234	1.0	0.4673333333333333	701	0
independent_idr	9.14076	1.0	0.468	702	0
independent_idr	9.10684	1.0	0.4686666666666667	703	0
independent_idr	9.09482	1.0	0.4693333333333333	704	0
independent_idr	9.08464	1.0	0.47	705	0
independent_idr	9.06408	1.0	0.4706666666666667	706	0
independent_idr	9.06309	1.0	0.4713333333333333	707	0
independent_idr	9.05684	1.0	0.472	708	0
independent_idr	9.05035	1.0	0.4726666666666667	709	0
independent_idr	9.04153	1.0	0.47333333333333333	710	0
independent_idr	9.03995	1.0	0.474	711	0
independent_idr	9.03894	1.0	0.4746666666666667	712	0
independent_idr	9.03097	1.0	0.47533333333333333	713	0
independent_idr	9.01814	1.0	0.476	714	0
independent_idr	8.99895	1.0	0.4766666666666667	715	0
independent_idr	8.99893	1.0	0.47733333333333333	716	0
independent_idr	8.98766	1.0	0.478	717	0
independent_idr	8.97355	1.0	0.4786666666666667	718	0
independent_idr	8.96568	1.0	0.47933333333333333	719	0
independent_idr	8.95715	1.0	0.48	720	0
independent_idr	8.94607	1.0	0.4806666666666667	721	0
independent_idr	8.93334	1.0	0.48133333333333334	722	0
independent_idr	8.93081	1.0	0.482	723	0
independent_idr	8.92992	1.0	0.4826666666666667	724	0
independent_idr	8.92518	1.0	0.48333333333333334	725	0
independent_idr	8.90648	1.0	0.484	726	0
independent_idr	8.87782	1.0	0.4846666666666667	727	0
independent_idr	8.82032	1.0	0.48533333333333334	728	0
independent_idr	8.81729	1.0	0.486	729	0
independent_idr	8.8161	1.0	0.4866666666666667	730	0
independent_idr	8.80341	1.0	0.48733333333333334	731	0
independent_idr	8.8014	1.0	0.488	732	0
independent_idr	8.77942	1.0	0.4886666666666667	733	0
independent_idr	8.77464	1.0	0.48933333333333334	734	0
independent_idr	8.74932	1.0	0.49	735	0
independent_idr	8.74842	1.0	0.49066666666666664	736	0
independent_idr	8.72831	1.0	0.49133333333333334	737	0
independent_idr	8.62479	1.0	0.492	738	0
independent_idr	8.6047	1.0	0.49266666666666664	739	0
independent_idr	8.55274	1.0	0.49333333333333335	740	0
independent_idr	8.55215	1.0	0.494	741	0
independent_idr	8.54136	1.0	0.49466666666666664	742	0
independent_idr	8.5282	1.0	0.49533333333333335	743	0
independent_idr	8.51737	1.0	0.496	744	0
independent_idr	8.4628	1.0	0.49666666666666665	745	0
independent_idr	8.44829	1.0	0.49733333333333335	746	0
independent_idr	8.41233	1.0	0.498	747	0
independent_idr	8.40569	1.0	0.49866666666666665	748	0
independent_idr	8.40012	1.0	0.49933333333333335	749	0
independent_idr	8.35006	1.0	0.5	750	0
independent_idr	8.32058	1.0	0.5006666666666667	751	0
independent_idr	8.30723	1.0	0.5013333333333333	752	0
independent_idr	8.2863	1.0	0.502	753	0
independent_idr	8.28184	1.0	0.5026666666666667	754	0
independent_idr	8.27804	1.0	0.5033333333333333	755	0
independent_idr	8.25841	1.0	0.504	756	0
independent_idr	8.25061	1.0	0.5046666666666667	757	0
independent_idr	8.24576	1.0	0.5053333333333333	758	0
independent_idr	8.21596	1.0	0.506	759	0
independent_idr	8.18774	1.0	0.5066666666666667	760	0
independent_idr	8.1472	1.0	0.5073333333333333	761	0
independent_idr	8.06391	1.0	0.508	762	0
independent_idr	7.96955	1.0	0.5086666666666667	763	0
independent_idr	7.96449	1.0	0.5093333333333333	764	0
independent_idr	7.93792	1.0	0.51	765	0
independent_idr	7.93309	1.0	0.5106666666666667	766	0
independent_idr	7.87241	1.0	0.5113333333333333	767	0
independent_idr	7.8293	1.0	0.512	768	0
independent_idr	7.69977	1.0	0.5126666666666667	769	0
independent_idr	7.68976	1.0	0.5133333333333333	770	0
independent_idr	7.66519	1.0	0.514	771	0
independent_idr	7.62389	1.0	0.5146666666666667	772	0
independent_idr	7.58309	1.0	0.5153333333333333	773	0
independent_idr	7.53494	1.0	0.516	774	0
independent_idr	7.50537	1.0	0.5166666666666667	775	0
independent_idr	7.50535	1.0	0.5173333333333333	776	0
independent_idr	7.50533	1.0	0.518	777	0
independent_idr	7.46647	1.0	0.5186666666666667	778	0
independent_idr	7.46646	1.0	0.5193333333333333	779	0
independent_idr	7.42759	1.0	0.52	780	0
independent_idr	7.42758	1.0	0.5206666666666667	781	0
independent_idr	7.38869	1.0	0.5213333333333333	782	0
independent_idr	7.38868	1.0	0.522	783	0
independent_idr	7.37214	1.0	0.5226666666666666	784	0
independent_idr	7.36678	1.0	0.5233333333333333	785	0
independent_idr	7.36652	1.0	0.524	786	0
independent_idr	7.34981	1.0	0.5246666666666666	787	0
independent_idr	7.34978	1.0	0.5253333333333333	788	0
independent_idr	7.34977	1.0	0.526	789	0
independent_idr	7.33606	1.0	0.5266666666666666	790	0
independent_idr	7.31092	1.0	0.5273333333333333	791	0
independent_idr	7.3109	1.0	0.528	792	0
independent_idr	7.23314	1.0	0.5293333333333333	794	0
independent_idr	7.21	1.0	0.53	795	0
independent_idr	7.19426	1.0	0.5306666666666666	796	0
independent_idr	7.19424	1.0	0.5313333333333333	797	0
independent_idr	7.11647	1.0	0.532	798	0
independent_idr	7.09032	1.0	0.5326666666666666	799	0
independent_idr	7.08395	1.0	0.5333333333333333	800	0
independent_idr	7.07759	1.0	0.534	801	0
independent_idr	7.07758	1.0	0.5346666666666666	802	0
independent_idr	7.07757	1.0	0.5353333333333333	803	0
independent_idr	7.03871	1.0	0.536	804	0
independent_idr	7.0387	1.0	0.5366666666666666	805	0
independent_idr	7.02589	1.0	0.5373333333333333	806	0
independent_idr	6.99981	1.0	0.538	807	0
independent_idr	6.96156	1.0	0.5386666666666666	808	0
independent_idr	6.96092	1.0	0.5393333333333333	809	0
independent_idr	6.92602	1.0	0.54	810	0
independent_idr	6.92203	1.0	0.5406666666666666	811	0
independent_idr	6.90032	1.0	0.5413333333333333	812	0
independent_idr	6.88314	1.0	0.542	813	0
independent_idr	0.0	0.5	1.0	1500	1500
